pub,cat,symbol,title,url,react_pub_to_entry,pre7d,pre7d_abn,ret24h,abn24h,ret72h,abn72h,ret168h,abn168h
2026-07-17 15:45:04.983000+00:00,add_margin_earn,AEROUSDT,"Binance Will Add Aerodrome (AERO) on Earn, Buy Crypto, Convert, VIP Loan & Margin",https://www.binance.com/en/support/announcement/detail/5c52a77daddf4e0d9769b87cdc91fae4,0.014543943486390987,-0.0573834704269488,-0.04720330840241582,-0.07659225885725984,-0.09102126155171768,-0.08498873643252103,-0.11865705775953742,-0.15011263567479016,-0.16855966042393156
2026-07-17 07:30:01.964000+00:00,spot_list,AEROUSDT,Binance Will List Aerodrome (AERO) with Seed Tag Applied,https://www.binance.com/en/support/announcement/detail/1631198cd282431bbb5fbd333106a413,0.04892450442851115,-0.08225275788658803,-0.07135865307827302,-0.06332931242460804,-0.08308161367640206,-0.10353839967832723,-0.12780473902073522,-0.13228789706473665,-0.17962961587368764
2026-06-30 05:00:03.128000+00:00,hodler,OPGUSDT,Introducing OpenGradient (OPG) on Binance HODLer Airdrops! Earn OPG With Retroactive BNB Simple Earn Subscriptions,https://www.binance.com/en/support/announcement/detail/b026c9829d28459cb1f1a95000960a08,-0.030943396226415287,-0.1964827167980594,-0.15150010465415775,-0.01869158878504662,-0.0045840124818890896,-0.03738317757009335,-0.07289035262930121,0.1549844236760125,0.08322409329972753
2026-05-29 08:00:03.554000+00:00,hodler,GENIUSUSDT,Introducing Genius Terminal (GENIUS) on Binance HODLer Airdrops! Earn GENIUS With Retroactive BNB Simple Earn Subscriptions,https://www.binance.com/en/support/announcement/detail/455eedc320bd43e28e2326f58d4aac2a,-0.06938916767606862,0.04843976777939041,0.09873738328127292,-0.17757530680550382,-0.19371948955330215,-0.16493120119003335,-0.16860644532263877,-0.1534027519523986,-0.006892437432991783
2026-05-22 11:45:06.558000+00:00,add_margin_earn,OPGUSDT,"Binance Will Add Genius Terminal (GENIUS) and OpenGradient (OPG) on Earn, Buy Crypto, Convert, VIP Loan & Margin",https://www.binance.com/en/support/announcement/detail/6b7d36a6472f4f60803a1d048d1c33e8,-0.02745393004889063,-0.002251407129455818,0.04065422333871229,-0.17517401392111376,-0.1562439688830611,-0.12296983758700697,-0.12907330325397195,-0.28770301624129924,-0.2831095024076619
2026-05-22 11:45:06.558000+00:00,add_margin_earn,GENIUSUSDT,"Binance Will Add Genius Terminal (GENIUS) and OpenGradient (OPG) on Earn, Buy Crypto, Convert, VIP Loan & Margin",https://www.binance.com/en/support/announcement/detail/6b7d36a6472f4f60803a1d048d1c33e8,-0.01323155216284988,0.16295127244032348,0.1938691431947592,0.1096785284510915,0.14040923134737243,0.11466391610795945,0.1106935301749934,-0.20388516417397284,-0.17186099732112095
2026-05-22 07:18:35.961000+00:00,spot_list,OPGUSDT,Binance Will List Genius Terminal (GENIUS) and OpenGradient (OPG) with Seed Tag Applied,https://www.binance.com/en/support/announcement/detail/4de6272354be421ba51ea042fd273a8d,0.06608626830233466,-0.1307189542483661,-0.1001171329454888,-0.20898292501855964,-0.2004268407561778,-0.12026726057906456,-0.13052559054098264,-0.29918337045285814,-0.3076086253758457
2026-05-22 07:18:35.961000+00:00,spot_list,GENIUSUSDT,Binance Will List Genius Terminal (GENIUS) and OpenGradient (OPG) with Seed Tag Applied,https://www.binance.com/en/support/announcement/detail/4de6272354be421ba51ea042fd273a8d,0.32548571428571416,-0.10805300713557597,-0.07437691298255569,0.010174167959993152,0.04413164362675245,0.20779444731850338,0.1864074578294518,0.010174167959993152,0.05802314440025576
2026-05-21 11:00:02.869000+00:00,hodler,AIGENSYNUSDT,Introducing Gensyn (AIGENSYN) on Binance HODLer Airdrops! Earn AIGENSYN With Retroactive BNB Simple Earn Subscriptions,https://www.binance.com/en/support/announcement/detail/8c6cfaeddbd04f1595f658ac1dfbd0e7,-0.007232704402515777,-0.28890876565295165,-0.3108659592307271,0.018371872030408465,0.01500872311031203,0.09185936015204299,0.09003601666179895,-0.14665821982895155,-0.10886101955852268
2026-05-14 17:04:30.843000+00:00,add_margin_earn,AIGENSYNUSDT,"Binance Will Add Gensyn (AIGENSYN) on Earn, Buy Crypto, Convert, VIP Loan & Margin",https://www.binance.com/en/support/announcement/detail/875f9acd516c443b8752e800aa94b4b1,-0.11106471816283925,0.4779389077445231,0.3649556397589499,-0.10286519492719592,-0.08007319678982194,-0.14372945044621888,-0.11380246934161423,-0.27031470173790506,-0.2625683450789613
2026-05-14 10:00:03.676000+00:00,spot_list,AIGENSYNUSDT,Binance Will List Gensyn (AIGENSYN) with Seed Tag Applied,https://www.binance.com/en/support/announcement/detail/71f44e5e014c445697bb6a6f70315e35,0.4343629343629345,-0.0880281690140845,-0.0760195685861985,-0.01861821444594003,-0.035881879485200704,-0.11799013010318526,-0.11482396238384282,-0.284432480933154,-0.3083383781895684
2026-04-30 10:47:58.718000+00:00,add_margin_earn,MEGAUSDT,"Binance Will Add MegaETH (MEGA) on Earn, Buy Crypto, Convert, VIP Loan, Margin & Futures",https://www.binance.com/en/support/announcement/detail/cd5899547cf34fb0a09cdc9a1eddee9f,-0.03573031186897013,-0.1466590082328164,-0.13841911671913654,-0.12541446105520326,-0.15220816969652615,-0.2651387353847944,-0.34154116347066227,-0.2896864638473621,-0.4032048678126458
2026-04-30 09:07:29.704000+00:00,spot_list,MEGAUSDT,Binance Will List MegaETH (MEGA) with Seed Tag Applied,https://www.binance.com/en/support/announcement/detail/506a7482e6b94bc58f3e275cb15c2861,-0.11139494114700721,-0.03466782709602556,-0.011930320066867409,-0.12400653852657695,-0.14893248973542753,-0.2846513725269151,-0.36566182482887116,-0.31086184544275974,-0.43353600816481
2026-04-28 08:00:03.344000+00:00,hodler,CHIPUSDT,Introducing USD.AI (CHIP) on Binance HODLer Airdrops! Earn CHIP With Retroactive BNB Simple Earn Subscriptions,https://www.binance.com/en/support/announcement/detail/c8d2380a71ee4b56980cf7798d2e3d8f,-0.007626041519559368,0.6692597831211693,0.5021982413711009,-0.07129642806318481,-0.08756320637072142,-0.11156965988330725,-0.12716795092272548,-0.18542763626013947,-0.2559430546459222
2026-04-21 13:00:07.020000+00:00,add_margin_earn,CHIPUSDT,"Binance Will Add Chip (CHIP) on Earn, Buy Crypto, Convert, VIP Loan, Margin & Futures",https://www.binance.com/en/support/announcement/detail/cc3774b86f974052a01ab88d8a08be55,0.11089494163424107,,,0.9141856392294221,0.6057246843471262,0.5381786339754817,0.39990432629904193,0.2322241681260948,0.20497913417496055
2026-04-21 12:00:32.132000+00:00,spot_list,CHIPUSDT,Binance Will List Chip (CHIP) with Seed Tag Applied,https://www.binance.com/en/support/announcement/detail/fd57a395639b466ab8bfc792670c679d,0.3077677039941191,,,0.7837736556117669,0.5407787593635405,0.6702267191305977,0.4844992664718681,0.30953719317968886,0.2657479415448681
2026-03-18 12:37:42.750000+00:00,add_margin_earn,KATUSDT,"Binance Will Add Katana (KAT) on Earn, Buy Crypto, Convert, VIP Loan, Margin & Futures",https://www.binance.com/en/support/announcement/detail/10f29f9f250542f596169c09a883890f,-0.18212824010914042,0.08673091178650849,0.030188886032814374,-0.14261884904086752,-0.12233823772144717,-0.1467889908256882,-0.13908174959276937,-0.11843202668890751,-0.11828569915521836
2026-03-18 03:30:14.268000+00:00,hodler,ROBOUSDT,Introducing Fabric Protocol (ROBO) on Binance HODLer Airdrops! Earn ROBO With Retroactive BNB Simple Earn Subscriptions,https://www.binance.com/en/support/announcement/detail/20ac487755434d559568552e9812cbf0,0.03553469661414699,-0.30075011720581335,-0.4205350802752484,-0.1340239559728068,-0.09767721602599605,-0.16866299773389448,-0.1358413781761409,-0.20686306247976693,-0.1876186014675373
2026-03-13 01:45:36.337000+00:00,spot_list,KATUSDT,Binance Will List Katana (KAT) with Seed Tag Applied,https://www.binance.com/en/support/announcement/detail/01f1ef18ab314cc78cd3744760e4dc1f,0.13815789473684226,-0.1041257367387034,-0.11685009579009377,0.04881181759794484,0.052809352411517095,0.03468208092485536,0.0150624131079093,-0.33012202954399483,-0.3901880913239594
2026-03-11 15:00:01.739000+00:00,add_margin_earn,NIGHTUSDT,"Binance Will Add Midnight (NIGHT) on Earn, Buy Crypto, Convert, VIP Loan & Margin",https://www.binance.com/en/support/announcement/detail/d99bba308e50404b889f677101ed5112,-0.10841983852364478,-0.15974802132127286,-0.15936530578117153,0.018542475204829767,0.021364129589264383,0.08969383354894367,0.08451267902354058,0.015092712376024053,0.004396647419723733
2026-03-11 11:31:21.283000+00:00,hodler,NIGHTUSDT,Introducing Midnight (NIGHT) on Binance HODLer Airdrops! Earn NIGHT With Retroactive BNB Simple Earn Subscriptions,https://www.binance.com/en/support/announcement/detail/e4af642d375846d793615f1a51f6ad77,-0.016113376043486616,-0.16474785146748827,-0.1553144637413265,-0.06945540647198112,-0.08673056636337377,-0.033346487766377386,-0.05411685729386158,-0.057221783741120746,-0.10137785077902577
2026-03-05 12:30:33.599000+00:00,add_margin_earn,OPNUSDT,"Binance Will Add Opinion (OPN) on Earn, Buy Crypto, Convert, VIP Loan, Margin & Futures",https://www.binance.com/en/support/announcement/detail/b3ef81d0193c42e791d517481867b558,-0.06893484545252382,-0.2229134266459305,-0.3211395429942933,-0.2020539765942202,-0.17986837526396468,-0.21351803200382147,-0.16511460028026215,-0.2529257224743253,-0.25639461534889885
2026-03-04 16:00:08.678000+00:00,add_margin_earn,ROBOUSDT,"Binance Will Add Fabric Protocol (ROBO) on Earn, Buy Crypto, Convert, VIP Loan & Margin",https://www.binance.com/en/support/announcement/detail/caec3d0eff0546be94e5b56844e0c432,-0.03448275862068961,,,-0.04035250463821893,-0.006344916923399481,-0.05658627087198509,0.018773879297442023,-0.06423933209647503,-0.03263454163560799
2026-03-04 13:13:14.452000+00:00,spot_list,ROBOUSDT,Binance Will List Fabric Protocol (ROBO) with Seed Tag Applied,https://www.binance.com/en/support/announcement/detail/82c9c8166a2a434681c20a23a346a5b8,0.053835159599809446,,,-0.05809222423146476,-0.07364299455164615,-0.046338155515370794,0.00416014710977268,-0.09290235081374332,-0.0828170212057903
2026-03-02 12:45:51.819000+00:00,launchpool,OPNUSDT,"Introducing Opinion (OPN) on Binance Launchpool! Farm OPN by Locking BNB, USDC, U, and USD1",https://www.binance.com/en/support/announcement/detail/d5810276f8c44fa7ade2b93746cd6a0a,-0.1255456609044875,-0.10333489901362147,-0.11147283145184185,0.027755591054313244,0.004982908750600576,-0.1639376996805112,-0.2810383432969054,-0.3891773162939297,-0.5454748155436856
2026-02-02 12:30:11.095000+00:00,add_margin_earn,ZAMAUSDT,"Binance Will Add Zama (ZAMA) on Earn, Buy Crypto, Convert, VIP Loan, Margin & Futures",https://www.binance.com/en/support/announcement/detail/99617273605941ae808e420ea947fe46,-0.23132530120481942,-0.2562724014336918,-0.17396507033776576,-0.043887147335423204,-0.04600696848915174,-0.10344827586206884,0.00614164526383347,-0.16050156739811905,-0.04370209994164889
2026-02-02 04:28:43.224000+00:00,spot_list,ZAMAUSDT,Binance Will List Zama (ZAMA) with Seed Tag Applied,https://www.binance.com/en/support/announcement/detail/c411646abd94488bba084537c5563beb,-0.01830663615560646,-0.1579961464354528,-0.03748556568171166,-0.23076923076923073,-0.2982048333287321,-0.3892773892773893,-0.42801955147671705,-0.35198135198135205,-0.37324937043568324
2026-01-22 12:30:07.940000+00:00,add_margin_earn,SENTUSDT,"Binance Will Add Sentient (SENT) on Earn, Buy Crypto, Convert, VIP Loan, Margin & Futures",https://www.binance.com/en/support/announcement/detail/5fe5a15ee7cb403fb09f1e9f9b4cd80c,0.03538602941176472,-0.523955370816014,-0.6709998879279908,0.15623612960497102,0.14807139408498918,0.2543275632490012,0.23438805200075138,0.41322680869951167,0.36345923954059334
2026-01-22 05:25:54.238000+00:00,spot_list,SENTUSDT,Binance Will List Sentient (SENT) with Seed Tag Applied,https://www.binance.com/en/support/announcement/detail/85af9e52f60547dd8f7b67fd3dc2f7b4,-0.003935071323167727,-0.5615699805908994,-0.7567081282583173,0.40543209876543207,0.3475598368198361,0.3323456790123456,0.3016149693207258,0.3975308641975308,0.3553541310504382
2026-01-16 12:17:58.954000+00:00,futures_launch,AIAUSDT,Binance Futures Will Launch USDⓈ-Margined SPORTFUNUSDT and AIAUSDT Perpetual Contracts (2026-01-16),https://www.binance.com/en/support/announcement/detail/31ec31401a8f43ae821f80351fa94857,0.0,0.0,-0.053671873994127546,0.0,5.241098387472645e-06,0.0,0.025556480518844543,0.2907258064516127,0.3211652653252185
2026-01-15 13:42:21.232000+00:00,add_margin_earn,FOGOUSDT,"Binance Will Add Fogo (FOGO) on Earn, Buy Crypto, Convert, Margin & Futures",https://www.binance.com/en/support/announcement/detail/4a3ffe0ebaba49c188cec41968b54b80,0.33228629122728304,,,-0.3145840350286292,-0.36855748681485967,-0.4250589424048502,-0.5420102112976114,-0.4686763219939374,-0.557149311539359
2026-01-07 13:30:06.045000+00:00,add_margin_earn,ZKPUSDT,"Binance Will Add 币安人生 (币安人生) and zkPass (ZKP) on Earn, Buy Crypto, Convert & Margin",https://www.binance.com/en/support/announcement/detail/c47daaed214a48ebb549e80578f90658,0.15787122710739587,0.12160034354423122,0.07915264287322146,-0.06751171121521082,-0.04854210266701797,-0.16764949021769082,-0.168496367010012,-0.22854780931386065,-0.30756761290650053
2026-01-07 10:39:06.580000+00:00,spot_list,ZKPUSDT,Binance Will List 币安人生 (币安人生) and zkPass (ZKP) with Seed Tag Applied,https://www.binance.com/en/support/announcement/detail/51881f9d018242ce80bed6ce015de2a7,0.3864286333304445,-0.19454139327097575,-0.2502085314157024,0.09976247030878871,0.11539409326592573,-0.024815601950243793,-0.010364951984057525,-0.13207900987623455,-0.17079819651674438
2026-01-06 13:30:17.945000+00:00,add_margin_earn,BREVUSDT,"Binance Will Add Brevis (BREV) on Earn, Buy Crypto, Convert, Margin & Futures",https://www.binance.com/en/support/announcement/detail/fa653f7b3585491f96d5723cfe683319,-0.006469002695417836,-0.1019123698862262,-0.17159861423419748,0.2761801410743354,0.26406835809035334,0.04557786218122639,0.08465513970903873,-0.09658166033640792,-0.08672585828461088
2026-01-05 10:04:14.724000+00:00,hodler,BREVUSDT,Introducing Brevis (BREV) on Binance HODLer Airdrops! Earn BREV With Retroactive BNB Simple Earn Subscriptions,https://www.binance.com/en/support/announcement/detail/59a69279ee4148d5b267934a92319d33,0.1619071268934691,,,-0.14981833725154947,-0.16986787139946302,-0.17183158794614228,-0.15687948184208822,-0.285103654627057,-0.30818159431474607
2025-11-27 13:30:23.601000+00:00,add_margin_earn,ATUSDT,"Binance Will Add APRO (AT) on Earn, Buy Crypto, Convert & Margin",https://www.binance.com/en/support/announcement/detail/2f67d968fb744180b09a3ee01fc75feb,-0.08389057750759887,0.038510101010100994,0.04700839587990688,-0.2959522229595223,-0.36684191507147507,-0.22528201725282015,-0.2631056799432269,-0.546449900464499,-0.8028586337970681
2025-11-27 08:38:18.399000+00:00,hodler,ATUSDT,Introducing APRO (AT) on Binance HODLer Airdrops! Earn AT With Retroactive BNB Simple Earn Subscriptions,https://www.binance.com/en/support/announcement/detail/b0c65316e2bc4878838852b16291d07b,0.41793987185805825,-0.3566899175649969,-0.43125953065392675,-0.26173096976016685,-0.3038533507097319,-0.22141119221411198,-0.24840867053277554,-0.5251998609662843,-0.7652467863686057
2025-11-24 14:45:03.423000+00:00,futures_launch,MONUSDT,Binance Futures Will Convert USDⓈ-Margined MONUSDT Perpetual Contract Pre-Market Trading to Standard Perpetual Futures Contract (2025-11-24),https://www.binance.com/en/support/announcement/detail/5fc58bc5db5244088d8e5e787d68607b,-0.06674082313681862,-0.39502018842530284,-0.4158651087166585,0.6138259833134685,0.47427965152924245,0.5852205005959474,0.4117865511165609,-0.016686531585220488,0.005613612915591287
2025-11-21 09:28:51.171000+00:00,futures_launch,1000000BOBUSDT,Binance Futures Will Launch USDⓈ-Margined BOBUSDT Perpetual Contract (2025-11-21),https://www.binance.com/en/support/announcement/detail/36c4f838c82b4f81920d5adc958d9a53,-0.026611694152923526,-0.3606518092499401,-0.29532427585360843,0.023873700423565625,0.01165477432533071,0.05275317674239499,0.011756968973331838,0.0681555641124374,-0.03881404269710699
2025-11-13 13:30:05.276000+00:00,add_margin_earn,METUSDT,"Binance Will Add Lorenzo Protocol (BANK) and Meteora (MET) on Earn, Buy Crypto, Convert & Margin",https://www.binance.com/en/support/announcement/detail/3e0d16ee89f84dd7b32868a72e088870,-0.0994408945686901,0.4223232036353308,0.34652426707417605,0.03968957871396883,0.10241596630608903,-0.06518847006651896,0.006611451472984586,-0.19534368070953434,-0.09589402023483931
2025-11-13 13:30:05.276000+00:00,add_margin_earn,BANKUSDT,"Binance Will Add Lorenzo Protocol (BANK) and Meteora (MET) on Earn, Buy Crypto, Convert & Margin",https://www.binance.com/en/support/announcement/detail/3e0d16ee89f84dd7b32868a72e088870,-0.30820265379975875,-0.07073198071965026,-0.07912540533514861,-0.12467306015693103,-0.06966403716446919,-0.03993025283347862,0.03327244988759206,-0.20993897122929372,-0.1141990798475184
2025-11-13 10:00:26.501000+00:00,spot_list,METUSDT,Binance Will List Lorenzo Protocol (BANK) and Meteora (MET) with Seed Tag Applied,https://www.binance.com/en/support/announcement/detail/fd835b4cd95f4af89c461070994e684d,0.008221993833504637,0.37196841511562306,0.31599451183947835,-0.03098878695208973,0.036531266680001354,-0.14699286442405712,-0.08527604076400515,-0.2519877675840978,-0.17719892502635853
2025-11-13 10:00:26.501000+00:00,spot_list,BANKUSDT,Binance Will List Lorenzo Protocol (BANK) and Meteora (MET) with Seed Tag Applied,https://www.binance.com/en/support/announcement/detail/fd835b4cd95f4af89c461070994e684d,0.1360265916645358,-0.12730112685484773,-0.13641671218837603,-0.40580688723835245,-0.4525405447300912,-0.4091829844699527,-0.45253760241948476,-0.4808687823542651,-0.5424615773202104
2025-11-10 11:15:05.951000+00:00,futures_launch,CCUSDT,Binance Futures Will Convert USDⓈ-Margined CCUSDT Perpetual Contract Pre-Market Trading to Standard Perpetual Futures Contract (2025-11-10),https://www.binance.com/en/support/announcement/detail/1c849dd19ba64e15af8ba7ac91c3fbdb,-0.05329780146568963,-0.09195402298850575,-0.08725373398940424,-0.30541871921182273,-0.3511360062362496,-0.1731175228712175,-0.1632958956477773,-0.22308233638282904,-0.14678031307536546
2025-11-06 09:30:04.456000+00:00,add_margin_earn,SAPIENUSDT,"Binance Will Add Sapien (SAPIEN) on Earn, Buy Crypto, Convert & Margin",https://www.binance.com/en/support/announcement/detail/72b80e50a99d4cbfa1ece53997b7506a,0.42079249746535985,0.408544567416399,0.412631618362768,-0.19923884280319926,-0.19898913635316198,-0.14949603068414952,-0.14962265899528718,-0.4361490203074362,-0.5716189492676875
2025-11-06 04:45:41.669000+00:00,hodler,SAPIENUSDT,Introducing Sapien (SAPIEN) on Binance HODLer Airdrops! Earn SAPIEN With Retroactive BNB Simple Earn Subscriptions,https://www.binance.com/en/support/announcement/detail/55ba4e6b3da34b50a637a6000a13a46b,1.1019377277244118,-0.3686411878496366,-0.39362860672566596,0.35318914233936094,0.30931075966473043,-0.09234527045660479,-0.08495353854337183,-0.24228814560926604,-0.27739681915581105
2025-11-03 12:30:01.682000+00:00,add_margin_earn,KITEUSDT,"Binance Will Add Kite (KITE) on Earn, Buy Crypto, Convert, Margin & Futures",https://www.binance.com/en/support/announcement/detail/f8faf1c7fe35412ab7dd54f6ccd398d8,-0.029236985975754748,,,-0.17029872673849178,-0.1490429022428541,-0.07651811949069542,-0.036162316891602854,0.035014691478942206,0.0469701095635775
2025-10-25 05:30:13.527000+00:00,add_margin_earn,GIGGLEUSDT,"Binance Will Add Giggle Fund (GIGGLE) and SynFutures (F) on Earn, Buy Crypto, Convert & Margin",https://www.binance.com/en/support/announcement/detail/2524a06863a641cc83d1ee07ad96f134,-0.1445294390356976,1.263576738084827,0.773203165649769,0.06783182043986802,0.06324694443215342,-0.2226888858781556,-0.27633178619474513,-0.5712866368604073,-0.8347405184906878
2025-10-25 03:02:18.417000+00:00,spot_list,GIGGLEUSDT,Binance Will List Giggle Fund (GIGGLE) and SynFutures (F) with Seed Tag Applied,https://www.binance.com/en/support/announcement/detail/9de462f111c64723ac54331163e2652c,1.9858115122851538,-0.2615843270868825,-0.34404164314911667,-0.06637304898779162,-0.07061145204071412,-0.33283109256683663,-0.4291563948132272,-0.6224308453098439,-0.965713662830137
2025-10-23 13:45:01.100000+00:00,futures_launch,METUSDT,Binance Futures Will Convert USDⓈ-Margined METUSDT Perpetual Contract Pre-Market Trading to Standard Perpetual Futures Contract (2025-10-23),https://www.binance.com/en/support/announcement/detail/f602a53f41a24777b5888f2e5f3198c8,-0.2189831445150594,-0.3934975699681582,-0.47886860245797636,-0.01043693614010266,-0.01625817378065557,-0.08084203078011687,-0.11990587483167406,-0.16681408101892814,-0.1702626261174961
2025-10-15 10:30:19.742000+00:00,add_margin_earn,YBUSDT,"Binance Will Add Yield Basis (YB) on Earn, Buy Crypto, Convert, Margin & Futures",https://www.binance.com/en/support/announcement/detail/b9993dfcc8a04aa5932d1b87f2c06f87,-0.21886586695747,,,-0.179114895993299,-0.19309891553960498,-0.2688817534552561,-0.27034180125873075,-0.46963562753036436,-0.5946203491595703
2025-10-14 09:46:27.057000+00:00,hodler,YBUSDT,Introducing Yield Basis (YB) on Binance HODLer Airdrops! Earn YB With Retroactive BNB Simple Earn Subscriptions,https://www.binance.com/en/support/announcement/detail/8b48c0db0eeb472ab0314377938af2dc,-0.12031558185404334,,,-0.2376681614349776,-0.28609791234621973,-0.531292649639306,-0.7034629483167818,-0.6121076233183858,-0.9275891802064868
2025-10-10 07:00:32.652000+00:00,add_margin_earn,WALUSDT,"Binance Will Add Walrus (WAL) on Earn, Buy Crypto, Convert & Margin",https://www.binance.com/en/support/announcement/detail/8fae0473ae6e40ee81c4d6db38d8ce93,-0.07648339684267835,-0.09973045822102433,-0.11694026616317539,-0.2696728558797524,-0.22576129324486383,-0.2956086059534335,-0.29654183770901354,-0.4161508989095196,-0.39010335328438667
2025-10-10 02:21:21.098000+00:00,hodler,WALUSDT,Introducing Walrus (WAL) on Binance HODLer Airdrops! Earn WAL With Retroactive BNB Simple Earn Subscriptions,https://www.binance.com/en/support/announcement/detail/0c86561f0863419ca441b2a4c96e790d,0.0643633324045696,-0.10965021086579019,-0.13057810446941484,-0.36570680628272256,-0.3806093166584432,-0.38193717277486916,-0.42865925935088955,-0.4295811518324607,-0.4583834464570598
2025-10-06 11:30:09.902000+00:00,add_margin_earn,ASTERUSDT,"Binance Will Add Aster (ASTER) on Earn, Buy Crypto, Convert & Margin",https://www.binance.com/en/support/announcement/detail/de6fbcc7c83d45729d687a814f03de58,0.051473477406679846,0.0640188136921871,-0.03877269340542773,-0.02471038863976094,-0.028022044972230178,-0.14625373692077726,-0.15009524029688281,-0.3180119581464873,-0.29782648730897454
2025-10-06 07:48:49.954000+00:00,spot_list,ASTERUSDT,Binance Will List Aster (ASTER) with Seed Tag Applied,https://www.binance.com/en/support/announcement/detail/ff209dd797b2418198c312a1a266e73a,0.08814170555791256,-0.030689353827173194,-0.13590390750174086,-0.027439321571303243,-0.02792862139871065,-0.12701042986645883,-0.11462618553792708,-0.22619163661175556,-0.18437872758602583
2025-10-03 14:30:01.410000+00:00,add_margin_earn,MORPHOUSDT,"Binance Will Add Morpho (MORPHO) on Earn, Buy Crypto, Convert & Margin",https://www.binance.com/en/support/announcement/detail/bf0f0b344bd647cfb7e69dcee9c57463,-0.08941321102652611,0.2613466929086896,0.13901440652107072,-0.05062831031259729,-0.0479078886495127,0.018589677017343487,-0.0034901893174140095,-0.17597881399937687,-0.16641599720558273
2025-10-03 09:51:47.646000+00:00,hodler,MORPHOUSDT,Introducing Morpho (MORPHO) on Binance HODLer Airdrops! Earn MORPHO With Retroactive BNB Simple Earn Subscriptions,https://www.binance.com/en/support/announcement/detail/d625623188cf455ea2fea7cc48dcabfb,0.055775494863442576,0.2027605328189983,0.09317829155442321,-0.11420163280804996,-0.13514179888899686,-0.09749382950446162,-0.1314553867566691,-0.21012910575280042,-0.24457352146404227
2025-09-25 12:30:07.563000+00:00,add_margin_earn,XPLUSDT,"Binance Will Add Plasma (XPL) on Earn, Buy Crypto, Convert, Margin & Futures",https://www.binance.com/en/support/announcement/detail/14f17e59b77049d9be23e8dea3f184a8,-0.055654383735705304,0.2247121070650484,0.25263492987892694,0.6313240043057051,0.50151561527852,0.9627287405812703,0.6868288991985608,0.30449407965554376,0.1911556516654146
2025-09-24 08:00:04.069000+00:00,hodler,XPLUSDT,Introducing Plasma (XPL) on Binance HODLer Airdrops! Earn XPL With Retroactive BNB Simple Earn Subscriptions,https://www.binance.com/en/support/announcement/detail/b00f28d55c924614b1953484c64dd6f9,0.0028413126864610394,0.0185211980900013,0.05820461278448644,0.12608018132880017,0.12927443591131244,1.1129055106955663,0.7790747454044171,0.5048873778155547,0.3765730887424852
2025-09-23 11:30:01.421000+00:00,add_margin_earn,HEMIUSDT,"Binance Will Add Hemi (HEMI) on Earn, Buy Crypto, Convert & Margin",https://www.binance.com/en/support/announcement/detail/43735c26a3a643d59ac7757d161b0113,0.23798089790549892,1.8650205941635267,1.0735132339147542,0.09500778296642198,0.08965476983166898,-0.27814221826896945,-0.2939221955888119,-0.42233711363130977,-0.5493333767288321
2025-09-23 05:09:17.058000+00:00,hodler,HEMIUSDT,Introducing Hemi (HEMI) on Binance HODLer Airdrops! Earn HEMI With Retroactive BNB Simple Earn Subscriptions,https://www.binance.com/en/support/announcement/detail/b978b48e31ef4b33886ef59c4d15c733,0.11243467046765754,0.8781710789104664,0.6573432456927706,0.573283708065123,0.4564726513413312,0.3045750836409491,0.298507876800141,-0.045964387768591686,-0.055134077861935075
2025-09-22 09:30:06.451000+00:00,add_margin_earn,0GUSDT,"Binance Will Add 0G (0G) on Earn, Buy Crypto, Convert, Margin & Futures",https://www.binance.com/en/support/announcement/detail/f3ce9138bb074d57befa7a5a1129536a,-0.06742151312403499,,,0.7483750306597987,0.5569452556934273,0.20750551876379686,0.19863904587030023,0.07349153789551144,0.07712378137619877
2025-09-21 08:58:17.740000+00:00,hodler,0GUSDT,Introducing 0G (0G) on Binance HODLer Airdrops! Earn 0G With Retroactive BNB Simple Earn Subscriptions,https://www.binance.com/en/support/announcement/detail/e7b441acff484d25a1120f8ae7ce6e54,0.1390102503780879,,,0.3312801976911446,0.3154295098796688,0.9009331317080367,0.6680570370371891,0.28060340058274624,0.3019749475998237
2025-09-17 07:30:01.400000+00:00,add_margin_earn,SKYUSDT,"Binance Will Add Sky (SKY) on Earn, Buy Crypto, Convert & Margin",https://www.binance.com/en/support/announcement/detail/96db998a30e6437e929d059b976f3c13,-0.03284910352048176,0.05699266841886863,0.00791290334521405,0.026116373477672594,0.022480993934428525,-0.047090663058186655,-0.038289900788319044,-0.07144790257104183,-0.037271494915826014
2025-09-15 04:30:38.226000+00:00,add_margin_earn,AVNTUSDT,"Binance Will Add Avantis (AVNT) on Earn, Buy Crypto, Convert & Margin",https://www.binance.com/en/support/announcement/detail/be52e966d246456396d37ede914ea8ec,0.5808498082030096,,,-0.16515309235794529,-0.17550620318569846,-0.1511827416633762,-0.17036317950313273,0.6981944793424029,0.5544198651188905
2025-09-15 03:47:01.934000+00:00,spot_list,AVNTUSDT,Binance Will List Avantis (AVNT) with Seed Tag Applied,https://www.binance.com/en/support/announcement/detail/50ff03bc1d94471181887c43b930d3f0,0.1786093183626558,,,0.04444444444444429,0.048221044035245304,0.08254102203469293,0.06594636426594795,1.1976558837318332,0.801510396166839
2025-09-11 12:15:18.590000+00:00,add_margin_earn,PUMPUSDT,"Binance Will Add Pump.fun (PUMP) on Earn, Buy Crypto, Convert & Margin",https://www.binance.com/en/support/announcement/detail/7f11daa69d024c2d94ae66c4455521a3,-0.007095973035302294,0.3348330570684346,0.2603499546764799,0.07557620153653732,0.06818592481641522,0.4077184205824549,0.3358673297908331,0.41468643916383763,0.32273615402695105
2025-09-11 11:37:53.797000+00:00,spot_list,PUMPUSDT,Binance Will List Pump.fun (PUMP) with Seed Tag Applied,https://www.binance.com/en/support/announcement/detail/94ab969a74a8480799d03934b4720411,-0.03967287280320175,0.373565965583174,0.2868234678116313,0.08932777677115422,0.07590423576466382,0.41203116506613524,0.3293777377920091,0.4370356948722596,0.3353604578539217
2025-09-10 15:30:00+00:00,add_margin_earn,LINEAUSDT,"Binance Will Add Linea (LINEA) on Earn, Buy Crypto, Convert, Margin & Futures",https://www.binance.com/en/support/announcement/detail/6bca91b1c0514e25bfb6332a03ed9918,0.026033690658499253,-0.14191852825229956,-0.16777333046646684,-0.133955223880597,-0.14999438074753285,-0.004477611940298609,-0.018134408154165685,-0.05895522388059704,-0.07707760886228657
2025-09-08 14:26:09.314000+00:00,hodler,LINEAUSDT,Introducing Linea (LINEA) on Binance HODLer Airdrops! Earn LINEA With Retroactive BNB Simple Earn Subscriptions,https://www.binance.com/en/support/announcement/detail/366ed788034d439fb59be294a59126ab,0.1353901996370237,-0.44800641154077336,-0.6203887146060313,-0.14130434782608703,-0.13673189269531857,-0.2675831202046036,-0.32506974587345394,-0.15888746803069065,-0.19251041064424196
2025-09-02 14:00:01.389000+00:00,add_margin_earn,SOMIUSDT,"Binance Will Add Somnia (SOMI) on Earn, Buy Crypto, Convert, Margin & Futures",https://www.binance.com/en/support/announcement/detail/caf6a9a03c75422c9553225f985aa904,-0.2976780185758514,-0.5788787483702738,-0.8744400675308348,0.05598413048269779,0.042106567134582856,0.19396076702666964,0.17832192425020718,1.5926823892439939,0.9523302281501829
2025-09-01 12:30:08.062000+00:00,add_margin_earn,WLFIUSDT,"Binance Will Add World Liberty Financial (WLFI) on Earn, Buy Crypto, Convert, Margin & Futures",https://www.binance.com/en/support/announcement/detail/ff238e02721244eaa2740e4671e956d6,-0.04097796143250676,0.355109659356043,0.32627384281225474,-0.16588868940754042,-0.2008230581852656,-0.39569120287253146,-0.5168554397244247,-0.24380610412926396,-0.3056273263909006
2025-09-01 08:59:32.790000+00:00,hodler,SOMIUSDT,Introducing Somnia (SOMI) on Binance HODLer Airdrops! Earn SOMI With Retroactive BNB Simple Earn Subscriptions,https://www.binance.com/en/support/announcement/detail/cea79d16737f4ae8960645c50cfef442,-0.11953551912568305,,,-0.36384794414274635,-0.4607099639972925,-0.6906904577191622,-1.1850251694738294,0.21078355314197061,0.16802356614151714
2025-09-01 01:49:05.082000+00:00,spot_list,WLFIUSDT,Binance Will List  World Liberty Financial (WLFI) with Seed Tag Applied,https://www.binance.com/en/support/announcement/detail/503b79756ba04a1cac0dfd6216958422,0.09838107098381066,0.44229905702739103,0.4062729598211998,-0.34297052154195007,-0.4440816760633648,-0.40164399092970515,-0.5484505151340905,-0.35119047619047616,-0.4656132258425466
2025-08-27 15:30:01.265000+00:00,add_margin_earn,DOLOUSDT,"Binance Will Add Dolomite (DOLO) on Earn, Buy Crypto, Convert & Margin",https://www.binance.com/en/support/announcement/detail/3af895fef94747c9bbcb6543301d89ec,-0.1985602979895088,0.3783178588412368,0.3355684383754666,0.0038118006996661347,0.0018325924901985207,0.0835503245464082,0.11013234860988941,-0.19074050080039462,-0.20938346619394893
2025-08-27 10:43:22.012000+00:00,hodler,DOLOUSDT,Introducing Dolomite (DOLO) on Binance HODLer Airdrops! Earn DOLO With Retroactive BNB Simple Earn Subscriptions,https://www.binance.com/en/support/announcement/detail/2742ed6ae1034444875f397c7d4e6781,0.18528606155398974,0.25988681369884303,0.25674540777276444,-0.3317970702661591,-0.4174916940844297,-0.15182677713026482,-0.14073119777465312,-0.3663077358104221,-0.4572777796440071
2025-08-18 14:30:08.023000+00:00,add_margin_earn,PLUMEUSDT,"Binance Will Add Plume (PLUME) on Earn, Buy Crypto, Convert & Margin",https://www.binance.com/en/support/announcement/detail/f87f447214d4496d98e43fc6d5821df5,-0.0659638554216867,0.033302209772797964,0.0768892394781335,-0.07922175642265938,-0.06191742633285052,-0.09760292378802538,-0.07341625283571132,-0.05116629044394283,-0.017842710853804823
2025-08-18 09:36:06.933000+00:00,hodler,PLUMEUSDT,Introducing Plume (PLUME) on Binance HODLer Airdrops! Earn PLUME With Retroactive BNB Simple Earn Subscriptions,https://www.binance.com/en/support/announcement/detail/82264d448a4e4c1abc29ec1df14509f7,0.13077690346891258,-0.08553765075504194,-0.033773798277548374,-0.1528962069979417,-0.16885792751527584,-0.20190140154856406,-0.2105071234525003,-0.14721160443006953,-0.12337852807114699
2025-07-09 15:30:05.984000+00:00,add_margin_earn,LAUSDT,"Binance Will Add Lagrange (LA) on Earn, Buy Crypto, Convert & Margin",https://www.binance.com/en/support/announcement/detail/886e7f696c364ffdaf1d56c8a20071e8,-0.16393442622950816,0.30291262135922326,0.257746750306157,-0.2638146167557933,-0.33552930905255796,-0.4010695187165776,-0.5816016415849101,-0.37254901960784326,-0.552757273995498
2025-07-09 14:05:21.466000+00:00,futures_launch,PUMPUSDT,Binance Futures Will Launch USDⓈ-Margined PUMPUSDT Perpetual Contract Pre-Market Trading (2025-07-10),https://www.binance.com/en/support/announcement/detail/4bc8b483d10d4619babb2015066b2d89,0.0,0.0,-0.013028812328606905,-0.8956050955414012,-2.2807223719231198,-0.881995753715499,-2.20832411530563,-0.8703609341825902,-2.131063803050544
2025-07-09 09:58:15.037000+00:00,hodler,LAUSDT,Introducing Lagrange (LA) on Binance HODLer Airdrops! Earn LA With Retroactive BNB Simple Earn Subscriptions,https://www.binance.com/en/support/announcement/detail/396441b6cb6d46b983d6475b0b77daf9,0.254,0.004016064257028162,-0.004505981243724341,-0.26156299840510366,-0.3231085574678023,-0.419457735247209,-0.6246962508756267,-0.4545454545454545,-0.6929057644130399
2025-06-24 13:30:01.368000+00:00,add_margin_earn,NEWTUSDT,"Binance Will Add Newton Protocol (NEWT) on Earn, Buy Crypto, Convert, Margin & Futures",https://www.binance.com/en/support/announcement/detail/67a3d0b1e4f944d4a39c0830fa4aa768,0.4187156839341133,,,-0.2009086320040384,-0.24403229894944822,-0.3745583038869259,-0.47923476466123277,-0.38684166246003704,-0.492983147982489
2025-06-23 14:08:19.878000+00:00,hodler,NEWTUSDT,Introducing Newton Protocol (NEWT) on Binance HODLer Airdrops! Earn NEWT With Retroactive BNB Simple Earn Subscriptions,https://www.binance.com/en/support/announcement/detail/a77caa5645b94c6b8a421d96357bbb0b,-0.18241884515943696,,,1.10646521433591,0.7080704826351719,0.2969079409697819,0.2035013065857691,0.32185523541813055,0.2200795858945511
2025-05-21 14:30:09.840000+00:00,add_margin_earn,HAEDALUSDT,"Binance Will Add Haedal Protocol (HAEDAL) on Earn, Buy Crypto, Convert & Margin",https://www.binance.com/en/support/announcement/detail/99cad5b1499a4e0f903874802f7dc57d,-0.012986207324386267,0.2747522142555885,0.2115388939186933,-0.08130984056483215,-0.10582921130566567,-0.1568687016823448,-0.17019645331557273,-0.2239006096666737,-0.23614942175335857
2025-05-21 10:04:15.575000+00:00,hodler,HAEDALUSDT,Introducing Haedal Protocol (HAEDAL) on Binance HODLer Airdrops! Earn HAEDAL With Retroactive BNB Simple Earn Subscriptions,https://www.binance.com/en/support/announcement/detail/3e9a3673851341399455718549796f49,0.32834424695977527,-0.1526394517815819,-0.19154156923214502,0.0770615629259428,0.03327052401848066,-0.09062925942753297,-0.11968611559224063,-0.10726942298955011,-0.13511800093375653
2025-05-08 12:30:03.865000+00:00,add_margin_earn,SXTUSDT,"Binance Will Add Space and Time (SXT) on Earn, Buy Crypto, Convert, Margin & Futures",https://www.binance.com/en/support/announcement/detail/c5f4486efb05424181d05824dafbd10c,-0.19243591217381295,,,-0.06377224199288267,-0.10861163491476455,0.034448398576512274,-0.012143865562332878,-0.08704626334519583,-0.1192654917697252
2025-05-06 14:45:03.554000+00:00,add_margin_earn,KMNOUSDT,"Binance Will Add Maple Finance (SYRUP) and Kamino Finance (KMNO) on Earn, Buy Crypto, Convert, Margin & Futures",https://www.binance.com/en/support/announcement/detail/8f3f137fa2d1451587667877aa02a0df,-0.1310234052317577,0.2674131161843827,0.24953270811135625,-0.08040665434380778,-0.10865020832424564,0.019144441510430266,-0.06559778459304287,-0.06733562186427255,-0.16182617081637007
2025-05-06 11:25:20.814000+00:00,spot_list,KMNOUSDT,Binance Will List Maple Finance (SYRUP) and Kamino Finance (KMNO) with Seed Tag Applied,https://www.binance.com/en/support/announcement/detail/2ebd8f9d2acc4123a9f372a650760b66,0.13936211092609208,0.14187509141436294,0.1419231175681995,-0.22462057335581787,-0.286088848633906,-0.1901068015739179,-0.3020125546279017,-0.19955030916245087,-0.32126199326553695
2025-05-05 14:14:13.299000+00:00,launchpool,SXTUSDT,"Introducing Space and Time (SXT) on Binance Launchpool! Farm SXT by Locking BNB, FDUSD and USDC",https://www.binance.com/en/support/announcement/detail/7d695afee5c14c789dd8accb05cda42a,0.026274779835465445,,,-0.39335405042729,-0.5081738124262258,-0.4813546154389434,-0.7286118687049361,-0.5316406525884596,-0.8478290311106732
2025-05-02 15:30:05.635000+00:00,add_margin_earn,STOUSDT,"Binance Will Add StakeStone (STO) on Earn, Buy Crypto, Convert & Margin",https://www.binance.com/en/support/announcement/detail/6f5ef8be535141eab0666b38968e4b74,0.08464544946956987,0.2299979397019436,0.18264493862594364,-0.06753835066405844,-0.0580295159101782,-0.18341398126222586,-0.16985162937895637,-0.3111808915885925,-0.4243120368368697
2025-05-02 10:21:22.511000+00:00,hodler,STOUSDT,Introducing StakeStone (STO) on Binance HODLer Airdrops! Earn STO With Retroactive BNB Simple Earn Subscriptions,https://www.binance.com/en/support/announcement/detail/6c74537a512e4668bc731e8fb1a293da,0.3824598239521926,-0.07499813251662057,-0.10706998410989352,0.16572229686313444,0.16350846314918913,-0.010631462118114499,0.019593434574813415,-0.12711022840119168,-0.19641582800041718
2025-04-24 10:30:28.424000+00:00,add_margin_earn,INITUSDT,"Binance Will Add Initia (INIT) on Earn, Buy Crypto, Convert, Margin & Futures",https://www.binance.com/en/support/announcement/detail/4e07a703c9da44709e22e79d0b4be452,-0.10460021905805039,-0.008013038163791841,-0.09849280314796927,0.4194189602446483,0.32858816055513507,0.250611620795107,0.20973145087744308,0.24617737003058093,0.1824006069137598
2025-04-11 13:30:07.180000+00:00,other,ONDOUSDT,"Binance Adds Ondo (ONDO), Big Time (BIGTIME), and Virtuals Protocol (VIRTUAL) on Earn, Buy Crypto, Convert & Margin",https://www.binance.com/en/support/announcement/detail/7855fe2d2f724744975aad89f73b40e9,-0.023764575235979968,0.11780039721946367,0.12066081614268027,0.0417472414969855,0.00573792882895565,0.028438175406666044,-0.014099185274648929,-0.0551700602889319,-0.08900255875743143
2025-04-11 13:30:07.180000+00:00,other,BIGTIMEUSDT,"Binance Adds Ondo (ONDO), Big Time (BIGTIME), and Virtuals Protocol (VIRTUAL) on Earn, Buy Crypto, Convert & Margin",https://www.binance.com/en/support/announcement/detail/7855fe2d2f724744975aad89f73b40e9,-0.09733955365023328,0.3042262785726033,0.2749079678942321,0.005866741164967326,-0.02931181568422453,-0.03464170973599656,-0.0773964634656275,0.013409694091353508,-0.018931653174848486
2025-04-11 13:30:07.180000+00:00,other,VIRTUALUSDT,"Binance Adds Ondo (ONDO), Big Time (BIGTIME), and Virtuals Protocol (VIRTUAL) on Earn, Buy Crypto, Convert & Margin",https://www.binance.com/en/support/announcement/detail/7855fe2d2f724744975aad89f73b40e9,-0.027843927459241802,0.03331440469430258,0.04206949754846398,0.07782174486527227,0.03978068700904213,0.09854908611268143,0.05184979435580624,0.07593744111550782,0.04094008672520927
2025-04-11 10:08:34.456000+00:00,spot_list,ONDOUSDT,"Binance Announced the Second Batch of Vote to List Results and Will List Ondo (ONDO), Big Time (BIGTIME), and Virtuals Protocol (VIRTUAL) With Seed Tags Applied",https://www.binance.com/en/support/announcement/detail/2216f0665d9542f69b2957933ad551d4,0.04269449715370022,0.016515973477998713,0.0420749827598518,-0.00443585077343045,-0.021205330468746213,0.01762966333030036,-0.016003700417178985,-0.054822565969062764,-0.08677012921632345
2025-04-11 10:08:34.456000+00:00,spot_list,BIGTIMEUSDT,"Binance Announced the Second Batch of Vote to List Results and Will List Ondo (ONDO), Big Time (BIGTIME), and Virtuals Protocol (VIRTUAL) With Seed Tags Applied",https://www.binance.com/en/support/announcement/detail/2216f0665d9542f69b2957933ad551d4,0.19679346117573093,0.06068689563187735,0.08461062760338826,-0.057000262674021474,-0.07544888701789959,-0.09889676910953504,-0.1376152181328696,-0.0478066719201472,-0.07937471007608238
2025-04-11 10:08:34.456000+00:00,spot_list,VIRTUALUSDT,"Binance Announced the Second Batch of Vote to List Results and Will List Ondo (ONDO), Big Time (BIGTIME), and Virtuals Protocol (VIRTUAL) With Seed Tags Applied",https://www.binance.com/en/support/announcement/detail/2216f0665d9542f69b2957933ad551d4,0.09869104508622484,-0.1414555833036033,-0.12682294781837106,0.028933434190620222,0.011763152836676213,0.11497730711043874,0.07535428845633256,0.07602118003025704,0.042882624606494196
2025-04-10 10:30:03.357000+00:00,add_margin_earn,BABYUSDT,"Binance Will Add Babylon (BABY) on Earn, Buy Crypto, Convert, Margin & Futures",https://www.binance.com/en/support/announcement/detail/c5049497aa06456cafeeb2a3817e3f24,0.27614950255445025,,,-0.04445849136114621,-0.048617334542795355,0.42309313105773283,0.3209476028935978,-0.15549936788874852,-0.2013824646447434
2025-04-10 09:48:17.069000+00:00,other,BABYUSDT,Babylon (BABY) Listing Will Be Postponed,https://www.binance.com/en/support/announcement/detail/3a5583acaad84236acd5135b2ea61717,0.15554359526372452,,,0.025151374010246696,0.01333188433877911,0.5787144853283652,0.4213680641857898,-0.06753609687936657,-0.10152851863893994
2025-04-09 08:42:17.154000+00:00,hodler,BABYUSDT,Introducing Babylon (BABY) on Binance HODLer Airdrops! Earn BABY With Retroactive BNB Simple Earn Subscriptions,https://www.binance.com/en/support/announcement/detail/a2a116f48c0d412b9001d29ddf876464,-0.08080673166822494,,,0.08079046788724198,0.02039379811623649,1.2898866608544028,0.7529409990151812,0.278698052891601,0.16975552356160906
2025-03-28 03:30:02.087000+00:00,other,TUTUSDT,"Binance Adds Mubarak (MUBARAK), CZ'S Dog (BROCCOLI714), Tutorial (TUT), and Banana For Scale (BANANAS31) on Earn, Buy Crypto, Convert & Margin",https://www.binance.com/en/support/announcement/detail/df7ba16ec4174d0e8c04f593eab2cf61,-0.09059474412171509,0.21342657342657367,0.16647748848269034,0.07503168567807372,0.09827445596897906,0.005069708491761693,0.057938974692864194,-0.4159695817490494,-0.49556663335209233
2025-03-28 03:30:02.087000+00:00,other,MUBARAKUSDT,"Binance Adds Mubarak (MUBARAK), CZ'S Dog (BROCCOLI714), Tutorial (TUT), and Banana For Scale (BANANAS31) on Earn, Buy Crypto, Convert & Margin",https://www.binance.com/en/support/announcement/detail/df7ba16ec4174d0e8c04f593eab2cf61,-0.0071428571428572285,-0.27461139896373055,-0.3480185140716027,-0.28879753340185,-0.3148738067939728,-0.38437821171634123,-0.43224041016666526,-0.5940390544707091,-0.8592627391727828
2025-03-28 03:30:02.087000+00:00,other,BROCCOLI714USDT,"Binance Adds Mubarak (MUBARAK), CZ'S Dog (BROCCOLI714), Tutorial (TUT), and Banana For Scale (BANANAS31) on Earn, Buy Crypto, Convert & Margin",https://www.binance.com/en/support/announcement/detail/df7ba16ec4174d0e8c04f593eab2cf61,-0.013668841255048192,,,-0.24110236220472447,-0.24996405547204192,-0.14897637795275598,-0.10843331890275745,-0.5415748031496064,-0.7377225700290139
2025-03-28 03:30:02.087000+00:00,other,BANANAS31USDT,"Binance Adds Mubarak (MUBARAK), CZ'S Dog (BROCCOLI714), Tutorial (TUT), and Banana For Scale (BANANAS31) on Earn, Buy Crypto, Convert & Margin",https://www.binance.com/en/support/announcement/detail/df7ba16ec4174d0e8c04f593eab2cf61,-0.08556332026589397,,,-0.05349487418452936,-0.029054573025812335,0.012301957129543295,0.06510897687393688,0.0380242311276795,0.0795547066369702
2025-03-27 17:27:12.114000+00:00,spot_list,TUTUSDT,"Binance Announced the First Batch of Vote to List Results and Will List Mubarak (MUBARAK), CZ'S Dog (BROCCOLI714), Tutorial (TUT), and Banana For Scale (BANANAS31) With Seed Tags Applied",https://www.binance.com/en/support/announcement/detail/6e3391cffa774b2a9711e8597a618edb,1.9629854368932036,-0.550831289179613,-0.8358033381612571,-0.16629121441736627,-0.14315731292608597,-0.1937333606389514,-0.16282631025104596,-0.5199672332582429,-0.6738111026745305
2025-03-27 17:27:12.114000+00:00,spot_list,MUBARAKUSDT,"Binance Announced the First Batch of Vote to List Results and Will List Mubarak (MUBARAK), CZ'S Dog (BROCCOLI714), Tutorial (TUT), and Banana For Scale (BANANAS31) With Seed Tags Applied",https://www.binance.com/en/support/announcement/detail/6e3391cffa774b2a9711e8597a618edb,-0.1308724832214765,0.2074554294975688,0.15306857019877962,-0.3027027027027027,-0.3218296180840574,-0.5243243243243243,-0.6905045477332417,-0.6996138996138996,-1.1425968198249654
2025-03-27 17:27:12.114000+00:00,spot_list,BROCCOLI714USDT,"Binance Announced the First Batch of Vote to List Results and Will List Mubarak (MUBARAK), CZ'S Dog (BROCCOLI714), Tutorial (TUT), and Banana For Scale (BANANAS31) With Seed Tags Applied",https://www.binance.com/en/support/announcement/detail/6e3391cffa774b2a9711e8597a618edb,0.614615987460815,,,-0.3140395583060308,-0.3382215154554974,-0.33842980220846985,-0.3606247190800836,-0.6406989443028759,-0.9635048359715657
2025-03-27 17:27:12.114000+00:00,spot_list,BANANAS31USDT,"Binance Announced the First Batch of Vote to List Results and Will List Mubarak (MUBARAK), CZ'S Dog (BROCCOLI714), Tutorial (TUT), and Banana For Scale (BANANAS31) With Seed Tags Applied",https://www.binance.com/en/support/announcement/detail/6e3391cffa774b2a9711e8597a618edb,0.17596766671848263,,,-0.288433575677462,-0.30157270502890365,-0.25168539325842687,-0.2374173293189195,-0.2814276272306675,-0.2703990402611953
2025-03-04 12:30:06.409000+00:00,add_margin_earn,GPSUSDT,"Binance Will Add GoPlus Security (GPS) on Earn, Buy Crypto, Convert & Margin",https://www.binance.com/en/support/announcement/detail/544ec0cc95b24e7b9c5936008a1fa5e9,-0.3746418338108882,0.06402439024390238,0.12328487273788485,-0.26460481099656363,-0.38450289411981203,-0.40778923253150057,-0.597489200014673,-0.5784650630011454,-0.8404058991238437
2025-03-04 05:18:51.742000+00:00,hodler,GPSUSDT,Introducing GoPlus Security (GPS) on Binance HODLer Airdrops! Earn GPS With Retroactive BNB Simple Earn Subscriptions,https://www.binance.com/en/support/announcement/detail/63c1fcf1009e4bf08dc486c0ef10917b,0.12548113933795224,0.0334128878281621,0.12983673785639654,-0.5478796169630642,-0.8360792298515709,-0.6532147742818057,-1.1095013954158899,-0.7510259917920656,-1.3444463032801774
2025-02-27 12:30:09.887000+00:00,add_margin_earn,SHELLUSDT,"Binance Will Add MyShell (SHELL) on Earn, Buy Crypto, Convert & Margin",https://www.binance.com/en/support/announcement/detail/fa99e46390d540c7adabea69ef5e0735,-0.07280480101073916,0.49834358731661155,0.518827336527717,-0.10696644523931187,-0.0580059149458772,-0.15057060126043265,-0.15851521320418602,-0.44081076477601766,-0.6206773055986459
2025-02-27 05:15:20.602000+00:00,hodler,SHELLUSDT,Introducing MyShell (SHELL) on Binance HODLer Airdrops! Earn SHELL With Retroactive BNB Simple Earn Subscriptions,https://www.binance.com/en/support/announcement/detail/ad59b678944f4f83a45119b984fa28db,0.25829483410331777,0.14388662022579868,0.2669369737586782,-0.025534045393858396,0.05750799468718522,-0.15487316421895858,-0.1684054166024601,-0.4687917222963951,-0.6961890893830947
2025-01-14 04:00:08.343000+00:00,other,SOLUSDT,Binance Options RFQ Adds SOLUSDT Options,https://www.binance.com/en/support/announcement/detail/2e211c0bc75244399f03acfb57b21bd3,0.005540166204986097,-0.1526211626087357,-0.09595379892696994,0.023713066493815216,0.0015159794588158193,0.14740992815859122,0.07210897188640605,0.25533408955868864,0.1612930360123379
2025-01-10 12:30:10.013000+00:00,add_margin_earn,CGPTUSDT,"Binance Will Add aixbt by Virtuals (AIXBT), ChainGPT (CGPT) and Cookie DAO (COOKIE) on Earn, Buy Crypto, Convert & Margin",https://www.binance.com/en/support/announcement/detail/fb01f607cf68476dbd22d88542026c10,0.02414847932231301,0.3080681774460392,0.2860744281978192,-0.0714265200034464,-0.08280478878166318,-0.0706223613544329,-0.046891477180353164,0.02708291450070366,-0.06415766618573783
2025-01-10 12:30:10.013000+00:00,add_margin_earn,COOKIEUSDT,"Binance Will Add aixbt by Virtuals (AIXBT), ChainGPT (CGPT) and Cookie DAO (COOKIE) on Earn, Buy Crypto, Convert & Margin",https://www.binance.com/en/support/announcement/detail/fb01f607cf68476dbd22d88542026c10,-0.1615269461077844,,,-0.09569719692911993,-0.10929004137960739,-0.2797714693804678,-0.30183806826561704,-0.09498303874308167,-0.19068192227552966
2025-01-10 12:30:10.013000+00:00,add_margin_earn,AIXBTUSDT,"Binance Will Add aixbt by Virtuals (AIXBT), ChainGPT (CGPT) and Cookie DAO (COOKIE) on Earn, Buy Crypto, Convert & Margin",https://www.binance.com/en/support/announcement/detail/fb01f607cf68476dbd22d88542026c10,-0.08468979795816378,0.09220632383328797,0.1057228538063375,-0.08343895637930698,-0.09582563462217718,-0.2730534485112025,-0.2925536779938643,0.4497006805374102,0.280476779369827
2025-01-10 08:55:27.639000+00:00,spot_list,CGPTUSDT,"Binance Will List aixbt by Virtuals (AIXBT), ChainGPT(CGPT), Cookie DAO(COOKIE) with Seed Tag Applied",https://www.binance.com/en/support/announcement/detail/6a15c90f03434e5a8ff710b07ec9519e,0.6036961931975298,-0.1561795131057011,-0.15075048635883412,-0.013219530419289027,-0.008663997521868517,-0.11308446130413541,-0.09939665907556902,0.04201511624565346,-0.030776027744802023
2025-01-10 08:55:27.639000+00:00,spot_list,AIXBTUSDT,"Binance Will List aixbt by Virtuals (AIXBT), ChainGPT(CGPT), Cookie DAO(COOKIE) with Seed Tag Applied",https://www.binance.com/en/support/announcement/detail/6a15c90f03434e5a8ff710b07ec9519e,0.2667214607814825,-0.08293269230769229,-0.06750939563378759,-0.1670524691358024,-0.17814093828710922,-0.28431888327721666,-0.31391171548948754,0.3549908810325477,0.23186224651938564
2024-11-25 05:00:01.511000+00:00,other,SOLUSDT,Binance Options Will Launch BNBUSDT and SOLUSDT Monthly Options,https://www.binance.com/en/support/announcement/detail/02067834ba564042aa7e5f0d30eb2731,-0.0019795708290442082,0.041008943659069486,-0.03795293269148135,-0.05430815614090778,-0.018693905853952808,-0.05399079657251671,-0.028786755568004776,-0.09350206283719464,-0.07984140830879034
2024-09-16 09:30:05.742000+00:00,add_margin_earn,TURBOUSDT,"Binance Will Add First Neiro on Ethereum (NEIRO), Turbo (TURBO) and Baby Doge Coin (1MBABYDOGE) on Earn, Buy Crypto, Convert & Margin",https://www.binance.com/en/support/announcement/detail/fd53073fa21b4b389c989b4654b219f1,-0.06406743940990522,0.3014262205156337,0.1990217300092228,0.007430758838099516,-0.0008078354241293131,0.1281242963296556,0.061518001524208346,0.3931997297905878,0.25370088046293177
2024-09-16 05:45:02.167000+00:00,spot_list,TURBOUSDT,"Binance Will List First Neiro on Ethereum (NEIRO), Turbo (TURBO), and Baby Doge Coin (1MBABYDOGE) with Seed Tag Applied",https://www.binance.com/en/support/announcement/detail/4336ae4908154736acff8302509f7a05,0.15062649960010677,0.04981808004478028,-0.013380644947451968,0.054216867469879526,0.056580070343461145,0.1946246524559776,0.1228880900840438,0.4243744207599627,0.27259979957644037
2024-08-13 12:12:43.618000+00:00,launchpool,TONUSDT,"Introducing Toncoin (TON) on Binance Launchpool and Super Earn! Farm TON by Staking BNB, FDUSD, and TON",https://www.binance.com/en/support/announcement/detail/94400db7b1934344aadf944166015715,0.00836647049467154,0.15060119690342422,0.07683725002390512,0.08670894062716905,0.07943779465230981,0.014259574736576353,0.032005280540966144,0.06088712221591264,0.03434625286241086
2024-08-08 10:30:05.368000+00:00,other,TONUSDT,"Binance Adds Toncoin (TON) on Earn, Buy Crypto, Convert & Margin",https://www.binance.com/en/support/announcement/detail/de3c049923cc4a17a7e36cc16959469f,-0.025431497755579513,-0.06775115669112652,0.047020001606207354,0.03368526897938673,-0.02354921822335526,0.049708882725960635,-0.008232662719947721,0.06743541088892124,0.040782803696097256
2024-08-08 05:39:28.744000+00:00,spot_list,TONUSDT,Binance Will List Toncoin (TON) with Seed Tag Applied,https://www.binance.com/en/support/announcement/detail/abba626aa0974b828f91c166bdc12afd,0.12916258787932722,-0.15378938490270488,-0.05110137787163385,0.024715488162416088,-0.03767984974066081,0.04517512058257944,-0.02176946187140899,0.05346615806563482,0.03670084483415287
2024-07-23 03:00:11.603000+00:00,spot_list,ETHUSDT,Binance Options Will List BTCUSDT and ETHUSDT 2024-11-08 Expiry Options,https://www.binance.com/en/support/announcement/detail/09bc413524f04c6296e2b009b498c805,-0.009220370880381967,0.006342763273755159,-0.036530123368749834,-0.004349059827080004,0.011929684979027128,-0.05808108593302097,-0.06178143677139346,-0.03948320892281132,-0.03823584361980551
2024-07-23 03:00:11.603000+00:00,spot_list,BTCUSDT,Binance Options Will List BTCUSDT and ETHUSDT 2024-11-08 Expiry Options,https://www.binance.com/en/support/announcement/detail/09bc413524f04c6296e2b009b498c805,-0.010424430641821858,0.043784296927458444,0.0,-0.016156293572003988,0.0,0.001947243596736481,0.0,-0.0020458760429261647,0.0
2024-03-08 11:25:09.545000+00:00,other,XRPUSDT,Binance Options RFQ Will Launch XRPUSDT Options,https://www.binance.com/en/support/announcement/detail/46a0372dab2e496c9e0f164a8c2cc819,0.003671775223499596,0.05614567526555381,-0.027944261900741563,-0.008430093844441044,-0.023279193142451207,-0.002703992365198138,-0.06781475902650738,-0.005248926355972738,-0.011840876503974241
2024-03-05 15:20:07.053000+00:00,other,WIFUSDT,"Binance Adds Dogwifhat (WIF) on Earn, Convert & Margin",https://www.binance.com/en/support/announcement/detail/cfb53ea0b3164637b4d32a075e967d31,-0.048283111422564806,1.483899042645779,0.7218515037226656,0.5215374420145789,0.3964904128938958,0.6802150062587435,0.48532849141267204,0.4100581695015093,0.2709112259264605
2024-03-05 10:01:37.364000+00:00,spot_list,WIFUSDT,Binance Will List Dogwifhat (WIF) with Seed Tag Applied,https://www.binance.com/en/support/announcement/detail/90ad67fe5be7483ea058191bfde677e4,0.2249121436938697,1.775650289017341,0.860476259253142,0.12883859313569213,0.1117240075601549,0.1912655403251513,0.15907778151578425,0.027467856763361942,-0.049997815628217104
2024-02-20 07:05:05.927000+00:00,other,BTCUSDT,Binance Options Will Launch T+4 BTCUSDT Daily Options,https://www.binance.com/en/support/announcement/detail/dd8e180b94c84d53a5a93f7b99d1bd08,-0.003335648152601123,0.03910233730513313,0.0,-0.0021057507648063467,0.0,-0.015645477268121266,0.0,0.08654037309039664,0.0
2024-02-02 13:20:06.052000+00:00,other,PYTHUSDT,"Binance Adds Pyth Network (PYTH) on Earn, Convert & Margin",https://www.binance.com/en/support/announcement/detail/ff5230c2b9fd41d98dac5cb5aa75909a,0.008087343307723316,0.22486379395740475,0.15566650676875743,0.0030084235860408093,-0.0024570145924373457,-0.013237063778580027,-0.022551758294546517,0.038708383473726515,-0.05690758230521003
2024-02-02 07:50:07.072000+00:00,spot_list,PYTHUSDT,Binance Will List Pyth Network (PYTH) with Seed Tag Applied,https://www.binance.com/en/support/announcement/detail/f36074f9caa6474fa44fdb18503183d6,-0.03322259136212635,0.25601374570446755,0.1519789383678473,-0.04851425106124918,-0.049742196665496306,-0.003032140691327956,-0.003497066478449235,0.10551849605821717,0.019309320988088505
2023-12-18 05:10:30.074000+00:00,other,ETHUSDT,Binance Options Will Launch Additional BTCUSDT & ETHUSDT Weekly Options,https://www.binance.com/en/support/announcement/detail/d278dcbec2d448efa3e3109e7fd42a4e,0.0028090404207583575,-0.02956647437527604,-0.0068398123909533745,0.028759002947878143,-0.012147414731928638,0.016133099214663327,-0.04552835477303834,0.047436538100062764,-0.001885246984314852
2023-12-18 05:10:30.074000+00:00,other,BTCUSDT,Binance Options Will Launch Additional BTCUSDT & ETHUSDT Weekly Options,https://www.binance.com/en/support/announcement/detail/d278dcbec2d448efa3e3109e7fd42a4e,0.0006285477150227425,-0.022906139367022238,0.0,0.041331975164920376,0.0,0.06346526969344213,0.0,0.04941307722157551,0.0
2023-12-15 03:58:33.180000+00:00,spot_list,1000BONKUSDT,Binance Will List Bonk (BONK) with Seed Tag Applied,https://www.binance.com/en/support/announcement/detail/1592b7a6ec9a408daf4b778f50ab1ca6,0.17925938226502836,1.3203930257200653,0.8562121282673886,-0.12113637963810464,-0.1170300977488691,-0.247025276350067,-0.24512483341573055,-0.27891994649017815,-0.357213613816864
2023-11-24 06:09:47.186000+00:00,spot_list,BLURUSDT,Binance Will List Blur (BLUR) with Seed Tag Applied,https://www.binance.com/en/support/announcement/detail/85306854c60347a6a4131493ec8d26a6,0.10171325518485119,0.6415038484310243,0.46696977095083897,0.014077590440334076,0.006972525272164041,-0.14241283352430834,-0.1467049051532147,-0.14601407759044027,-0.17641935811258047
2023-08-09 06:03:45.278000+00:00,other,DOGEUSDT,Binance Options Will Launch DOGEUSDT Weekly Options,https://www.binance.com/en/support/announcement/detail/52400d42b35a4bb6bfff5aa6cfd62054,0.008269974656529344,-0.027374156720290643,-0.03044403802704098,-0.0026458526260088044,0.00759489777390597,0.009921947347532711,0.023301599290757036,-0.06522026723111529,-0.04639765780592239
2023-08-07 11:50:03.749000+00:00,delist,WLDUSDT,"Binance Will Open Spot Grid Trading for ARKM/USDT, PEPE/USDT, USTC/USDT & WLD/USDT Trading Pairs, and Delist Selected Spot Grid Trading Pairs",https://www.binance.com/en/support/announcement/detail/38376f9e7814466dbff49586c6e2e1cf,-0.0019815378667054073,-0.09444614643966909,-0.0908718865954182,-0.05578692493946735,-0.07414231377210659,-0.1557384987893462,-0.18573415354812184,-0.12503631961259076,-0.14390111136630043
2023-08-07 11:50:03.749000+00:00,delist,1000PEPEUSDT,"Binance Will Open Spot Grid Trading for ARKM/USDT, PEPE/USDT, USTC/USDT & WLD/USDT Trading Pairs, and Delist Selected Spot Grid Trading Pairs",https://www.binance.com/en/support/announcement/detail/38376f9e7814466dbff49586c6e2e1cf,-0.008098561213060962,-0.09932490106308689,-0.09627404392604341,-0.01450534178754459,-0.031350463359296595,0.08451315903760959,0.06469002821756051,0.22105446017545383,0.18938658731056976
2023-08-07 11:50:03.749000+00:00,delist,ARKMUSDT,"Binance Will Open Spot Grid Trading for ARKM/USDT, PEPE/USDT, USTC/USDT & WLD/USDT Trading Pairs, and Delist Selected Spot Grid Trading Pairs",https://www.binance.com/en/support/announcement/detail/38376f9e7814466dbff49586c6e2e1cf,-0.019208516547095544,-0.17190494442315074,-0.18029068677101553,-0.001651722510618292,-0.018391978680321552,-0.00023596035865969256,-0.016677144932149522,0.005899008966493646,-0.004446531814650472
2023-06-06 12:04:43.324000+00:00,futures_launch,MTLUSDT,Binance Futures Will Update the Leverage & Margin Tiers of USDⓈ-M MTLUSDT Perpetual Contract,https://www.binance.com/en/support/announcement/detail/c7e821badb7d44969e8a346551382a3c,0.011218697829716184,0.3913407042646102,0.4171227458510474,-0.054480618107376366,-0.09738892714907232,-0.2385920887538796,-0.3069423918454426,-0.2677144555240045,-0.3233849954461356
2023-05-12 03:45:14.601000+00:00,other,ETHUSDT,Binance Options Will Launch Additional BTCUSDT and ETHUSDT Daily Options,https://www.binance.com/en/support/announcement/detail/15974bb3a80441e5bc7d6755e55512ec,-0.0004578081727236727,-0.06761172006745364,0.02317876617929371,0.0183150597402304,0.012893833291558196,0.03306775837013509,0.00926608392069973,0.019994458549383864,0.01160776501404638
2023-05-12 03:45:14.601000+00:00,other,BTCUSDT,Binance Options Will Launch Additional BTCUSDT and ETHUSDT Daily Options,https://www.binance.com/en/support/announcement/detail/15974bb3a80441e5bc7d6755e55512ec,0.0004731150495644876,-0.08897478876612053,0.0,0.0052693603957274515,0.0,0.023539478918805257,0.0,0.008223054577663147,0.0
2023-03-29 02:50:18.884000+00:00,spot_list,ETHUSDT,Binance Options Will List Additional BTCUSDT and ETHUSDT Quarterly Options (2023-03-30),https://www.binance.com/en/support/announcement/detail/2e621e1ca6124ec08292cad4edd572c8,-0.0003374540218894495,-0.008564832885389673,0.019004541137952004,0.005108528091278375,-0.03490300101190532,0.027106705224426264,-0.015417517545571798,0.0755477039754251,0.030526497732075594
2023-03-29 02:50:18.884000+00:00,spot_list,BTCUSDT,Binance Options Will List Additional BTCUSDT and ETHUSDT Quarterly Options (2023-03-30),https://www.binance.com/en/support/announcement/detail/2e621e1ca6124ec08292cad4edd572c8,0.0015231121281464866,-0.02722869252413007,0.0,0.04080923883439791,0.0,0.043064842199158404,0.0,0.04321107256316248,0.0
2023-03-22 04:15:17.439000+00:00,other,XRPUSDT,Binance Options Will Launch XRPUSDT Weekly Options,https://www.binance.com/en/support/announcement/detail/13fc2ddbf03948f2adc2721982e1f615,0.023123909249563646,0.22534081796311134,0.0745983013120309,-0.09232409381663098,-0.07621904036893827,-0.048614072494669536,-0.023428998262308664,0.14605543710021318,0.15970604342151948
2023-03-21 07:45:07.132000+00:00,spot_list,ETHUSDT,Binance Options Will List Additional BTCUSDT and ETHUSDT Quarterly Options,https://www.binance.com/en/support/announcement/detail/d1111775c644473cb9579a0f5a50c082,-0.000828695897379883,0.03942551562425223,-0.0880984070676738,0.028089596424436758,0.011961878555448235,0.03327324144842558,0.01874542572026683,-0.005252760290975322,0.017914477828765412
2023-03-21 07:45:07.132000+00:00,spot_list,BTCUSDT,Binance Options Will List Additional BTCUSDT and ETHUSDT Quarterly Options,https://www.binance.com/en/support/announcement/detail/d1111775c644473cb9579a0f5a50c082,0.0004344489015684072,0.135152018280003,0.0,0.015864974016762456,0.0,0.014084507042253502,0.0,-0.022914465208517365,0.0
2023-03-15 04:20:08.296000+00:00,other,ETHUSDT,Binance Options Will Launch BTCUSDT and ETHUSDT Quarterly Options,https://www.binance.com/en/support/announcement/detail/4b1ce508219949bebb536542e777446d,-0.0019435490026833424,0.09058599778433796,-0.024303648254051263,-0.03281639760907418,-0.018262907541987693,0.06645055772579656,-0.04480172454307543,0.06069680425471846,-0.07239376315934537
2023-03-15 04:20:08.296000+00:00,other,BTCUSDT,Binance Options Will Launch BTCUSDT and ETHUSDT Quarterly Options,https://www.binance.com/en/support/announcement/detail/4b1ce508219949bebb536542e777446d,-0.0010508617065994041,0.11741592824431613,0.0,-0.014990532295392378,0.0,0.11531583291524394,0.0,0.14033242162844517,0.0
2023-03-07 02:20:35.508000+00:00,spot_list,BTCUSDT,Binance Options Will List Additional BTCUSDT Monthly Options,https://www.binance.com/en/support/announcement/detail/9431a427329d48b2955853366f1e85a4,-0.0011301697479365602,-0.04040835322297609,0.0,-0.013688744760368965,0.0,-0.10722033400002673,0.0,0.08600790232125122,0.0
2023-02-07 12:50:22.333000+00:00,spot_list,BTCUSDT,Binance Options Will List Additional BTCUSDT Monthly Options,https://www.binance.com/en/support/announcement/detail/31165986e57f479196d30c884e9550bc,0.0001349562915751168,0.004961281008006413,0.0,0.0056804579189064786,0.0,-0.05280867085990382,0.0,-0.05494156310531706,0.0
2023-02-01 04:15:03.734000+00:00,other,BTCUSDT,Binance Options Will Launch BTCUSDT Daily Options,https://www.binance.com/en/support/announcement/detail/24f6a5472ad049dca43ea2cad5aac0ff,-0.0006053425806619162,0.021478638405378003,0.0,0.030134034802322462,0.0,0.008687601131810885,0.0,0.004490901381882351,0.0
2026-08-20 06:00:06.608000+00:00,delist,ICXUSDT,"Binance Will Delist ICX, SCRT, STORJ on 2026-09-03",https://www.binance.com/en/support/announcement/detail/d72915ed7a60473b92f0818d959a227a,-0.14577581446714527,-0.06601340897369778,-0.15185222193924658,0.07045895281189396,-0.020858660730839987,0.08661926308985124,-0.002066034085144053,-0.01616031027795739,-0.14056549275588207
2026-08-20 06:00:06.608000+00:00,delist,STORJUSDT,"Binance Will Delist ICX, SCRT, STORJ on 2026-09-03",https://www.binance.com/en/support/announcement/detail/d72915ed7a60473b92f0818d959a227a,0.011556429800836154,0.030402837598175747,-0.05360919433563081,-0.001701507049100659,-0.09064910135932276,-0.0381623723869714,-0.12404694574817174,-0.04642683519688873,-0.171812304607797
2026-08-20 06:00:06.608000+00:00,delist,SCRTUSDT,"Binance Will Delist ICX, SCRT, STORJ on 2026-09-03",https://www.binance.com/en/support/announcement/detail/d72915ed7a60473b92f0818d959a227a,-0.06865284974093266,-0.20385012031625993,-0.311526844382324,-0.08762169680111265,-0.18064671387993647,-0.25776541492814087,-0.3832272503131351,-0.4149281409364859,-0.660293783892445
2026-08-10 10:00:04.147000+00:00,delist,POWRUSDT,Binance Margin And Loan Will Delist BTTC & POWR on 2026-08-14,https://www.binance.com/en/support/announcement/detail/948546d989254418a4646db8a6da18c5,0.011154345006485045,-0.004647560030983766,-0.038086948591512626,-0.0202668034889687,-0.009056308476189401,-0.044894817855310465,-0.02043538494623902,-0.06849666495638784,-0.047682832979873725
2026-08-03 03:30:10.683000+00:00,delist,HFTUSDT,"Binance Will Delist ACX, HFT, PIVX, PYR, VANRY, VIC on 2026-08-17",https://www.binance.com/en/support/announcement/detail/64cf7544b98e4f2ca7f54ba11fd72d9d,-0.11778290993071583,-0.09791666666666665,-0.07143277008434984,0.21989528795811508,0.17921241188558704,1.7107329842931938,0.966922021881732,2.1151832460732987,1.1016030712911447
2026-08-03 03:30:10.683000+00:00,delist,VANRYUSDT,"Binance Will Delist ACX, HFT, PIVX, PYR, VANRY, VIC on 2026-08-17",https://www.binance.com/en/support/announcement/detail/64cf7544b98e4f2ca7f54ba11fd72d9d,0.06034482758620685,-0.12271285679434019,-0.09930531909772988,-0.04379753474954107,-0.06433821825243898,-0.0540257015473381,-0.08583692930135645,-0.15342250196695517,-0.2012384366755796
2026-08-03 03:30:10.683000+00:00,delist,VICUSDT,"Binance Will Delist ACX, HFT, PIVX, PYR, VANRY, VIC on 2026-08-17",https://www.binance.com/en/support/announcement/detail/64cf7544b98e4f2ca7f54ba11fd72d9d,-0.12218268090154205,-0.09427880741337624,-0.06740814893587385,0.6050675675675674,0.4536132402353316,0.48209459459459447,0.3631593035007762,-0.014527027027027017,-0.0493184836582399
2026-08-03 03:30:10.683000+00:00,delist,ACXUSDT,"Binance Will Delist ACX, HFT, PIVX, PYR, VANRY, VIC on 2026-08-17",https://www.binance.com/en/support/announcement/detail/64cf7544b98e4f2ca7f54ba11fd72d9d,-0.0388206388206388,-0.020692974013474474,0.010705532032619588,-0.008435582822086007,-0.02802397734822446,0.05163599182004086,0.020049988710862835,0.04447852760736182,0.008832838015004
2026-07-06 10:00:01.595000+00:00,delist,TSTUSDT,Binance Margin And Loan Will Delist TST & IOTX on 2026-07-10,https://www.binance.com/en/support/announcement/detail/2733031786ea4b2688696cf578ac339f,-0.06410376915123595,-0.008018648018648156,-0.05069269127156796,0.1178065682434466,0.09680026545281266,0.0040172742794013505,-0.0006978069509610847,0.11137892939640448,0.09889667453207762
2026-07-06 10:00:01.595000+00:00,delist,IOTXUSDT,Binance Margin And Loan Will Delist TST & IOTX on 2026-07-10,https://www.binance.com/en/support/announcement/detail/2733031786ea4b2688696cf578ac339f,-0.04805914972273562,-0.030118321979203944,-0.07322291733862313,0.031067961165048397,0.01602704214950919,0.005048543689320395,0.0003288089928972539,-0.03883495145631066,-0.0463139866329389
2026-06-29 07:00:08.506000+00:00,delist,HOTUSDT,"Binance Margin And Loan Will Delist HOT, THE on 2026-07-03",https://www.binance.com/en/support/announcement/detail/b703403f123b4d95af7222431d053c7c,-0.055022392834293,0.01658536585365855,0.07952073309910129,-0.006770480704130111,0.001957717569807356,0.016587677725118377,0.0051491376488230125,0.16824644549763024,0.10546036605636464
2026-06-26 09:00:15.053000+00:00,delist,NFPUSDT,"Binance Will Delist ALCX, ARDR, NFP, POND on 2026-07-10",https://www.binance.com/en/support/announcement/detail/a9c1a7bb97064c69a660316bff39f2bd,-0.20647354419154607,-0.12107040789815537,-0.09059993351899825,0.20730117340286847,0.16999959498084305,0.043769789532501324,0.029897257893361336,0.40957347737008765,0.3004257558232754
2026-06-25 17:00:06.669000+00:00,delist,IPUSDT,Binance Futures Will Delist USDⓈ-Margined IPUSDT and IPUSDC Perpetual Contracts (2026-06-28),https://www.binance.com/en/support/announcement/detail/5702f93568604ea7bfd2f4233f054bd1,0.0445380680108336,0.15062326869806086,0.1957529381378884,-0.05675597810429267,-0.06107756294555381,-0.10544511668107182,-0.11293231516559436,-0.10544511668107182,-0.14842735236478838
2026-06-18 07:00:18.693000+00:00,monitoring_tag,BLURUSDT,"Binance Will Extend the Monitoring Tag to Include ACT, BLUR, PIVX & QKC on 2026-06-18",https://www.binance.com/en/support/announcement/detail/2ce2c4973d85405a9bb5fffc475c99dc,-0.11117381489841982,0.006818181818181834,-0.014040325566031638,-0.0107936507936508,0.017418337404107323,0.005714285714285783,0.011651704194057859,-0.07365079365079363,-0.0339214229951132
2026-06-18 07:00:18.693000+00:00,monitoring_tag,ACTUSDT,"Binance Will Extend the Monitoring Tag to Include ACT, BLUR, PIVX & QKC on 2026-06-18",https://www.binance.com/en/support/announcement/detail/2ce2c4973d85405a9bb5fffc475c99dc,-0.09504550050556115,0.011247443762780973,-0.009650707110965877,0.10949720670391061,0.1321776080034644,0.018994413407821265,0.024769954878896116,-0.10279329608938537,-0.06588642458625901
2026-06-08 10:00:04.311000+00:00,delist,QUICKUSDT,"Binance Margin And Loan Will Delist XNO, IQ, QUICK, DGB on 2026-06-12",https://www.binance.com/en/support/announcement/detail/d5d69ae4b2f0497aa45d06da33796f9d,0.0,0.0,0.1379081318711947,0.0,0.012219329773445116,0.0,0.00588171438153506,0.0,-0.0423058395157718
2026-06-08 10:00:04.311000+00:00,delist,DGBUSDT,"Binance Margin And Loan Will Delist XNO, IQ, QUICK, DGB on 2026-06-12",https://www.binance.com/en/support/announcement/detail/d5d69ae4b2f0497aa45d06da33796f9d,0.0,0.0,0.1379081318711947,0.0,0.012219329773445116,0.0,0.00588171438153506,0.0,-0.0423058395157718
2026-06-05 07:00:07.472000+00:00,delist,COSUSDT,"Binance Will Delist COS, D, HIGH, MBOX on 2026-06-19",https://www.binance.com/en/support/announcement/detail/24aced8c698649d9a552a47eeead5e34,-0.17930327868852458,-0.1607910576096303,-0.00037060644271458276,-0.14731585518102364,-0.14011416637705915,-0.06367041198501866,-0.07647844577957827,-0.39450686641697874,-0.5177701876108487
2026-06-05 07:00:07.472000+00:00,delist,MBOXUSDT,"Binance Will Delist COS, D, HIGH, MBOX on 2026-06-19",https://www.binance.com/en/support/announcement/detail/24aced8c698649d9a552a47eeead5e34,-0.24309884238646484,0.015370705244122984,0.1901787323190205,-0.15294117647058836,-0.1467332163537514,-0.1470588235294118,-0.16975539987126262,-0.4,-0.5268837552459635
2026-06-05 07:00:07.472000+00:00,delist,HIGHUSDT,"Binance Will Delist COS, D, HIGH, MBOX on 2026-06-19",https://www.binance.com/en/support/announcement/detail/24aced8c698649d9a552a47eeead5e34,-0.1554621848739497,-0.25856697819314634,-0.12424548979568364,-0.02985074626865669,-0.011053428374819017,-0.044776119402985204,-0.056500241272869574,-0.4054726368159204,-0.5360466681674831
2026-05-19 03:00:08.915000+00:00,delist,AIUSDT,Binance Margin And Binance Loans Will Delist AEUR and AI on 2026-05-22,https://www.binance.com/en/support/announcement/detail/6492bd3434204b29a1709e64f72e2ee6,0.0,0.0,0.058787710305537456,0.0,0.0018393951976467286,0.0,-0.00945710028256003,0.0,0.0022851081502499003
2026-05-13 08:00:04.681000+00:00,delist,ATAUSDT,"Binance Will Delist ATA, FARM, MLN, PHB, SYS on 2026-05-27",https://www.binance.com/en/support/announcement/detail/a42f51022cb649aea0b4cb808205fd76,-0.3899371069182389,0.06202290076335881,0.06450656977931785,0.020618556701031077,0.04105738808775125,-0.05743740795287178,-0.018932223094222524,-0.3696612665684831,-0.4135332182999389
2026-05-13 08:00:04.681000+00:00,delist,SYSUSDT,"Binance Will Delist ATA, FARM, MLN, PHB, SYS on 2026-05-27",https://www.binance.com/en/support/announcement/detail/a42f51022cb649aea0b4cb808205fd76,-0.3755868544600939,0.1366061899679829,0.13237787928986375,-0.012030075187969835,0.008545494285300466,0.024060150375939893,0.06399599360441423,-0.39097744360902253,-0.4479352598723545
2026-05-13 08:00:04.681000+00:00,delist,MLNUSDT,"Binance Will Delist ATA, FARM, MLN, PHB, SYS on 2026-05-27",https://www.binance.com/en/support/announcement/detail/a42f51022cb649aea0b4cb808205fd76,-0.30707395498392287,-0.002245749117741447,0.002082808790703171,0.3568445475638051,0.32581033478836496,0.1679814385150813,0.19549772070822374,0.05429234338747091,0.10083449098015419
2026-05-13 08:00:04.681000+00:00,delist,PHBUSDT,"Binance Will Delist ATA, FARM, MLN, PHB, SYS on 2026-05-27",https://www.binance.com/en/support/announcement/detail/a42f51022cb649aea0b4cb808205fd76,-0.30458015267175576,0.1634103019538189,0.15568669088032205,-0.06256860592755209,-0.043963187014844404,-0.11416026344676189,-0.08099850087925367,-0.3918770581778266,-0.4494134968357141
2026-04-30 09:33:15.547000+00:00,alpha,SOLUSDT,"Binance Alpha Will Remove REX, XO, TANSSI, DARKSTAR, YALA, RCADE, RDAC, SKATE, OVL, SLAY, Ghibli (SOL), Ghibli (BSC), PHY, VLR, SVSA, WBAI, EDGEN, FAIR3, MM, BUBB, AICELL, XLAB, SIGHT (2026-04-30)",https://www.binance.com/en/support/announcement/detail/9b3112ca2a4b4d8098403d9cc4a1a855,-0.001444390948483476,-0.030119075414429153,-0.007229276998582081,0.011451301832208438,-0.0051496056296844415,0.009643201542912427,-0.021079557937377154,0.074132111861138,0.010290503010524574
2026-04-17 09:00:06.263000+00:00,delist,TRUUSDT,"Binance Will Delist DEGO, DENT, TRU on 2026-04-28",https://www.binance.com/en/support/announcement/detail/d067b373496c44a4ab8d28f3e90b66ad,-0.1580168164685416,0.017554211535624642,-0.039335540819882234,-0.11811294765840219,-0.13785159855611887,-0.3214531680440771,-0.3846557849919322,-0.09573002754820936,-0.1331334129890398
2026-04-17 09:00:06.263000+00:00,delist,DEGOUSDT,"Binance Will Delist DEGO, DENT, TRU on 2026-04-28",https://www.binance.com/en/support/announcement/detail/d067b373496c44a4ab8d28f3e90b66ad,-0.2512926577042399,-0.08687440982058536,-0.14761930703381476,-0.057090239410681365,-0.07094500370538503,-0.2757826887661142,-0.3195177836778522,-0.3250460405156538,-0.42561689051432383
2026-04-17 09:00:06.263000+00:00,delist,DENTUSDT,"Binance Will Delist DEGO, DENT, TRU on 2026-04-28",https://www.binance.com/en/support/announcement/detail/d067b373496c44a4ab8d28f3e90b66ad,-0.2529743268628679,-0.026219512195121975,-0.08330682948893445,-0.07376362112321877,-0.08878611695702034,-0.3872590108968985,-0.48666696803044146,-0.005867560771165126,-0.03839093444733995
2026-04-14 03:30:01.903000+00:00,delist,XVGUSDT,"Binance Margin And Loan Will Delist BAR, PIVX, XVG on 2026-04-17",https://www.binance.com/en/support/announcement/detail/bb7238d13db14c9ebce9fa8704e3098f,-0.03469048608226,0.1110085391183937,0.026111097644959266,-0.007746933505487497,-0.006905227915529916,-0.0010759629868731801,-0.006345367172479972,-0.23068646438562512,-0.28107770889859124
2026-04-09 06:00:05.744000+00:00,delist,FUNUSDT,"Binance Will Delist BIFI, FIO, FUN, MDT, OXT, WAN on 2026-04-23",https://www.binance.com/en/support/announcement/detail/d26a627649ee44fca27e07672add9ac2,-0.37005039596832257,0.13387755102040821,0.06160927164670614,-0.010285714285714342,-0.017588693901423036,-0.23542857142857143,-0.27802374844489014,-0.4125714285714286,-0.583143294320055
2026-04-09 06:00:05.744000+00:00,delist,OXTUSDT,"Binance Will Delist BIFI, FIO, FUN, MDT, OXT, WAN on 2026-04-23",https://www.binance.com/en/support/announcement/detail/d26a627649ee44fca27e07672add9ac2,-0.1419959812458138,0.012203389830508504,-0.0519044193635401,-0.04683840749414514,-0.05522054389227321,-0.13817330210772838,-0.15828499727519782,-0.14988290398126458,-0.21352385238137933
2026-04-09 06:00:05.744000+00:00,delist,MDTUSDT,"Binance Will Delist BIFI, FIO, FUN, MDT, OXT, WAN on 2026-04-23",https://www.binance.com/en/support/announcement/detail/d26a627649ee44fca27e07672add9ac2,0.0,0.0,-0.06403394812881032,0.0,-0.007249716106243706,0.0,-0.009583922215504125,0.0,-0.05114267341760561
2026-04-09 06:00:05.744000+00:00,delist,FIOUSDT,"Binance Will Delist BIFI, FIO, FUN, MDT, OXT, WAN on 2026-04-23",https://www.binance.com/en/support/announcement/detail/d26a627649ee44fca27e07672add9ac2,-0.22476770265940393,-0.005417463352453855,-0.06946613915100885,-0.009919404835709966,-0.017218646016440242,-0.16305021698698086,-0.18757512890823796,-0.44224013225873116,-0.6349694271929195
2026-03-18 09:00:08.667000+00:00,delist,IDEXUSDT,"Binance Will Delist A2Z, FORTH, HOOK, IDEX, LRC, NTRN, RDNT, SXP on 2026-04-01",https://www.binance.com/en/support/announcement/detail/ddac99c0e5044c13a13c7c113e530e2b,0.0,0.0,-0.0611302836600722,0.0,0.0526924158707053,0.0,0.04595502330395211,0.0,0.03346953140973119
2026-03-18 09:00:08.667000+00:00,delist,HOOKUSDT,"Binance Will Delist A2Z, FORTH, HOOK, IDEX, LRC, NTRN, RDNT, SXP on 2026-04-01",https://www.binance.com/en/support/announcement/detail/ddac99c0e5044c13a13c7c113e530e2b,-0.20898980537534761,0.04757281553398052,-0.014654399625619055,-0.12829525483304027,-0.08461209153069796,-0.08845928529584057,-0.046663994752151494,-0.22671353251318094,-0.2236361758042928
2026-03-18 09:00:08.667000+00:00,delist,LRCUSDT,"Binance Will Delist A2Z, FORTH, HOOK, IDEX, LRC, NTRN, RDNT, SXP on 2026-04-01",https://www.binance.com/en/support/announcement/detail/ddac99c0e5044c13a13c7c113e530e2b,-0.1099667774086378,-0.011169513797634645,-0.0723626448987272,-0.07054871220604708,-0.020468464215150188,-0.12019410227696903,-0.08209894330452554,-0.1157148189622994,-0.08950613397609213
2026-03-18 09:00:08.667000+00:00,delist,RDNTUSDT,"Binance Will Delist A2Z, FORTH, HOOK, IDEX, LRC, NTRN, RDNT, SXP on 2026-04-01",https://www.binance.com/en/support/announcement/detail/ddac99c0e5044c13a13c7c113e530e2b,-0.15890613451589075,-0.013668671405139388,-0.0748932314283689,-0.03624780316344445,0.015771341230752627,0.1827768014059754,0.21381991882234902,0.2959138840070299,0.2926856796066396
2026-03-18 09:00:08.667000+00:00,delist,SXPUSDT,"Binance Will Delist A2Z, FORTH, HOOK, IDEX, LRC, NTRN, RDNT, SXP on 2026-04-01",https://www.binance.com/en/support/announcement/detail/ddac99c0e5044c13a13c7c113e530e2b,0.0,0.0,-0.0611302836600722,0.0,0.0526924158707053,0.0,0.04595502330395211,0.0,0.03346953140973119
2026-03-18 09:00:08.667000+00:00,delist,NTRNUSDT,"Binance Will Delist A2Z, FORTH, HOOK, IDEX, LRC, NTRN, RDNT, SXP on 2026-04-01",https://www.binance.com/en/support/announcement/detail/ddac99c0e5044c13a13c7c113e530e2b,-0.20542635658914732,-0.2859778597785978,-0.3979715920699366,-0.047154471544715526,0.004389937641199965,-0.00487804878048792,0.041065038009760205,-0.15121951219512197,-0.130485148514148
2026-03-18 09:00:08.667000+00:00,delist,A2ZUSDT,"Binance Will Delist A2Z, FORTH, HOOK, IDEX, LRC, NTRN, RDNT, SXP on 2026-04-01",https://www.binance.com/en/support/announcement/detail/ddac99c0e5044c13a13c7c113e530e2b,-0.3301820728291316,-0.020576131687242816,-0.08192105332914598,-0.08015333681826109,-0.030855877414041104,-0.051925422547482114,-0.007367088318485086,1.026311204042516,0.7396865305944118
2026-03-18 09:00:08.667000+00:00,delist,FORTHUSDT,"Binance Will Delist A2Z, FORTH, HOOK, IDEX, LRC, NTRN, RDNT, SXP on 2026-04-01",https://www.binance.com/en/support/announcement/detail/ddac99c0e5044c13a13c7c113e530e2b,-0.21630434782608698,0.07351225204200706,0.00980546778523407,-0.1442441054091539,-0.10307769750885587,-0.289875173370319,-0.29635948894148917,-0.43689320388349506,-0.5408164462734851
2026-02-05 07:14:19.503000+00:00,delist,YALAUSDT,Binance Futures Will Delist USDⓈ-M RVVUSDT and YALAUSDT Perpetual Contracts (2026-02-10),https://www.binance.com/en/support/announcement/detail/9ac36fb4f2ad4bf2b3b27f9c9224739c,-0.23868312757201637,-0.4587973273942094,-0.3948668906598588,-0.21081081081081088,-0.14585499824650822,-0.02297297297297296,-0.017642457973476848,0.95,0.7245092514405664
2026-02-05 07:14:19.503000+00:00,delist,RVVUSDT,Binance Futures Will Delist USDⓈ-M RVVUSDT and YALAUSDT Perpetual Contracts (2026-02-10),https://www.binance.com/en/support/announcement/detail/9ac36fb4f2ad4bf2b3b27f9c9224739c,-0.17913748617766323,0.02184557438794732,0.24070493272473975,-0.27436012572968116,-0.22980722305284668,-0.36775931746744495,-0.45288662447340594,-0.7723394701392007,-1.4232197848012733
2026-02-02 08:59:52.762000+00:00,delist,GHSTUSDT,"Binance Will Delist ACA, CHESS, DATA, DF, GHST, NKN on 2026-02-13",https://www.binance.com/en/support/announcement/detail/87a9bdf137f348668a85575ee02b8a27,-0.2399728076138682,-0.1930883159626987,-0.07631812846993066,0.008944543828264706,0.00011852233172513806,-0.05366726296958846,0.027117229765733435,-0.25402504472271914,-0.18323637183843233
2026-02-02 08:59:52.762000+00:00,delist,DFUSDT,"Binance Will Delist ACA, CHESS, DATA, DF, GHST, NKN on 2026-02-13",https://www.binance.com/en/support/announcement/detail/87a9bdf137f348668a85575ee02b8a27,-0.21019108280254772,-0.10964083175803419,0.02209258776541287,-0.092741935483871,-0.10611459997179662,-0.29166666666666663,-0.26256221522919637,-0.43145161290322576,-0.45484197626894846
2026-02-02 08:59:52.762000+00:00,delist,CHESSUSDT,"Binance Will Delist ACA, CHESS, DATA, DF, GHST, NKN on 2026-02-13",https://www.binance.com/en/support/announcement/detail/87a9bdf137f348668a85575ee02b8a27,-0.10220768601798846,-0.1489213639526793,-0.023027824784558004,0.2427140255009106,0.20851146206768256,0.24726775956284164,0.3032336376961901,-0.15072859744990896,-0.05354959103364006
2026-02-02 08:59:52.762000+00:00,delist,NKNUSDT,"Binance Will Delist ACA, CHESS, DATA, DF, GHST, NKN on 2026-02-13",https://www.binance.com/en/support/announcement/detail/87a9bdf137f348668a85575ee02b8a27,-0.18426294820717137,-0.1654197838736492,-0.04260349011570966,0.039072039072039155,0.029541788709070246,-0.09157509157509147,-0.013764777957444324,-0.3235653235653235,-0.2810925175879202
2025-12-11 11:43:46.582000+00:00,delist,AIAUSDT,Binance Futures Will Delist AIAUSDT USDⓈ-M Perpetual Contract (2025-12-11),https://www.binance.com/en/support/announcement/detail/20eee4109e06448992f0557bf798bb36,-0.3575129533678756,-0.42596133418313153,-0.5231019838265695,0.0,-0.02620021723605025,0.0,0.006889178144394478,0.0,0.031439967016599214
2025-12-03 06:29:56.380000+00:00,delist,REIUSDT,"Binance Will Delist FIS, REI, VOXEL on 2025-12-17",https://www.binance.com/en/support/announcement/detail/f958d031b39f46b1ab3947b1d53fa736,-0.07925407925407923,-0.05402425578831305,-0.12306459143023876,-0.018987341772152,-0.023339976651134915,-0.12151898734177224,-0.09207566950470916,-0.23417721518987356,-0.26437818396014573
2025-12-03 06:29:56.380000+00:00,delist,FISUSDT,"Binance Will Delist FIS, REI, VOXEL on 2025-12-17",https://www.binance.com/en/support/announcement/detail/f958d031b39f46b1ab3947b1d53fa736,-0.07102894672828997,-0.11209503239740826,-0.18641680098546592,0.15134852055511905,0.1367638214118792,-0.055511914113642424,-0.019626890872423725,-0.22204765645456925,-0.2486637082928284
2025-12-03 06:29:56.380000+00:00,delist,VOXELUSDT,"Binance Will Delist FIS, REI, VOXEL on 2025-12-17",https://www.binance.com/en/support/announcement/detail/f958d031b39f46b1ab3947b1d53fa736,0.025359576078728185,-0.11874583055370247,-0.1939354343833369,0.18826135105204878,0.16832112867029847,0.008490217792543442,0.045939694055139244,-0.07456626061277227,-0.0750664404567216
2025-11-23 05:57:34.108000+00:00,delist,PORT3USDT,Binance Futures Will Delist USDⓈ-M PORT3USDT Perpetual Contract (2025-11-23),https://www.binance.com/en/support/announcement/detail/aa3cc74779bf456e8b100304905b9cc2,-0.3913491246138001,-0.44640820980615736,-0.4894008466854086,0.0,-0.012072054549146475,0.0,-0.02238341380232897,0.0,-0.056993066659372434
2025-11-10 13:45:00.002000+00:00,delist,MYROUSDT,Binance Futures Will Delist USDⓈ-M MYROUSDT and 1000XUSDT Perpetual Contracts (2025-11-14),https://www.binance.com/en/support/announcement/detail/869c1c15564048e29ae6139578637cd4,0.0479041916167664,-0.06761786600496267,-0.05300038427529198,-0.19746031746031745,-0.21683303883558827,-0.22793650793650788,-0.23920311276576695,-0.36444444444444446,-0.35179029354822755
2025-10-29 03:00:04.123000+00:00,delist,PERPUSDT,"Binance Will Delist FLM, KDA, PERP on 2025-11-12",https://www.binance.com/en/support/announcement/detail/a6c810fc36424548917e146dbe21469a,-0.17069831127339108,0.000913659205116435,-0.03948229042302414,0.016510731975784232,0.054813395702368234,0.015410016510732039,0.037801827396101606,-0.2366538249862411,-0.1693249855413137
2025-10-29 03:00:04.123000+00:00,delist,FLMUSDT,"Binance Will Delist FLM, KDA, PERP on 2025-11-12",https://www.binance.com/en/support/announcement/detail/a6c810fc36424548917e146dbe21469a,0.297979797979798,-0.048076923076922906,-0.08966658150241022,-0.30350194552529186,-0.32325279515516536,-0.0622568093385214,-0.04176981208691964,-0.16731517509727634,-0.08238140733334248
2025-10-29 03:00:04.123000+00:00,delist,KDAUSDT,"Binance Will Delist FLM, KDA, PERP on 2025-11-12",https://www.binance.com/en/support/announcement/detail/a6c810fc36424548917e146dbe21469a,-0.08970358814352586,-0.2589595375722542,-0.34009558250683675,-0.24987146529562976,-0.24907322363046144,-0.20377035132819188,-0.20535829207265666,-0.379948586118252,-0.3772342162253901
2025-10-18 03:58:50.952000+00:00,delist,SLERFUSDT,Binance Futures Will Delist USDⓈ-M SLERFUSDT and COIN-M CHZUSD Perpetual Contracts (2025-10-20 & 2025-10-21),https://www.binance.com/en/support/announcement/detail/c045753243994cfcba6a22563389e910,0.8380093520374081,-0.09914247028734768,-0.04399540897232462,-0.3777939305833182,-0.4799573713028689,-0.35862256950754134,-0.4566333152615916,-0.35862256950754134,-0.487880204294738
2025-09-29 11:45:19.511000+00:00,delist,HIFIUSDT,Binance Futures Will Delist USDⓈ-M HIFIUSDT and BAKEUSDT Perpetual Contracts (2025-10-03),https://www.binance.com/en/support/announcement/detail/82df1b55a0d84c288fa396d5a5cead48,-0.11649204501358168,0.2124776512656441,0.19887323750859498,-0.07264581869290232,-0.08411343741647068,0.012473647224174211,-0.0514961249509925,-0.1751581166549543,-0.29857920923450654
2025-09-29 11:45:19.511000+00:00,delist,BAKEUSDT,Binance Futures Will Delist USDⓈ-M HIFIUSDT and BAKEUSDT Perpetual Contracts (2025-10-03),https://www.binance.com/en/support/announcement/detail/82df1b55a0d84c288fa396d5a5cead48,-0.09638554216867479,-0.037122969837586894,-0.031622244078224664,-0.005333333333333301,-0.014041329963072467,-0.008000000000000007,-0.07192478887518004,-0.33599999999999997,-0.51548877117283
2025-09-24 12:00:05.980000+00:00,delist,UXLINKUSDT,Binance Futures Will Delist USDⓈ-M UXLINKUSDT Perpetual Contract (2025-09-26),https://www.binance.com/en/support/announcement/detail/5a4fddd83a25401cabc2ae6271b532a2,-0.20370370370370372,-0.7445600756859034,-1.3366828358578429,0.058914728682170514,0.07352997822461084,0.13023255813953494,0.15408899783887434,0.13023255813953494,0.08772738840477709
2025-09-22 07:30:02.610000+00:00,delist,NEIROETHUSDT,Binance Futures Will Delist USDⓈ-M NEIROETHUSDT Perpetual Contract (2025-09-26),https://www.binance.com/en/support/announcement/detail/77d088eda9b040dc9f73bb7e57ae8e26,-0.047103410936654044,-0.2821609016712009,-0.302412372934933,-0.42471590909090906,-0.5574974212929887,-0.5349431818181818,-0.7576624295779388,-0.7548295454545455,-1.4010402510348077
2025-09-17 08:45:27.976000+00:00,delist,ALPHAUSDT,Binance Futures Will Delist USDⓈ-M ALPHAUSDT Perpetual Contract (2025-09-23),https://www.binance.com/en/support/announcement/detail/10fd115c29244067bd4566a70f77e327,0.43527995183624335,0.12381596752368074,0.07647991042005095,-0.058305369127516715,-0.06646982672221402,-0.18456375838926176,-0.19629255730573017,-0.149748322147651,-0.12894769271969703
2025-09-10 10:14:43.992000+00:00,delist,BSWUSDT,Binance Futures Will Delist USDⓈ-M BSWUSDT Perpetual Contract (2025-09-15),https://www.binance.com/en/support/announcement/detail/c95b56efd290471ba11c6cb850208d07,0.3714436248682824,0.05974316024567283,0.049265058610972176,-0.19400691509796397,-0.23066089149991537,0.08259700345754895,0.04739838688678948,-0.5313100268920476,-0.7922519631315118
2025-09-03 02:59:54.550000+00:00,delist,BAKEUSDT,"Binance Will Delist BAKE, HIFI, SLF on 2025-09-17",https://www.binance.com/en/support/announcement/detail/b601f1d986ad403b8c667dd0ca17e2e7,-0.12468827930174553,-0.012315270935960632,-0.011226105206984034,-0.3447293447293447,-0.4237451908273161,-0.4202279202279202,-0.5455003545900061,-0.3660968660968661,-0.46041752253057683
2025-09-03 02:59:54.550000+00:00,delist,HIFIUSDT,"Binance Will Delist BAKE, HIFI, SLF on 2025-09-17",https://www.binance.com/en/support/announcement/detail/b601f1d986ad403b8c667dd0ca17e2e7,-0.02517788724685277,-0.014775668679896437,-0.013720289119301059,-0.30320044918585065,-0.3622957743697002,-0.2514317798989333,-0.28997307286286716,-0.31409320606400903,-0.38157193005624496
2025-08-29 11:00:12.480000+00:00,delist,LEVERUSDT,Binance Futures Will Delist USDⓈ-M LEVERUSDT Perpetual Contract (2025-09-03),https://www.binance.com/en/support/announcement/detail/d5fc5fdda5c74e3e8780050ed0841267,0.5912921348314608,-0.00558659217877111,0.01722928554699292,-0.12753751103265665,-0.11724344418510507,-0.34774933804060026,-0.41264848522394737,-0.5035304501323918,-0.7224959223511037
2025-08-06 07:30:06.291000+00:00,delist,DEFIUSDT,Binance Futures Will Delist USDⓈ-M DEFIUSDT and MEMEFI Perpetual Contracts (2025-08-11),https://www.binance.com/en/support/announcement/detail/21e399dcea734230a3c181daf5407b64,-0.007508090614886664,-0.07196059586737147,-0.03855689592352194,0.037694013303769314,0.02814477384643,0.1831224729359593,0.1407119341322848,0.2129907395330637,0.14078900966555113
2025-08-06 07:30:06.291000+00:00,delist,MEMEFIUSDT,Binance Futures Will Delist USDⓈ-M DEFIUSDT and MEMEFI Perpetual Contracts (2025-08-11),https://www.binance.com/en/support/announcement/detail/21e399dcea734230a3c181daf5407b64,0.19985825655563438,0.10840534171249017,0.13904654311946438,2.25280567040756,1.1706617245608077,1.1145894861193146,0.7214155243378456,0.30005906674542215,0.21010971347642454
2025-06-26 07:00:09.887000+00:00,delist,BSWUSDT,"Binance Will Delist ALPHA, BSW, KMD, LEVER, LTO on 2025-07-04",https://www.binance.com/en/support/announcement/detail/173b2a63c03141009029407ecfebd14a,0.2815485168426344,-0.09877661984594466,-0.13267220119515674,-0.11769321302471558,-0.11823665390278687,-0.11887014515496264,-0.1261602208739686,-0.3417026284817575,-0.43307494518905165
2025-06-26 07:00:09.887000+00:00,delist,LEVERUSDT,"Binance Will Delist ALPHA, BSW, KMD, LEVER, LTO on 2025-07-04",https://www.binance.com/en/support/announcement/detail/173b2a63c03141009029407ecfebd14a,-0.00262260687123006,-0.08495320374370052,-0.11745014535728235,-0.11964238758874568,-0.12044827780488077,-0.1985274783066,-0.22091454291796447,-0.24480673152774124,-0.29575800560023263
2025-06-26 07:00:09.887000+00:00,delist,ALPHAUSDT,"Binance Will Delist ALPHA, BSW, KMD, LEVER, LTO on 2025-07-04",https://www.binance.com/en/support/announcement/detail/173b2a63c03141009029407ecfebd14a,0.0383693045563549,-0.18435207823960875,-0.2324425593506026,-0.06062355658198604,-0.05556018338932967,-0.18187066974595834,-0.20034480122794168,-0.3210161662817551,-0.4021343885038959
2025-04-24 04:00:05.257000+00:00,delist,ALPACAUSDT,"Binance Will Delist ALPACA, PDA, VIB, WING on 2025-05-02",https://www.binance.com/en/support/announcement/detail/0274f9d47da1437990bc13eb17b0ec99,0.4549202858713577,0.23657375934738267,0.11396185918315915,0.4018515019837523,0.3311661097650158,4.122803703003968,1.6194817315459904,21.482524088418668,3.085456909578225
2025-04-08 06:00:07.355000+00:00,delist,NULSUSDT,"Binance Announced the First Batch of Vote to Delist Results and Will Delist BADGER, BAL, BETA, CREAM, CTXC, ELF, FIRO, HARD, NULS, PROS, SNT, TROY, UFT, VIDT on 2025-04-16",https://www.binance.com/en/support/announcement/detail/fac9c3e401da4cc8b604566fd261d70c,-0.4392638036809816,-0.2584167424931756,-0.26042311851236133,-0.024070021881838044,-0.0014837171128943595,-0.054704595185995575,-0.07823274179217998,-0.3150984682713347,-0.4541224908792237
2025-04-08 06:00:07.355000+00:00,delist,SNTUSDT,"Binance Announced the First Batch of Vote to Delist Results and Will Delist BADGER, BAL, BETA, CREAM, CTXC, ELF, FIRO, HARD, NULS, PROS, SNT, TROY, UFT, VIDT on 2025-04-16",https://www.binance.com/en/support/announcement/detail/fac9c3e401da4cc8b604566fd261d70c,0.0,0.0,0.03854472265039728,0.0,0.02288072176124624,0.0,-0.02197493914208564,0.0,-0.07564229052517236
2025-04-08 06:00:07.355000+00:00,delist,BALUSDT,"Binance Announced the First Batch of Vote to Delist Results and Will Delist BADGER, BAL, BETA, CREAM, CTXC, ELF, FIRO, HARD, NULS, PROS, SNT, TROY, UFT, VIDT on 2025-04-16",https://www.binance.com/en/support/announcement/detail/fac9c3e401da4cc8b604566fd261d70c,-0.2644787644787645,-0.2210526315789474,-0.2112670757459738,0.13123359580052485,0.146189436738293,0.09186351706036744,0.06591094599247665,0.0879265091863517,0.008631308923476327
2025-04-08 06:00:07.355000+00:00,delist,TROYUSDT,"Binance Announced the First Batch of Vote to Delist Results and Will Delist BADGER, BAL, BETA, CREAM, CTXC, ELF, FIRO, HARD, NULS, PROS, SNT, TROY, UFT, VIDT on 2025-04-16",https://www.binance.com/en/support/announcement/detail/fac9c3e401da4cc8b604566fd261d70c,-0.37830687830687837,-0.27724665391969405,-0.2861425457949379,-0.07234042553191478,-0.052209729593823584,-0.06382978723404253,-0.08793290693388303,-0.602127659574468,-0.99726636837469
2025-04-08 06:00:07.355000+00:00,delist,VIDTUSDT,"Binance Announced the First Batch of Vote to Delist Results and Will Delist BADGER, BAL, BETA, CREAM, CTXC, ELF, FIRO, HARD, NULS, PROS, SNT, TROY, UFT, VIDT on 2025-04-16",https://www.binance.com/en/support/announcement/detail/fac9c3e401da4cc8b604566fd261d70c,-0.36048344718864944,-0.20840266222961734,-0.19515770570855145,0.5546425636811831,0.4641263783855426,0.9531635168446999,0.647475435230581,-0.7592440427280197,-1.4996137744956324
2025-04-08 06:00:07.355000+00:00,delist,BADGERUSDT,"Binance Announced the First Batch of Vote to Delist Results and Will Delist BADGER, BAL, BETA, CREAM, CTXC, ELF, FIRO, HARD, NULS, PROS, SNT, TROY, UFT, VIDT on 2025-04-16",https://www.binance.com/en/support/announcement/detail/fac9c3e401da4cc8b604566fd261d70c,-0.14178342767003804,-0.2410028875272906,-0.23721258332712863,-0.08627959779435623,-0.06734993824853161,-0.085414639420478,-0.11125941339233128,-0.096334738890691,-0.17693856407157182
2025-03-21 05:50:20.352000+00:00,delist,COMBOUSDT,"Binance Will Delist AERGO, AST, BURGER, COMBO, LINA on 2025-03-28",https://www.binance.com/en/support/announcement/detail/db7ad1c7aa6248cda735102cdcdc4b8d,-0.036619718309858995,-0.11581569115815693,-0.15561930334385174,-0.0650584795321637,-0.06864503165087299,-0.18128654970760238,-0.23396925960881812,-0.4919590643274854,-0.6950334998773573
2025-03-21 05:50:20.352000+00:00,delist,AERGOUSDT,"Binance Will Delist AERGO, AST, BURGER, COMBO, LINA on 2025-03-28",https://www.binance.com/en/support/announcement/detail/db7ad1c7aa6248cda735102cdcdc4b8d,-0.04647887323943656,0.023054755043227626,-0.009736549903894585,-0.017725258493352936,-0.01925796730364071,-0.048744460856720795,-0.08392067252338387,-0.01477104874446089,-0.03272147425630498
2025-03-21 05:50:20.352000+00:00,delist,LINAUSDT,"Binance Will Delist AERGO, AST, BURGER, COMBO, LINA on 2025-03-28",https://www.binance.com/en/support/announcement/detail/db7ad1c7aa6248cda735102cdcdc4b8d,-0.07547169811320764,-0.1311475409836066,-0.1731115100536406,-0.44217687074829937,-0.5850870745617032,-0.5034013605442177,-0.7339212713458078,-0.49523809523809514,-0.701508683865055
2025-02-17 07:00:24.287000+00:00,delist,AMBUSDT,"Binance Will Delist AMB, CLV, STMX, VITE on 2025-02-24",https://www.binance.com/en/support/announcement/detail/f3cc64a8758d4bb394e0830e5b31da97,-0.26054590570719605,-0.11471808640468639,-0.11387744292068641,-0.20991797166293813,-0.22604304175975018,-0.32960477255779275,-0.410110171779089,-0.5570469798657718,-0.8075201299661967
2025-02-17 07:00:24.287000+00:00,delist,STMXUSDT,"Binance Will Delist AMB, CLV, STMX, VITE on 2025-02-24",https://www.binance.com/en/support/announcement/detail/f3cc64a8758d4bb394e0830e5b31da97,-0.07352941176470595,-0.10526315789473673,-0.10325393976694192,-0.03703703703703698,-0.028164864169272368,0.0,-0.010222322969030648,0.02645502645502651,0.03288257795652268
2025-01-15 08:00:06.723000+00:00,delist,REEFUSDT,Binance Futures Will Delist and Update the Leverage & Margin Tiers of USDⓈ-M REEFUSDT Perpetual Contract (2025-01-22),https://www.binance.com/en/support/announcement/detail/572715f2d96e47769ebbb967c2a6e445,-0.17611940298507467,-0.010826771653543288,-0.027740034337387198,0.21618357487922713,0.17193714095329868,0.18961352657004826,0.11005243311364102,0.06280193236714982,-0.020376404062705633
2024-12-20 07:00:00.929000+00:00,delist,OMGUSDT,Delisting of USDⓈ-M OMGUSDT Perpetual Contract Will Be Further Postponed,https://www.binance.com/en/support/announcement/detail/1e43c128806544018d3cc537a8add3f6,-0.04928741092636579,-0.2981871223171494,-0.3298843708456389,0.14740787008119938,0.10521112458971406,0.048094940662086305,0.047015026121257956,0.05465334166146163,0.05081107235055821
2024-12-18 08:01:12.939000+00:00,delist,BLZUSDT,"Binance Will Delist AKRO, BLZ, WRX on 2024-12-25",https://www.binance.com/en/support/announcement/detail/b140faee7cf9482cb10257308abda245,-0.10797355749612347,-0.18078491676138264,-0.2675332714137991,-0.36203110704483066,-0.42779047469697173,-0.36861848124428176,-0.4055137068636432,-0.3745654162854528,-0.41126841534947906
2024-12-14 13:53:34.273000+00:00,delist,OMGUSDT,Delisting of USDⓈ-M OMGUSDT Perpetual Contract Postponed,https://www.binance.com/en/support/announcement/detail/eedac7aff5b849d58efda6c4b3cec01b,0.03968784838350059,-0.23228346456692917,-0.28210402750345204,-0.03667167059832732,-0.05257630867182841,-0.07870469654728718,-0.1469611343839879,-0.25219815569375936,-0.2466578716166408
2024-12-06 03:00:04.185000+00:00,delist,MAVIAUSDT,"Binance Futures Will Delist USDⓈ-M MAVIAUSDT, OMGUSDT, and BONDUSDT Perpetual Contracts (2024-12-16)",https://www.binance.com/en/support/announcement/detail/27eac260521b4f40ab331e1a345887a7,-0.12356889064350574,0.04453608247422669,0.03473784020086908,-0.00540540540540535,-0.021939092018917056,-0.07402402402402397,-0.0928684648036885,-0.2298298298298298,-0.2817040201963304
2024-12-06 03:00:04.185000+00:00,delist,BONDUSDT,"Binance Futures Will Delist USDⓈ-M MAVIAUSDT, OMGUSDT, and BONDUSDT Perpetual Contracts (2024-12-16)",https://www.binance.com/en/support/announcement/detail/27eac260521b4f40ab331e1a345887a7,-0.04979496192149968,0.10342598577892703,0.08958486579215211,-0.053020961775585795,-0.07099734551731876,-0.0838471023427868,-0.10353348565840044,-0.3156596794081381,-0.3998601722349501
2024-12-06 03:00:04.185000+00:00,delist,OMGUSDT,"Binance Futures Will Delist USDⓈ-M MAVIAUSDT, OMGUSDT, and BONDUSDT Perpetual Contracts (2024-12-16)",https://www.binance.com/en/support/announcement/detail/27eac260521b4f40ab331e1a345887a7,-0.029575163398692816,0.24466137888956663,0.21002850166520978,0.007745411685468939,-0.008803454573364587,-0.04798787674692706,-0.06513898602307107,-0.16534770163327162,-0.201300281861258
2024-11-29 04:00:01.809000+00:00,delist,XEMUSDT,"Binance Futures Will Delist USDⓈ-M XEMUSDT, ORBSUSDT and LOOMUSDT Perpetual Contracts (2024-12-09)",https://www.binance.com/en/support/announcement/detail/cfe97d52a8c840d3ba631835b637e9e7,-0.06909090909090909,0.24434389140271495,0.2415454020398971,0.24609374999999978,0.21034112468109753,0.2539062499999998,0.22392281594721447,0.4648437499999998,0.3642695957685173
2024-11-29 04:00:01.809000+00:00,delist,LOOMUSDT,"Binance Futures Will Delist USDⓈ-M XEMUSDT, ORBSUSDT and LOOMUSDT Perpetual Contracts (2024-12-09)",https://www.binance.com/en/support/announcement/detail/cfe97d52a8c840d3ba631835b637e9e7,-0.03390721513996586,0.18335925349922255,0.19129422483593642,0.055366616786831635,0.0442156770016404,0.05074139572847236,0.04715514347107874,0.07754047068426062,0.057202116367861155
2024-11-29 04:00:01.809000+00:00,delist,ORBSUSDT,"Binance Futures Will Delist USDⓈ-M XEMUSDT, ORBSUSDT and LOOMUSDT Perpetual Contracts (2024-12-09)",https://www.binance.com/en/support/announcement/detail/cfe97d52a8c840d3ba631835b637e9e7,-0.05811387798378076,0.17963019301625915,0.18813799950100868,0.14214001034409307,0.12323117109657832,0.09221454866287382,0.0858664684556558,0.17536280385773817,0.14409788345500793
2024-11-26 08:30:14.278000+00:00,delist,KEYUSDT,"Binance Will Delist GFT, IRIS, KEY, OAX, REN on 2024-12-10",https://www.binance.com/en/support/announcement/detail/131b75b63a71490393034f36de70c92c,-0.2971755194520972,0.06492829919662202,0.03977373795442155,-0.08359893028537935,-0.08577994096828453,-0.002894090925742776,-0.03254487560942948,-0.07766421218448916,-0.09883419757175124
2024-11-26 08:30:14.278000+00:00,delist,RENUSDT,"Binance Will Delist GFT, IRIS, KEY, OAX, REN on 2024-12-10",https://www.binance.com/en/support/announcement/detail/131b75b63a71490393034f36de70c92c,-0.2312329832749902,0.19414770088248945,0.15429897565897618,0.03389830508474567,0.03485764040180224,0.12926890968884375,0.09192385205956934,0.2142676448267138,0.17615286272833114
2024-10-23 07:00:37.062000+00:00,delist,UNFIUSDT,"Binance Will Delist IDRT, KP3R, OOKI, UNFI on 2024-11-06",https://www.binance.com/en/support/announcement/detail/043c8407bb904652a428573a50d07e07,-0.3474480151228734,-0.013059701492537323,-0.011331260006806558,0.5330243337195828,0.42241004593383696,0.2746234067207418,0.2338433559407047,-0.015063731170336103,-0.0981311944223154
2024-08-12 07:00:11.329000+00:00,delist,LOOMUSDT,"Binance Will Delist CVP, EPX, FOR, LOOM, REEF, VGX on 2024-08-26",https://www.binance.com/en/support/announcement/detail/e2fcd2c945654c8d832395335429403e,-0.10115211872681107,0.22190408017179664,0.07628534506729209,0.02715620247664563,0.01355072977564903,0.03063219639365644,0.0292584383535153,0.0026069954377578863,-0.002340315239042001
2024-08-12 07:00:11.329000+00:00,delist,REEFUSDT,"Binance Will Delist CVP, EPX, FOR, LOOM, REEF, VGX on 2024-08-26",https://www.binance.com/en/support/announcement/detail/e2fcd2c945654c8d832395335429403e,-0.18007312614259596,0.20750551876379686,0.0644316584687605,-0.03455964325529537,-0.04841423898940453,-0.10144927536231885,-0.1078860780589726,-0.08695652173913049,-0.09591569656447976
2024-07-08 07:01:09.631000+00:00,delist,BONDUSDT,"Binance Will Delist BOND, DOCK, MDX, POLS on 2024-07-22",https://www.binance.com/en/support/announcement/detail/4ffb7170f2f84ce3a06cc0cf1a788c23,-0.14623419461242437,-0.2875048962005484,-0.20819168229824375,-0.19253058596265293,-0.21093593934421379,-0.16162266580811324,-0.18280223219467961,0.23502897617514495,0.1268181245366468
2024-06-03 03:00:20.294000+00:00,delist,XEMUSDT,"Binance Will Delist OMG, WAVES, WNXM, XEM on 2024-06-17",https://www.binance.com/en/support/announcement/detail/f65faeeefe07417a8b6dd2900ba8da7e,-0.25698324022346364,-0.042780748663101664,-0.03397503157439807,-0.12406015037593976,-0.14035760185744336,-0.18421052631578938,-0.23998181160712706,-0.21804511278195493,-0.2625828212156809
2024-06-03 03:00:20.294000+00:00,delist,OMGUSDT,"Binance Will Delist OMG, WAVES, WNXM, XEM on 2024-06-17",https://www.binance.com/en/support/announcement/detail/f65faeeefe07417a8b6dd2900ba8da7e,-0.22468132791707518,-0.02592440987856459,-0.01651859098395598,-0.1517615176151762,-0.172493200141819,-0.20505871725383917,-0.2658698816022723,-0.21120144534778684,-0.25386890016814784
2024-06-03 03:00:20.294000+00:00,delist,WAVESUSDT,"Binance Will Delist OMG, WAVES, WNXM, XEM on 2024-06-17",https://www.binance.com/en/support/announcement/detail/f65faeeefe07417a8b6dd2900ba8da7e,-0.24250900614536974,-0.044736842105263186,-0.03602063901614708,-0.14877189056118167,-0.16897488427457705,-0.19258098808258273,-0.25029538012018854,-0.25877021205169815,-0.3160691887006374
2024-05-08 05:00:26.574000+00:00,delist,IDEXUSDT,"Binance Futures Will Delist and Update the Leverage & Margin Tiers of USDⓈ-M IDEXUSDT, SLPUSDT, GLMRUSDT, MDTUSDT and AUDIOUSDT Perpetual Contracts",https://www.binance.com/en/support/announcement/detail/cb525a5fbb954935afc77630fc5bd0cc,0.03317462755337108,0.15402339595887993,0.10674516554931693,-0.13854615727664632,-0.1348196746084844,-0.04950200683811501,-0.025769729665338158,-0.159060502452802,-0.1646487691294998
2024-05-08 05:00:26.574000+00:00,delist,SLPUSDT,"Binance Futures Will Delist and Update the Leverage & Margin Tiers of USDⓈ-M IDEXUSDT, SLPUSDT, GLMRUSDT, MDTUSDT and AUDIOUSDT Perpetual Contracts",https://www.binance.com/en/support/announcement/detail/cb525a5fbb954935afc77630fc5bd0cc,-0.010368066355624594,0.0398921832884096,0.002607761738589842,0.009690937663698218,0.023958409355006177,-0.013619696176008445,0.011286203671885564,-0.07595599790466223,-0.07040879360606098
2024-05-08 05:00:26.574000+00:00,delist,MDTUSDT,"Binance Futures Will Delist and Update the Leverage & Margin Tiers of USDⓈ-M IDEXUSDT, SLPUSDT, GLMRUSDT, MDTUSDT and AUDIOUSDT Perpetual Contracts",https://www.binance.com/en/support/announcement/detail/cb525a5fbb954935afc77630fc5bd0cc,-0.04090597117364447,0.08440011908306033,0.04451767233146343,-0.031630170316301776,-0.017827081568527692,-0.05896665235437237,-0.03577720276600452,-0.15686274509803932,-0.16203872347781334
2024-05-08 05:00:26.574000+00:00,delist,AUDIOUSDT,"Binance Futures Will Delist and Update the Leverage & Margin Tiers of USDⓈ-M IDEXUSDT, SLPUSDT, GLMRUSDT, MDTUSDT and AUDIOUSDT Perpetual Contracts",https://www.binance.com/en/support/announcement/detail/cb525a5fbb954935afc77630fc5bd0cc,-0.013285024154589431,-0.007194244604316613,-0.043729524099090755,0.008567931456548328,0.022845562692738082,-0.009179926560587526,0.01577717699816776,-0.06425948592411246,-0.0578302759379356
2024-05-08 05:00:26.574000+00:00,delist,GLMRUSDT,"Binance Futures Will Delist and Update the Leverage & Margin Tiers of USDⓈ-M IDEXUSDT, SLPUSDT, GLMRUSDT, MDTUSDT and AUDIOUSDT Perpetual Contracts",https://www.binance.com/en/support/announcement/detail/cb525a5fbb954935afc77630fc5bd0cc,-0.002963324501464082,0.020383479776599822,-0.016330758919594738,0.01594461344802256,0.030132960990787296,-0.0014336165600196127,0.023564853569033515,-0.09304521137102706,-0.08907588371305103
2024-05-06 05:00:17.942000+00:00,delist,MBLUSDT,"Binance Futures Will Delist and Update the Leverage & Margin Tiers of USDⓈ-M STPTUSDT, SNTUSDT, MBLUSDT, RADUSDT and CVXUSDT Perpetual Contracts",https://www.binance.com/en/support/announcement/detail/a58cc13f78a34fbba11f00ff7144e9ee,-0.036671058410188806,0.029850746268656803,0.004065885213825671,-0.006610439936175161,0.0028313900894604126,0.0018235696375654697,0.04347720617577677,-0.06815591520401199,-0.027297857032893516
2024-05-06 05:00:17.942000+00:00,delist,STPTUSDT,"Binance Futures Will Delist and Update the Leverage & Margin Tiers of USDⓈ-M STPTUSDT, SNTUSDT, MBLUSDT, RADUSDT and CVXUSDT Perpetual Contracts",https://www.binance.com/en/support/announcement/detail/a58cc13f78a34fbba11f00ff7144e9ee,-0.04462753175420531,0.006217616580310947,-0.019149633040128684,-0.008983111749910178,0.0004400725784656379,-0.0035932446999640266,0.03805558131260074,-0.0698886094143012,-0.029159012934154585
2024-05-06 05:00:17.942000+00:00,delist,SNTUSDT,"Binance Futures Will Delist and Update the Leverage & Margin Tiers of USDⓈ-M STPTUSDT, SNTUSDT, MBLUSDT, RADUSDT and CVXUSDT Perpetual Contracts",https://www.binance.com/en/support/announcement/detail/a58cc13f78a34fbba11f00ff7144e9ee,-0.04325513196480946,0.028916268544128654,0.0031580818713586555,-0.015836526181353672,-0.00649948804763649,-0.02630906768837793,0.014993953571902807,-0.07739463601532559,-0.037261781638247116
2024-05-06 05:00:17.942000+00:00,delist,CVXUSDT,"Binance Futures Will Delist and Update the Leverage & Margin Tiers of USDⓈ-M STPTUSDT, SNTUSDT, MBLUSDT, RADUSDT and CVXUSDT Perpetual Contracts",https://www.binance.com/en/support/announcement/detail/a58cc13f78a34fbba11f00ff7144e9ee,-0.025326170376055224,-0.0022970903522205877,-0.027647732703999055,-0.0795275590551181,-0.07340444222945923,0.006692913385826671,0.0483259125013177,-0.0562992125984253,-0.014654213328417771
2024-05-06 05:00:17.942000+00:00,delist,RADUSDT,"Binance Futures Will Delist and Update the Leverage & Margin Tiers of USDⓈ-M STPTUSDT, SNTUSDT, MBLUSDT, RADUSDT and CVXUSDT Perpetual Contracts",https://www.binance.com/en/support/announcement/detail/a58cc13f78a34fbba11f00ff7144e9ee,0.0003345227475468615,0.043761638733705865,0.017483148010882264,-0.05194515661576182,-0.04387915097821202,-0.011258499609853923,0.030332940967055133,-0.04341767918849626,-0.0010965169328101543
2024-03-25 04:40:12.437000+00:00,delist,CTKUSDT,"Binance Futures Will Delist and Update the Leverage & Margin Tiers of USDⓈ-M ANTUSDT, DGBUSDT and CTKUSDT Perpetual Contracts",https://www.binance.com/en/support/announcement/detail/ce74360a3fd444b2b35da7186f8dd0ad,-0.030281329923273703,-0.0013281569268491777,0.007978064453239597,-0.027429053697647365,-0.07064027391907945,0.017195906741217515,-0.017408630445347278,0.0394556387804621,0.012092319185625908
2024-03-25 04:40:12.437000+00:00,delist,DGBUSDT,"Binance Futures Will Delist and Update the Leverage & Margin Tiers of USDⓈ-M ANTUSDT, DGBUSDT and CTKUSDT Perpetual Contracts",https://www.binance.com/en/support/announcement/detail/ce74360a3fd444b2b35da7186f8dd0ad,0.007477906186267758,0.008224811514736086,0.01749827624088717,0.01754385964912286,-0.02543627755276303,-0.05735492577597845,-0.09352380755694377,0.08097165991902822,0.051255489088465146
2024-03-25 04:40:12.437000+00:00,delist,ANTUSDT,"Binance Futures Will Delist and Update the Leverage & Margin Tiers of USDⓈ-M ANTUSDT, DGBUSDT and CTKUSDT Perpetual Contracts",https://www.binance.com/en/support/announcement/detail/ce74360a3fd444b2b35da7186f8dd0ad,0.007297605473204127,-0.039851105758703875,-0.03135980421648035,0.04143083540864834,-0.0022324493839724277,0.01381027846954952,-0.020742575395699618,0.0035091691193118724,-0.023101806331970454
2024-03-19 05:05:02.006000+00:00,delist,FOOTBALLUSDT,Binance Futures Will Delist and Update the Leverage & Margin Tiers of USDⓈ-M FOOTBALLUSDT and BLUEBIRDUSDT Perpetual Contracts,https://www.binance.com/en/support/announcement/detail/673183dd8eea4e3cba1596dcec7565d1,-0.013700692562481076,-0.11057547454052419,-0.02286034439226778,0.048084261944741025,0.097085733156374,0.10380094642039372,0.07579263685580595,0.22151198290337337,0.11629292246767653
2024-03-19 05:05:02.006000+00:00,delist,BLUEBIRDUSDT,Binance Futures Will Delist and Update the Leverage & Margin Tiers of USDⓈ-M FOOTBALLUSDT and BLUEBIRDUSDT Perpetual Contracts,https://www.binance.com/en/support/announcement/detail/673183dd8eea4e3cba1596dcec7565d1,-0.003312689039320138,-0.10389778007227679,-0.015380506166269556,-0.029046242774566466,0.020645312179047946,0.14364161849710988,0.11125058074638494,0.20888728323699435,0.10590383669565731
2024-02-06 07:00:12.575000+00:00,delist,XMRUSDT,"Binance Will Delist ANT, MULTI, VAI, XMR on 2024-02-20",https://www.binance.com/en/support/announcement/detail/f73b083ba6834771b07dbe5319917ae5,-0.14032442863173133,-0.03238417551639616,-0.019810680605332823,-0.11237373737373735,-0.116213396648453,-0.13194444444444442,-0.221231195692411,-0.12570145903479235,-0.28682414357054753
2024-02-06 07:00:12.575000+00:00,delist,ANTUSDT,"Binance Will Delist ANT, MULTI, VAI, XMR on 2024-02-20",https://www.binance.com/en/support/announcement/detail/f73b083ba6834771b07dbe5319917ae5,0.0022097569267380823,0.007363013698630239,0.020445504451815706,0.016451831750339263,0.019309069944320707,0.06309362279511532,-0.018548463811972643,0.14569199457259163,-0.016481945445359747
2023-11-27 06:00:26.207000+00:00,delist,BTSUSDT,"Binance Will Delist BTS, PERL, TORN, WTC on 2023-12-07",https://www.binance.com/en/support/announcement/detail/d24dd4a035c443b1ad8cf49f60b9d194,0.0,0.0,-0.004000161149306758,0.0,0.004970477909037903,0.0,-0.013619538189446369,0.0,-0.10677371494697474
2023-09-01 07:09:42.147000+00:00,delist,BALUSDT,"Binance Margin Will Delist ALPHA/BUSD, ANT/BUSD, BAL/BUSD, COS/BTC, DGB/BUSD, FIRO/BUSD, OOKI/BUSD, QI/BTC, RVN/BUSD & TWT/BUSD Isolated Margin Pairs",https://www.binance.com/en/support/announcement/detail/19c694ed39f14a9791e0f34a2235def1,0.0020420070011668567,-0.0014564520827264893,-0.0007266095405597915,-0.02532751091703067,-0.017721579956964932,-0.022416302765647766,-0.02274067002327655,-0.006695778748180503,-0.01486689404611946
2023-09-01 07:09:42.147000+00:00,delist,DGBUSDT,"Binance Margin Will Delist ALPHA/BUSD, ANT/BUSD, BAL/BUSD, COS/BTC, DGB/BUSD, FIRO/BUSD, OOKI/BUSD, QI/BTC, RVN/BUSD & TWT/BUSD Isolated Margin Pairs",https://www.binance.com/en/support/announcement/detail/19c694ed39f14a9791e0f34a2235def1,0.009009009009009139,-0.0029940119760478723,-0.0022675987967946906,-0.011904761904761973,-0.0040439979565968145,-0.005952380952380931,-0.006039469990816734,0.017857142857142794,0.009550979098161383
2023-09-01 07:09:42.147000+00:00,delist,ANTUSDT,"Binance Margin Will Delist ALPHA/BUSD, ANT/BUSD, BAL/BUSD, COS/BTC, DGB/BUSD, FIRO/BUSD, OOKI/BUSD, QI/BTC, RVN/BUSD & TWT/BUSD Isolated Margin Pairs",https://www.binance.com/en/support/announcement/detail/19c694ed39f14a9791e0f34a2235def1,0.000946297610598501,0.01172809956917198,0.012390762649740804,-0.004254313401087173,0.0036688043490680465,0.010635783502717988,0.010510318420555387,0.024816828173008787,0.016365294398175228
2023-09-01 07:09:42.147000+00:00,delist,ALPHAUSDT,"Binance Margin Will Delist ALPHA/BUSD, ANT/BUSD, BAL/BUSD, COS/BTC, DGB/BUSD, FIRO/BUSD, OOKI/BUSD, QI/BTC, RVN/BUSD & TWT/BUSD Isolated Margin Pairs",https://www.binance.com/en/support/announcement/detail/19c694ed39f14a9791e0f34a2235def1,0.0035119667013525646,-0.05968688845401171,-0.06081145759389535,-0.015035644847699259,-0.007217633037357325,-0.006869734283862616,-0.006962742540979871,0.04925469863901477,0.03993150331323469
2023-09-01 07:09:42.147000+00:00,delist,RVNUSDT,"Binance Margin Will Delist ALPHA/BUSD, ANT/BUSD, BAL/BUSD, COS/BTC, DGB/BUSD, FIRO/BUSD, OOKI/BUSD, QI/BTC, RVN/BUSD & TWT/BUSD Isolated Margin Pairs",https://www.binance.com/en/support/announcement/detail/19c694ed39f14a9791e0f34a2235def1,0.004081632653061273,-0.02390438247011961,-0.023463824387595124,0.004742547425474086,0.012663530067633069,0.018292682926829285,0.018058081588243763,0.0257452574525745,0.01727083083573678
2023-09-01 07:09:42.147000+00:00,delist,BTCUSDT,"Binance Margin Will Delist ALPHA/BUSD, ANT/BUSD, BAL/BUSD, COS/BTC, DGB/BUSD, FIRO/BUSD, OOKI/BUSD, QI/BTC, RVN/BUSD & TWT/BUSD Isolated Margin Pairs",https://www.binance.com/en/support/announcement/detail/19c694ed39f14a9791e0f34a2235def1,-0.0005272130440973077,-0.000730637154052971,0.0,-0.007900816263668564,0.0,6.930540582161804e-05,0.0,0.008181888187278608,0.0
2023-08-30 06:00:03.152000+00:00,delist,AMBUSDT,"Binance Margin Will Delist the AMB/BUSD, DASH/BUSD, FIDA/BUSD, HARD/BUSD, HOT/BUSD, IOST/BTC, NULS/BUSD, PORTO/BUSD and REQ/BUSD Cross Margin & Isolated Margin Pairs",https://www.binance.com/en/support/announcement/detail/d0f401e56c594069afad13c80f97a356,0.04646166241439498,0.20112903225806456,0.1298697424012859,-0.04208905427948151,-0.036493051050263806,-0.015013473630180907,0.04665399285274495,0.032978313871423026,0.09689940426900842
2023-08-30 06:00:03.152000+00:00,delist,IOSTUSDT,"Binance Margin Will Delist the AMB/BUSD, DASH/BUSD, FIDA/BUSD, HARD/BUSD, HOT/BUSD, IOST/BTC, NULS/BUSD, PORTO/BUSD and REQ/BUSD Cross Margin & Isolated Margin Pairs",https://www.binance.com/en/support/announcement/detail/d0f401e56c594069afad13c80f97a356,-0.0033543539514290233,0.03084370677731685,-0.023014632547293162,-0.011173936456650435,-0.00472942104461237,-0.061927840603123285,-0.002147094371542327,-0.05223478729133002,0.010804734379452112
2023-08-30 06:00:03.152000+00:00,delist,DASHUSDT,"Binance Margin Will Delist the AMB/BUSD, DASH/BUSD, FIDA/BUSD, HARD/BUSD, HOT/BUSD, IOST/BTC, NULS/BUSD, PORTO/BUSD and REQ/BUSD Cross Margin & Isolated Margin Pairs",https://www.binance.com/en/support/announcement/detail/d0f401e56c594069afad13c80f97a356,-0.0014836795252225476,0.0123920390536989,-0.04107634605791124,0.001857355126300142,0.00836304519511782,-0.06537890044576533,-0.00583276337557205,-0.05423476968796437,0.008692296052693727
2023-08-30 06:00:03.152000+00:00,delist,BTCUSDT,"Binance Margin Will Delist the AMB/BUSD, DASH/BUSD, FIDA/BUSD, HARD/BUSD, HOT/BUSD, IOST/BTC, NULS/BUSD, PORTO/BUSD and REQ/BUSD Cross Margin & Isolated Margin Pairs",https://www.binance.com/en/support/announcement/detail/d0f401e56c594069afad13c80f97a356,-0.0010598699018801172,0.05484330757971012,0.0,-0.006486285462188768,0.0,-0.059911547338216464,0.0,-0.06242001524040097,0.0
2023-08-30 06:00:03.152000+00:00,delist,HOTUSDT,"Binance Margin Will Delist the AMB/BUSD, DASH/BUSD, FIDA/BUSD, HARD/BUSD, HOT/BUSD, IOST/BTC, NULS/BUSD, PORTO/BUSD and REQ/BUSD Cross Margin & Isolated Margin Pairs",https://www.binance.com/en/support/announcement/detail/d0f401e56c594069afad13c80f97a356,0.005429864253393646,0.009132420091324311,-0.04430126057492462,-0.02160216021602157,-0.015331489698414233,-0.063906390639064,-0.004258487935496422,-0.0612061206120611,0.0012938730611029153
2023-08-16 03:05:38.357000+00:00,delist,GMXUSDT,"Binance Margin Will Delist the EPX/BUSD, GAL/BUSD, GMX/BUSD, HIVE/BUSD, KLAY/BUSD, RAD/BUSD and TVK/BUSD Cross Margin & Isolated Margin Pairs",https://www.binance.com/en/support/announcement/detail/0a22f72cdfac479f95393e7b57e6dda1,-0.004829806807727599,-0.1276083467094704,-0.12178630611356636,-0.08042523688467773,-0.06446016048573398,-0.1266466373931131,-0.018549479587405562,-0.15507279870580082,-0.05391945491570002
2023-08-16 03:05:38.357000+00:00,delist,GALUSDT,"Binance Margin Will Delist the EPX/BUSD, GAL/BUSD, GMX/BUSD, HIVE/BUSD, KLAY/BUSD, RAD/BUSD and TVK/BUSD Cross Margin & Isolated Margin Pairs",https://www.binance.com/en/support/announcement/detail/0a22f72cdfac479f95393e7b57e6dda1,-0.0067754301506640635,-0.07595353818271688,-0.06426241913995748,-0.01220716273225031,0.007101487213467752,0.02109325913293225,0.1377394332716958,0.03733955659276522,0.15124466965126873
2023-08-16 03:05:38.357000+00:00,delist,KLAYUSDT,"Binance Margin Will Delist the EPX/BUSD, GAL/BUSD, GMX/BUSD, HIVE/BUSD, KLAY/BUSD, RAD/BUSD and TVK/BUSD Cross Margin & Isolated Margin Pairs",https://www.binance.com/en/support/announcement/detail/0a22f72cdfac479f95393e7b57e6dda1,-0.0013280212483399723,-0.040152963671128084,-0.02625083826057091,-0.022606382978723527,-0.0034820554247809755,-0.05319148936170215,0.06220714475012629,-0.08178191489361708,0.029265001634651094
2023-08-16 03:05:38.357000+00:00,delist,RADUSDT,"Binance Margin Will Delist the EPX/BUSD, GAL/BUSD, GMX/BUSD, HIVE/BUSD, KLAY/BUSD, RAD/BUSD and TVK/BUSD Cross Margin & Isolated Margin Pairs",https://www.binance.com/en/support/announcement/detail/0a22f72cdfac479f95393e7b57e6dda1,-0.003929273084479323,-0.060307692307692395,-0.04747228343258275,-0.03747534516765283,-0.018811828425813658,-0.10585141354372107,0.004982243758795399,-0.12952005259697563,-0.02412520302719512
2023-08-15 07:01:08.922000+00:00,delist,SRMUSDT,"Binance Will Delist SNM, SRM and YFII on 2023-08-22",https://www.binance.com/en/support/announcement/detail/f43511a4c1d347a8a2dd1efbdd2fe716,0.0,0.0,-0.005217272499447355,0.0,0.008261688395611535,0.0,0.10139057338599541,0.0,0.12135756682528721
2023-08-08 03:10:07.277000+00:00,delist,PEOPLEUSDT,"Binance Margin Will Delist the ASTR/BUSD, AUDIO/BUSD, BAT/BUSD, BSW/BUSD, NMR/BUSD, PEOPLE/BUSD and RSR/BUSD Cross Margin & Isolated Margin Pairs",https://www.binance.com/en/support/announcement/detail/8a8c41ad9eac4225b46b7d53d0df8f2c,0.0015760441292356209,0.02586903799514939,0.017158243783362302,0.014948859166010964,-0.0032234898428205715,-0.015735641227380026,-0.022288403881722724,-0.004720692368214041,-0.009839147376421761
2023-08-08 03:10:07.277000+00:00,delist,ASTRUSDT,"Binance Margin Will Delist the ASTR/BUSD, AUDIO/BUSD, BAT/BUSD, BSW/BUSD, NMR/BUSD, PEOPLE/BUSD and RSR/BUSD Cross Margin & Isolated Margin Pairs",https://www.binance.com/en/support/announcement/detail/8a8c41ad9eac4225b46b7d53d0df8f2c,0.01760835913312686,-0.03510082150858862,-0.044113512887162774,0.0013310515307092263,-0.016731549542173783,0.03726944285985945,0.03016408151864735,0.12397794257463413,0.11176684988643718
2023-08-08 03:10:07.277000+00:00,delist,NMRUSDT,"Binance Margin Will Delist the ASTR/BUSD, AUDIO/BUSD, BAT/BUSD, BSW/BUSD, NMR/BUSD, PEOPLE/BUSD and RSR/BUSD Cross Margin & Isolated Margin Pairs",https://www.binance.com/en/support/announcement/detail/8a8c41ad9eac4225b46b7d53d0df8f2c,0.009651076466221209,0.011261261261261257,0.0028164737714922346,0.004411764705882337,-0.013659654608446606,-0.03676470588235292,-0.04388520569408025,-0.014705882352941124,-0.01992236313372887
2023-08-08 03:10:07.277000+00:00,delist,BATUSDT,"Binance Margin Will Delist the ASTR/BUSD, AUDIO/BUSD, BAT/BUSD, BSW/BUSD, NMR/BUSD, PEOPLE/BUSD and RSR/BUSD Cross Margin & Isolated Margin Pairs",https://www.binance.com/en/support/announcement/detail/8a8c41ad9eac4225b46b7d53d0df8f2c,0.025803310613437214,0.03060712493728035,0.021766218737171394,0.014238253440911341,-0.003923874494125592,0.06502135738016124,0.05656720967921798,-0.009492168960607561,-0.014644784075576631
2023-08-08 03:10:07.277000+00:00,delist,RSRUSDT,"Binance Margin Will Delist the ASTR/BUSD, AUDIO/BUSD, BAT/BUSD, BSW/BUSD, NMR/BUSD, PEOPLE/BUSD and RSR/BUSD Cross Margin & Isolated Margin Pairs",https://www.binance.com/en/support/announcement/detail/8a8c41ad9eac4225b46b7d53d0df8f2c,0.019999999999999796,0.1117136659436011,0.09752081647737765,-0.0009564801530367317,-0.019018653881151967,0.031085604973696723,0.024184589441074322,0.012912482065997155,0.007722549384129933
2023-08-08 03:10:07.277000+00:00,delist,AUDIOUSDT,"Binance Margin Will Delist the ASTR/BUSD, AUDIO/BUSD, BAT/BUSD, BSW/BUSD, NMR/BUSD, PEOPLE/BUSD and RSR/BUSD Cross Margin & Isolated Margin Pairs",https://www.binance.com/en/support/announcement/detail/8a8c41ad9eac4225b46b7d53d0df8f2c,0.0079155672823219,0.10560093348891475,0.09200716682026425,0.003141361256544517,-0.014925278518953958,-0.0015706806282722585,-0.007999558599436301,-0.0047120418848167755,-0.0098304559008347
2023-07-25 02:30:04.237000+00:00,delist,CTKUSDT,"Binance Margin Will Delist the CKB/BUSD, CTK/BUSD, ELF/BUSD, FOR/BUSD, PERP/BUSD, SKL/BUSD & UNFI/BUSD Isolated Margin Pairs",https://www.binance.com/en/support/announcement/detail/632aa37b7ce44e4f89f0e917e885ffbf,-0.0023415286837262794,-0.020799213887979118,0.01706022389361004,-0.022799664710813183,-0.027469743407840967,-0.04995808885163466,-0.056055544896795775,-0.05146689019279138,-0.0431872146699841
2023-07-25 02:30:04.237000+00:00,delist,PERPUSDT,"Binance Margin Will Delist the CKB/BUSD, CTK/BUSD, ELF/BUSD, FOR/BUSD, PERP/BUSD, SKL/BUSD & UNFI/BUSD Isolated Margin Pairs",https://www.binance.com/en/support/announcement/detail/632aa37b7ce44e4f89f0e917e885ffbf,0.006354585892819342,-0.08560914197172176,-0.05141837602583338,-0.01789097032203746,-0.022459095526920186,0.013049884234897835,0.00815910158178957,0.02336350242054297,0.03274612168966728
2023-07-25 02:30:04.237000+00:00,delist,UNFIUSDT,"Binance Margin Will Delist the CKB/BUSD, CTK/BUSD, ELF/BUSD, FOR/BUSD, PERP/BUSD, SKL/BUSD & UNFI/BUSD Isolated Margin Pairs",https://www.binance.com/en/support/announcement/detail/632aa37b7ce44e4f89f0e917e885ffbf,-0.0006504065040651152,-0.12193032552826943,-0.0919505442976499,0.0006508298080052377,-0.0037555288112405263,0.02505694760820054,0.01994180315479578,0.11942726976895535,0.12246855623747932
2023-07-25 02:30:04.237000+00:00,delist,SKLUSDT,"Binance Margin Will Delist the CKB/BUSD, CTK/BUSD, ELF/BUSD, FOR/BUSD, PERP/BUSD, SKL/BUSD & UNFI/BUSD Isolated Margin Pairs",https://www.binance.com/en/support/announcement/detail/632aa37b7ce44e4f89f0e917e885ffbf,-0.0034390523500190673,-0.1322944297082228,-0.10382403829017195,-0.023773006134969243,-0.028466290850565807,0.04064417177914126,0.03503355081387263,0.013420245398773067,0.02298235955826569
2023-07-25 02:30:04.237000+00:00,delist,CKBUSDT,"Binance Margin Will Delist the CKB/BUSD, CTK/BUSD, ELF/BUSD, FOR/BUSD, PERP/BUSD, SKL/BUSD & UNFI/BUSD Isolated Margin Pairs",https://www.binance.com/en/support/announcement/detail/632aa37b7ce44e4f89f0e917e885ffbf,0.002581120943952797,-0.04875482286916866,-0.011904651544856877,-0.00036778227289446797,-0.004773996842755861,0.02280250091945568,0.01774004306709574,0.0047811695476278615,0.014421144058730032
2023-07-19 10:00:08.223000+00:00,delist,OGNUSDT,"Binance Margin Will Delist the OGN/BUSD, OSMO/BUSD, REI/BUSD and SPELL/BUSD Cross Margin & Isolated Margin Pairs",https://www.binance.com/en/support/announcement/detail/37a510c756cc44ca8948a8a64fddd512,-0.0038860103626944253,-0.051597051597051524,-0.029294821129056924,0.01820546163849146,0.009106504202666964,0.007802340702210753,0.012134211630705126,0.24317295188556587,0.2460893365502603
2023-07-19 10:00:08.223000+00:00,delist,SPELLUSDT,"Binance Margin Will Delist the OGN/BUSD, OSMO/BUSD, REI/BUSD and SPELL/BUSD Cross Margin & Isolated Margin Pairs",https://www.binance.com/en/support/announcement/detail/37a510c756cc44ca8948a8a64fddd512,0.003943545039435392,0.0073175831068366115,0.03097193434322681,0.01116394459375658,0.002166865433882028,0.0014471780028944004,0.005808283633001731,-0.0382468472193509,-0.010575066179925395
2023-07-14 07:00:01.849000+00:00,delist,CVXUSDT,"Binance Margin Will Delist the ALCX/BUSD, ALPACA/BUSD, CVX/BUSD, DOCK/BUSD, LOOM/BUSD, MC/BUSD, MOB/BUSD & TROY/BUSD Isolated Margin Pairs",https://www.binance.com/en/support/announcement/detail/64e983b9aebb48998e7ba789aabe3de2,0.0030893536121672227,0.05121159130652009,0.011516598248787348,-0.044539208718313184,-0.015043437184575875,-0.0528310826818289,-0.021814027208452567,-0.10352996920161106,-0.06134159328951233
2023-07-07 04:10:03.727000+00:00,delist,ZRXUSDT,"Binance Margin Will Delist the ATA/BUSD, FORTH/BUSD, JST/BUSD, QTUM/BUSD, SUN/BUSD, ZEN/BUSD & ZRX/BUSD Isolated Margin Pairs",https://www.binance.com/en/support/announcement/detail/1b4044db45834ae6b367e12ac776215c,0.007808687164470474,-0.013480982185844925,0.006550751196471279,0.00048426150121083644,-0.00043938950589468735,-0.05181598062953985,-0.048958714440426,0.08813559322033915,0.046830314361560814
2023-07-07 04:10:03.727000+00:00,delist,QTUMUSDT,"Binance Margin Will Delist the ATA/BUSD, FORTH/BUSD, JST/BUSD, QTUM/BUSD, SUN/BUSD, ZEN/BUSD & ZRX/BUSD Isolated Margin Pairs",https://www.binance.com/en/support/announcement/detail/1b4044db45834ae6b367e12ac776215c,0.008651766402307137,0.14913007456503724,0.15912862605098385,-0.011079342387419588,-0.012064709228846176,-0.022158684774839066,-0.01815990861873397,0.048248749106504674,0.009485461323389205
2023-07-07 04:10:03.727000+00:00,delist,ZENUSDT,"Binance Margin Will Delist the ATA/BUSD, FORTH/BUSD, JST/BUSD, QTUM/BUSD, SUN/BUSD, ZEN/BUSD & ZRX/BUSD Isolated Margin Pairs",https://www.binance.com/en/support/announcement/detail/1b4044db45834ae6b367e12ac776215c,-0.007873090481786194,0.16463664978787462,0.17253257660988577,-0.03624304157290048,-0.0378396677631881,-0.0859883927513917,-0.08566404034764556,0.03588771763591159,-0.0023766951252692167
2023-07-07 04:10:03.727000+00:00,delist,ATAUSDT,"Binance Margin Will Delist the ATA/BUSD, FORTH/BUSD, JST/BUSD, QTUM/BUSD, SUN/BUSD, ZEN/BUSD & ZRX/BUSD Isolated Margin Pairs",https://www.binance.com/en/support/announcement/detail/1b4044db45834ae6b367e12ac776215c,-0.009564293304994642,0.004268943436499528,0.02438328418064129,-0.009656652360515161,-0.010627113973084763,-0.0504291845493563,-0.04749720181341042,0.0429184549356223,0.0043875373462125
2023-06-15 07:50:12.709000+00:00,delist,SCUSDT,"Binance Margin Will Delist MBL/BUSD, PUNDIX/BUSD Cross Margin Pairs and FARM/BUSD, LSK/BUSD, MBL/BUSD, PLA/BUSD, PUNDIX/BUSD, SC/BUSD Isolated Margin Pairs",https://www.binance.com/en/support/announcement/detail/8915d06693ed49f78262c80b6d54c13a,0.0,0.0,0.0583013165648327,0.0,-0.022816394928377597,0.0,-0.05951603294629138,0.0,-0.18704099783606895
2023-06-12 06:20:03.118000+00:00,delist,CVXUSDT,"Binance Margin Will Delist the BNT/BUSD, CVX/BTC, POLS/BUSD, POWR/BUSD, STPT/BUSD & STRAX/BUSD Isolated Margin Pairs",https://www.binance.com/en/support/announcement/detail/cd599a0f00004f399b03b8077788e39c,-0.0017610801291459977,-0.19265402843601886,-0.1740247555483428,0.015877683034401624,0.005450758965016688,-0.0708615113201998,-0.04124589552007585,0.0005880623346075087,-0.02324082125301291
2023-06-12 06:20:03.118000+00:00,delist,BTCUSDT,"Binance Margin Will Delist the BNT/BUSD, CVX/BTC, POLS/BUSD, POWR/BUSD, STPT/BUSD & STRAX/BUSD Isolated Margin Pairs",https://www.binance.com/en/support/announcement/detail/cd599a0f00004f399b03b8077788e39c,0.0013860040764825943,-0.039189647904924185,0.0,0.01035544251973386,0.0,-0.03173704697362101,0.0,0.02411488299241671,0.0
2023-05-17 05:00:31.912000+00:00,delist,STMXUSDT,"Binance Margin Will Delist the JASMY/BTC Cross Margin Pair and AMP/BTC, JASMY/BTC, STMX/BTC Isolated Margin Pairs",https://www.binance.com/en/support/announcement/detail/a8e3ce7e46ed46359336e1d48ab8c538,-0.008639308855291405,-0.010683760683760757,0.011714285545143558,0.0,-0.007773781175245346,0.017429193899781925,0.022677888436838364,-0.04793028322440096,-0.03846607299456815
2023-05-17 05:00:31.912000+00:00,delist,JASMYUSDT,"Binance Margin Will Delist the JASMY/BTC Cross Margin Pair and AMP/BTC, JASMY/BTC, STMX/BTC Isolated Margin Pairs",https://www.binance.com/en/support/announcement/detail/a8e3ce7e46ed46359336e1d48ab8c538,-0.0072289156626507145,-0.25727069351230425,-0.274968098320524,-0.024676375404530715,-0.03275972157165565,-0.008697411003236177,-0.003336613399492719,-0.049555016181229705,-0.04017405806432396
2023-05-17 05:00:31.912000+00:00,delist,BTCUSDT,"Binance Margin Will Delist the JASMY/BTC Cross Margin Pair and AMP/BTC, JASMY/BTC, STMX/BTC Isolated Margin Pairs",https://www.binance.com/en/support/announcement/detail/a8e3ce7e46ed46359336e1d48ab8c538,-0.002705189751321946,-0.02220527867715083,0.0,0.007804075461629978,0.0,-0.005384293279082852,0.0,-0.010594421531244125,0.0
2023-05-09 08:01:43.518000+00:00,delist,BTCUSDT,Binance Margin Will Delist the WRX/BTC Isolated Margin Pair,https://www.binance.com/en/support/announcement/detail/e47dd8e9f2d84c3aa175bd09fe2f8c94,-0.0028897657445214886,-0.014112982303503996,0.0,-9.793466669572037e-05,0.0,-0.04355190900055861,0.0,-0.01773342909167419,0.0
2023-03-17 07:01:15.726000+00:00,delist,HNTUSDT,Binance Will Delist HNT and WABI on 2023-03-24,https://www.binance.com/en/support/announcement/detail/f1a8aa29692b4442a8f18be2076e14a0,-0.18819374369323916,-0.016865079365079416,-0.2911926500669485,-0.01429459291485391,-0.060523069026697816,-0.10254816656308263,-0.19360475709268837,-0.10938471100062142,-0.19127743343817072
2023-01-19 07:10:26.735000+00:00,delist,TOMOUSDT,"Binance Margin Will Delist NEXO, POLS, QUICK as Borrowable Assets From Cross Margin and ALCX, NEXO, POLS, TOMO Trading Pairs From Isolated Margin",https://www.binance.com/en/support/announcement/detail/181e7d0c59b1498f866a1e79b6c499f6,-0.0009664948453609323,0.03432189270243269,-0.10435131420492127,-0.033860045146726914,-0.04277959642301228,0.12060625604643671,0.01573177966937006,0.1896162528216705,0.07175925032325428
2023-01-13 06:45:09.526000+00:00,delist,FLMUSDT,"Binance Margin Will Delist FLM, KMD as Borrowable Assets From Cross Margin and COCOS, CREAM, SCRT From Isolated Margin",https://www.binance.com/en/support/announcement/detail/ed7dcc263e6e4f3687f8260340ec96ce,0.010465116279069875,0.14973262032085555,0.028182552290245716,0.0966628308400459,-0.01330128050908165,0.0874568469505177,-0.031391328458539466,-0.0023014959723821615,-0.10984056348825565
