date,symbol,close,fwd_max7,med30qv,age,peak_date,peak_gain,ign_date,days_to_peak,ret_peak_to_14d,ret_peak_to_30d,base_to_30d_after_peak,min_after_peak_30d
2023-01-21 00:00:00+00:00,INJUSDT,1.734,0.48788927335640153,9107227.2006,1020,2023-01-26 00:00:00+00:00,0.48788927335640153,2023-01-25 00:00:00+00:00,5,0.2740310077519379,0.325968992248062,0.9728950403690888,-0.02984496124031011
2023-01-21 00:00:00+00:00,DUSKUSDT,0.10408,0.42765180630284383,5146371.252699999,1020,2023-01-27 00:00:00+00:00,0.42765180630284383,2023-01-24 00:00:00+00:00,6,0.25075711689884916,0.44457904300424,1.0623558800922366,-0.06130964398680938
2023-01-21 00:00:00+00:00,DYDXUSDT,1.618,0.4932014833127316,151602231.8146,1020,2023-01-27 00:00:00+00:00,0.4932014833127316,2023-01-26 00:00:00+00:00,6,0.010761589403973648,0.181291390728477,0.7639060568603213,-0.04925496688741715
2023-01-21 00:00:00+00:00,COTIUSDT,0.07839,0.5325934430412043,15903741.79977,1020,2023-01-26 00:00:00+00:00,0.5325934430412043,2023-01-24 00:00:00+00:00,5,-0.27934076910271344,-0.27684368237056767,0.10830463069269025,-0.2970700849009489
2023-01-21 00:00:00+00:00,APTUSDT,11.76,0.5569132653061226,899587449.43883,1020,2023-01-25 00:00:00+00:00,0.5569132653061226,2023-01-25 00:00:00+00:00,4,-0.17601983691348122,-0.2988262795409984,0.09166666666666656,-0.2988262795409984
2023-01-21 00:00:00+00:00,AUDIOUSDT,0.1853,0.6886130599028604,14231262.85265,1020,2023-01-26 00:00:00+00:00,0.6886130599028604,2023-01-24 00:00:00+00:00,5,-0.1741770533716842,0.12272291466922325,0.8958445763626552,-0.18728028124001272
2023-01-21 00:00:00+00:00,DARUSDT,0.1585,0.7053627760252366,9647051.259155001,1020,2023-01-28 00:00:00+00:00,0.7053627760252366,2023-01-24 00:00:00+00:00,7,-0.16352201257861632,-0.21901590825009243,0.3318611987381703,-0.2430632630410654
2023-01-21 00:00:00+00:00,FTMUSDT,0.3413,0.41957222384998527,140829079.8432,1020,2023-01-26 00:00:00+00:00,0.41957222384998527,2023-01-25 00:00:00+00:00,5,-0.073890608875129,-0.05737874097007223,0.33811895692938765,-0.10072239422084628
2023-01-24 00:00:00+00:00,MASKUSDT,2.913,0.48918640576725037,158706267.965,1023,2023-01-31 00:00:00+00:00,0.48918640576725037,2023-01-31 00:00:00+00:00,7,-0.15514061779621946,-0.12586445366528365,0.30175077239958803,-0.21830336560627017
2023-01-27 00:00:00+00:00,IMXUSDT,0.6772,0.4177495569994092,18980164.67245,1026,2023-02-03 00:00:00+00:00,0.4177495569994092,2023-02-02 00:00:00+00:00,7,0.13706905530673885,0.09353192375794195,0.550354400472534,-0.08853244453702735
2023-01-28 00:00:00+00:00,OPUSDT,2.1847,0.4187760333226531,257525744.74694002,1027,2023-02-03 00:00:00+00:00,0.4187760333226531,2023-02-01 00:00:00+00:00,6,-0.09978706929926451,-0.21593108788230742,0.11241818098594769,-0.2866821525358112
2023-01-30 00:00:00+00:00,GRTUSDT,0.08708,0.5159623334864489,57279502.36925,1029,2023-02-05 00:00:00+00:00,0.5159623334864489,2023-02-04 00:00:00+00:00,6,0.27967578213771693,0.04007272176350285,0.5767110702802021,-0.021059010681008794
2023-01-30 00:00:00+00:00,JASMYUSDT,0.005087,0.4326715156280714,57716319.554894,1029,2023-02-05 00:00:00+00:00,0.4326715156280714,2023-02-05 00:00:00+00:00,6,-0.008095499451152621,-0.26989571899012077,0.045999606840967155,-0.2803238199780461
2023-01-31 00:00:00+00:00,BLZUSDT,0.07421,0.4467052957822395,8846569.4431,1030,2023-02-07 00:00:00+00:00,0.4467052957822395,2023-02-02 00:00:00+00:00,7,0.14092771982116248,-0.3088673621460506,-0.00013475272874274857,-0.3088673621460506
2023-01-31 00:00:00+00:00,OCEANUSDT,0.34931,0.49185537201912344,166627804.80983,1030,2023-02-07 00:00:00+00:00,0.49185537201912344,2023-02-05 00:00:00+00:00,7,-0.13647528400368436,-0.4026327909118821,-0.10881452005382031,-0.4026327909118821
2023-01-31 00:00:00+00:00,LPTUSDT,7.369,0.40548242638078436,14645560.5059,1030,2023-02-07 00:00:00+00:00,0.40548242638078436,2023-02-06 00:00:00+00:00,7,-0.16433330114898137,-0.47668243699913104,-0.2644863617858597,-0.47668243699913104
2023-02-03 00:00:00+00:00,SKLUSDT,0.03911,0.4543594988493991,12052636.997990001,1033,2023-02-10 00:00:00+00:00,0.4543594988493991,2023-02-10 00:00:00+00:00,7,-0.15295358649789026,-0.299929676511955,0.01815392482740985,-0.38132911392405067
2023-02-05 00:00:00+00:00,ROSEUSDT,0.05347,0.4202356461567234,25804288.50112,1035,2023-02-12 00:00:00+00:00,0.4202356461567234,2023-02-08 00:00:00+00:00,7,-0.1031077166183828,-0.13220963918883322,0.23246680381522355,-0.35883592309718193
2023-02-09 00:00:00+00:00,ZENUSDT,9.875,0.5057215189873419,23012735.633500002,1039,2023-02-15 00:00:00+00:00,0.5057215189873419,2023-02-12 00:00:00+00:00,6,-0.1704889367139687,-0.2571121124487188,0.11858227848101266,-0.3924944515434797
2023-02-09 00:00:00+00:00,STGUSDT,0.7637,0.5748330496268168,40209274.095850006,1039,2023-02-16 00:00:00+00:00,0.5748330496268168,2023-02-15 00:00:00+00:00,7,-0.21717801613037335,-0.33707491477508944,0.04399633363886335,-0.4982955017876445
2023-02-09 00:00:00+00:00,CELRUSDT,0.01608,0.46082089552238803,17891576.625685,1039,2023-02-15 00:00:00+00:00,0.46082089552238803,2023-02-11 00:00:00+00:00,6,-0.09280544912728828,-0.09493401447424432,0.322139303482587,-0.35930183056619847
2023-02-10 00:00:00+00:00,KLAYUSDT,0.1937,0.507485802787816,17733752.637065,1040,2023-02-17 00:00:00+00:00,0.507485802787816,2023-02-17 00:00:00+00:00,7,-0.17773972602739718,-0.1842465753424657,0.22973670624677323,-0.2993150684931506
2023-02-10 00:00:00+00:00,ICPUSDT,5.065,0.4454096742349456,33935249.69499999,1040,2023-02-17 00:00:00+00:00,0.4454096742349456,2023-02-17 00:00:00+00:00,7,-0.23657970222647173,-0.2613031006693074,0.06771964461994084,-0.3558257068706461
2023-02-10 00:00:00+00:00,FILUSDT,4.844,0.5679190751445085,189668503.17845,1040,2023-02-17 00:00:00+00:00,0.5679190751445085,2023-02-17 00:00:00+00:00,7,-0.17656352863726144,-0.17300855826201444,0.296655656482246,-0.34812376563528635
2023-02-12 00:00:00+00:00,DENTUSDT,0.000879,0.48805460750853236,12110773.3727745,1042,2023-02-19 00:00:00+00:00,0.48805460750853236,2023-02-17 00:00:00+00:00,7,-0.16284403669724756,-0.154434250764526,0.25824800910125134,-0.32874617737003053
2023-02-12 00:00:00+00:00,KSMUSDT,31.89,0.4277202884916902,22726701.1005,1042,2023-02-19 00:00:00+00:00,0.4277202884916902,2023-02-17 00:00:00+00:00,7,-0.24072040412914564,-0.22336920711618713,0.10881153966760726,-0.34109378431803206
2023-02-12 00:00:00+00:00,MTLUSDT,1.0032,0.6241028708133969,24752756.29595,1042,2023-02-19 00:00:00+00:00,0.6241028708133969,2023-02-18 00:00:00+00:00,7,-0.29908549683913344,-0.27042288099183687,0.18490829346092497,-0.4050819370281715
2023-02-13 00:00:00+00:00,LITUSDT,1.145,0.4829694323144105,61396402.0275,1043,2023-02-20 00:00:00+00:00,0.4829694323144105,2023-02-15 00:00:00+00:00,7,-0.3527679623085983,-0.3863368669022379,-0.08995633187772922,-0.4988221436984688
2023-02-13 00:00:00+00:00,FLMUSDT,0.0962,0.4116424116424118,11970837.35975,1043,2023-02-20 00:00:00+00:00,0.4116424116424118,2023-02-19 00:00:00+00:00,7,-0.28792341678939626,-0.3306332842415317,-0.05509355509355507,-0.3976435935198822
2023-02-13 00:00:00+00:00,QTUMUSDT,2.625,0.4159999999999999,16146943.943,1043,2023-02-20 00:00:00+00:00,0.4159999999999999,2023-02-19 00:00:00+00:00,7,-0.18401937046004846,-0.18805488297013728,0.1497142857142857,-0.33171912832929784
2023-02-13 00:00:00+00:00,IOSTUSDT,0.009888,0.45216423948220075,14729721.888112,1043,2023-02-20 00:00:00+00:00,0.45216423948220075,2023-02-20 00:00:00+00:00,7,-0.27425308169092555,-0.27341736889755563,0.05511731391585761,-0.379622536388328
2023-02-13 00:00:00+00:00,BELUSDT,0.5387,1.036755151290143,15209769.0502,1043,2023-02-20 00:00:00+00:00,1.036755151290143,2023-02-15 00:00:00+00:00,7,-0.4068538096974115,-0.4442216551221291,0.13198440690551339,-0.5283448778709443
2023-02-13 00:00:00+00:00,RSRUSDT,0.003918,0.46248085758039825,27409329.5892445,1043,2023-02-20 00:00:00+00:00,0.46248085758039825,2023-02-17 00:00:00+00:00,7,-0.24677137870855137,-0.3286212914485165,-0.018121490556406217,-0.3808027923211169
2023-02-13 00:00:00+00:00,NEOUSDT,8.4,0.7384523809523809,25078348.280745,1043,2023-02-20 00:00:00+00:00,0.7384523809523809,2023-02-19 00:00:00+00:00,7,-0.19324796274738065,-0.20447853180853237,0.3829761904761906,-0.3475313291789358
2023-02-14 00:00:00+00:00,ANKRUSDT,0.02877,0.607924921793535,43281028.916995004,1044,2023-02-21 00:00:00+00:00,0.607924921793535,2023-02-20 00:00:00+00:00,7,-0.3043666234327713,-0.24794638996973628,0.2092457420924574,-0.4042369217466494
2023-02-14 00:00:00+00:00,LINAUSDT,0.00725,0.7268965517241379,19234934.84382,1044,2023-02-21 00:00:00+00:00,0.7268965517241379,2023-02-20 00:00:00+00:00,7,-0.33785942492012777,-0.11261980830670926,0.5324137931034483,-0.4608626198083067
2023-02-20 00:00:00+00:00,XEMUSDT,0.0439,0.41002277904328,14924634.5579,1050,2023-02-27 00:00:00+00:00,0.41002277904328,2023-02-27 00:00:00+00:00,7,-0.38449111470113084,-0.35379644588045234,-0.08883826879271073,-0.45718901453957994
2023-03-07 00:00:00+00:00,TOMOUSDT,0.365,0.4172602739726028,12312232.8782,1065,2023-03-14 00:00:00+00:00,0.4172602739726028,2023-03-13 00:00:00+00:00,7,0.15542238546298082,0.3810168180939495,0.9572602739726028,-0.03479605644693595
2023-03-08 00:00:00+00:00,INJUSDT,2.862,0.49091544374563245,59345865.804299995,1066,2023-03-14 00:00:00+00:00,0.49091544374563245,2023-03-12 00:00:00+00:00,6,-0.020389032106866822,0.5751113194281696,1.348357791754018,-0.11249121162409192
2023-03-09 00:00:00+00:00,FETUSDT,0.3196,0.4098873591989989,128796569.15799999,51,2023-03-14 00:00:00+00:00,0.4098873591989989,2023-03-13 00:00:00+00:00,5,-0.2106080781180648,-0.1986240568131381,0.12984981226533154,-0.24766977363515308
2023-03-10 00:00:00+00:00,MASKUSDT,2.842,0.815270935960591,149836664.9845,1068,2023-03-17 00:00:00+00:00,0.815270935960591,2023-03-14 00:00:00+00:00,7,0.24830393487109914,0.11223105252956023,1.019000703729768,-0.023260321767784475
2023-03-10 00:00:00+00:00,IMXUSDT,0.8366,0.8276356681807313,73406126.277,1068,2023-03-17 00:00:00+00:00,0.8276356681807313,2023-03-14 00:00:00+00:00,7,-0.25598430346631784,-0.20804447351209931,0.44740616782213727,-0.3308698495748855
2023-03-10 00:00:00+00:00,GRTUSDT,0.1163,0.40171969045571787,143442477.305195,1068,2023-03-17 00:00:00+00:00,0.40171969045571787,2023-03-13 00:00:00+00:00,7,-0.10845295055821369,0.021531100478469067,0.43190025795356846,-0.1793644951539688
2023-03-10 00:00:00+00:00,FTMUSDT,0.3389,0.4989672469755091,360994372.3102,1068,2023-03-17 00:00:00+00:00,0.4989672469755091,2023-03-13 00:00:00+00:00,7,-0.06417322834645678,0.037992125984251945,0.5559161994688699,-0.19271653543307088
2023-03-10 00:00:00+00:00,MAGICUSDT,1.1562,0.4169693824597822,180609549.997605,44,2023-03-14 00:00:00+00:00,0.4169693824597822,2023-03-13 00:00:00+00:00,4,-0.1668803027528536,-0.14551669413416357,0.21077668223490753,-0.2163828358664469
2023-03-10 00:00:00+00:00,ARPAUSDT,0.03235,0.5350850077279754,8968404.19898,1068,2023-03-17 00:00:00+00:00,0.5350850077279754,2023-03-16 00:00:00+00:00,7,-0.16854611357229166,-0.09403946838501809,0.39072642967542515,-0.23741441804269037
2023-03-10 00:00:00+00:00,SNXUSDT,2.238,0.40616621983914203,58472878.85365,1068,2023-03-13 00:00:00+00:00,0.40616621983914203,2023-03-12 00:00:00+00:00,3,-0.255799173816333,-0.18207816968541468,0.15013404825737253,-0.255799173816333
2023-03-10 00:00:00+00:00,RNDRUSDT,1.0593,0.4921174360426699,60511014.840445,35,2023-03-17 00:00:00+00:00,0.4921174360426699,2023-03-13 00:00:00+00:00,7,-0.13248133620144253,0.12564848791598116,0.679599735674502,-0.2743894723522713
2023-03-11 00:00:00+00:00,DUSKUSDT,0.15309,0.4081259389901366,58481386.817235,1069,2023-03-17 00:00:00+00:00,0.4081259389901366,2023-03-14 00:00:00+00:00,6,-0.1668135640395232,-0.04369810270445795,0.3465935070873343,-0.20670779793106653
2023-03-11 00:00:00+00:00,GALUSDT,1.3842,0.4265279583875161,19506480.7557,1069,2023-03-18 00:00:00+00:00,0.4265279583875161,2023-03-14 00:00:00+00:00,7,-0.09151220500354496,0.04927580269421661,0.49682126860280285,-0.19441912286032614
2023-03-11 00:00:00+00:00,GMTUSDT,0.303,0.499009900990099,191355132.21915,1069,2023-03-18 00:00:00+00:00,0.499009900990099,2023-03-14 00:00:00+00:00,7,-0.12505504183179217,-0.1426684280052839,0.2851485148514852,-0.19176574196389262
2023-03-11 00:00:00+00:00,MINAUSDT,0.615,0.4408130081300814,65299509.43620001,32,2023-03-17 00:00:00+00:00,0.4408130081300814,2023-03-13 00:00:00+00:00,6,-0.12391377948312832,-0.06737388556596313,0.343739837398374,-0.18293646315314305
2023-03-11 00:00:00+00:00,HIGHUSDT,1.723,0.42077771329077174,41354781.33105,32,2023-03-17 00:00:00+00:00,0.42077771329077174,2023-03-12 00:00:00+00:00,6,-0.1192810457516339,0.015114379084967267,0.4422518862449214,-0.19934640522875813
2023-03-11 00:00:00+00:00,HOOKUSDT,1.561,0.40486867392697,110006286.37715,47,2023-03-18 00:00:00+00:00,0.40486867392697,2023-03-13 00:00:00+00:00,7,-0.16142270861833108,0.04331965344277244,0.4657270980140935,-0.22936616507067953
2023-03-11 00:00:00+00:00,DYDXUSDT,1.876,0.4392324093816633,453340929.9893,1069,2023-03-17 00:00:00+00:00,0.4392324093816633,2023-03-13 00:00:00+00:00,6,-0.07074074074074088,0.05666666666666664,0.5207889125799576,-0.15370370370370368
2023-03-11 00:00:00+00:00,OPUSDT,1.8843,0.4395796847635727,517469273.03512,1069,2023-03-17 00:00:00+00:00,0.4395796847635727,2023-03-12 00:00:00+00:00,6,-0.15697117156971174,-0.006967485069674817,0.42954943480337526,-0.23829536238295368
2023-03-11 00:00:00+00:00,GALAUSDT,0.03126,0.46705054382597555,216564582.175515,1069,2023-03-18 00:00:00+00:00,0.46705054382597555,2023-03-13 00:00:00+00:00,7,-0.09594417793283916,-0.045791539467945896,0.39987204094689677,-0.1829481029219362
2023-03-11 00:00:00+00:00,WOOUSDT,0.16722,0.41107523023561776,31240567.7828,1069,2023-03-17 00:00:00+00:00,0.41107523023561776,2023-03-14 00:00:00+00:00,6,-0.08925241566367181,0.3643414137989489,0.9251883745963401,-0.22868282759789793
2023-03-12 00:00:00+00:00,OMGUSDT,1.357,0.6882829771554899,14589755.0786,1070,2023-03-19 00:00:00+00:00,0.6882829771554899,2023-03-19 00:00:00+00:00,7,-0.3452640768223483,-0.3522479266695766,0.09358879882092852,-0.3806198166739415
2023-03-16 00:00:00+00:00,RLCUSDT,1.5133,0.4404942840150663,25708277.898925,1074,2023-03-23 00:00:00+00:00,0.4404942840150663,2023-03-22 00:00:00+00:00,7,-0.2211110601403734,-0.28707738887104906,0.026960946276349596,-0.311619799073352
2023-03-16 00:00:00+00:00,CELRUSDT,0.01906,0.4375655823714586,17602735.657765,1074,2023-03-23 00:00:00+00:00,0.4375655823714586,2023-03-21 00:00:00+00:00,7,-0.21678832116788327,0.026642335766423386,0.47586568730325274,-0.24781021897810218
2023-03-22 00:00:00+00:00,SXPUSDT,0.2649,0.8297470743676858,17733568.896345,1080,2023-03-29 00:00:00+00:00,0.8297470743676858,2023-03-29 00:00:00+00:00,7,0.1962038374252113,0.16071796987827525,1.1238203095507737,-0.04085001031565927
2023-03-25 00:00:00+00:00,C98USDT,0.2115,0.4004728132387707,21452990.763,1083,2023-03-31 00:00:00+00:00,0.4004728132387707,2023-03-29 00:00:00+00:00,6,-0.041188386225523455,-0.20121539500337615,0.11867612293144214,-0.22214719783929782
2023-03-27 00:00:00+00:00,ZRXUSDT,0.2153,0.4444960520204366,17969354.20139,1085,2023-04-01 00:00:00+00:00,0.4444960520204366,2023-03-31 00:00:00+00:00,5,-0.0504823151125402,-0.20643086816720257,0.14630747793776133,-0.20643086816720257
2023-03-27 00:00:00+00:00,ICXUSDT,0.2007,0.5500747384155455,12933314.7139,1085,2023-04-03 00:00:00+00:00,0.5500747384155455,2023-04-01 00:00:00+00:00,7,0.09611057537769208,-0.07296689167470272,0.43697060288988543,-0.11636129861780786
2023-03-28 00:00:00+00:00,LINAUSDT,0.01037,0.5053037608486017,50617035.27443,1086,2023-04-04 00:00:00+00:00,0.5053037608486017,2023-04-04 00:00:00+00:00,7,-0.05637411915438828,-0.2248558616271621,0.16682738669238173,-0.2729019859064702
2023-04-07 00:00:00+00:00,INJUSDT,5.564,0.4541696621135871,126449467.36490001,1096,2023-04-14 00:00:00+00:00,0.4541696621135871,2023-04-13 00:00:00+00:00,7,0.038932146829811165,-0.24879495736002954,0.09237958303378879,-0.28562600420219986
2023-04-09 00:00:00+00:00,CTSIUSDT,0.1493,0.7066309444072341,8870433.009399999,1098,2023-04-16 00:00:00+00:00,0.7066309444072341,2023-04-16 00:00:00+00:00,7,-0.08673469387755117,-0.32496075353218223,0.1520428667113194,-0.3571428571428572
2023-04-21 00:00:00+00:00,RNDRUSDT,1.6292,0.45065062607414674,37709704.917355,77,2023-04-28 00:00:00+00:00,0.45065062607414674,2023-04-25 00:00:00+00:00,7,-0.23106541423373106,0.15934670390115957,0.6818070218512156,-0.2771007870017771
2023-04-22 00:00:00+00:00,ALPHAUSDT,0.1052,0.4115019011406844,12030134.828745,1111,2023-04-29 00:00:00+00:00,0.4115019011406844,2023-04-29 00:00:00+00:00,7,-0.31914607044245413,-0.20344804363930236,0.12433460076045622,-0.3316048218735268
2023-05-08 00:00:00+00:00,ARPAUSDT,0.03916,0.40858018386108275,12511243.617315,1127,2023-05-12 00:00:00+00:00,0.40858018386108275,2023-05-12 00:00:00+00:00,4,0.9419869470630893,-0.15772298767222626,0.18641470888661904,-0.21084118926758522
2023-05-11 00:00:00+00:00,PHBUSDT,0.6358,0.41774142812205084,10457705.78305,84,2023-05-17 00:00:00+00:00,0.41774142812205084,2023-05-17 00:00:00+00:00,6,-0.06700687818948303,-0.32615930774351,-0.044668134633532475,-0.3572220989571777
2023-05-11 00:00:00+00:00,LDOUSDT,1.6481,0.4314058612948246,127824787.35655001,1130,2023-05-17 00:00:00+00:00,0.4314058612948246,2023-05-15 00:00:00+00:00,6,-0.11364503412318261,-0.25683523377559236,0.06377040228141517,-0.28748251451824847
2023-05-21 00:00:00+00:00,LINAUSDT,0.00985,0.5238578680203048,96709016.77414,1140,2023-05-28 00:00:00+00:00,0.5238578680203048,2023-05-27 00:00:00+00:00,7,-0.18187874750166566,-0.0006662225183211579,0.5228426395939088,-0.33377748167888077
2023-05-21 00:00:00+00:00,TOMOUSDT,1.0411,0.5608491019114399,198101983.34455,1140,2023-05-28 00:00:00+00:00,0.5608491019114399,2023-05-23 00:00:00+00:00,7,-0.13944615384615378,-0.0982153846153846,0.4075497070406302,-0.29138461538461535
2023-05-26 00:00:00+00:00,AMBUSDT,0.00788,0.6725888324873097,6937931.718835,57,2023-06-02 00:00:00+00:00,0.6725888324873097,2023-06-02 00:00:00+00:00,7,-0.37860394537177555,-0.37936267071320184,0.038071065989847774,-0.4423368740515934
2023-05-30 00:00:00+00:00,MTLUSDT,1.053,0.4840455840455842,24191030.70335,1149,2023-06-06 00:00:00+00:00,0.4840455840455842,2023-06-05 00:00:00+00:00,7,-0.21174889614129389,-0.16004351443015297,0.24653371320037998,-0.3288539066999424
2023-06-13 00:00:00+00:00,ANTUSDT,3.008,0.44780585106382986,23451305.26665,1163,2023-06-20 00:00:00+00:00,0.44780585106382986,2023-06-17 00:00:00+00:00,7,-0.03972445464982777,-0.03719862227324933,0.39394946808510634,-0.10952927669345591
2023-06-13 00:00:00+00:00,STXUSDT,0.5137,0.4590227759392642,57648644.7693,112,2023-06-20 00:00:00+00:00,0.4590227759392642,2023-06-20 00:00:00+00:00,7,-0.07551701134089406,-0.1693128752501668,0.21199143468950754,-0.1693128752501668
2023-06-14 00:00:00+00:00,FLMUSDT,0.0566,0.7703180212014133,8978053.5747,1164,2023-06-21 00:00:00+00:00,0.7703180212014133,2023-06-20 00:00:00+00:00,7,-0.33832335329341323,-0.3133732534930139,0.215547703180212,-0.3552894211576846
2023-06-14 00:00:00+00:00,1000PEPEUSDT,0.0008852,0.5596475372797107,600550214.1712952,40,2023-06-21 00:00:00+00:00,0.5596475372797107,2023-06-20 00:00:00+00:00,7,0.19600173837461976,0.10241923801245822,0.7193854496159058,0.0
2023-06-14 00:00:00+00:00,SFPUSDT,0.3542,0.4093732354601918,7739642.73255,1164,2023-06-20 00:00:00+00:00,0.4093732354601918,2023-06-18 00:00:00+00:00,6,-0.04567307692307687,-0.12600160256410253,0.23178994918125362,-0.1594551282051282
2023-06-15 00:00:00+00:00,CFXUSDT,0.1781,0.4261650758001123,258641520.8132,115,2023-06-22 00:00:00+00:00,0.4261650758001123,2023-06-20 00:00:00+00:00,7,-0.28031496062992134,-0.27795275590551183,0.029758562605277872,-0.2917322834645669
2023-06-16 00:00:00+00:00,BCHUSDT,108.05,0.6844979176307264,46804874.74886,1166,2023-06-23 00:00:00+00:00,0.6844979176307264,2023-06-21 00:00:00+00:00,7,0.5288170979616504,0.36965001922971275,1.3071726052753356,0.0
2023-06-16 00:00:00+00:00,TUSDT,0.01815,0.45785123966942165,5902353.02467,135,2023-06-23 00:00:00+00:00,0.45785123966942165,2023-06-23 00:00:00+00:00,7,-0.13265306122448972,-0.07747543461829176,0.34490358126721765,-0.17195767195767198
2023-06-17 00:00:00+00:00,WAVESUSDT,1.3928,0.7474152785755315,28421018.725695,1167,2023-06-24 00:00:00+00:00,0.7474152785755315,2023-06-24 00:00:00+00:00,7,-0.12149724710329524,-0.21912236009532426,0.36451751866743254,-0.2318185553455503
2023-06-18 00:00:00+00:00,JOEUSDT,0.3056,0.400196335078534,21598967.38855,81,2023-06-25 00:00:00+00:00,0.400196335078534,2023-06-20 00:00:00+00:00,7,-0.1152138350081795,-0.2229492872166393,0.08802356020942415,-0.23860715120355225
2023-06-18 00:00:00+00:00,KAVAUSDT,0.7891,0.4169306805221138,61104225.59633,1168,2023-06-25 00:00:00+00:00,0.4169306805221138,2023-06-24 00:00:00+00:00,7,-0.16832125927913433,-0.23915571058044904,0.07806361677860862,-0.23915571058044904
2023-06-20 00:00:00+00:00,COMPUSDT,28.8,0.460763888888889,9628772.989005,1170,2023-06-27 00:00:00+00:00,0.460763888888889,2023-06-25 00:00:00+00:00,7,0.5764202519610171,0.6674589969099123,1.4357638888888888,-0.04492512479201327
2023-06-23 00:00:00+00:00,1000XECUSDT,0.02453,0.6396249490419894,3279524.0299899997,1173,2023-06-30 00:00:00+00:00,0.6396249490419894,2023-06-30 00:00:00+00:00,7,-0.2471407260069617,-0.2220288413724515,0.27558092132083156,-0.2682744903033316
2023-06-26 00:00:00+00:00,MKRUSDT,688.3,0.41885805608019777,26729183.340800002,1176,2023-07-03 00:00:00+00:00,0.41885805608019777,2023-06-30 00:00:00+00:00,7,-0.041982387876305594,0.3270530411632193,0.8828998983001599,-0.11345484333401601
2023-06-27 00:00:00+00:00,STORJUSDT,0.2761,0.82433900760594,20700020.47965,1177,2023-07-04 00:00:00+00:00,0.82433900760594,2023-07-02 00:00:00+00:00,7,-0.3982529283303554,-0.41731189199920593,0.06302064469395141,-0.4296208060353386
2023-06-28 00:00:00+00:00,FLOWUSDT,0.508,0.40944881889763773,25604875.550300002,1178,2023-07-02 00:00:00+00:00,0.40944881889763773,2023-07-01 00:00:00+00:00,4,-0.15083798882681565,-0.17458100558659218,0.16338582677165348,-0.1899441340782123
2023-06-28 00:00:00+00:00,CELOUSDT,0.431,0.4338747099767981,26960438.7609,1178,2023-07-03 00:00:00+00:00,0.4338747099767981,2023-07-02 00:00:00+00:00,5,-0.05016181229773464,-0.21035598705501624,0.13225058004640378,-0.23624595469255671
2023-07-06 00:00:00+00:00,XLMUSDT,0.09565,0.6219550444328281,28493324.65726,1186,2023-07-13 00:00:00+00:00,0.6219550444328281,2023-07-13 00:00:00+00:00,7,0.026169911048085748,-0.11131880881784195,0.44140094093047555,-0.1768725022560268
2023-07-06 00:00:00+00:00,LQTYUSDT,0.8984,0.6079697239536956,16096897.488845,118,2023-07-13 00:00:00+00:00,0.6079697239536956,2023-07-12 00:00:00+00:00,7,-0.2452582029627579,-0.3306797729475288,0.07624666073018704,-0.3306797729475288
2023-07-06 00:00:00+00:00,XRPUSDT,0.4618,0.7656994369857082,678867865.64658,1186,2023-07-13 00:00:00+00:00,0.7656994369857082,2023-07-13 00:00:00+00:00,7,-0.12484670100564144,-0.23056168751533002,0.35859679514941534,-0.23571253372577883
2023-07-09 00:00:00+00:00,1INCHUSDT,0.3033,0.42202439828552585,18534349.7632,1189,2023-07-16 00:00:00+00:00,0.42202439828552585,2023-07-15 00:00:00+00:00,7,-0.27637375376767914,-0.33781590540227213,-0.05835806132542032,-0.33781590540227213
2023-07-14 00:00:00+00:00,STMXUSDT,0.00424,0.46698113207547176,16232378.43983,1194,2023-07-21 00:00:00+00:00,0.46698113207547176,2023-07-21 00:00:00+00:00,7,0.20418006430868174,-0.16077170418006437,0.23113207547169812,-0.21704180064308676
2023-07-16 00:00:00+00:00,OGNUSDT,0.0802,0.5336658354114714,7633570.1409,1196,2023-07-23 00:00:00+00:00,0.5336658354114714,2023-07-23 00:00:00+00:00,7,-0.2105691056910568,-0.3691056910569105,-0.032418952618453734,-0.3967479674796748
2023-07-30 00:00:00+00:00,API3USDT,0.967,0.45501551189245104,6261656.4353,1210,2023-08-06 00:00:00+00:00,0.45501551189245104,2023-08-06 00:00:00+00:00,7,-0.32125088841506755,-0.23489694385216775,0.1132368148914169,-0.37100213219616207
2023-08-04 00:00:00+00:00,LPTUSDT,3.894,0.5883410374935798,5887101.653999999,1215,2023-08-11 00:00:00+00:00,0.5883410374935798,2023-08-07 00:00:00+00:00,7,0.06709781729991926,0.02198868229587725,0.6232665639445298,-0.06176232821341954
2023-08-06 00:00:00+00:00,RUNEUSDT,0.932,0.4806866952789697,12532011.272,1217,2023-08-13 00:00:00+00:00,0.4806866952789697,2023-08-11 00:00:00+00:00,7,0.062318840579710155,0.07391304347826089,0.5901287553648067,0.0
2023-08-06 00:00:00+00:00,BLZUSDT,0.05164,0.865801704105345,4533901.479204999,1217,2023-08-13 00:00:00+00:00,0.865801704105345,2023-08-13 00:00:00+00:00,7,0.17675142708873892,0.4861442656979762,1.7728505034856705,-0.16834457706279193
2023-08-07 00:00:00+00:00,BAKEUSDT,0.094,0.4414893617021278,8949390.63665,1218,2023-08-14 00:00:00+00:00,0.4414893617021278,2023-08-13 00:00:00+00:00,7,-0.315129151291513,-0.2929889298892989,0.019148936170212627,-0.3291512915129152
2023-08-17 00:00:00+00:00,UNFIUSDT,3.576,0.5260067114093958,33584330.121,1228,2023-08-24 00:00:00+00:00,0.5260067114093958,2023-08-22 00:00:00+00:00,7,1.0053142752428075,0.44365035733919744,1.203020134228188,-0.11819681143485428
2023-08-20 00:00:00+00:00,TRBUSDT,10.01,0.44955044955044965,15155451.0995,1231,2023-08-27 00:00:00+00:00,0.44955044955044965,2023-08-27 00:00:00+00:00,7,0.6949689869055824,2.162646450723639,3.5844155844155843,-0.0709855272226051
2023-08-26 00:00:00+00:00,NMRUSDT,11.37,0.702726473175022,2655250.323,65,2023-09-02 00:00:00+00:00,0.702726473175022,2023-09-02 00:00:00+00:00,7,-0.32851239669421484,-0.3228305785123967,0.15303430079155667,-0.3698347107438017
2023-08-28 00:00:00+00:00,AGLDUSDT,0.4798,0.511879949979158,9367369.65935,30,2023-09-03 00:00:00+00:00,0.511879949979158,2023-09-02 00:00:00+00:00,6,-0.2671629445822995,-0.21257237386269645,0.19049604001667375,-0.28728977116073895
2023-08-29 00:00:00+00:00,FLMUSDT,0.0589,0.6859083191850595,11849867.122249998,1240,2023-09-05 00:00:00+00:00,0.6859083191850595,2023-09-05 00:00:00+00:00,7,0.01611278952668682,-0.2557905337361531,0.2546689303904923,-0.2557905337361531
2023-08-29 00:00:00+00:00,PERPUSDT,0.4383,0.7193702943189597,4233158.930285,176,2023-09-05 00:00:00+00:00,0.7193702943189597,2023-09-05 00:00:00+00:00,7,-0.09447983014862005,-0.22438959660297242,0.33356148756559434,-0.24774416135881117
2023-08-31 00:00:00+00:00,XVSUSDT,3.614,0.5154952960708359,3081723.2007,140,2023-09-07 00:00:00+00:00,0.5154952960708359,2023-09-07 00:00:00+00:00,7,-0.13401497169983567,-0.05623516523644345,0.43027116768123963,-0.22110644513419764
2023-09-01 00:00:00+00:00,OGNUSDT,0.0727,0.4016506189821183,32711034.1312,1243,2023-09-08 00:00:00+00:00,0.4016506189821183,2023-09-08 00:00:00+00:00,7,-0.09813542688910704,0.17369970559371928,0.6451169188445667,-0.15799803729146222
2023-09-06 00:00:00+00:00,STORJUSDT,0.2328,0.4054982817869415,11391293.097,1248,2023-09-13 00:00:00+00:00,0.4054982817869415,2023-09-10 00:00:00+00:00,7,0.222799511002445,0.26069682151589246,0.7719072164948453,-0.022004889975550057
2023-09-09 00:00:00+00:00,STMXUSDT,0.00482,0.4522821576763487,40581164.53817,1251,2023-09-16 00:00:00+00:00,0.4522821576763487,2023-09-14 00:00:00+00:00,7,-0.05142857142857149,-0.03285714285714292,0.4045643153526972,-0.22285714285714286
2023-09-10 00:00:00+00:00,OXTUSDT,0.05733,0.43642072213500804,15142788.52514,30,2023-09-15 00:00:00+00:00,0.43642072213500804,2023-09-15 00:00:00+00:00,5,-0.19951426836672737,-0.24711596842744388,0.0814582243153672,-0.26788099574984825
2023-09-11 00:00:00+00:00,WLDUSDT,1.0093,0.49063707520063393,135511069.59025002,49,2023-09-16 00:00:00+00:00,0.49063707520063393,2023-09-15 00:00:00+00:00,5,0.1084745762711865,0.06879361914257243,0.5931833944317844,-0.16045197740113004
2023-09-12 00:00:00+00:00,BLZUSDT,0.14319,0.46448774355751077,452995388.825765,1254,2023-09-19 00:00:00+00:00,0.46448774355751077,2023-09-18 00:00:00+00:00,7,-0.31931330472103003,-0.28240343347639485,0.050911376492771776,-0.4484978540772532
2023-09-15 00:00:00+00:00,LEVERUSDT,0.001319,0.40561031084154653,60362473.385344505,169,2023-09-22 00:00:00+00:00,0.40561031084154653,2023-09-20 00:00:00+00:00,7,-0.17907227615965482,-0.3203883495145631,-0.04473085670962851,-0.354368932038835
2023-09-20 00:00:00+00:00,TRBUSDT,38.078,0.5506329113924049,467913714.1035,1262,2023-09-27 00:00:00+00:00,0.5506329113924049,2023-09-26 00:00:00+00:00,7,-0.18452028114150232,0.7681598780591072,1.7417668995220335,-0.24894571936658494
2023-09-20 00:00:00+00:00,LUNA2USDT,0.3899,0.41703000769428056,8706344.562350001,1262,2023-09-27 00:00:00+00:00,0.41703000769428056,2023-09-27 00:00:00+00:00,7,-0.2693212669683258,-0.20072398190045249,0.1325981020774556,-0.2901357466063348
2023-10-02 00:00:00+00:00,BNTUSDT,0.3996,0.47997997997998,3581572.59255,53,2023-10-08 00:00:00+00:00,0.47997997997998,2023-10-08 00:00:00+00:00,6,-0.056476158268515375,-0.018599932363882354,0.45245245245245247,-0.16029759891782225
2023-10-03 00:00:00+00:00,LQTYUSDT,1.0311,0.4482591407234995,8165077.618829999,207,2023-10-10 00:00:00+00:00,0.4482591407234995,2023-10-09 00:00:00+00:00,7,0.09455568204647413,-0.01566999263376423,0.4255649306565805,-0.12542690685059932
2023-10-09 00:00:00+00:00,HOTUSDT,0.000991,0.4298688193743696,5712793.5482745,1281,2023-10-16 00:00:00+00:00,0.4298688193743696,2023-10-13 00:00:00+00:00,7,0.017642907551164377,0.14820042342978113,0.6417759838546924,-0.13338038108680317
2023-10-10 00:00:00+00:00,BANDUSDT,1.0371,0.40651817568219095,8336647.464295,1282,2023-10-15 00:00:00+00:00,0.40651817568219095,2023-10-15 00:00:00+00:00,5,0.01035168300541578,-0.005484335367107684,0.39880435830681726,-0.08418454788510321
2023-10-13 00:00:00+00:00,BLZUSDT,0.11565,0.5386078685689579,113339683.05372,1285,2023-10-20 00:00:00+00:00,0.5386078685689579,2023-10-18 00:00:00+00:00,7,0.5613690007867822,0.3750702483983366,1.1156939040207523,0.0
2023-10-16 00:00:00+00:00,INJUSDT,7.796,0.4089276552077987,37113227.53175,1288,2023-10-23 00:00:00+00:00,0.4089276552077987,2023-10-23 00:00:00+00:00,7,0.5439730517115804,0.4619446467589221,1.059774243201642,0.0
2023-10-16 00:00:00+00:00,AGLDUSDT,0.5709,0.6715712033631112,14261505.055750001,79,2023-10-23 00:00:00+00:00,0.6715712033631112,2023-10-22 00:00:00+00:00,7,-0.15016242271822278,-0.1160012574662056,0.47766684182869157,-0.20004191554018658
2023-10-16 00:00:00+00:00,1000PEPEUSDT,0.0006733,0.49339076191890685,123546600.8814671,164,2023-10-23 00:00:00+00:00,0.49339076191890685,2023-10-23 00:00:00+00:00,7,0.20188960716061644,0.100944803580308,0.6441407990494576,-0.07966185977125817
2023-10-16 00:00:00+00:00,LINKUSDT,7.519,0.4067030190184864,325722454.42524,1288,2023-10-23 00:00:00+00:00,0.4067030190184864,2023-10-22 00:00:00+00:00,7,0.22879833601210176,0.3437647726198354,0.8902779624950126,-0.019381677224165617
2023-10-16 00:00:00+00:00,1000FLOKIUSDT,0.01836,0.5059912854030502,7435889.152615,163,2023-10-23 00:00:00+00:00,0.5059912854030502,2023-10-21 00:00:00+00:00,7,0.13634719710669052,0.1801084990958408,0.7772331154684093,-0.07233273056057876
2023-10-17 00:00:00+00:00,RUNEUSDT,1.539,0.4307992202729045,139176234.114,1289,2023-10-24 00:00:00+00:00,0.4307992202729045,2023-10-23 00:00:00+00:00,7,0.5381471389645778,1.4859218891916441,2.55685510071475,0.0
2023-10-17 00:00:00+00:00,MINAUSDT,0.3734,0.9750937332619176,7090671.2272,252,2023-10-24 00:00:00+00:00,0.9750937332619176,2023-10-23 00:00:00+00:00,7,-0.17572881355932213,-0.0687457627118645,0.8393144081414032,-0.215864406779661
2023-10-17 00:00:00+00:00,PEOPLEUSDT,0.00884,0.4671945701357465,13980700.23643,1289,2023-10-23 00:00:00+00:00,0.4671945701357465,2023-10-23 00:00:00+00:00,6,0.07016191210485734,-0.08095605242868165,0.34841628959276005,-0.14572089437162694
2023-10-17 00:00:00+00:00,CFXUSDT,0.1097,0.4293527803099362,59003963.135350004,239,2023-10-24 00:00:00+00:00,0.4293527803099362,2023-10-24 00:00:00+00:00,7,0.09375000000000022,-0.03316326530612235,0.381950774840474,-0.08992346938775508
2023-10-18 00:00:00+00:00,UNFIUSDT,5.918,0.520446096654275,37074407.7425,1290,2023-10-25 00:00:00+00:00,0.520446096654275,2023-10-24 00:00:00+00:00,7,0.115914647699489,0.37730606801511457,1.0941196350118285,-0.13514114247610576
2023-10-18 00:00:00+00:00,FETUSDT,0.203,0.49064039408866966,23139182.0095,274,2023-10-25 00:00:00+00:00,0.49064039408866966,2023-10-23 00:00:00+00:00,7,0.2276933245208197,0.7571050892267019,1.6192118226600982,-0.01982815598149379
2023-10-18 00:00:00+00:00,CYBERUSDT,4.18,0.5026315789473685,42886460.07615,58,2023-10-25 00:00:00+00:00,0.5026315789473685,2023-10-25 00:00:00+00:00,7,0.08724725362203478,0.019742079286737768,0.5322966507177036,-0.1034867059385447
2023-10-19 00:00:00+00:00,APTUSDT,4.906,0.40868324500611486,68010211.94565,1291,2023-10-25 00:00:00+00:00,0.40868324500611486,2023-10-22 00:00:00+00:00,6,0.07350600491969317,0.07668933584141224,0.5167142274765595,-0.055563594270004235
2023-10-19 00:00:00+00:00,GALAUSDT,0.01269,0.4649330181245075,79869828.52134,1291,2023-10-26 00:00:00+00:00,0.4649330181245075,2023-10-25 00:00:00+00:00,7,0.28617536309844005,0.41796664873587974,1.0772261623325456,-0.05540613232920921
2023-10-19 00:00:00+00:00,BLURUSDT,0.1735,0.4559077809798271,10162768.2364,174,2023-10-25 00:00:00+00:00,0.4559077809798271,2023-10-24 00:00:00+00:00,6,0.5170229612034838,1.5708630245447348,2.7429394812680115,-0.12707838479809974
2023-10-22 00:00:00+00:00,ARKUSDT,0.4525,0.6064088397790055,63922663.082949996,33,2023-10-29 00:00:00+00:00,0.6064088397790055,2023-10-29 00:00:00+00:00,7,1.3049938093272804,0.5288210207731463,1.4559116022099445,0.0
2023-10-25 00:00:00+00:00,SUSHIUSDT,0.614,0.8614006514657981,13242511.5935,1297,2023-11-01 00:00:00+00:00,0.8614006514657981,2023-10-31 00:00:00+00:00,7,-0.10420859217779332,0.0814594452708024,1.013029315960912,-0.1969551141832182
2023-10-25 00:00:00+00:00,QTUMUSDT,2.454,0.42583537082314593,6715251.4799,1297,2023-11-01 00:00:00+00:00,0.42583537082314593,2023-10-28 00:00:00+00:00,7,-0.07430694484138334,-0.12517862246356104,0.24735126324368362,-0.1757645041440412
2023-10-27 00:00:00+00:00,RENUSDT,0.04802,0.756143273635985,8977220.947425,1299,2023-11-03 00:00:00+00:00,0.756143273635985,2023-11-03 00:00:00+00:00,7,-0.3097355626704613,-0.2753468516542156,0.2725947521865888,-0.3934542867307008
2023-10-29 00:00:00+00:00,EGLDUSDT,30.15,0.5930348258706468,14581851.456,1301,2023-11-05 00:00:00+00:00,0.5930348258706468,2023-11-05 00:00:00+00:00,7,-0.0343535290443473,0.050385175931709325,0.6733001658374795,-0.17093483239641893
2023-10-29 00:00:00+00:00,NEOUSDT,9.14,0.44321663019693647,11679355.381125,1301,2023-11-05 00:00:00+00:00,0.44321663019693647,2023-11-04 00:00:00+00:00,7,-0.14191494200591315,-0.07398984155863852,0.3364332603938729,-0.23569100144037602
2023-10-30 00:00:00+00:00,XVSUSDT,5.514,0.5600290170475155,15830212.4142,200,2023-11-06 00:00:00+00:00,0.5600290170475155,2023-11-05 00:00:00+00:00,7,-0.11636828644501285,0.2685421994884911,0.9789626405513239,-0.2778423622413393
2023-10-30 00:00:00+00:00,GRTUSDT,0.10966,0.4385372971001278,14514138.086070001,1302,2023-11-06 00:00:00+00:00,0.4385372971001278,2023-11-06 00:00:00+00:00,7,-0.11980982567353404,0.03664025356576861,0.491245668429692,-0.21261489698890645
2023-10-31 00:00:00+00:00,IMXUSDT,0.6577,0.4140185494906494,19789949.883,1303,2023-11-05 00:00:00+00:00,0.4140185494906494,2023-11-04 00:00:00+00:00,5,0.4554838709677418,0.5283870967741935,1.16116770564087,-0.08827956989247321
2023-11-01 00:00:00+00:00,YGGUSDT,0.276,0.4054347826086957,40927980.5001,88,2023-11-08 00:00:00+00:00,0.4054347826086957,2023-11-06 00:00:00+00:00,7,-0.0763083268883733,0.057231245166279976,0.4858695652173912,-0.13637535447280225
2023-11-01 00:00:00+00:00,STORJUSDT,0.4479,0.5356106273721812,107165861.312,1304,2023-11-08 00:00:00+00:00,0.5356106273721812,2023-11-08 00:00:00+00:00,7,0.09290491421924996,0.05699331200930513,0.6231301629828085,-0.033876126781041016
2023-11-02 00:00:00+00:00,HIFIUSDT,0.6049,0.5047115225657133,33405110.70855,47,2023-11-09 00:00:00+00:00,0.5047115225657133,2023-11-09 00:00:00+00:00,7,-0.1628213579433092,-0.11821577675236217,0.3268308811373781,-0.22247857613711275
2023-11-02 00:00:00+00:00,BNTUSDT,0.5233,0.5784444869099943,46763540.78885,84,2023-11-09 00:00:00+00:00,0.5784444869099943,2023-11-08 00:00:00+00:00,7,-0.07723970944309921,-0.015617433414043425,0.5537932352379134,-0.15096852300242125
2023-11-02 00:00:00+00:00,ZENUSDT,9.147,0.40024051601618016,6555054.863,1305,2023-11-08 00:00:00+00:00,0.40024051601618016,2023-11-07 00:00:00+00:00,6,-0.22727982510930667,-0.10579325421611496,0.2521045151415764,-0.2754528419737664
2023-11-03 00:00:00+00:00,SOLUSDT,39.497,0.43502038129478193,1115135830.765,1306,2023-11-10 00:00:00+00:00,0.43502038129478193,2023-11-10 00:00:00+00:00,7,0.003352211577480224,0.3216005928121526,0.8965237866167051,-0.0885160288643061
2023-11-03 00:00:00+00:00,1000LUNCUSDT,0.06382,0.43058602319022254,15079799.43905,1306,2023-11-10 00:00:00+00:00,0.43058602319022254,2023-11-10 00:00:00+00:00,7,-0.18696604600219058,1.199233296823658,2.1461924161704795,-0.24194961664841197
2023-11-03 00:00:00+00:00,JASMYUSDT,0.003884,0.41323377960865093,9647701.2305625,1306,2023-11-10 00:00:00+00:00,0.41323377960865093,2023-11-10 00:00:00+00:00,7,-0.025687739114592767,0.1329932592457641,0.6011843460350155,-0.14046274366915645
2023-11-03 00:00:00+00:00,LUNA2USDT,0.445,0.8957303370786518,19849439.727799997,1306,2023-11-10 00:00:00+00:00,0.8957303370786518,2023-11-10 00:00:00+00:00,7,-0.251185395922238,0.2962304409672829,1.4573033707865166,-0.33380749170222845
2023-11-04 00:00:00+00:00,ZRXUSDT,0.2769,0.6688335139039365,68941398.163995,1307,2023-11-11 00:00:00+00:00,0.6688335139039365,2023-11-11 00:00:00+00:00,7,-0.07076390391690113,-0.1780999783596624,0.3716143011917661,-0.19844189569357285
2023-11-04 00:00:00+00:00,YFIUSDT,5756.0,0.5486448922863099,10066093.165000001,1307,2023-11-11 00:00:00+00:00,0.5486448922863099,2023-11-10 00:00:00+00:00,7,-0.006170069553511293,-0.05115548575274853,0.4694232105628908,-0.15380300650661882
2023-11-05 00:00:00+00:00,AVAXUSDT,12.36,0.5355987055016183,185162020.789,1308,2023-11-12 00:00:00+00:00,0.5355987055016183,2023-11-11 00:00:00+00:00,7,0.11069546891464688,0.9767123287671233,2.0354368932038835,-0.15057955742887252
2023-11-05 00:00:00+00:00,ASTRUSDT,0.05556,0.46238300935925136,7454280.66863,264,2023-11-12 00:00:00+00:00,0.46238300935925136,2023-11-09 00:00:00+00:00,7,-0.16800000000000015,-0.06461538461538463,0.36789056875449955,-0.278523076923077
2023-11-07 00:00:00+00:00,DYDXUSDT,2.434,0.6195562859490551,90666923.956,1310,2023-11-14 00:00:00+00:00,0.6195562859490551,2023-11-11 00:00:00+00:00,7,-0.1859462201927955,-0.2524099441907661,0.21076417419884952,-0.2772704211060375
2023-11-12 00:00:00+00:00,RNDRUSDT,2.4141,0.4021788658299159,65832463.466275,282,2023-11-18 00:00:00+00:00,0.4021788658299159,2023-11-16 00:00:00+00:00,6,0.07347119645494837,0.3098079763663222,0.8365850627563067,-0.0958936484490398
2023-11-13 00:00:00+00:00,SKLUSDT,0.02906,0.993461803165864,5898875.48301,1316,2023-11-20 00:00:00+00:00,0.993461803165864,2023-11-19 00:00:00+00:00,7,-0.2637666148800276,-0.14793716554462288,0.6985547143840332,-0.3062316588986709
2023-11-17 00:00:00+00:00,SEIUSDT,0.1451,0.6836664369400411,40452085.197,92,2023-11-24 00:00:00+00:00,0.6836664369400411,2023-11-22 00:00:00+00:00,7,0.1543184609087187,0.48833401555464584,1.5058580289455543,-0.0749079001227998
2023-11-17 00:00:00+00:00,MDTUSDT,0.047,0.49468085106382986,10012509.71674,140,2023-11-24 00:00:00+00:00,0.49468085106382986,2023-11-23 00:00:00+00:00,7,-0.11843416370106774,-0.17110320284697522,0.23893617021276592,-0.21067615658362993
2023-11-18 00:00:00+00:00,MAGICUSDT,0.6078,0.4299111549851924,31375892.076125,297,2023-11-25 00:00:00+00:00,0.4299111549851924,2023-11-25 00:00:00+00:00,7,-0.009895293982280506,0.26118973650903254,0.803389272787101,-0.10378552525601192
2023-11-20 00:00:00+00:00,SSVUSDT,17.51,0.43689320388349495,16744937.234299999,269,2023-11-27 00:00:00+00:00,0.43689320388349495,2023-11-24 00:00:00+00:00,7,-0.06915739268680443,0.05922098569157397,0.5219874357509993,-0.1589825119236884
2023-11-21 00:00:00+00:00,SPELLUSDT,0.0004427,0.41924553873955284,8768812.095027149,1324,2023-11-25 00:00:00+00:00,0.41924553873955284,2023-11-23 00:00:00+00:00,4,0.04408721948113947,0.09294922807576,0.5511633160153604,-0.09788317682635683
2023-11-21 00:00:00+00:00,BIGTIMEUSDT,0.1505,0.4564784053156148,95272741.23675,40,2023-11-27 00:00:00+00:00,0.4564784053156148,2023-11-25 00:00:00+00:00,6,1.8343978102189777,1.6081204379562042,2.798671096345515,-0.12226277372262784
2023-11-21 00:00:00+00:00,TLMUSDT,0.01173,0.4117647058823526,6991546.734759999,1324,2023-11-26 00:00:00+00:00,0.4117647058823526,2023-11-26 00:00:00+00:00,5,0.020531400966183666,0.17028985507246408,0.6521739130434783,-0.10929951690821249
2023-11-21 00:00:00+00:00,TRUUSDT,0.04165,0.4472989195678272,8972275.888629999,259,2023-11-27 00:00:00+00:00,0.4472989195678272,2023-11-23 00:00:00+00:00,6,-0.12309223623092236,-0.01791639017916391,0.4213685474189677,-0.20620437956204385
2023-11-21 00:00:00+00:00,BAKEUSDT,0.1311,0.402745995423341,40620191.1921,1324,2023-11-28 00:00:00+00:00,0.402745995423341,2023-11-27 00:00:00+00:00,7,0.20826536160957043,2.3197389885807507,3.6567505720823803,-0.09244154431756402
2023-11-22 00:00:00+00:00,IOTAUSDT,0.178,0.4297752808988764,15433594.74429,1325,2023-11-29 00:00:00+00:00,0.4297752808988764,2023-11-29 00:00:00+00:00,7,0.09155206286836925,0.1764243614931238,0.6820224719101124,-0.07740667976424365
2023-11-27 00:00:00+00:00,RIFUSDT,0.10123,0.4108465869801443,13501499.211475,37,2023-12-04 00:00:00+00:00,0.4108465869801443,2023-12-04 00:00:00+00:00,7,-0.08598235541240729,-0.15614059655510437,0.19055615924133162,-0.15614059655510437
2023-11-27 00:00:00+00:00,STXUSDT,0.6534,0.8093051729415366,52816765.89565,279,2023-12-04 00:00:00+00:00,0.8093051729415366,2023-12-03 00:00:00+00:00,7,0.06860091355100684,0.3151750972762646,1.379553106825834,-0.23084080527829465
2023-11-27 00:00:00+00:00,IOTXUSDT,0.02399,0.6744476865360565,10514834.57422,1330,2023-12-04 00:00:00+00:00,0.6744476865360565,2023-12-04 00:00:00+00:00,7,0.21508588498879777,0.14164799601692812,0.9116298457690704,-0.2407269106298232
2023-11-27 00:00:00+00:00,CFXUSDT,0.1558,0.41527599486521183,98626667.4235,280,2023-12-04 00:00:00+00:00,0.41527599486521183,2023-12-04 00:00:00+00:00,7,-0.16689342403628116,-0.18321995464852603,0.15596919127086029,-0.20770975056689345
2023-11-28 00:00:00+00:00,AGLDUSDT,0.8308,0.5282859894077998,22809883.00245,122,2023-12-05 00:00:00+00:00,0.5282859894077998,2023-12-04 00:00:00+00:00,7,-0.12365125620225248,-0.014491612191856351,0.5061386615310546,-0.28227140269354967
2023-11-28 00:00:00+00:00,1000PEPEUSDT,0.001095,0.47972602739726034,227696883.10620385,207,2023-12-05 00:00:00+00:00,0.47972602739726034,2023-12-04 00:00:00+00:00,7,-0.2295871134975005,-0.2249583410479541,0.14684931506849308,-0.26711102882182314
2023-11-30 00:00:00+00:00,TIAUSDT,6.3951,0.5876217729198918,337122138.57255,30,2023-12-05 00:00:00+00:00,0.5876217729198918,2023-12-02 00:00:00+00:00,5,0.15578646705407273,0.5400768245838667,1.4450594986786758,-0.0850586033684625
2023-12-01 00:00:00+00:00,ADAUSDT,0.3845,0.4200260078023408,230961750.91009998,1334,2023-12-08 00:00:00+00:00,0.4200260078023408,2023-12-08 00:00:00+00:00,7,0.1408424908424908,-0.09450549450549461,0.28582574772431735,-0.09450549450549461
2023-12-01 00:00:00+00:00,SLPUSDT,0.002404,0.4480033277870217,10754959.956157502,31,2023-12-08 00:00:00+00:00,0.4480033277870217,2023-12-05 00:00:00+00:00,7,-0.10456765297328363,-0.19850617638609602,0.16056572379367728,-0.19850617638609602
2023-12-02 00:00:00+00:00,JOEUSDT,0.4365,0.4794959908361971,14040957.316750001,248,2023-12-09 00:00:00+00:00,0.4794959908361971,2023-12-08 00:00:00+00:00,7,0.1029730566738929,-0.051254258284298526,0.4036655211912945,-0.09677918860328272
2023-12-03 00:00:00+00:00,MEMEUSDT,0.030311,0.4224209033024313,328981237.84404147,30,2023-12-05 00:00:00+00:00,0.4224209033024313,2023-12-05 00:00:00+00:00,2,-0.2843325988635046,-0.3898875101472806,-0.13216324106759936,-0.46760988055201214
2023-12-03 00:00:00+00:00,TOKENUSDT,0.03525,0.45787234042553204,29242607.32369,30,2023-12-05 00:00:00+00:00,0.45787234042553204,2023-12-05 00:00:00+00:00,2,-0.32185250048647596,-0.4532010118700136,-0.20283687943262407,-0.4532010118700136
2023-12-04 00:00:00+00:00,IMXUSDT,1.4231,0.4479657086641837,89306349.90785,1337,2023-12-11 00:00:00+00:00,0.4479657086641837,2023-12-09 00:00:00+00:00,7,0.17145491604387075,0.037658934290983215,0.5024945541423651,-0.07643404833543632
2023-12-04 00:00:00+00:00,INJUSDT,16.862,0.4239117542403039,157270776.54535002,1337,2023-12-11 00:00:00+00:00,0.4239117542403039,2023-12-10 00:00:00+00:00,7,0.8078300708038315,0.7086214077467721,1.432926106037244,0.0
2023-12-06 00:00:00+00:00,TRBUSDT,73.746,0.6800233232988908,202102994.38505,1339,2023-12-13 00:00:00+00:00,0.6800233232988908,2023-12-08 00:00:00+00:00,7,0.5125549860769201,-0.03151862464183386,0.6270712987823068,-0.11363654707615312
2023-12-07 00:00:00+00:00,WOOUSDT,0.2443,0.5591895210806388,20604064.69308,1340,2023-12-14 00:00:00+00:00,0.5591895210806388,2023-12-13 00:00:00+00:00,7,0.1477776902680421,0.1697513848415635,0.8238641015145314,-0.05392349898926252
2023-12-09 00:00:00+00:00,ICPUSDT,5.575,0.7935426008968611,32592870.208,1342,2023-12-16 00:00:00+00:00,0.7935426008968611,2023-12-15 00:00:00+00:00,7,0.2261226122612261,0.2884288428842883,1.3108520179372194,-0.116011601160116
2023-12-09 00:00:00+00:00,WLDUSDT,2.4892,0.5324200546360276,198189200.65375,138,2023-12-16 00:00:00+00:00,0.5324200546360276,2023-12-16 00:00:00+00:00,7,-0.038117708742954504,-0.27466247214575956,0.11152177406395625,-0.34423908769170275
2023-12-10 00:00:00+00:00,STORJUSDT,0.717,0.4801952580195257,85037057.42539999,1343,2023-12-17 00:00:00+00:00,0.4801952580195257,2023-12-14 00:00:00+00:00,7,-0.3384528408555545,-0.4221238104211815,-0.14463040446304043,-0.46574955243569205
2023-12-11 00:00:00+00:00,FETUSDT,0.4924,0.43846466287571095,97096655.0378,328,2023-12-18 00:00:00+00:00,0.43846466287571095,2023-12-12 00:00:00+00:00,7,0.03543696173937594,-0.043202033036848886,0.3763200649878147,-0.12198221092757311
2023-12-11 00:00:00+00:00,ALPHAUSDT,0.09778,0.5222949478420944,16805514.52465,1344,2023-12-17 00:00:00+00:00,0.5222949478420944,2023-12-14 00:00:00+00:00,6,-0.15424924420557617,-0.27376553577426943,0.10554305583963997,-0.3274437353039973
2023-12-13 00:00:00+00:00,ARKMUSDT,0.4828,0.5492957746478873,33954572.3044,138,2023-12-20 00:00:00+00:00,0.5492957746478873,2023-12-17 00:00:00+00:00,7,-0.23689839572192517,-0.2930481283422459,0.09527754763877394,-0.3355614973262032
2023-12-13 00:00:00+00:00,LPTUSDT,6.369,0.4835924006908463,16565863.529800002,1346,2023-12-20 00:00:00+00:00,0.4835924006908463,2023-12-17 00:00:00+00:00,7,-0.24626944650227534,-0.23917874907397607,0.12874862615795268,-0.3195047094930681
2023-12-14 00:00:00+00:00,NEARUSDT,2.326,0.5223559759243335,191300077.866,1347,2023-12-21 00:00:00+00:00,0.5223559759243335,2023-12-20 00:00:00+00:00,7,0.10449025698955094,-0.16238350748376162,0.27515047291487527,-0.16238350748376162
2023-12-15 00:00:00+00:00,OPUSDT,2.0985,0.6538003335715987,187552798.46149498,1348,2023-12-22 00:00:00+00:00,0.6538003335715987,2023-12-21 00:00:00+00:00,7,-0.007779858809969786,-0.1008788359026076,0.48696688110555164,-0.1008788359026076
2023-12-16 00:00:00+00:00,PHBUSDT,0.8572,0.881707886140924,14017539.1568,303,2023-12-23 00:00:00+00:00,0.881707886140924,2023-12-22 00:00:00+00:00,7,-0.44383137011779294,-0.48636081835089895,-0.03348110125991599,-0.4912585244885307
2023-12-16 00:00:00+00:00,SOLUSDT,73.737,0.46419029795082545,2099516614.424,1349,2023-12-23 00:00:00+00:00,0.46419029795082545,2023-12-21 00:00:00+00:00,7,-0.13120918816283056,-0.22305376742462846,0.1375971357663046,-0.22305376742462846
2023-12-16 00:00:00+00:00,GLMRUSDT,0.3248,0.5689655172413797,9600950.31555,81,2023-12-23 00:00:00+00:00,0.5689655172413797,2023-12-23 00:00:00+00:00,7,-0.22076138147566726,-0.30651491365777084,0.08805418719211833,-0.30651491365777084
2023-12-17 00:00:00+00:00,BONDUSDT,3.678,0.859978249048396,14506441.4791,63,2023-12-24 00:00:00+00:00,0.859978249048396,2023-12-24 00:00:00+00:00,7,-0.47405350095015353,-0.5505043122350534,-0.16394779771614998,-0.5505043122350534
2023-12-17 00:00:00+00:00,KSMUSDT,29.38,0.7539142273655548,16035508.817499999,1350,2023-12-24 00:00:00+00:00,0.7539142273655548,2023-12-23 00:00:00+00:00,7,-0.2672229769066564,-0.2924509994178148,0.2409802586793739,-0.2924509994178148
2023-12-17 00:00:00+00:00,MINAUSDT,0.7424,0.571928879310345,61615765.21685,313,2023-12-24 00:00:00+00:00,0.571928879310345,2023-12-23 00:00:00+00:00,7,-0.08508997429305909,-0.10342759211653818,0.4093480603448276,-0.11610968294772916
2023-12-17 00:00:00+00:00,ROSEUSDT,0.08942,0.5008946544397226,29731073.521124996,1350,2023-12-24 00:00:00+00:00,0.5008946544397226,2023-12-21 00:00:00+00:00,7,-0.15438491915654573,-0.2812756128455405,0.07872959069559382,-0.29580508158855523
2023-12-18 00:00:00+00:00,AXSUSDT,6.932,0.47562031159838414,76213186.053,1351,2023-12-25 00:00:00+00:00,0.47562031159838414,2023-12-24 00:00:00+00:00,7,-0.22582852673770648,-0.29680320656955717,0.037651471436814576,-0.30980545507869783
2023-12-18 00:00:00+00:00,ORDIUSDT,51.133,0.47388183756087066,713393997.6825,41,2023-12-25 00:00:00+00:00,0.47388183756087066,2023-12-25 00:00:00+00:00,7,-0.013361817313306101,-0.27162836367496423,0.07353372577396189,-0.27162836367496423
2023-12-18 00:00:00+00:00,ONEUSDT,0.01469,0.48196051735874756,11080500.73569,1351,2023-12-25 00:00:00+00:00,0.48196051735874756,2023-12-23 00:00:00+00:00,7,-0.21773082223243,-0.35002296738631145,-0.03675970047651467,-0.3601286173633441
2023-12-19 00:00:00+00:00,MAGICUSDT,0.8216,0.42052093476144115,41109270.041494995,328,2023-12-26 00:00:00+00:00,0.42052093476144115,2023-12-22 00:00:00+00:00,7,-0.16279667552052102,-0.1695655899237427,0.17964946445959096,-0.19081484020221062
2023-12-19 00:00:00+00:00,SEIUSDT,0.3587,0.40395873989406206,205266136.13655,124,2023-12-26 00:00:00+00:00,0.40395873989406206,2023-12-26 00:00:00+00:00,7,0.34034948371723583,0.1979745830023827,0.6819068859771393,-0.12688641779189846
2023-12-19 00:00:00+00:00,LEVERUSDT,0.001297,0.8211256746337703,13080226.725208,264,2023-12-26 00:00:00+00:00,0.8211256746337703,2023-12-20 00:00:00+00:00,7,-0.4127857747671465,-0.4470787468247248,0.006939090208172738,-0.4589331075359864
2023-12-19 00:00:00+00:00,DODOXUSDT,0.15287,0.5173676980440898,5477317.16391,133,2023-12-26 00:00:00+00:00,0.5173676980440898,2023-12-22 00:00:00+00:00,7,-0.30556992584928433,-0.3172960855319883,0.035912867142016136,-0.3172960855319883
2023-12-19 00:00:00+00:00,PERPUSDT,0.731,0.777017783857729,13836680.558235,288,2023-12-26 00:00:00+00:00,0.777017783857729,2023-12-20 00:00:00+00:00,7,-0.0862971516551192,-0.1491916859122402,0.5119015047879616,-0.165280985373364
2023-12-19 00:00:00+00:00,DENTUSDT,0.001007,0.4627606752730882,9974378.837294001,1352,2023-12-26 00:00:00+00:00,0.4627606752730882,2023-12-24 00:00:00+00:00,7,-0.2912423625254582,-0.33876442634080106,-0.03277060575968227,-0.33876442634080106
2023-12-19 00:00:00+00:00,CAKEUSDT,2.1621,0.6360482863882335,24504941.6072,47,2023-12-26 00:00:00+00:00,0.6360482863882335,2023-12-23 00:00:00+00:00,7,-0.20331891555706338,-0.30288638226896225,0.14051153970676644,-0.3109999151895514
2023-12-20 00:00:00+00:00,SKLUSDT,0.04936,0.6533630470016207,30761712.5458,1353,2023-12-27 00:00:00+00:00,0.6533630470016207,2023-12-26 00:00:00+00:00,7,0.21860066168361714,-0.04852346526161011,0.5731361426256076,-0.16848425438059056
2023-12-20 00:00:00+00:00,BSVUSDT,49.46,0.5535786494136676,9432301.51,61,2023-12-27 00:00:00+00:00,0.5535786494136676,2023-12-27 00:00:00+00:00,7,0.21264966163456545,-0.07496095783446133,0.43712090578245033,-0.11608537220197812
2023-12-23 00:00:00+00:00,ASTRUSDT,0.09865,0.43223517486061835,11330535.33911,312,2023-12-30 00:00:00+00:00,0.43223517486061835,2023-12-26 00:00:00+00:00,7,0.06943166536909917,0.3112746832755324,0.8780537252914342,-0.09427418784061148
2023-12-24 00:00:00+00:00,ONTUSDT,0.2378,0.4028595458368376,13091272.39531,1357,2023-12-31 00:00:00+00:00,0.4028595458368376,2023-12-31 00:00:00+00:00,7,-0.2814748201438849,-0.29736211031175064,-0.014297729184188479,-0.3483213429256594
2023-12-27 00:00:00+00:00,CHRUSDT,0.1781,0.47725996631106105,12810726.806850001,1360,2024-01-03 00:00:00+00:00,0.47725996631106105,2024-01-03 00:00:00+00:00,7,-0.003800836183960432,0.0015203344735841284,0.4795058955642897,-0.1493728620296465
2023-12-27 00:00:00+00:00,POWRUSDT,0.4038,0.43016344725111444,16716916.13325,61,2024-01-03 00:00:00+00:00,0.43016344725111444,2024-01-03 00:00:00+00:00,7,-0.3643290043290044,-0.46839826839826837,-0.23972263496780588,-0.47705627705627707
2023-12-27 00:00:00+00:00,PEOPLEUSDT,0.01467,0.4942058623040215,17647588.019925,1360,2024-01-03 00:00:00+00:00,0.4942058623040215,2024-01-03 00:00:00+00:00,7,0.5488138686131387,0.17107664233576636,0.7498295841854121,0.0
2023-12-28 00:00:00+00:00,ENSUSDT,10.174,0.47955573029290366,21387797.7901,1361,2024-01-04 00:00:00+00:00,0.47955573029290366,2024-01-03 00:00:00+00:00,7,0.40350760645718453,0.1583737460971235,0.7138785138588561,-0.21696671759782105
2024-01-01 00:00:00+00:00,TUSDT,0.02602,0.42159877017678715,7832425.413445,334,2024-01-08 00:00:00+00:00,0.42159877017678715,2024-01-05 00:00:00+00:00,7,-0.25763719924303874,-0.3111651797783185,-0.020753266717909336,-0.33008921330089214
2024-01-03 00:00:00+00:00,NTRNUSDT,0.9549,0.6193318672112265,64424609.95990001,50,2024-01-10 00:00:00+00:00,0.6193318672112265,2024-01-04 00:00:00+00:00,7,-0.2765310741770678,-0.264179007954472,0.1915383809823017,-0.3503847894975102
2024-01-03 00:00:00+00:00,MASKUSDT,3.374,0.4211618257261409,75068436.8625,1367,2024-01-06 00:00:00+00:00,0.4211618257261409,2024-01-06 00:00:00+00:00,3,-0.2371220020855057,-0.3151199165797707,-0.0266745702430351,-0.3280500521376434
2024-01-03 00:00:00+00:00,RIFUSDT,0.12052,0.4310487885828078,12409296.417144999,74,2024-01-09 00:00:00+00:00,0.4310487885828078,2024-01-08 00:00:00+00:00,6,-0.2714675015944802,-0.18484374094045353,0.1665283770328576,-0.27929494984635017
2024-01-04 00:00:00+00:00,ETCUSDT,20.464,0.4472732603596561,170094795.077855,1368,2024-01-11 00:00:00+00:00,0.4472732603596561,2024-01-10 00:00:00+00:00,7,-0.21491035553904858,-0.1257723604686498,0.2652462861610634,-0.2248370868082521
2024-01-05 00:00:00+00:00,1000BONKUSDT,0.01117,0.4480752014324081,530282059.105513,44,2024-01-10 00:00:00+00:00,0.4480752014324081,2024-01-09 00:00:00+00:00,5,-0.31647604327666146,-0.24908809891808337,0.0873769024171891,-0.38584234930448214
2024-01-06 00:00:00+00:00,SUIUSDT,0.8314,0.5512388741881165,192531872.32001,248,2024-01-13 00:00:00+00:00,0.5512388741881165,2024-01-11 00:00:00+00:00,7,0.08087152050864521,0.3661316585252383,1.119196535963435,-0.1771729859657286
2024-01-06 00:00:00+00:00,PENDLEUSDT,1.2655,0.49063611220861314,11529708.8595,162,2024-01-11 00:00:00+00:00,0.49063611220861314,2024-01-10 00:00:00+00:00,5,0.29760390161153505,0.6503922815945717,1.460134334255235,-0.13872985581000852
2024-01-07 00:00:00+00:00,JTOUSDT,1.5579,0.6226972206174979,251757820.89545,30,2024-01-14 00:00:00+00:00,0.6226972206174979,2024-01-10 00:00:00+00:00,7,-0.21226265822784807,-0.14651898734177216,0.38494126709031384,-0.29897151898734176
2024-01-09 00:00:00+00:00,BLURUSDT,0.4668,0.525064267352185,122326803.6199,256,2024-01-16 00:00:00+00:00,0.525064267352185,2024-01-11 00:00:00+00:00,7,-0.1101278269419863,0.03244837758112107,0.5745501285347043,-0.19974715549936783
2024-01-09 00:00:00+00:00,MAVUSDT,0.4132,0.600435624394966,34505060.53355,194,2024-01-16 00:00:00+00:00,0.600435624394966,2024-01-11 00:00:00+00:00,7,0.0409798880991985,-0.003477997882957773,0.5948693126815101,-0.23242098896113705
2024-01-12 00:00:00+00:00,RLCUSDT,1.4453,0.4289766830415831,10017720.699885,1376,2024-01-19 00:00:00+00:00,0.4289766830415831,2024-01-19 00:00:00+00:00,7,0.16191352345906163,0.6151648670895269,1.3080329343388915,-0.10526315789473684
2024-01-12 00:00:00+00:00,UMAUSDT,1.951,1.6212198872373142,9547213.809,247,2024-01-19 00:00:00+00:00,1.6212198872373142,2024-01-18 00:00:00+00:00,7,-0.13531482205709822,-0.17520531873289014,1.1619682214249103,-0.2174423152131404
2024-01-13 00:00:00+00:00,API3USDT,1.6852,0.58693330168526,16358330.520735,1377,2024-01-20 00:00:00+00:00,0.58693330168526,2024-01-20 00:00:00+00:00,7,0.20678308342369967,0.5577908237669671,1.4721101352955142,-0.24623265901357372
2024-01-14 00:00:00+00:00,AUCTIONUSDT,21.72,0.4217311233885819,92584001.76195,30,2024-01-16 00:00:00+00:00,0.4217311233885819,2024-01-16 00:00:00+00:00,2,-0.2283031088082902,0.0488989637305699,0.49125230202578285,-0.2891839378238342
2024-01-18 00:00:00+00:00,CTSIUSDT,0.1863,0.4482018250134192,19759802.4207,1382,2024-01-21 00:00:00+00:00,0.4482018250134192,2024-01-21 00:00:00+00:00,3,-0.11860637509266114,0.14492216456634543,0.6580783682232958,-0.18977020014825796
2024-01-19 00:00:00+00:00,DUSKUSDT,0.18209,0.5345708166291394,12548166.5949,1383,2024-01-26 00:00:00+00:00,0.5345708166291394,2024-01-24 00:00:00+00:00,7,0.11437569337580067,0.09265290054754316,0.676753253885441,-0.11333786637082632
2024-01-24 00:00:00+00:00,CKBUSDT,0.003138,0.4362651370299553,4922286.826748,330,2024-01-31 00:00:00+00:00,0.4362651370299553,2024-01-30 00:00:00+00:00,7,1.583536720656756,2.4541823829598406,3.9611217335882722,-0.10761038384734845
2024-01-31 00:00:00+00:00,IDUSDT,0.2767,0.8970003614022408,22898042.7069,314,2024-02-07 00:00:00+00:00,0.8970003614022408,2024-02-07 00:00:00+00:00,7,0.19870451514574183,0.5061916555534387,1.8572461149259123,0.0
2024-01-31 00:00:00+00:00,NMRUSDT,20.25,0.4034567901234569,14236956.738499999,223,2024-02-05 00:00:00+00:00,0.4034567901234569,2024-02-04 00:00:00+00:00,5,0.20935960591132985,0.35186488388458836,0.897283950617284,-0.1537649542575651
2024-02-02 00:00:00+00:00,COTIUSDT,0.05631,0.7384123601491743,5559059.552475,1397,2024-02-09 00:00:00+00:00,0.7384123601491743,2024-02-06 00:00:00+00:00,7,0.27132495658392064,1.5625702318929413,3.4548037648730245,-0.1292266830115436
2024-02-03 00:00:00+00:00,SUPERUSDT,0.5876,0.441286589516678,17454195.9616,69,2024-02-10 00:00:00+00:00,0.441286589516678,2024-02-10 00:00:00+00:00,7,0.16814263785570893,0.6822529224229543,1.4246085772634447,0.0
2024-02-04 00:00:00+00:00,KASUSDT,0.101,0.40603960396039596,10194307.641905,79,2024-02-11 00:00:00+00:00,0.40603960396039596,2024-02-08 00:00:00+00:00,7,0.2053376522780086,0.054996127033307696,0.48336633663366335,-0.03084289838743748
2024-02-04 00:00:00+00:00,BEAMXUSDT,0.016835,0.48416988416988427,24935185.857805,79,2024-02-11 00:00:00+00:00,0.48416988416988427,2024-02-09 00:00:00+00:00,7,0.2858400704394459,0.6057392139598172,1.383189783189783,0.0
2024-02-06 00:00:00+00:00,NTRNUSDT,1.0045,0.41314086610253864,20698128.7006,84,2024-02-13 00:00:00+00:00,0.41314086610253864,2024-02-12 00:00:00+00:00,7,0.23515322296583308,-0.006551602676999058,0.40388252862120444,-0.045297640014089535
2024-02-06 00:00:00+00:00,STXUSDT,1.5025,0.418569051580699,95118523.1413,350,2024-02-13 00:00:00+00:00,0.418569051580699,2024-02-09 00:00:00+00:00,7,0.3865065215351411,0.3755278220887679,0.9512811980033278,0.0
2024-02-07 00:00:00+00:00,BIGTIMEUSDT,0.3141,0.40210124164278893,47514825.95935,118,2024-02-14 00:00:00+00:00,0.40210124164278893,2024-02-11 00:00:00+00:00,7,-0.06494096276112626,-0.0074931880108992654,0.3915950334288443,-0.1412352406902816
2024-02-07 00:00:00+00:00,SEIUSDT,0.6243,0.41198141918949216,297459526.34555,174,2024-02-14 00:00:00+00:00,0.41198141918949216,2024-02-12 00:00:00+00:00,7,-0.016676120249574544,0.19648326715825304,0.6894121415985905,-0.18150879183210433
2024-02-07 00:00:00+00:00,KEYUSDT,0.005348,0.40781600598354517,4318438.7914215,259,2024-02-14 00:00:00+00:00,0.40781600598354517,2024-02-13 00:00:00+00:00,7,0.014742993757471012,0.7326338159118075,1.43922961854899,-0.10917784566343469
2024-02-07 00:00:00+00:00,AIUSDT,1.10347,0.5046172528478348,103394003.2806,30,2024-02-14 00:00:00+00:00,0.5046172528478348,2024-02-11 00:00:00+00:00,7,0.017406492802505502,0.11768957417334214,0.68169501662936,-0.09439860266216948
2024-02-07 00:00:00+00:00,IMXUSDT,2.3232,0.4138257575757578,34597597.67645,1402,2024-02-14 00:00:00+00:00,0.4138257575757578,2024-02-12 00:00:00+00:00,7,0.01659258357181992,-0.06493941423613236,0.32201274104683186,-0.11712232844181936
2024-02-08 00:00:00+00:00,ARUSDT,8.368,0.45231835564053546,12537743.90115,1403,2024-02-15 00:00:00+00:00,0.45231835564053546,2024-02-15 00:00:00+00:00,7,1.2020077347157079,1.6685592034888503,2.8755975143403436,-0.044022052168188885
2024-02-08 00:00:00+00:00,VETUSDT,0.02885,0.5906412478336223,16384900.847490001,1403,2024-02-15 00:00:00+00:00,0.5906412478336223,2024-02-14 00:00:00+00:00,7,0.0414033558509479,-0.11810852037480934,0.4027729636048527,-0.11810852037480934
2024-02-08 00:00:00+00:00,RIFUSDT,0.14059,0.5700974464755673,5895828.477195,110,2024-02-15 00:00:00+00:00,0.5700974464755673,2024-02-15 00:00:00+00:00,7,-0.04444142430008147,0.0749750838090062,0.6878156341133794,-0.15280420404095307
2024-02-08 00:00:00+00:00,WLDUSDT,2.3843,0.4543471878538774,61324527.2301,199,2024-02-15 00:00:00+00:00,0.4543471878538774,2024-02-14 00:00:00+00:00,7,1.1172857307647939,1.43499826969662,2.541332885962337,0.0
2024-02-09 00:00:00+00:00,LPTUSDT,7.509,0.915567985084565,12722448.3204,1404,2024-02-16 00:00:00+00:00,0.915567985084565,2024-02-16 00:00:00+00:00,7,0.005214126807563835,0.5328837597330367,1.9363430550006657,-0.08662402669632929
2024-02-10 00:00:00+00:00,AGIXUSDT,0.3022,0.5304434149569821,14587794.04375,359,2024-02-17 00:00:00+00:00,0.5304434149569821,2024-02-16 00:00:00+00:00,7,1.0583783783783782,1.2754594594594595,2.4824619457313033,-0.009081081081081188
2024-02-10 00:00:00+00:00,OCEANUSDT,0.4631,0.5150075577629021,8990699.26845,1405,2024-02-17 00:00:00+00:00,0.5150075577629021,2024-02-17 00:00:00+00:00,7,0.5266533637400228,0.520667046750285,1.303822068667674,-0.02351767388825532
2024-02-10 00:00:00+00:00,CHRUSDT,0.3358,0.4023228111971411,17826413.8917,1405,2024-02-17 00:00:00+00:00,0.4023228111971411,2024-02-15 00:00:00+00:00,7,-0.13145041410065839,-0.2335952431514121,0.07474687313877304,-0.26969632618390316
2024-02-10 00:00:00+00:00,ZENUSDT,8.012,0.5361957064403393,8106579.73565,1405,2024-02-17 00:00:00+00:00,0.5361957064403393,2024-02-17 00:00:00+00:00,7,0.011943451413714667,0.12187195320117006,0.7234148776834746,-0.18321416964575876
2024-02-10 00:00:00+00:00,C98USDT,0.2422,0.4000825763831546,12309492.32015,1405,2024-02-17 00:00:00+00:00,0.4000825763831546,2024-02-15 00:00:00+00:00,7,0.23621350634031257,0.07637864936596861,0.5070189925681254,-0.04954290769684466
2024-02-10 00:00:00+00:00,ARKMUSDT,0.5977,0.45206625397356537,15466287.77065,197,2024-02-17 00:00:00+00:00,0.45206625397356537,2024-02-16 00:00:00+00:00,7,1.800437838460652,2.11787072243346,3.527354860297808,0.0
2024-02-11 00:00:00+00:00,RLCUSDT,2.1696,0.5375184365781711,32670101.78211,1406,2024-02-18 00:00:00+00:00,0.5375184365781711,2024-02-16 00:00:00+00:00,7,0.14833023562563707,0.055968583248396264,0.6235711651917404,-0.000869356676059696
2024-02-11 00:00:00+00:00,IOTXUSDT,0.04271,0.6043081245609927,7754852.400455,1406,2024-02-18 00:00:00+00:00,0.6043081245609927,2024-02-17 00:00:00+00:00,7,-0.1023058960887332,-0.08362521891418562,0.47014750643877323,-0.18374197314652652
2024-02-11 00:00:00+00:00,GALUSDT,2.2153,0.5818173610797635,12680581.3215,1406,2024-02-18 00:00:00+00:00,0.5818173610797635,2024-02-18 00:00:00+00:00,7,-0.019918954397579958,0.33000399520575296,1.1038234099219064,-0.16622909651275608
2024-02-11 00:00:00+00:00,GRTUSDT,0.1674,0.4267622461170848,26909424.261225,1406,2024-02-18 00:00:00+00:00,0.4267622461170848,2024-02-17 00:00:00+00:00,7,0.3411907553173672,0.563305978898007,1.2304659498207884,0.0
2024-02-11 00:00:00+00:00,PHBUSDT,0.99,0.41636363636363627,14022936.902399998,360,2024-02-17 00:00:00+00:00,0.41636363636363627,2024-02-16 00:00:00+00:00,6,0.38546569676223097,0.8913136499786052,1.6787878787878792,-0.02139495079161302
2024-02-11 00:00:00+00:00,CVXUSDT,3.104,0.4461984536082473,5127436.7395,1406,2024-02-18 00:00:00+00:00,0.4461984536082473,2024-02-18 00:00:00+00:00,7,0.07707730006683011,-0.18846068166629537,0.17364690721649478,-0.18846068166629537
2024-02-12 00:00:00+00:00,HBARUSDT,0.07966,0.40547326136078343,17770011.96876,1407,2024-02-19 00:00:00+00:00,0.40547326136078343,2024-02-19 00:00:00+00:00,7,0.04867809932118616,-0.004555198285101869,0.3990710519708762,-0.09431939978563775
2024-02-12 00:00:00+00:00,FETUSDT,0.6677,0.4681743297888272,39407536.52085,391,2024-02-19 00:00:00+00:00,0.4681743297888272,2024-02-18 00:00:00+00:00,7,0.7628277058043458,1.8046516372539019,3.117717537816385,0.0
2024-02-13 00:00:00+00:00,FILUSDT,5.493,0.4048789368286909,138814818.1717,1408,2024-02-20 00:00:00+00:00,0.4048789368286909,2024-02-19 00:00:00+00:00,7,0.15135415316832979,0.17001425424387717,0.6437283815765518,-0.06116366463651668
2024-02-13 00:00:00+00:00,XAIUSDT,1.0237,0.4092019146234249,225284194.5785,35,2024-02-20 00:00:00+00:00,0.4092019146234249,2024-02-19 00:00:00+00:00,7,-0.18445861638707883,-0.12948842367946767,0.22672658005274982,-0.24948010536531273
2024-02-13 00:00:00+00:00,ATAUSDT,0.0918,0.528322440087146,5358753.4057,1408,2024-02-20 00:00:00+00:00,0.528322440087146,2024-02-19 00:00:00+00:00,7,0.005702066999287103,0.17747683535281533,0.7995642701525054,-0.11475409836065575
2024-02-13 00:00:00+00:00,JASMYUSDT,0.005958,0.9279959718026185,11550155.938369,1408,2024-02-20 00:00:00+00:00,0.9279959718026185,2024-02-19 00:00:00+00:00,7,0.9283537912422739,0.8398189257421431,2.547163477677073,0.0
2024-02-15 00:00:00+00:00,SPELLUSDT,0.0005842,0.6800753166723723,4356178.8535636,1410,2024-02-22 00:00:00+00:00,0.6800753166723723,2024-02-22 00:00:00+00:00,7,0.34386143657666857,0.19052470708099856,1.0001711742553923,-0.21090168110035656
2024-02-16 00:00:00+00:00,UNIUSDT,7.448,0.5311493018259934,38173001.6305,1411,2024-02-23 00:00:00+00:00,0.5311493018259934,2024-02-23 00:00:00+00:00,7,0.2800771659066994,0.05655910206944936,0.6177497314715359,-0.06866011925640125
2024-02-18 00:00:00+00:00,XVGUSDT,0.003931,0.5642330195878913,3139875.3263235,228,2024-02-25 00:00:00+00:00,0.5642330195878913,2024-02-25 00:00:00+00:00,7,0.010082940315498501,0.0678159050252074,0.6703128974815569,-0.176451455521223
2024-02-19 00:00:00+00:00,1000PEPEUSDT,0.0012315,0.4696711327649208,75017331.77746205,290,2024-02-26 00:00:00+00:00,0.4696711327649208,2024-02-26 00:00:00+00:00,7,4.001105033427262,3.215094756616388,5.194803085667885,0.0
2024-02-19 00:00:00+00:00,DARUSDT,0.1541,0.5392602206359507,6887168.2259949995,1414,2024-02-26 00:00:00+00:00,0.5392602206359507,2024-02-26 00:00:00+00:00,7,0.11930860033726831,0.08600337268128166,0.6716417910447763,-0.19688026981450246
2024-02-19 00:00:00+00:00,THETAUSDT,1.2739,0.42727058638825643,16682290.29554,1414,2024-02-26 00:00:00+00:00,0.42727058638825643,2024-02-26 00:00:00+00:00,7,0.9079859201407985,0.6416235837641622,1.343041055027867,0.0
2024-02-20 00:00:00+00:00,1000FLOKIUSDT,0.03447,0.47896721787061214,9264187.664420001,290,2024-02-27 00:00:00+00:00,0.47896721787061214,2024-02-26 00:00:00+00:00,7,4.295606120047077,3.9507650058846613,6.322019147084421,0.0
2024-02-20 00:00:00+00:00,COMPUSDT,59.68,0.40733914209115274,19617291.824785,1415,2024-02-27 00:00:00+00:00,0.40733914209115274,2024-02-26 00:00:00+00:00,7,0.04452911060840581,-0.0567924752946779,0.3274128686327078,-0.20847719966662692
2024-02-20 00:00:00+00:00,WIFUSDT,0.3983,0.5310067788099424,130873296.81920001,33,2024-02-27 00:00:00+00:00,0.5310067788099424,2024-02-27 00:00:00+00:00,7,2.550508363397835,5.164972122007216,8.43861410996736,0.0
2024-02-20 00:00:00+00:00,GALAUSDT,0.02803,0.4680699250802711,65979266.924695,1415,2024-02-27 00:00:00+00:00,0.4680699250802711,2024-02-26 00:00:00+00:00,7,0.7054678007290403,0.6524908869987851,1.4259721726721373,-0.08383961117861483
2024-02-21 00:00:00+00:00,ALICEUSDT,1.3,0.4015384615384616,5302287.66155,1416,2024-02-26 00:00:00+00:00,0.4015384615384616,2024-02-25 00:00:00+00:00,5,0.25466520307354545,0.06092206366630082,0.486923076923077,-0.08946212952799126
2024-02-21 00:00:00+00:00,1000BONKUSDT,0.011768,0.6320530251529572,85466973.8213725,91,2024-02-28 00:00:00+00:00,0.6320530251529572,2024-02-27 00:00:00+00:00,7,0.6619806310527958,0.3719150265542017,1.2390380693405847,0.0
2024-02-22 00:00:00+00:00,PEOPLEUSDT,0.02881,0.6036098576883027,54592231.9999,1417,2024-02-29 00:00:00+00:00,0.6036098576883027,2024-02-29 00:00:00+00:00,7,0.11515151515151523,-0.15021645021645014,0.3627212773342592,-0.24545454545454537
2024-02-22 00:00:00+00:00,WAXPUSDT,0.06205,0.4778404512489929,3170294.95266,127,2024-02-29 00:00:00+00:00,0.4778404512489929,2024-02-28 00:00:00+00:00,7,0.04383860414394758,0.05430752453653209,0.5580983078162771,-0.19116684841875686
2024-02-23 00:00:00+00:00,BADGERUSDT,3.906,0.4383000512032771,5165506.9255,106,2024-03-01 00:00:00+00:00,0.4383000512032771,2024-03-01 00:00:00+00:00,7,-0.032751868992524025,0.2728729085083659,0.8307731694828469,-0.2246351014595942
2024-02-23 00:00:00+00:00,MEMEUSDT,0.026162,0.45925387967280784,32994391.974481,112,2024-03-01 00:00:00+00:00,0.45925387967280784,2024-02-27 00:00:00+00:00,7,0.18919768446970697,0.03701181339549975,0.5132635119639171,-0.1275113288105405
2024-02-23 00:00:00+00:00,DOGEUSDT,0.08457,0.6498758424973392,251944158.66953498,1418,2024-03-01 00:00:00+00:00,0.6498758424973392,2024-02-28 00:00:00+00:00,7,0.17322439618719998,0.5784419121335915,1.6042331796145204,-0.076399340643589
2024-02-23 00:00:00+00:00,1000SHIBUSDT,0.009526,0.7727272727272727,64303133.9009125,1418,2024-03-01 00:00:00+00:00,0.7727272727272727,2024-02-28 00:00:00+00:00,7,0.772606146740096,0.8224669864392731,2.2307369305059837,0.0
2024-02-23 00:00:00+00:00,CELOUSDT,0.779,0.5391527599486521,28581102.68265,1418,2024-03-01 00:00:00+00:00,0.5391527599486521,2024-02-26 00:00:00+00:00,7,0.09591326105087572,0.04003336113427869,0.6007702182284982,-0.17014178482068398
2024-02-23 00:00:00+00:00,TOKENUSDT,0.03471,0.49380581964851644,8845687.64032,112,2024-03-01 00:00:00+00:00,0.49380581964851644,2024-03-01 00:00:00+00:00,7,0.3836065573770491,2.4896817743490836,4.212906943244022,0.0
2024-02-23 00:00:00+00:00,TLMUSDT,0.016462,0.44891264730895397,4435465.995476499,1418,2024-03-01 00:00:00+00:00,0.44891264730895397,2024-02-26 00:00:00+00:00,7,0.19402985074626855,0.09340935770585257,0.58425464706597,-0.08158644977360408
2024-02-23 00:00:00+00:00,DGBUSDT,0.00987,0.43161094224924,2855971.69618,1418,2024-03-01 00:00:00+00:00,0.43161094224924,2024-02-25 00:00:00+00:00,7,0.10049539985845723,0.12172682236376509,0.6058763931104356,-0.11748053786270352
2024-02-24 00:00:00+00:00,LINAUSDT,0.00964,0.4087136929460582,18978110.698155,1419,2024-03-02 00:00:00+00:00,0.4087136929460582,2024-02-29 00:00:00+00:00,7,-0.06627393225331368,0.003681885125184081,0.4139004149377594,-0.1605301914580265
2024-02-24 00:00:00+00:00,DENTUSDT,0.001438,0.4095966620305982,4871359.2591005005,1419,2024-03-02 00:00:00+00:00,0.4095966620305982,2024-02-28 00:00:00+00:00,7,-0.10656142081894437,-0.09570794277257033,0.27468706536856735,-0.22150962012826847
2024-02-24 00:00:00+00:00,ENJUSDT,0.351,0.49743589743589745,8643474.2787,1419,2024-03-02 00:00:00+00:00,0.49743589743589745,2024-02-27 00:00:00+00:00,7,-0.020928462709284612,-0.10216894977168944,0.34444444444444455,-0.12671232876712313
2024-02-24 00:00:00+00:00,1000XECUSDT,0.03312,0.4281400966183577,7687331.20058,1419,2024-03-02 00:00:00+00:00,0.4281400966183577,2024-03-02 00:00:00+00:00,7,0.08942917547568707,0.4289640591966173,1.0407608695652173,-0.05137420718816066
2024-02-24 00:00:00+00:00,BICOUSDT,0.3869,0.40475575084001014,4387975.59245,149,2024-03-02 00:00:00+00:00,0.40475575084001014,2024-03-01 00:00:00+00:00,7,0.042134314627414904,0.3352345906163754,0.87567846988886,-0.11941122355105793
2024-02-24 00:00:00+00:00,BSVUSDT,75.72,0.4969624933967247,20797852.656,127,2024-03-02 00:00:00+00:00,0.4969624933967247,2024-03-02 00:00:00+00:00,7,-0.2638729598588443,-0.15677106307895894,0.2622820919175912,-0.3707101896779885
2024-02-24 00:00:00+00:00,HOTUSDT,0.002381,0.7593448131037381,8423266.980055,1419,2024-03-02 00:00:00+00:00,0.7593448131037381,2024-03-01 00:00:00+00:00,7,-0.1673430412986392,-0.22368106946765332,0.36581268374632514,-0.2769157316782048
2024-02-24 00:00:00+00:00,SLPUSDT,0.003727,0.636973437080762,7078584.9653315,116,2024-03-02 00:00:00+00:00,0.636973437080762,2024-03-01 00:00:00+00:00,7,-0.06818554335354854,-0.09309949188657596,0.4845720418567212,-0.0963776430093427
2024-02-24 00:00:00+00:00,BCHUSDT,267.95,0.8734838589289047,100883377.17547,1419,2024-03-02 00:00:00+00:00,0.8734838589289047,2024-03-02 00:00:00+00:00,7,-0.22571713147410355,0.2914940239043826,1.4195932076880018,-0.28555776892430285
2024-02-24 00:00:00+00:00,1000LUNCUSDT,0.12378,0.5278720310227825,68835572.14013,1419,2024-03-02 00:00:00+00:00,0.5278720310227825,2024-03-01 00:00:00+00:00,7,-0.239424703891709,-0.206324027072758,0.21263532073032798,-0.32682952622673433
2024-02-24 00:00:00+00:00,REEFUSDT,0.00179,0.4340782122905027,5464496.7651705,1419,2024-03-02 00:00:00+00:00,0.4340782122905027,2024-02-29 00:00:00+00:00,7,0.264121542656798,0.17023763147643178,0.6782122905027934,-0.04207245812232174
2024-02-24 00:00:00+00:00,OMGUSDT,0.7516,0.42895156998403405,8131715.8456999995,1419,2024-03-02 00:00:00+00:00,0.42895156998403405,2024-03-01 00:00:00+00:00,7,-0.011266294227188056,-0.027281191806331595,0.3899680681213411,-0.10912476722532594
2024-02-25 00:00:00+00:00,AUDIOUSDT,0.2434,0.48520953163516833,4697636.8178,1420,2024-03-03 00:00:00+00:00,0.48520953163516833,2024-03-01 00:00:00+00:00,7,-0.1875518672199169,-0.2710926694329183,0.08258011503697626,-0.3214384508990318
2024-02-25 00:00:00+00:00,1000RATSUSDT,0.25545,0.4418085731062831,49696691.05422,72,2024-03-03 00:00:00+00:00,0.4418085731062831,2024-03-01 00:00:00+00:00,7,-0.24601558469767315,-0.33805761450951655,-0.04560579369739681,-0.36996008796937363
2024-02-25 00:00:00+00:00,FTMUSDT,0.4186,0.6779741997133302,80179845.41685,1420,2024-03-03 00:00:00+00:00,0.6779741997133302,2024-03-02 00:00:00+00:00,7,0.21640091116173132,0.23021070615034156,1.06426182513139,-0.09851936218678825
2024-02-25 00:00:00+00:00,KLAYUSDT,0.2282,0.4000876424189308,10533610.9671,1420,2024-03-03 00:00:00+00:00,0.4000876424189308,2024-03-01 00:00:00+00:00,7,-0.15931142410015653,-0.24444444444444446,0.057843996494303385,-0.2732394366197184
2024-02-26 00:00:00+00:00,QTUMUSDT,3.437,0.5347686936281644,9887200.2185,1421,2024-03-04 00:00:00+00:00,0.5347686936281644,2024-03-02 00:00:00+00:00,7,-0.17611374407582947,-0.22199052132701425,0.19406459121326747,-0.2663507109004739
2024-02-26 00:00:00+00:00,ONEUSDT,0.02309,0.4811606756171505,10915497.726860002,1421,2024-03-04 00:00:00+00:00,0.4811606756171505,2024-03-02 00:00:00+00:00,7,-0.16023391812865506,-0.18771929824561406,0.20311823300129928,-0.22631578947368425
2024-02-26 00:00:00+00:00,1000SATSUSDT,0.0004984,0.4865569823434992,165987905.44483638,76,2024-03-04 00:00:00+00:00,0.4865569823434992,2024-03-02 00:00:00+00:00,7,-0.36428667836415163,-0.37980834120664053,-0.0780497592295345,-0.40558779862329597
2024-02-26 00:00:00+00:00,LEVERUSDT,0.0019409,0.4290792931114431,8455509.938746,333,2024-03-04 00:00:00+00:00,0.4290792931114431,2024-03-02 00:00:00+00:00,7,-0.1443919674081553,0.016548292893968197,0.45272811582255645,-0.22954897789955653
2024-02-26 00:00:00+00:00,CKBUSDT,0.014442,0.4384434288879657,119974574.88598001,363,2024-03-04 00:00:00+00:00,0.4384434288879657,2024-03-04 00:00:00+00:00,7,-0.16684316934629828,-0.18946760373543858,0.16590499930757496,-0.2008760951188986
2024-02-27 00:00:00+00:00,MTLUSDT,1.6525,0.5032980332829047,8008603.4157,1422,2024-03-05 00:00:00+00:00,0.5032980332829047,2024-03-04 00:00:00+00:00,7,-0.27050962080347796,-0.18847113758956602,0.21996974281391823,-0.27050962080347796
2024-02-27 00:00:00+00:00,LSKUSDT,1.4077,0.9563117141436386,15286594.4513,33,2024-03-05 00:00:00+00:00,0.9563117141436386,2024-03-04 00:00:00+00:00,7,-0.40822106830313376,-0.28900831547986483,0.3909213610854585,-0.40822106830313376
2024-02-27 00:00:00+00:00,STRAXUSDT,1.1273,0.412401312871463,9771605.4006,139,2024-03-05 00:00:00+00:00,0.412401312871463,2024-03-01 00:00:00+00:00,7,-0.10978520286396187,-0.10978520286396187,0.25734054821254326,-0.10978520286396187
2024-02-27 00:00:00+00:00,LUNA2USDT,0.7052,0.6854792966534318,20157223.5106,1422,2024-03-05 00:00:00+00:00,0.6854792966534318,2024-03-02 00:00:00+00:00,7,-0.317095742890796,-0.2155477031802121,0.3221781055019852,-0.317095742890796
2024-02-28 00:00:00+00:00,ONDOUSDT,0.4061,0.42452597882295007,114676636.631915,39,2024-03-06 00:00:00+00:00,0.42452597882295007,2024-03-01 00:00:00+00:00,7,0.13621434745030236,0.3363872082973207,0.9037182959862102,-0.23146067415730343
2024-02-28 00:00:00+00:00,RSRUSDT,0.003481,0.8891123240448147,8539862.245221,1423,2024-03-06 00:00:00+00:00,0.8891123240448147,2024-03-03 00:00:00+00:00,7,-0.09154501216545008,0.4758211678832116,1.7879919563343867,-0.2320559610705597
2024-02-28 00:00:00+00:00,NEARUSDT,3.903,0.511913912375096,180708747.22,1423,2024-03-06 00:00:00+00:00,0.511913912375096,2024-03-06 00:00:00+00:00,7,0.17200474495848161,0.2248771394678868,0.8519087881117089,-0.0630401626842908
2024-02-28 00:00:00+00:00,ZRXUSDT,0.369,0.43821138211382094,17194917.832820002,1423,2024-03-06 00:00:00+00:00,0.43821138211382094,2024-03-04 00:00:00+00:00,7,1.271528170341059,0.232146221970982,0.7720867208672089,-0.02769926512153742
2024-02-29 00:00:00+00:00,MDTUSDT,0.07554,0.5341540905480542,12876278.932574999,244,2024-03-07 00:00:00+00:00,0.5341540905480542,2024-03-01 00:00:00+00:00,7,-0.11830183794978,-0.10095780481491068,0.3792692613185069,-0.1846578652170161
2024-02-29 00:00:00+00:00,AMBUSDT,0.010259,0.5847548494005264,11092889.992816001,336,2024-03-07 00:00:00+00:00,0.5847548494005264,2024-03-03 00:00:00+00:00,7,-0.25162996678558247,-0.23120925083036048,0.21834486792084995,-0.293763070488375
2024-02-29 00:00:00+00:00,EOSUSDT,0.863,0.45422943221320966,98786486.9496,1424,2024-03-07 00:00:00+00:00,0.45422943221320966,2024-03-02 00:00:00+00:00,7,-0.19203187250996012,-0.1872509960159362,0.18192352259559685,-0.2756972111553784
2024-03-02 00:00:00+00:00,RUNEUSDT,5.768,0.43394590846047176,66242476.86,1426,2024-03-09 00:00:00+00:00,0.43394590846047176,2024-03-07 00:00:00+00:00,7,-0.02333454237697996,-0.05851771248942095,0.3500346740638003,-0.11401281586265266
2024-03-02 00:00:00+00:00,RNDRUSDT,7.6676,0.6201940633314205,147228678.30974,393,2024-03-09 00:00:00+00:00,0.6201940633314205,2024-03-06 00:00:00+00:00,7,-0.14087579489656277,-0.1696289141109233,0.345362303719547,-0.2566610319568542
2024-03-02 00:00:00+00:00,NMRUSDT,34.27,0.5278669390137145,36750678.509,254,2024-03-09 00:00:00+00:00,0.5278669390137145,2024-03-09 00:00:00+00:00,7,-0.35122230710466007,-0.31951871657754005,0.03968485555879786,-0.3970588235294118
2024-03-03 00:00:00+00:00,YGGUSDT,0.6932,0.5630409694171954,17337042.3116,211,2024-03-10 00:00:00+00:00,0.5630409694171954,2024-03-09 00:00:00+00:00,7,-0.13013382556529762,0.1962159667743426,0.869734564339296,-0.33557914167051217
2024-03-03 00:00:00+00:00,EDUUSDT,0.875,0.44434285714285715,16748415.68155,308,2024-03-10 00:00:00+00:00,0.44434285714285715,2024-03-10 00:00:00+00:00,7,-0.12240860895711347,-0.30590283272669727,0.002514285714285691,-0.30590283272669727
2024-03-03 00:00:00+00:00,IDUSDT,0.6544,1.0525672371638142,74865155.57804999,346,2024-03-10 00:00:00+00:00,1.0525672371638142,2024-03-08 00:00:00+00:00,7,-0.16118225134008335,-0.3195354377605717,0.3966992665036675,-0.3518463371054198
2024-03-03 00:00:00+00:00,BNXUSDT,0.3644,0.5779363336992316,4888100.179485,1427,2024-03-10 00:00:00+00:00,0.5779363336992316,2024-03-09 00:00:00+00:00,7,-0.1460869565217391,0.16139130434782611,0.832601536772777,-0.19095652173913036
2024-03-04 00:00:00+00:00,NFPUSDT,0.7718,0.4593158849442862,66108022.69345,68,2024-03-09 00:00:00+00:00,0.4593158849442862,2024-03-07 00:00:00+00:00,5,-0.3294859273728137,-0.33312616532007466,-0.026820419797875195,-0.4164077066500933
2024-03-04 00:00:00+00:00,MANTAUSDT,2.7444,0.40726570470776835,230507089.626055,46,2024-03-11 00:00:00+00:00,0.40726570470776835,2024-03-07 00:00:00+00:00,7,-0.17172004867818025,-0.2865539473343518,0.004008162075499033,-0.29924134538204605
2024-03-05 00:00:00+00:00,ARPAUSDT,0.06644,0.6434376881396748,13895692.729910001,1429,2024-03-12 00:00:00+00:00,0.6434376881396748,2024-03-11 00:00:00+00:00,7,-0.16521659492627527,-0.09039289312208065,0.49488260084286595,-0.3500320542174191
2024-03-05 00:00:00+00:00,ANKRUSDT,0.0377,0.5458885941644562,27099485.10835,1429,2024-03-12 00:00:00+00:00,0.5458885941644562,2024-03-07 00:00:00+00:00,7,-0.026080988332189414,0.0010295126973234314,0.5474801061007959,-0.2918668496911462
2024-03-05 00:00:00+00:00,AVAXUSDT,39.437,0.40870248751172755,395018865.541,1429,2024-03-12 00:00:00+00:00,0.40870248751172755,2024-03-11 00:00:00+00:00,7,0.004878048780487809,-0.17083970839708396,0.1680401653269772,-0.18392583925839256
2024-03-05 00:00:00+00:00,JUPUSDT,0.578,0.42352941176470593,167918155.58789998,34,2024-03-12 00:00:00+00:00,0.42352941176470593,2024-03-07 00:00:00+00:00,7,0.633082158483228,0.538648517258143,1.1903114186851211,0.0
2024-03-05 00:00:00+00:00,FRONTUSDT,0.6484,0.45450339296730435,13330948.8608,165,2024-03-12 00:00:00+00:00,0.45450339296730435,2024-03-07 00:00:00+00:00,7,0.3768423284911462,0.18386173258403127,0.721930906847625,0.0
2024-03-05 00:00:00+00:00,CAKEUSDT,3.0215,0.4066192288598378,21661581.374300003,124,2024-03-12 00:00:00+00:00,0.4066192288598378,2024-03-09 00:00:00+00:00,7,0.03446977718171351,-0.12397355356344553,0.23223564454741008,-0.14263193807204533
2024-03-05 00:00:00+00:00,MKRUSDT,1997.0,0.4123184777165749,30618007.8194,1429,2024-03-10 00:00:00+00:00,0.4123184777165749,2024-03-09 00:00:00+00:00,5,0.11895475819032764,0.20415543894483035,0.7006509764646969,-0.07467025953765416
2024-03-05 00:00:00+00:00,PYTHUSDT,0.5982,0.46807087930458047,112826059.6822,104,2024-03-12 00:00:00+00:00,0.46807087930458047,2024-03-10 00:00:00+00:00,7,0.07970849464814411,-0.12741972215896147,0.28100969575392853,-0.12741972215896147
2024-03-05 00:00:00+00:00,JOEUSDT,0.5055,0.5588526211671614,9239337.1435,342,2024-03-12 00:00:00+00:00,0.5588526211671614,2024-03-11 00:00:00+00:00,7,0.2536802030456853,-0.038071065989847774,0.49950544015825926,-0.06776649746192898
2024-03-05 00:00:00+00:00,GLMRUSDT,0.4516,0.5186005314437554,10136268.58525,161,2024-03-11 00:00:00+00:00,0.5186005314437554,2024-03-11 00:00:00+00:00,6,-0.20880723242927968,-0.3569553805774278,-0.02347209920283433,-0.39049285505978415
2024-03-05 00:00:00+00:00,ACHUSDT,0.02612,0.5294027565084225,17575212.0013775,377,2024-03-12 00:00:00+00:00,0.5294027565084225,2024-03-07 00:00:00+00:00,7,0.1490187243416441,-0.163863021928507,0.27879019908116387,-0.177931310703915
2024-03-05 00:00:00+00:00,HIFIUSDT,0.7021,0.7635664435265632,14467872.1598,171,2024-03-12 00:00:00+00:00,0.7635664435265632,2024-03-11 00:00:00+00:00,7,0.09214989500888393,-0.09748021321272815,0.5916536105967811,-0.32191891455338395
2024-03-05 00:00:00+00:00,FLOWUSDT,1.123,0.4657168299198575,33131576.1853,1429,2024-03-12 00:00:00+00:00,0.4657168299198575,2024-03-09 00:00:00+00:00,7,-0.12272174969623328,-0.2776427703523693,0.058771148708815835,-0.29283110571081405
2024-03-06 00:00:00+00:00,BNBUSDT,429.64,0.4687179964621544,387108851.41797,1430,2024-03-13 00:00:00+00:00,0.4687179964621544,2024-03-10 00:00:00+00:00,7,-0.08909384805552922,-0.05676523723495286,0.38534587096173545,-0.19501759056765233
2024-03-06 00:00:00+00:00,SSVUSDT,36.39,0.5166254465512503,23041601.66735,376,2024-03-13 00:00:00+00:00,0.5166254465512503,2024-03-13 00:00:00+00:00,7,0.07483239717340107,-0.2643957238630187,0.11563616378125863,-0.2643957238630187
2024-03-07 00:00:00+00:00,RONINUSDT,3.076,0.43237971391417407,39028548.76415,30,2024-03-13 00:00:00+00:00,0.43237971391417407,2024-03-09 00:00:00+00:00,6,-0.04927371765773936,-0.2766681797548797,0.03608582574772434,-0.2766681797548797
2024-03-07 00:00:00+00:00,LRCUSDT,0.3653,0.4774158226115519,18004739.76725,1431,2024-03-14 00:00:00+00:00,0.4774158226115519,2024-03-14 00:00:00+00:00,7,-0.2701500833796554,-0.5454882342041876,-0.32849712565015066,-0.5454882342041876
2024-03-08 00:00:00+00:00,KEYUSDT,0.008506,0.5336233247119679,24313155.523874998,289,2024-03-15 00:00:00+00:00,0.5336233247119679,2024-03-15 00:00:00+00:00,7,-0.16412418551169017,-0.47228823303947864,-0.190688925464378,-0.5218091222690686
2024-03-14 00:00:00+00:00,OMUSDT,0.39205,1.1243463843897463,20142685.429744497,30,2024-03-18 00:00:00+00:00,1.1243463843897463,2024-03-17 00:00:00+00:00,4,-0.1963018550759441,-0.18290208320826074,0.7357990052289249,-0.3384523023353545
2024-03-14 00:00:00+00:00,POLYXUSDT,0.27445,0.4881034796866459,18961172.727080002,141,2024-03-21 00:00:00+00:00,0.4881034796866459,2024-03-20 00:00:00+00:00,7,0.35998139124899,0.15131852794985434,0.7132811076698851,-0.05026811292573641
2024-03-16 00:00:00+00:00,TRUUSDT,0.07452,0.46188942565754143,14658134.484469999,375,2024-03-23 00:00:00+00:00,0.46188942565754143,2024-03-20 00:00:00+00:00,7,0.3470717826326417,0.22709748485404813,0.793880837359098,-0.17771250229484115
2024-03-17 00:00:00+00:00,IDEXUSDT,0.07998,0.46986746686671665,9815400.159850001,319,2024-03-24 00:00:00+00:00,0.46986746686671665,2024-03-24 00:00:00+00:00,7,-0.24608710445729842,-0.4219972779857094,-0.15041260315078764,-0.532408982647159
2024-03-18 00:00:00+00:00,ICPUSDT,12.381,0.42710604959211707,118894839.8515,1442,2024-03-25 00:00:00+00:00,0.42710604959211707,2024-03-24 00:00:00+00:00,7,0.007810289207085708,-0.22468730545022364,0.10645343671755114,-0.3292772652668515
2024-03-18 00:00:00+00:00,PENDLEUSDT,2.5932,0.5462363103501464,34490031.0643,234,2024-03-25 00:00:00+00:00,0.5462363103501464,2024-03-23 00:00:00+00:00,7,0.6114422525375967,0.5664762949846625,1.4221425266080518,0.0
2024-03-18 00:00:00+00:00,DUSKUSDT,0.31855,0.7882906921990269,14105146.60309,1442,2024-03-25 00:00:00+00:00,0.7882906921990269,2024-03-21 00:00:00+00:00,7,-0.09553066741565153,-0.3770143594424745,0.11407942238267132,-0.4404030474318015
2024-03-19 00:00:00+00:00,STPTUSDT,0.05921,0.40314136125654465,9786258.735055,153,2024-03-26 00:00:00+00:00,0.40314136125654465,2024-03-24 00:00:00+00:00,7,-0.17910447761194037,-0.31668271545498317,-0.04120925519337948,-0.38432835820895517
2024-03-19 00:00:00+00:00,STMXUSDT,0.00918,0.4488017429193898,32541124.124454997,1443,2024-03-26 00:00:00+00:00,0.4488017429193898,2024-03-25 00:00:00+00:00,7,-0.20827067669172927,-0.4045112781954887,-0.13725490196078438,-0.4766917293233083
2024-03-19 00:00:00+00:00,TUSDT,0.03121,0.9685998077539251,17690498.910329998,412,2024-03-26 00:00:00+00:00,0.9685998077539251,2024-03-23 00:00:00+00:00,7,-0.18424479166666674,-0.43098958333333337,0.12015379685998062,-0.4716796875
2024-03-19 00:00:00+00:00,ALTUSDT,0.45026,0.4174476968862435,166236844.12665498,54,2024-03-26 00:00:00+00:00,0.4174476968862435,2024-03-25 00:00:00+00:00,7,-0.0803798063363731,-0.3948168343204538,-0.14218451561320122,-0.4165021465952179
2024-03-19 00:00:00+00:00,CFXUSDT,0.35919,0.4392104457251038,110353126.68165,393,2024-03-24 00:00:00+00:00,0.4392104457251038,2024-03-22 00:00:00+00:00,5,-0.3003965567269562,-0.5095657220234067,-0.2941618641944376,-0.5831318309314247
2024-03-19 00:00:00+00:00,BLZUSDT,0.30763,0.46663199297857827,22864677.456115,1443,2024-03-26 00:00:00+00:00,0.46663199297857827,2024-03-25 00:00:00+00:00,7,-0.06655880136530878,-0.2086307017155017,0.1606475311250526,-0.3009663548916176
2024-03-19 00:00:00+00:00,CHRUSDT,0.3285,0.49710806697108056,30636834.4034,1443,2024-03-25 00:00:00+00:00,0.49710806697108056,2024-03-21 00:00:00+00:00,6,-0.048393655957706394,-0.36051240341602275,-0.0426179604261796,-0.3867425782838553
2024-03-19 00:00:00+00:00,RVNUSDT,0.02328,0.6645189003436427,21215663.203149997,1443,2024-03-26 00:00:00+00:00,0.6645189003436427,2024-03-25 00:00:00+00:00,7,0.06245161290322576,-0.12051612903225806,0.463917525773196,-0.2745806451612903
2024-03-19 00:00:00+00:00,LDOUSDT,2.3104,0.43369113573407203,93628848.1749,1443,2024-03-25 00:00:00+00:00,0.43369113573407203,2024-03-21 00:00:00+00:00,6,-0.10825987199613563,-0.39445719116048783,-0.13183864265927991,-0.442851104939017
2024-03-19 00:00:00+00:00,SNXUSDT,3.56,0.4351123595505617,62303545.677949995,1443,2024-03-25 00:00:00+00:00,0.4351123595505617,2024-03-21 00:00:00+00:00,6,-0.15286748874535128,-0.44079076140144835,-0.19747191011235954,-0.4548835388530045
2024-03-21 00:00:00+00:00,WIFUSDT,2.2879,0.6431662222999257,854776523.909675,63,2024-03-28 00:00:00+00:00,0.6431662222999257,2024-03-24 00:00:00+00:00,7,-0.07987976804809283,-0.2645368941852423,0.20848813322260584,-0.380858647656541
2024-03-22 00:00:00+00:00,ETHWUSDT,3.546,0.44190637337845473,13185930.0345,115,2024-03-29 00:00:00+00:00,0.44190637337845473,2024-03-26 00:00:00+00:00,7,-0.16878544885585767,-0.22530803833365942,0.11703327693175414,-0.3072560140817525
2024-03-22 00:00:00+00:00,GMTUSDT,0.2859,0.4050367261280168,150010927.6373,1446,2024-03-29 00:00:00+00:00,0.4050367261280168,2024-03-26 00:00:00+00:00,7,-0.3953198904655215,-0.4080159322877769,-0.1682406435816718,-0.42345033607169524
2024-03-25 00:00:00+00:00,XVGUSDT,0.006255,0.630695443645084,18696959.3818455,264,2024-04-01 00:00:00+00:00,0.630695443645084,2024-04-01 00:00:00+00:00,7,-0.4343137254901961,-0.526764705882353,-0.22829736211031182,-0.5297058823529412
2024-03-25 00:00:00+00:00,JTOUSDT,3.1384,0.40425057354065763,131717338.52525,108,2024-04-01 00:00:00+00:00,0.40425057354065763,2024-03-31 00:00:00+00:00,7,-0.3939552086406026,-0.2680901272945928,0.027784858526637812,-0.40219191758752926
2024-03-26 00:00:00+00:00,BCHUSDT,479.72,0.41661802718252305,444476163.81161,1450,2024-03-31 00:00:00+00:00,0.41661802718252305,2024-03-29 00:00:00+00:00,5,-0.2274640218958769,-0.36198828688307494,-0.09618110564495963,-0.36198828688307494
2024-03-27 00:00:00+00:00,BICOUSDT,0.5479,0.48749771856178103,18270645.89565,181,2024-04-03 00:00:00+00:00,0.48749771856178103,2024-03-29 00:00:00+00:00,7,-0.383680981595092,-0.42233128834355826,-0.14071910932651954,-0.4694478527607362
2024-03-27 00:00:00+00:00,LQTYUSDT,1.3685,0.4112531969309463,15970018.40941,383,2024-03-31 00:00:00+00:00,0.4112531969309463,2024-03-31 00:00:00+00:00,4,-0.460518821519184,-0.48164448816859107,-0.2684691267811472,-0.5109511727851705
2024-03-27 00:00:00+00:00,BELUSDT,0.9536,0.5880872483221475,17537832.353,1451,2024-04-03 00:00:00+00:00,0.5880872483221475,2024-04-03 00:00:00+00:00,7,-0.408148441627047,-0.4723983095615425,-0.1621224832214765,-0.49630216587427356
2024-04-01 00:00:00+00:00,ATAUSDT,0.173,0.4358381502890174,21117794.376649998,1456,2024-04-04 00:00:00+00:00,0.4358381502890174,2024-04-04 00:00:00+00:00,3,-0.4146537842190017,-0.2093397745571659,0.1352601156069364,-0.4690016103059582
2024-04-01 00:00:00+00:00,LEVERUSDT,0.002638,0.47410917361637606,28513062.1467693,368,2024-04-08 00:00:00+00:00,0.47410917361637606,2024-04-06 00:00:00+00:00,7,-0.2259366883534344,-0.1102167819579809,0.3116376042456406,-0.3877388330290329
2024-04-01 00:00:00+00:00,CKBUSDT,0.018766,0.7004689331770222,79805738.38936901,398,2024-04-08 00:00:00+00:00,0.7004689331770222,2024-04-06 00:00:00+00:00,7,-0.37178402431763347,-0.45507818620538365,-0.0733773846317809,-0.5132712857635298
2024-04-02 00:00:00+00:00,NEOUSDT,14.477,0.5010015887269461,48015689.163865,1457,2024-04-08 00:00:00+00:00,0.5010015887269461,2024-04-08 00:00:00+00:00,6,-0.09001380579843532,-0.29958582604693973,0.05132278787041522,-0.29958582604693973
2024-04-04 00:00:00+00:00,TONUSDT,5.0986,0.42323382889420613,74336765.99092,34,2024-04-11 00:00:00+00:00,0.42323382889420613,2024-04-08 00:00:00+00:00,7,-0.2562943567835734,-0.050106800799283424,0.35192013493900287,-0.3274167987321711
2024-04-04 00:00:00+00:00,ONGUSDT,0.39763,0.44118904509217116,8429725.13985,129,2024-04-11 00:00:00+00:00,0.44118904509217116,2024-04-11 00:00:00+00:00,7,0.14085785083586355,-0.09644714340557714,0.30219047858561976,-0.3325131748857013
2024-04-13 00:00:00+00:00,PHBUSDT,1.3539,0.502178890612305,16526997.11825,422,2024-04-20 00:00:00+00:00,0.502178890612305,2024-04-16 00:00:00+00:00,7,-0.14932638410856514,0.28060772937358647,0.923701898219957,-0.23463467400924376
2024-04-13 00:00:00+00:00,ACHUSDT,0.023488,0.48416212534059966,28837759.634182498,416,2024-04-20 00:00:00+00:00,0.48416212534059966,2024-04-16 00:00:00+00:00,7,-0.14228341939185318,-0.10160642570281131,0.33336171662125347,-0.27335054503729206
2024-04-13 00:00:00+00:00,LPTUSDT,10.949,0.4655219654762992,40504662.55865,1468,2024-04-20 00:00:00+00:00,0.4655219654762992,2024-04-18 00:00:00+00:00,7,-0.14913374049607375,0.2998255016826623,0.904922824002192,-0.2294029664713947
2024-04-13 00:00:00+00:00,ARKMUSDT,1.421,0.4231527093596059,85001084.89344999,260,2024-04-20 00:00:00+00:00,0.4231527093596059,2024-04-19 00:00:00+00:00,7,0.1326212728081888,0.2823023290313009,0.8249120337790288,-0.05711318795430942
2024-04-13 00:00:00+00:00,MYROUSDT,0.12824,0.42810355583281345,105920052.65373,39,2024-04-20 00:00:00+00:00,0.42810355583281345,2024-04-14 00:00:00+00:00,7,-0.07071093152779284,0.03418150049142743,0.4769182782283221,-0.26007426012886325
2024-04-15 00:00:00+00:00,MAVIAUSDT,2.8534,0.6175089367070863,18934965.81789,54,2024-04-22 00:00:00+00:00,0.6175089367070863,2024-04-20 00:00:00+00:00,7,-0.19287602374658752,-0.3212939290202367,0.0978131352071212,-0.3304372318758938
2024-04-15 00:00:00+00:00,ONTUSDT,0.3181,0.4621188305564288,19949704.823575,1470,2024-04-22 00:00:00+00:00,0.4621188305564288,2024-04-21 00:00:00+00:00,7,-0.24317351107288765,-0.3207912276929692,-0.006916064130776389,-0.37690819178671253
2024-04-15 00:00:00+00:00,1000BONKUSDT,0.014668,0.4202345241341696,133207937.765119,145,2024-04-21 00:00:00+00:00,0.4202345241341696,2024-04-20 00:00:00+00:00,6,0.2646889400921659,0.5813652073732718,1.2459094627761114,-0.029329877112135194
2024-04-16 00:00:00+00:00,1000PEPEUSDT,0.0054015,0.4212533555493845,882412002.0612082,347,2024-04-23 00:00:00+00:00,0.4212533555493845,2024-04-22 00:00:00+00:00,7,0.02939988797561499,0.9460459299977855,1.7658243080625753,-0.13152444346025094
2024-04-16 00:00:00+00:00,HBARUSDT,0.07987,0.9474145486415428,39731402.51645,1471,2024-04-23 00:00:00+00:00,0.9474145486415428,2024-04-23 00:00:00+00:00,7,-0.3066735244953067,-0.2994085122797995,0.3643420558407413,-0.3977111996913978
2024-04-16 00:00:00+00:00,ARUSDT,24.564,0.43421266894642563,59244442.10245,1471,2024-04-22 00:00:00+00:00,0.43421266894642563,2024-04-20 00:00:00+00:00,6,0.1291796764121489,0.27181379506102754,0.8240514574173585,-0.1873403349418109
2024-04-17 00:00:00+00:00,1000FLOKIUSDT,0.13324,0.45144100870609427,217609647.56036,347,2024-04-23 00:00:00+00:00,0.45144100870609427,2024-04-20 00:00:00+00:00,6,-0.1145353947980764,0.17126014788768806,0.700015010507355,-0.1925642484099488
2024-04-17 00:00:00+00:00,1000RATSUSDT,0.12286,0.4013511313690379,74396102.048845,124,2024-04-20 00:00:00+00:00,0.4013511313690379,2024-04-20 00:00:00+00:00,3,-0.24214439217052897,-0.148632165882558,0.1930652775516848,-0.36243247952604973
2024-04-17 00:00:00+00:00,1000SATSUSDT,0.0002548,0.47605965463108313,117046032.40514061,127,2024-04-20 00:00:00+00:00,0.47605965463108313,2024-04-20 00:00:00+00:00,3,-0.2520606221749534,-0.18665248604094653,0.2005494505494505,-0.3265089072055305
2024-04-17 00:00:00+00:00,BNXUSDT,0.6776,0.4422963400236126,22057467.011955,1472,2024-04-24 00:00:00+00:00,0.4422963400236126,2024-04-22 00:00:00+00:00,7,-0.017497186125038255,0.3999795354548248,1.0191853600944514,-0.13516832088406838
2024-04-17 00:00:00+00:00,HIGHUSDT,2.2649,0.4400635789659588,29024000.51821,435,2024-04-24 00:00:00+00:00,0.4400635789659588,2024-04-22 00:00:00+00:00,7,0.27112460142261474,0.3513306352710326,0.9460020309947459,0.0
2024-04-28 00:00:00+00:00,TRBUSDT,57.267,0.5780641556219113,49420259.8645,1483,2024-05-05 00:00:00+00:00,0.5780641556219113,2024-05-02 00:00:00+00:00,7,0.2917639508249328,0.14638545551117055,0.8090697958684756,0.0
2024-04-28 00:00:00+00:00,ZETAUSDT,1.1718,0.47149684246458445,18027129.5305,86,2024-05-05 00:00:00+00:00,0.47149684246458445,2024-05-03 00:00:00+00:00,7,-0.0812503624659281,-0.22693266832917702,0.13756613756613767,-0.24148930000579938
2024-04-29 00:00:00+00:00,FRONTUSDT,0.8907,0.41226002020882446,40631489.8973,220,2024-05-06 00:00:00+00:00,0.41226002020882446,2024-05-05 00:00:00+00:00,7,0.053183877891724185,0.3030447571349073,0.8402380150443471,-0.10779871213927972
2024-04-30 00:00:00+00:00,RNDRUSDT,7.3335,0.4029862957660053,106236491.62861499,452,2024-05-07 00:00:00+00:00,0.4029862957660053,2024-05-04 00:00:00+00:00,7,0.08886361869217008,0.009009797060881786,0.4156269175700553,-0.038954980172614895
2024-05-02 00:00:00+00:00,UMAUSDT,2.579,0.5172547499030631,14075017.112,358,2024-05-09 00:00:00+00:00,0.5172547499030631,2024-05-08 00:00:00+00:00,7,-0.14464605162279576,-0.22182468694096602,0.1806901899961224,-0.22182468694096602
2024-05-08 00:00:00+00:00,PEOPLEUSDT,0.0251,1.0207171314741035,32204131.766795002,1493,2024-05-15 00:00:00+00:00,1.0207171314741035,2024-05-11 00:00:00+00:00,7,0.5654574132492114,1.2951498422712935,3.6378486055776893,-0.12361987381703465
2024-05-12 00:00:00+00:00,RSRUSDT,0.005984,0.4189505347593585,26012782.5844275,1497,2024-05-18 00:00:00+00:00,0.4189505347593585,2024-05-17 00:00:00+00:00,6,0.010010599458250002,-0.32328347662230594,-0.03977272727272718,-0.32328347662230594
2024-05-13 00:00:00+00:00,UNFIUSDT,3.49,0.46246418338108874,19286125.95195,1498,2024-05-20 00:00:00+00:00,0.46246418338108874,2024-05-19 00:00:00+00:00,7,-0.14909874608150475,-0.12715517241379315,0.27650429799426934,-0.2991771159874609
2024-05-13 00:00:00+00:00,METISUSDT,56.43,0.402268297005139,9794245.26595,62,2024-05-20 00:00:00+00:00,0.402268297005139,2024-05-20 00:00:00+00:00,7,-0.04612662706937942,-0.3284468595981296,-0.05830232146021619,-0.33122709465436617
2024-05-13 00:00:00+00:00,PENDLEUSDT,3.9281,0.5335913036837148,96183123.63870001,290,2024-05-20 00:00:00+00:00,0.5335913036837148,2024-05-17 00:00:00+00:00,7,0.0052787968327219215,-0.033233180060091905,0.4826251877498027,-0.18314769011138599
2024-05-14 00:00:00+00:00,UNIUSDT,6.781,0.4247161185665831,74373072.31400001,1499,2024-05-21 00:00:00+00:00,0.4247161185665831,2024-05-20 00:00:00+00:00,7,0.18755822378635756,0.03747024117586162,0.4781005751364107,-0.07152468688541547
2024-05-14 00:00:00+00:00,ENSUSDT,13.332,0.6088358835883589,30188966.6668,1499,2024-05-21 00:00:00+00:00,0.6088358835883589,2024-05-20 00:00:00+00:00,7,0.16686092591729196,0.21394936826891686,0.953045304530453,-0.097300573453308
2024-05-14 00:00:00+00:00,FTMUSDT,0.6417,0.44070437899329895,196021522.67675,1499,2024-05-20 00:00:00+00:00,0.44070437899329895,2024-05-16 00:00:00+00:00,6,-0.12882639264467277,-0.41860465116279066,-0.16238117500389604,-0.4217414818820985
2024-05-15 00:00:00+00:00,EDUUSDT,0.5266,0.7014812001519182,7842465.06795,381,2024-05-22 00:00:00+00:00,0.7014812001519182,2024-05-21 00:00:00+00:00,7,-0.03984375000000007,-0.3376116071428571,0.12704139764527178,-0.3475446428571428
2024-05-16 00:00:00+00:00,1000PEPEUSDT,0.0100336,0.48895710413012283,997672108.7579861,377,2024-05-23 00:00:00+00:00,0.48895710413012283,2024-05-21 00:00:00+00:00,7,-0.03880960668290989,-0.23584299445768298,0.13779700207303458,-0.2661048488580686
2024-05-16 00:00:00+00:00,ETHFIUSDT,3.23,0.5517027863777089,175983470.791,59,2024-05-23 00:00:00+00:00,0.5517027863777089,2024-05-20 00:00:00+00:00,7,-0.035315243415801945,-0.3290103750997605,0.04117647058823537,-0.3477653631284915
2024-05-16 00:00:00+00:00,1000BONKUSDT,0.023869,0.47547027525241936,297153123.56630397,176,2024-05-23 00:00:00+00:00,0.47547027525241936,2024-05-20 00:00:00+00:00,7,-0.09642796297347933,-0.41410642285195076,-0.1355314424567431,-0.42194332443636773
2024-05-18 00:00:00+00:00,MYROUSDT,0.1813,0.4268063982349699,40207556.070005,74,2024-05-25 00:00:00+00:00,0.4268063982349699,2024-05-23 00:00:00+00:00,7,-0.18130508736663065,-0.45558218648523274,-0.22322118036403737,-0.500695840420597
2024-05-18 00:00:00+00:00,BNXUSDT,0.9976,0.40276663993584605,70910382.29314,1503,2024-05-25 00:00:00+00:00,0.40276663993584605,2024-05-22 00:00:00+00:00,7,-0.18479348292125197,-0.276975846791482,0.014234161988773142,-0.3342146634271831
2024-05-19 00:00:00+00:00,OMNIUSDT,13.757,0.4497346805262774,46396219.11268,32,2024-05-26 00:00:00+00:00,0.4497346805262774,2024-05-25 00:00:00+00:00,7,-0.17283393501805056,-0.2841456077015644,0.03779893872210516,-0.33914961893301243
2024-05-19 00:00:00+00:00,LDOUSDT,1.7266,0.4863894358855554,40922262.51315,1504,2024-05-26 00:00:00+00:00,0.4863894358855554,2024-05-20 00:00:00+00:00,7,-0.2666770573566085,-0.0914120947630922,0.35051546391752586,-0.2863544264339152
2024-05-21 00:00:00+00:00,TRUUSDT,0.12794,0.4556041894638112,17143445.418619998,441,2024-05-28 00:00:00+00:00,0.4556041894638112,2024-05-26 00:00:00+00:00,7,0.053160070880094557,-0.2713311496536541,0.060653431295919935,-0.30349567738817596
2024-05-21 00:00:00+00:00,HIGHUSDT,4.1034,0.5827850075547107,103575844.96181,469,2024-05-28 00:00:00+00:00,0.5827850075547107,2024-05-27 00:00:00+00:00,7,-0.5280378148672784,-0.691291494734249,-0.5113808061607448,-0.7053642914331465
2024-05-22 00:00:00+00:00,AUCTIONUSDT,16.562,0.46123656563216997,9561419.334855,159,2024-05-29 00:00:00+00:00,0.46123656563216997,2024-05-29 00:00:00+00:00,7,-0.11272261476798484,-0.33077145572497,-0.022098780340538582,-0.3537457129870666
2024-05-23 00:00:00+00:00,JASMYUSDT,0.020669,0.49426677633170435,45181745.3104645,1508,2024-05-30 00:00:00+00:00,0.49426677633170435,2024-05-26 00:00:00+00:00,7,0.11086287841994502,-0.09027035777885706,0.3593787798151822,-0.09027035777885706
2024-05-23 00:00:00+00:00,STGUSDT,0.4914,0.47150997150997154,8892126.1584,1508,2024-05-30 00:00:00+00:00,0.47150997150997154,2024-05-30 00:00:00+00:00,7,-0.2595768220163186,-0.4964735168026553,-0.25905575905575906,-0.4964735168026553
2024-05-23 00:00:00+00:00,KEYUSDT,0.006926,0.401819231879873,7236112.42348,365,2024-05-28 00:00:00+00:00,0.401819231879873,2024-05-28 00:00:00+00:00,5,-0.3408177979194562,-0.37810279122463697,-0.1282125324862835,-0.4262024925327016
2024-05-27 00:00:00+00:00,ALICEUSDT,1.305,0.806896551724138,7728689.51975,1512,2024-06-03 00:00:00+00:00,0.806896551724138,2024-05-31 00:00:00+00:00,7,-0.47243426632739616,-0.551314673452078,-0.1892720306513409,-0.551314673452078
2024-05-29 00:00:00+00:00,ORDIUSDT,40.766,0.41230437128980024,362082395.28190005,204,2024-06-05 00:00:00+00:00,0.41230437128980024,2024-05-30 00:00:00+00:00,7,-0.336992392399347,-0.5164483968457985,-0.3170779571211303,-0.5164483968457985
2024-06-08 00:00:00+00:00,BAKEUSDT,0.3012,0.5129482071713145,23735437.6955,1524,2024-06-15 00:00:00+00:00,0.5129482071713145,2024-06-12 00:00:00+00:00,7,-0.3818301514154049,-0.32740838270792183,0.017596281540504632,-0.5409260478384903
2024-06-18 00:00:00+00:00,1000RATSUSDT,0.06924,0.7271808203350665,62792717.57862499,186,2024-06-25 00:00:00+00:00,0.7271808203350665,2024-06-22 00:00:00+00:00,7,-0.3248599381219165,-0.14532987708002343,0.4761698440207973,-0.3248599381219165
2024-06-28 00:00:00+00:00,ZENUSDT,6.585,0.4593773728170083,4829633.562100001,1544,2024-07-05 00:00:00+00:00,0.4593773728170083,2024-07-03 00:00:00+00:00,7,0.28002081165452664,-0.13048907388137354,0.26894457099468494,-0.13454734651404776
2024-06-29 00:00:00+00:00,BNXUSDT,0.6873,0.6323294049177941,22466798.907105,1545,2024-07-06 00:00:00+00:00,0.6323294049177941,2024-06-30 00:00:00+00:00,7,0.3691059809252164,0.19894821285319564,0.9570784228139093,-0.15821374454051151
2024-07-04 00:00:00+00:00,TIAUSDT,4.9041,0.47717216206847346,95500292.19795,247,2024-07-09 00:00:00+00:00,0.47717216206847346,2024-07-08 00:00:00+00:00,5,-0.1169349272521466,-0.21903039673117808,0.15362655737036368,-0.37602495789735235
2024-07-04 00:00:00+00:00,OMUSDT,0.7468,0.4190010712372789,41696325.872062996,142,2024-07-11 00:00:00+00:00,0.4190010712372789,2024-07-06 00:00:00+00:00,7,0.13316850836549632,0.013145105736475093,0.4376539903588643,-0.08702380840041146
2024-07-04 00:00:00+00:00,NOTUSDT,0.011193,0.49111051550075935,872346294.6059346,49,2024-07-09 00:00:00+00:00,0.49111051550075935,2024-07-07 00:00:00+00:00,5,-0.15865787896944272,-0.26351108448172555,0.09818636647904944,-0.427621330137807
2024-07-05 00:00:00+00:00,TURBOUSDT,0.003145,0.5173290937996822,81717327.150027,36,2024-07-06 00:00:00+00:00,0.5173290937996822,2024-07-06 00:00:00+00:00,1,0.2954735959765298,-0.29128248113998323,0.07535771065182839,-0.3069991617770327
2024-07-05 00:00:00+00:00,AXLUSDT,0.4873,0.4192489226349272,18822458.475575,126,2024-07-12 00:00:00+00:00,0.4192489226349272,2024-07-06 00:00:00+00:00,7,-0.0161943319838056,-0.2096587622903413,0.12169095013338804,-0.3765182186234818
2024-07-05 00:00:00+00:00,MAVIAUSDT,1.0986,0.6371745858365192,7592635.809274999,135,2024-07-10 00:00:00+00:00,0.6371745858365192,2024-07-06 00:00:00+00:00,5,0.16379406204825964,-0.1964305570999666,0.3155834698707445,-0.32519737573668406
2024-07-05 00:00:00+00:00,DYMUSDT,0.9977,0.44081387190538224,16518805.549915,149,2024-07-10 00:00:00+00:00,0.44081387190538224,2024-07-08 00:00:00+00:00,5,0.13189565217391297,-0.0623999999999999,0.35090708629848666,-0.19589565217391314
2024-07-05 00:00:00+00:00,SAGAUSDT,0.8971,0.5561252926095195,37533975.350815,87,2024-07-10 00:00:00+00:00,0.5561252926095195,2024-07-07 00:00:00+00:00,5,0.02979942693409754,-0.07858166189111737,0.43384238100546213,-0.3481375358166189
2024-07-05 00:00:00+00:00,1000SATSUSDT,0.0001193,0.8298407376362111,124596721.57528825,206,2024-07-12 00:00:00+00:00,0.8298407376362111,2024-07-07 00:00:00+00:00,7,0.4878607420980301,0.1804855703160788,1.160100586756077,-0.12872194228126432
2024-07-07 00:00:00+00:00,ZECUSDT,18.66,0.572347266881029,10113437.099679999,1553,2024-07-14 00:00:00+00:00,0.572347266881029,2024-07-09 00:00:00+00:00,7,0.08997955010224956,0.46421267893660545,1.302250803858521,-0.03919563735514653
2024-07-07 00:00:00+00:00,FLMUSDT,0.0515,0.41747572815533984,6926727.9281,1553,2024-07-13 00:00:00+00:00,0.41747572815533984,2024-07-12 00:00:00+00:00,6,-0.08219178082191769,-0.2684931506849314,0.03689320388349526,-0.3794520547945205
2024-07-07 00:00:00+00:00,DARUSDT,0.1075,0.5302325581395351,4036919.65623,1553,2024-07-14 00:00:00+00:00,0.5302325581395351,2024-07-14 00:00:00+00:00,7,0.06322188449848021,-0.1835866261398177,0.2493023255813953,-0.3003039513677812
2024-07-08 00:00:00+00:00,ICPUSDT,6.824,0.42247948417350534,36502818.951000005,1554,2024-07-15 00:00:00+00:00,0.42247948417350534,2024-07-13 00:00:00+00:00,7,-0.08035438343463486,-0.2658905944164005,0.04425556858147717,-0.2975172555887504
2024-07-08 00:00:00+00:00,BONDUSDT,1.334,0.530734632683658,10507536.0788,267,2024-07-15 00:00:00+00:00,0.530734632683658,2024-07-13 00:00:00+00:00,7,-0.10088148873653269,-0.022526934378060637,0.49625187406296845,-0.276199804113614
2024-07-08 00:00:00+00:00,STXUSDT,1.351,0.41621021465581043,89608370.6712,503,2024-07-15 00:00:00+00:00,0.41621021465581043,2024-07-12 00:00:00+00:00,7,-0.04170804369414105,-0.2447603616787749,0.06957809030347906,-0.3595358804160351
2024-07-09 00:00:00+00:00,PEOPLEUSDT,0.05745,0.41514360313315923,407548599.965775,1555,2024-07-16 00:00:00+00:00,0.41514360313315923,2024-07-15 00:00:00+00:00,7,-0.10996309963099637,-0.37884378843788435,-0.12097476066144475,-0.40565805658056575
2024-07-09 00:00:00+00:00,WLDUSDT,1.9226,0.46551544783106213,305023082.98784995,351,2024-07-16 00:00:00+00:00,0.46551544783106213,2024-07-15 00:00:00+00:00,7,-0.22252981260647364,-0.46997444633730834,-0.2232393633621138,-0.46997444633730834
2024-07-10 00:00:00+00:00,XRPUSDT,0.4385,0.42690992018244023,289880834.57639503,1556,2024-07-17 00:00:00+00:00,0.42690992018244023,2024-07-15 00:00:00+00:00,7,-0.004315167012945542,-0.09956848329870549,0.28483466362599774,-0.2189547706568643
2024-07-10 00:00:00+00:00,ALICEUSDT,0.958,0.4164926931106472,15411319.17255,1556,2024-07-17 00:00:00+00:00,0.4164926931106472,2024-07-17 00:00:00+00:00,7,-0.18422991893883567,-0.35445836403831976,-0.08559498956158662,-0.40825350036845975
2024-07-11 00:00:00+00:00,WIFUSDT,1.5426,0.580448593284066,637845309.59095,175,2024-07-18 00:00:00+00:00,0.580448593284066,2024-07-15 00:00:00+00:00,7,-0.19561115668580809,-0.4180065627563577,-0.08018929080772719,-0.48252666119770304
2024-07-11 00:00:00+00:00,MYROUSDT,0.09565,0.4912702561421849,19952032.256729998,128,2024-07-18 00:00:00+00:00,0.4912702561421849,2024-07-15 00:00:00+00:00,7,-0.1900588895120583,-0.4714666292765003,-0.2118139048614741,-0.4947420078519349
2024-07-12 00:00:00+00:00,1000PEPEUSDT,0.0086816,0.4621498341319574,969090462.4442236,434,2024-07-19 00:00:00+00:00,0.4621498341319574,2024-07-15 00:00:00+00:00,7,-0.2656021049646283,-0.4258614441695946,-0.1605234058238112,-0.4450046479383636
2024-07-12 00:00:00+00:00,TAOUSDT,241.49,0.470330034369953,32542246.130495,92,2024-07-19 00:00:00+00:00,0.470330034369953,2024-07-15 00:00:00+00:00,7,-0.2590756752189709,-0.2101557439378151,0.16133173216282248,-0.3873320753654209
2024-07-12 00:00:00+00:00,ARUSDT,23.798,0.42877552735524005,64953655.588,1558,2024-07-19 00:00:00+00:00,0.42877552735524005,2024-07-16 00:00:00+00:00,7,-0.27895417916593146,-0.3776248455973179,-0.11076561055550882,-0.4285042056349627
2024-07-13 00:00:00+00:00,1000FLOKIUSDT,0.14193,0.40907489607553016,148233788.24474502,434,2024-07-20 00:00:00+00:00,0.40907489607553016,2024-07-15 00:00:00+00:00,7,-0.3476173808690435,-0.4179208960448022,-0.17980694708659195,-0.4493224661233062
2024-07-17 00:00:00+00:00,MEWUSDT,0.003841,1.085394428534236,35955287.825116,30,2024-07-23 00:00:00+00:00,1.085394428534236,2024-07-20 00:00:00+00:00,6,-0.26991260923845195,-0.4106117353308364,0.2291070033845355,-0.4862671660424469
2024-07-17 00:00:00+00:00,STMXUSDT,0.00514,0.5194552529182881,15365468.836215,1563,2024-07-24 00:00:00+00:00,0.5194552529182881,2024-07-23 00:00:00+00:00,7,-0.27656850192061466,-0.1933418693982074,0.22568093385214016,-0.28425096030729835
2024-07-23 00:00:00+00:00,XEMUSDT,0.0166,0.40963855421686746,3724152.4076500004,1569,2024-07-30 00:00:00+00:00,0.40963855421686746,2024-07-29 00:00:00+00:00,7,-0.11111111111111116,-0.21794871794871795,0.10240963855421681,-0.23076923076923084
2024-07-23 00:00:00+00:00,RIFUSDT,0.08324,0.4036520903411822,4110252.6097,276,2024-07-30 00:00:00+00:00,0.4036520903411822,2024-07-29 00:00:00+00:00,7,-0.28954125299554945,-0.3392673741869222,-0.07256126862085521,-0.45472440944881887
2024-07-25 00:00:00+00:00,AMBUSDT,0.005808,0.6260330578512396,4206187.391794,483,2024-08-01 00:00:00+00:00,0.6260330578512396,2024-07-26 00:00:00+00:00,7,-0.211139347734011,-0.24142312579415492,0.23347107438016534,-0.36637018212621764
2024-08-03 00:00:00+00:00,ZETAUSDT,0.4405,0.6024971623155504,11564982.38505,183,2024-08-10 00:00:00+00:00,0.6024971623155504,2024-08-10 00:00:00+00:00,7,-0.12282192945176373,-0.33078339708173965,0.07241770715096485,-0.40189828587618637
2024-08-03 00:00:00+00:00,SUIUSDT,0.6099,0.5066404328578455,73416402.358215,458,2024-08-10 00:00:00+00:00,0.5066404328578455,2024-08-08 00:00:00+00:00,7,0.10773751224289918,0.04233322450756338,0.5704213805541891,-0.17281532266840793
2024-08-03 00:00:00+00:00,TOKENUSDT,0.05119,0.4422738816175036,9907571.42495,274,2024-08-09 00:00:00+00:00,0.4422738816175036,2024-08-08 00:00:00+00:00,6,-0.12569416226466223,-0.34213734254368144,-0.051181871459269335,-0.3728836516321279
2024-08-04 00:00:00+00:00,1000SATSUSDT,0.0001902,0.42797055730809674,440692098.8812727,236,2024-08-10 00:00:00+00:00,0.42797055730809674,2024-08-06 00:00:00+00:00,6,0.4955817378497791,0.1476435935198821,0.638801261829653,-0.05117820324005895
2024-08-05 00:00:00+00:00,SUPERUSDT,0.4047,0.44897454904867806,7767809.6094,253,2024-08-10 00:00:00+00:00,0.44897454904867806,2024-08-08 00:00:00+00:00,5,0.3066166439290585,0.23601637107776252,0.7909562638991845,-0.1064120054570259
2024-08-05 00:00:00+00:00,BIGTIMEUSDT,0.0623,0.5008025682182986,26386049.2566,298,2024-08-10 00:00:00+00:00,0.5008025682182986,2024-08-08 00:00:00+00:00,5,-0.0149732620320856,-0.11122994652406426,0.333868378812199,-0.3090909090909091
2024-08-05 00:00:00+00:00,MAVUSDT,0.12781,0.4501995149049369,5258877.881200001,403,2024-08-12 00:00:00+00:00,0.4501995149049369,2024-08-08 00:00:00+00:00,7,0.1876449959536013,0.04461828972214721,0.5149049370158827,-0.0999190720258969
2024-08-05 00:00:00+00:00,SAGAUSDT,0.9208,0.7852953953084274,82128605.32714501,118,2024-08-12 00:00:00+00:00,0.7852953953084274,2024-08-08 00:00:00+00:00,7,-0.09763367601435602,-0.1731248859419673,0.4762163336229366,-0.29326601374779493
2024-08-05 00:00:00+00:00,CRVUSDT,0.209,0.44976076555023936,93690843.96865001,1582,2024-08-12 00:00:00+00:00,0.44976076555023936,2024-08-08 00:00:00+00:00,7,0.03630363036303641,-0.08910891089108897,0.32057416267942607,-0.15181518151815176
2024-08-05 00:00:00+00:00,TUSDT,0.01728,0.4149305555555556,3667138.31746,551,2024-08-11 00:00:00+00:00,0.4149305555555556,2024-08-10 00:00:00+00:00,6,-0.01595092024539868,-0.1231083844580777,0.2407407407407407,-0.19999999999999996
2024-08-06 00:00:00+00:00,HOOKUSDT,0.3523,0.4550099347147316,6691897.85469,561,2024-08-13 00:00:00+00:00,0.4550099347147316,2024-08-12 00:00:00+00:00,7,-0.2067889192352711,-0.18669527896995697,0.18336644904910582,-0.26141240733515403
2024-08-07 00:00:00+00:00,GMXUSDT,19.923,0.4366812227074237,8181167.2757,537,2024-08-14 00:00:00+00:00,0.4366812227074237,2024-08-10 00:00:00+00:00,7,-0.09918596932536783,-0.13541557488732836,0.24213220900466803,-0.2223386786849736
2024-08-11 00:00:00+00:00,TLMUSDT,0.008863,0.44262665011847013,4031526.787486,1588,2024-08-18 00:00:00+00:00,0.44262665011847013,2024-08-18 00:00:00+00:00,7,-0.21328015016424218,-0.19912404192085087,0.15536500056414315,-0.24088847176599415
2024-08-11 00:00:00+00:00,DARUSDT,0.126,0.5555555555555556,16519075.169794999,1588,2024-08-18 00:00:00+00:00,0.5555555555555556,2024-08-18 00:00:00+00:00,7,-0.31887755102040816,-0.24795918367346936,0.1698412698412699,-0.3403061224489796
2024-08-14 00:00:00+00:00,NMRUSDT,11.868,0.4459892146949782,3650489.8767999997,419,2024-08-21 00:00:00+00:00,0.4459892146949782,2024-08-19 00:00:00+00:00,7,-0.19864809743021972,-0.11840801818075875,0.2747724974721941,-0.261348406270031
2024-08-14 00:00:00+00:00,RSRUSDT,0.003873,0.48902659437128837,9508900.207266498,1591,2024-08-21 00:00:00+00:00,0.48902659437128837,2024-08-17 00:00:00+00:00,7,-0.11305704872550726,0.22021848448066583,0.8169377743351407,-0.19143402115484665
2024-08-14 00:00:00+00:00,AUCTIONUSDT,14.431,0.521862656780542,16372502.633760002,243,2024-08-21 00:00:00+00:00,0.521862656780542,2024-08-20 00:00:00+00:00,7,-0.396776249886167,-0.30866952008013837,0.052110040884207676,-0.4212275749021036
2024-08-15 00:00:00+00:00,FRONTUSDT,0.5882,0.5057803468208095,8747814.57595,328,2024-08-22 00:00:00+00:00,0.5057803468208095,2024-08-20 00:00:00+00:00,7,0.01569380151292754,,,0.0
2024-08-16 00:00:00+00:00,YGGUSDT,0.3392,0.41892688679245293,21800190.37855,377,2024-08-23 00:00:00+00:00,0.41892688679245293,2024-08-21 00:00:00+00:00,7,-0.282152503635986,-0.08331601911489717,0.3007075471698113,-0.282152503635986
2024-08-16 00:00:00+00:00,DODOXUSDT,0.098509,0.4253012415109281,2314048.9697829997,374,2024-08-23 00:00:00+00:00,0.4253012415109281,2024-08-18 00:00:00+00:00,7,-0.2811082226416438,0.036159680923044,0.47683967962318174,-0.29736832733876994
2024-08-16 00:00:00+00:00,CHRUSDT,0.158,0.4493670886075949,12491460.654849999,1593,2024-08-23 00:00:00+00:00,0.4493670886075949,2024-08-22 00:00:00+00:00,7,-0.26331877729257647,-0.15196506550218336,0.22911392405063302,-0.26331877729257647
2024-08-16 00:00:00+00:00,CKBUSDT,0.007666,0.4156013566397079,16917597.363593,535,2024-08-23 00:00:00+00:00,0.4156013566397079,2024-08-23 00:00:00+00:00,7,-0.3061186877994839,0.5063582749723552,1.1324028176363163,-0.3061186877994839
2024-08-16 00:00:00+00:00,LQTYUSDT,0.5821,0.6241195670846935,4490118.922795,525,2024-08-23 00:00:00+00:00,0.6241195670846935,2024-08-23 00:00:00+00:00,7,-0.27945843029405537,0.029299767294266976,0.6717058924583406,-0.27945843029405537
2024-08-16 00:00:00+00:00,LISTAUSDT,0.3254,0.44529809465273495,67482576.2593,57,2024-08-23 00:00:00+00:00,0.44529809465273495,2024-08-17 00:00:00+00:00,7,-0.3433978311715925,-0.17180523070380604,0.1969883220651505,-0.3514777801403359
2024-08-16 00:00:00+00:00,FETUSDT,0.8266,0.4599564481006533,78438769.5413,577,2024-08-23 00:00:00+00:00,0.4599564481006533,2024-08-22 00:00:00+00:00,7,-0.1164235996022539,0.3360954590652967,0.9506411807403823,-0.11758369240967859
2024-08-16 00:00:00+00:00,MOVRUSDT,7.976,0.4029588766298897,5007973.478885001,234,2024-08-23 00:00:00+00:00,0.4029588766298897,2024-08-21 00:00:00+00:00,7,-0.24200178731009836,-0.09553172475424476,0.2689317953861585,-0.24200178731009836
2024-08-16 00:00:00+00:00,NKNUSDT,0.05686,0.46377066479071405,3538275.6073049996,1593,2024-08-23 00:00:00+00:00,0.46377066479071405,2024-08-21 00:00:00+00:00,7,-0.2601225519644359,-0.0916736753574432,0.3295814280689413,-0.2601225519644359
2024-08-16 00:00:00+00:00,LPTUSDT,10.577,0.46270208943934965,14006002.2322,1593,2024-08-23 00:00:00+00:00,0.46270208943934965,2024-08-22 00:00:00+00:00,7,-0.29429254734664867,-0.13192424536229075,0.26973622010021736,-0.29429254734664867
2024-08-17 00:00:00+00:00,HOTUSDT,0.001367,0.5003657644476958,4813550.037827,1594,2024-08-24 00:00:00+00:00,0.5003657644476958,2024-08-22 00:00:00+00:00,7,-0.28181374939054116,-0.15504631886884446,0.2677395757132406,-0.29546562652364694
2024-08-17 00:00:00+00:00,PEOPLEUSDT,0.05129,0.4796256580230063,156903566.14862,1594,2024-08-24 00:00:00+00:00,0.4796256580230063,2024-08-23 00:00:00+00:00,7,-0.3228356832257214,-0.14758202661747266,0.2612595047767594,-0.3228356832257214
2024-08-17 00:00:00+00:00,TRBUSDT,54.52,0.4291636096845195,78495826.612,1594,2024-08-24 00:00:00+00:00,0.4291636096845195,2024-08-23 00:00:00+00:00,7,-0.28078236094355613,-0.053094278600580136,0.3532831988261189,-0.30225365127441683
2024-08-17 00:00:00+00:00,CYBERUSDT,2.967,0.4836535220761713,8077641.75825,362,2024-08-24 00:00:00+00:00,0.4836535220761713,2024-08-23 00:00:00+00:00,7,-0.3059972739663789,-0.17174011812812362,0.228850690933603,-0.31235801908223537
2024-08-18 00:00:00+00:00,WIFUSDT,1.3909,0.4143360414120354,667608700.56679,213,2024-08-24 00:00:00+00:00,0.4143360414120354,2024-08-23 00:00:00+00:00,6,-0.2485766571777146,-0.11386742578283848,0.25328923718455676,-0.29041276941846283
2024-08-26 00:00:00+00:00,REEFUSDT,0.000674,0.6394658753709199,12329907.981200501,1603,2024-09-02 00:00:00+00:00,0.6394658753709199,2024-09-02 00:00:00+00:00,7,1.308597285067873,3.6325791855203615,6.594955489614244,-0.0669683257918553
2024-08-27 00:00:00+00:00,RDNTUSDT,0.06372,0.46735718769617085,9337860.32285,510,2024-09-03 00:00:00+00:00,0.46735718769617085,2024-08-30 00:00:00+00:00,7,-0.2198930481283422,-0.3013903743315508,0.025109855618330235,-0.3013903743315508
2024-09-02 00:00:00+00:00,APEUSDT,0.6012,0.4160013306719894,30059711.0988,1610,2024-09-09 00:00:00+00:00,0.4160013306719894,2024-09-07 00:00:00+00:00,7,-0.05297779866087149,-0.17208974509573594,0.17232202262142393,-0.2008692587806883
2024-09-05 00:00:00+00:00,BIGTIMEUSDT,0.0782,0.4156010230179028,16756426.6346,329,2024-09-12 00:00:00+00:00,0.4156010230179028,2024-09-12 00:00:00+00:00,7,0.1989159891598915,0.09241192411924115,0.5464194373401532,-0.05645889792231262
2024-09-05 00:00:00+00:00,BNXUSDT,1.1144,0.500897343862168,28709710.97305,1613,2024-09-12 00:00:00+00:00,0.500897343862168,2024-09-07 00:00:00+00:00,7,-0.3314002152337677,-0.5767667105105824,-0.3647702799712851,-0.5767667105105824
2024-09-06 00:00:00+00:00,SUPERUSDT,0.609,0.409688013136289,17949351.03035,285,2024-09-10 00:00:00+00:00,0.409688013136289,2024-09-10 00:00:00+00:00,4,0.1887012230634828,0.27245195107746056,0.79376026272578,-0.06872451951077463
2024-09-06 00:00:00+00:00,COTIUSDT,0.07607,0.4896805573813594,8824306.300085,1614,2024-09-13 00:00:00+00:00,0.4896805573813594,2024-09-10 00:00:00+00:00,7,0.09901164842922694,-0.11542534415813632,0.3177336663599315,-0.15319449346981995
2024-09-06 00:00:00+00:00,TRUUSDT,0.07844,0.5005099439061704,7825513.12151,549,2024-09-13 00:00:00+00:00,0.5005099439061704,2024-09-12 00:00:00+00:00,7,-0.08003398470688183,-0.3239592183517417,0.014405915349311682,-0.35760407816482587
2024-09-08 00:00:00+00:00,OMGUSDT,0.2154,0.4730733519034356,3245402.5156150004,1616,2024-09-15 00:00:00+00:00,0.4730733519034356,2024-09-15 00:00:00+00:00,7,-0.045067759218405445,-0.16293728332808077,0.2330547818012998,-0.22470847778127967
2024-09-11 00:00:00+00:00,TURBOUSDT,0.003673,0.45412469371086317,36221158.70769501,104,2024-09-18 00:00:00+00:00,0.45412469371086317,2024-09-16 00:00:00+00:00,7,-0.06886350870623492,0.9375210634712599,1.8173972229784914,-0.08354240778880362
2024-09-11 00:00:00+00:00,ZETAUSDT,0.4578,0.5526430755788554,22274455.58,222,2024-09-18 00:00:00+00:00,0.5526430755788554,2024-09-18 00:00:00+00:00,7,-0.19288126055149124,-0.11606640405177271,0.37243337702053303,-0.23818232976927411
2024-09-11 00:00:00+00:00,SUIUSDT,0.9297,0.4120684091642466,283572854.856215,497,2024-09-18 00:00:00+00:00,0.4120684091642466,2024-09-17 00:00:00+00:00,7,0.4123248019500305,0.618068251066423,1.2848230612025384,0.0
2024-09-11 00:00:00+00:00,SAGAUSDT,1.3593,0.577355992054734,96748592.40953,155,2024-09-18 00:00:00+00:00,0.577355992054734,2024-09-17 00:00:00+00:00,7,0.08847535096310821,0.3452730749498625,1.121974545722063,-0.004477403106198374
2024-09-12 00:00:00+00:00,DYMUSDT,1.3993,0.40927606660473104,17333860.320255,218,2024-09-19 00:00:00+00:00,0.40927606660473104,2024-09-19 00:00:00+00:00,7,-0.28782961460446244,-0.1188133874239351,0.24183520331594366,-0.2893509127789047
2024-09-12 00:00:00+00:00,SXPUSDT,0.2099,0.4954740352548832,4347204.1803399995,1620,2024-09-19 00:00:00+00:00,0.4954740352548832,2024-09-19 00:00:00+00:00,7,-0.2637782733354572,-0.1758521822236382,0.2324916626965221,-0.295316979929914
2024-09-12 00:00:00+00:00,TIAUSDT,4.2372,0.40215236476918736,128300823.3526,317,2024-09-19 00:00:00+00:00,0.40215236476918736,2024-09-17 00:00:00+00:00,7,-0.20012792028546422,-0.014306874032182004,0.3820919475125084,-0.20012792028546422
2024-09-13 00:00:00+00:00,ARKUSDT,0.3209,0.6023683390464318,3561454.656,360,2024-09-20 00:00:00+00:00,0.6023683390464318,2024-09-20 00:00:00+00:00,7,-0.13418903150525086,0.20225593154414612,0.9264568401371143,-0.26390509529366
2024-09-14 00:00:00+00:00,FTMUSDT,0.4723,0.5051873809019691,149386484.78114998,1622,2024-09-21 00:00:00+00:00,0.5051873809019691,2024-09-17 00:00:00+00:00,7,-0.14319876213250815,0.03502602335068228,0.5579081092525937,-0.14643409762273174
2024-09-14 00:00:00+00:00,TAOUSDT,326.6,0.43542559706062445,46909329.405385,156,2024-09-21 00:00:00+00:00,0.43542559706062445,2024-09-20 00:00:00+00:00,7,0.20515773980930452,0.16708261342548147,0.6752602571953459,0.0
2024-09-15 00:00:00+00:00,1000RATSUSDT,0.09542,0.5166631733389224,62064897.94746,275,2024-09-21 00:00:00+00:00,0.5166631733389224,2024-09-19 00:00:00+00:00,6,-0.17917357656163613,-0.1491155334438916,0.29050513519178356,-0.25283305693753444
2024-09-15 00:00:00+00:00,APTUSDT,5.87,0.4047700170357751,95618463.84584999,1623,2024-09-21 00:00:00+00:00,0.4047700170357751,2024-09-20 00:00:00+00:00,6,0.043354353626000375,0.22530924084404536,0.7212776831345824,-0.08451370361387345
2024-09-15 00:00:00+00:00,DODOXUSDT,0.103048,0.4117886810030278,2214859.3744145,404,2024-09-22 00:00:00+00:00,0.4117886810030278,2024-09-20 00:00:00+00:00,7,-0.15467205564949615,-0.15453458159772349,0.19361850787982293,-0.2269559120715965
2024-09-15 00:00:00+00:00,LOOMUSDT,0.04384,0.42883211678832134,4294457.699355,340,2024-09-22 00:00:00+00:00,0.42883211678832134,2024-09-21 00:00:00+00:00,7,-0.07343550446998726,-0.1293103448275863,0.2440693430656935,-0.21168582375478928
2024-09-15 00:00:00+00:00,ALTUSDT,0.07811,0.419152477275637,20267829.05674,234,2024-09-19 00:00:00+00:00,0.419152477275637,2024-09-19 00:00:00+00:00,4,-0.0987821380243572,0.03373928732521425,0.4670336704647293,-0.0987821380243572
2024-09-16 00:00:00+00:00,ARKMUSDT,1.0005,0.4381809095452276,25409663.221550003,416,2024-09-23 00:00:00+00:00,0.4381809095452276,2024-09-21 00:00:00+00:00,7,0.010285634859962478,0.17332684689693512,0.687456271864068,-0.0933351866008757
2024-09-16 00:00:00+00:00,IMXUSDT,1.2243,0.4727599444580577,19923111.65205,1624,2024-09-23 00:00:00+00:00,0.4727599444580577,2024-09-19 00:00:00+00:00,7,-0.1787477122733071,-0.18651211801896728,0.19807236788368887,-0.23881093672009313
2024-09-16 00:00:00+00:00,SEIUSDT,0.2704,0.4452662721893492,67618949.26460001,396,2024-09-21 00:00:00+00:00,0.4452662721893492,2024-09-19 00:00:00+00:00,5,0.04733879222108506,0.09493346980552708,0.5824704142011836,-0.06525076765608995
2024-09-17 00:00:00+00:00,NTRNUSDT,0.3592,0.41063474387527843,2940272.8331500003,308,2024-09-24 00:00:00+00:00,0.41063474387527843,2024-09-21 00:00:00+00:00,7,-0.23130057233076773,-0.21393329386224602,0.10885300668151432,-0.26445628577067304
2024-09-17 00:00:00+00:00,ENAUSDT,0.2276,0.41652021089630953,108756975.7653,168,2024-09-24 00:00:00+00:00,0.41652021089630953,2024-09-21 00:00:00+00:00,7,-0.12406947890818865,0.21153846153846145,0.7161687170474518,-0.17245657568238226
2024-09-17 00:00:00+00:00,PHBUSDT,1.2194,0.42324093816631136,7322967.94135,579,2024-09-24 00:00:00+00:00,0.42324093816631136,2024-09-24 00:00:00+00:00,7,0.08516277729760868,0.06165370210314025,0.510989010989011,-0.0693171996542783
2024-09-18 00:00:00+00:00,CELOUSDT,0.465,0.4150537634408602,11979398.10145,1626,2024-09-25 00:00:00+00:00,0.4150537634408602,2024-09-25 00:00:00+00:00,7,0.06838905775075976,-0.019756838905775065,0.38709677419354827,-0.033434650455927084
2024-09-20 00:00:00+00:00,1000SHIBUSDT,0.014377,0.4088474647005633,81304843.5599705,1628,2024-09-27 00:00:00+00:00,0.4088474647005633,2024-09-26 00:00:00+00:00,7,-0.1281658849666748,-0.14964206368797828,0.19802462266119503,-0.20691187361145402
2024-09-22 00:00:00+00:00,WUSDT,0.2311,0.4063176114236262,12868442.24536,172,2024-09-27 00:00:00+00:00,0.4063176114236262,2024-09-26 00:00:00+00:00,5,-0.029230769230769282,-0.25476923076923075,0.048031155344006926,-0.26123076923076927
2024-09-22 00:00:00+00:00,1000PEPEUSDT,0.0080046,0.42175748944356983,671911489.6083907,506,2024-09-28 00:00:00+00:00,0.42175748944356983,2024-09-27 00:00:00+00:00,6,-0.13048521167601013,-0.19398801469166826,0.14595357669340103,-0.24174472347679377
2024-09-22 00:00:00+00:00,WIFUSDT,1.6923,0.4496247710216865,538100272.5239351,248,2024-09-29 00:00:00+00:00,0.4496247710216865,2024-09-26 00:00:00+00:00,7,0.08552095222566436,0.06644382846893859,0.5459433906517759,-0.16994130115767148
2024-09-22 00:00:00+00:00,1000BONKUSDT,0.017096,0.403252222742162,64335198.10805701,305,2024-09-28 00:00:00+00:00,0.403252222742162,2024-09-26 00:00:00+00:00,6,-0.09474781158816181,-0.11517298874531057,0.24163547028544685,-0.17378074197582338
2024-09-29 00:00:00+00:00,POPCATUSDT,0.988,0.41244939271255054,121876810.22315,38,2024-10-06 00:00:00+00:00,0.41244939271255054,2024-10-05 00:00:00+00:00,7,-0.017699749193837322,-0.09193837334288779,0.28259109311740893,-0.17054819061268367
2024-10-01 00:00:00+00:00,REEFUSDT,0.004992,0.41005608974358987,407392752.809235,1639,2024-10-06 00:00:00+00:00,0.41005608974358987,2024-10-03 00:00:00+00:00,5,-0.6935644267651655,-0.803949424634181,-0.7235576923076923,-0.8228441539991476
2024-10-01 00:00:00+00:00,MEWUSDT,0.005103,0.4034881442288849,59432433.309329,106,2024-10-07 00:00:00+00:00,0.4034881442288849,2024-10-06 00:00:00+00:00,6,0.2911197989388439,0.3510192683607931,0.8961395257691556,-0.18723820161965932
2024-10-04 00:00:00+00:00,MYROUSDT,0.07473,0.4735715241536196,14575025.547899999,213,2024-10-11 00:00:00+00:00,0.4735715241536196,2024-10-11 00:00:00+00:00,7,-0.1254086451144205,-0.02433708681438429,0.43770908604308834,-0.2844169996367599
2024-10-05 00:00:00+00:00,BANANAUSDT,43.836,0.4140660644219365,24336777.97585,51,2024-10-12 00:00:00+00:00,0.4140660644219365,2024-10-11 00:00:00+00:00,7,-0.17113265684740353,0.06602997402681199,0.5074368099279132,-0.2530207946827562
2024-10-06 00:00:00+00:00,NEIROETHUSDT,0.0663,0.8853695324283559,232676657.35805,30,2024-10-13 00:00:00+00:00,0.8853695324283559,2024-10-11 00:00:00+00:00,7,-0.1512,-0.28984,0.3389140271493214,-0.5112
2024-10-07 00:00:00+00:00,BOMEUSDT,0.006546,0.5734799877787964,105107687.66271451,205,2024-10-14 00:00:00+00:00,0.5734799877787964,2024-10-14 00:00:00+00:00,7,-0.1727184466019417,0.0998058252427183,0.7305224564619615,-0.3212621359223301
2024-10-07 00:00:00+00:00,MEMEUSDT,0.01023,0.4535679374389052,20196478.185645,339,2024-10-14 00:00:00+00:00,0.4535679374389052,2024-10-14 00:00:00+00:00,7,-0.10874243443174181,-0.049024882313382534,0.38230694037145674,-0.3024209818426361
2024-10-08 00:00:00+00:00,STORJUSDT,0.4001,0.512371907023244,11390086.48215,1646,2024-10-15 00:00:00+00:00,0.512371907023244,2024-10-15 00:00:00+00:00,7,-0.20856056850107418,-0.2640885803999339,0.1129717570607347,-0.32870599900842834
2024-10-09 00:00:00+00:00,SYNUSDT,0.4336,0.4354243542435423,11219228.464049999,54,2024-10-14 00:00:00+00:00,0.4354243542435423,2024-10-13 00:00:00+00:00,5,-0.06185732647814912,-0.11953727506426726,0.26383763837638385,-0.28390102827763497
2024-10-09 00:00:00+00:00,MAVIAUSDT,1.1753,0.40415213137071393,9138755.948929999,231,2024-10-14 00:00:00+00:00,0.40415213137071393,2024-10-14 00:00:00+00:00,5,-0.19602496515785017,-0.17730109677028427,0.15519441844635407,-0.3206689692783131
2024-10-09 00:00:00+00:00,METISUSDT,31.46,0.40050858232676423,6107110.970000001,211,2024-10-15 00:00:00+00:00,0.40050858232676423,2024-10-14 00:00:00+00:00,6,0.035406264185201985,-0.03427144802542004,0.3525111252383979,-0.18860644575578756
2024-10-10 00:00:00+00:00,WLDUSDT,1.6994,0.42161939508061685,337390937.95995,444,2024-10-14 00:00:00+00:00,0.42161939508061685,2024-10-12 00:00:00+00:00,4,-0.15042013328366233,-0.046939028933316695,0.3548899611627634,-0.31437559501635004
2024-10-13 00:00:00+00:00,BIGTIMEUSDT,0.11956,0.40080294412847106,114614005.25749,367,2024-10-19 00:00:00+00:00,0.40080294412847106,2024-10-18 00:00:00+00:00,6,0.005970862192500537,-0.06669453069023157,0.3073770491803278,-0.1428230236446143
2024-10-13 00:00:00+00:00,DYDXUSDT,0.933,0.40728831725616277,60886646.2191,1651,2024-10-20 00:00:00+00:00,0.40728831725616277,2024-10-20 00:00:00+00:00,7,-0.31378522467631376,-0.0487433358720486,0.3386923901393355,-0.3221629855293221
2024-10-13 00:00:00+00:00,APEUSDT,0.7261,1.051370334664647,45412235.45685,1651,2024-10-20 00:00:00+00:00,1.051370334664647,2024-10-20 00:00:00+00:00,7,-0.38006042296072506,-0.23840214837193685,0.5623192397741359,-0.38798254447801284
2024-10-13 00:00:00+00:00,ARPAUSDT,0.03919,0.5340648124521561,8395453.879730001,1651,2024-10-20 00:00:00+00:00,0.5340648124521561,2024-10-20 00:00:00+00:00,7,-0.3246839654025283,-0.10229540918163682,0.3771370247512118,-0.33915502328675984
2024-10-15 00:00:00+00:00,ALPHAUSDT,0.05924,0.5817015530047267,3654608.69235,1653,2024-10-22 00:00:00+00:00,0.5817015530047267,2024-10-21 00:00:00+00:00,7,-0.30032017075773754,-0.14194236926360737,0.3571910871033086,-0.33436499466382075
2024-10-23 00:00:00+00:00,MASKUSDT,2.2638,0.4103277674706247,15452931.0208,1661,2024-10-30 00:00:00+00:00,0.4103277674706247,2024-10-29 00:00:00+00:00,7,-0.09242960503648945,0.17129702132990876,0.6519127131372029,-0.23735396372975848
2024-10-30 00:00:00+00:00,UXLINKUSDT,0.5105,0.7625857002938299,37780295.62055,45,2024-11-06 00:00:00+00:00,0.7625857002938299,2024-11-06 00:00:00+00:00,7,-0.3550789064236497,-0.26761502556123584,0.2908912830558279,-0.39119804400978
2024-10-31 00:00:00+00:00,ARKMUSDT,1.6278,0.428676741614449,67562964.18125,461,2024-11-07 00:00:00+00:00,0.428676741614449,2024-11-06 00:00:00+00:00,7,-0.09593223254213967,0.03697970416236673,0.4815087848630053,-0.15978672170622643
2024-10-31 00:00:00+00:00,ENAUSDT,0.3625,0.40137931034482754,230116900.7971,212,2024-11-07 00:00:00+00:00,0.40137931034482754,2024-11-06 00:00:00+00:00,7,0.16574803149606288,1.06751968503937,1.8973793103448275,-0.024803149606299257
2024-10-31 00:00:00+00:00,NEIROUSDT,0.0016055,0.4033011522890064,1167773570.9640357,45,2024-11-07 00:00:00+00:00,0.4033011522890064,2024-11-06 00:00:00+00:00,7,-0.14806924101198393,-0.1438970261873057,0.20137028962939896,-0.25024411895250764
2024-11-01 00:00:00+00:00,TRUUSDT,0.06994,0.4362310551901629,8321218.994545,605,2024-11-08 00:00:00+00:00,0.4362310551901629,2024-11-07 00:00:00+00:00,7,-0.1312095569935291,0.5088103534096566,1.1670002859593938,-0.2155301144848184
2024-11-02 00:00:00+00:00,SUIUSDT,1.9071,0.44182266268155823,944680101.93274,549,2024-11-09 00:00:00+00:00,0.44182266268155823,2024-11-06 00:00:00+00:00,7,0.2508637305887915,0.3945157653562208,1.0106444339573173,0.0
2024-11-02 00:00:00+00:00,HMSTRUSDT,0.002577,0.8280946837407839,71883414.202815,37,2024-11-09 00:00:00+00:00,0.8280946837407839,2024-11-09 00:00:00+00:00,7,-0.15856506049670993,-0.26703459987263856,0.33993015133876603,-0.26703459987263856
2024-11-02 00:00:00+00:00,JTOUSDT,2.2243,0.41006159241109574,43721651.096049994,330,2024-11-09 00:00:00+00:00,0.41006159241109574,2024-11-07 00:00:00+00:00,7,0.14047953067210806,0.14975768396888145,0.6212291507440544,-0.12983037877821701
2024-11-02 00:00:00+00:00,AAVEUSDT,138.36,0.41153512575888973,93336628.9295,1671,2024-11-09 00:00:00+00:00,0.41153512575888973,2024-11-06 00:00:00+00:00,7,-0.10640040962621611,0.3339989759344595,0.8829864122578777,-0.19697900665642598
2024-11-02 00:00:00+00:00,MOVRUSDT,9.056,0.41420053003533597,4008477.450065,312,2024-11-08 00:00:00+00:00,0.41420053003533597,2024-11-08 00:00:00+00:00,6,-0.03138908409463581,0.5425938939642383,1.1815371024734986,-0.1963769813383306
2024-11-02 00:00:00+00:00,ADAUSDT,0.3482,0.42734060884549097,120149067.5068,1671,2024-11-09 00:00:00+00:00,0.42734060884549097,2024-11-08 00:00:00+00:00,7,1.1458752515090542,1.0187122736418512,1.8813900057438255,0.0
2024-11-03 00:00:00+00:00,TRBUSDT,54.253,0.5638950841428125,32676775.0812,1672,2024-11-10 00:00:00+00:00,0.5638950841428125,2024-11-10 00:00:00+00:00,7,-0.13754331376847462,-0.19693326733140049,0.2559121154590529,-0.25127878745020393
2024-11-03 00:00:00+00:00,LDOUSDT,0.9586,0.4043396620070938,28941045.3778,1672,2024-11-06 00:00:00+00:00,0.4043396620070938,2024-11-06 00:00:00+00:00,3,-0.17307978012182446,0.678428168177091,1.3570832464010016,-0.17307978012182446
2024-11-03 00:00:00+00:00,CATIUSDT,0.283,0.5250883392226149,116977896.0161,44,2024-11-10 00:00:00+00:00,0.5250883392226149,2024-11-06 00:00:00+00:00,7,0.2771084337349399,0.0699721964782205,0.6318021201413428,-0.110982391102873
2024-11-03 00:00:00+00:00,ETHFIUSDT,1.2667,0.43743585695113296,48090693.884220004,230,2024-11-10 00:00:00+00:00,0.43743585695113296,2024-11-06 00:00:00+00:00,7,0.21303822495606317,0.3074472759226712,0.8793715954843293,-0.2010654657293497
2024-11-03 00:00:00+00:00,JUPUSDT,0.8828,0.41458994109651104,59154161.9714,277,2024-11-10 00:00:00+00:00,0.41458994109651104,2024-11-08 00:00:00+00:00,7,-0.0962524023062139,-0.15935297885970523,0.18917082011780706,-0.17248558616271603
2024-11-03 00:00:00+00:00,REZUSDT,0.03044,0.4480946123521683,17878913.444955,187,2024-11-10 00:00:00+00:00,0.4480946123521683,2024-11-06 00:00:00+00:00,7,0.08734119782214145,0.09868421052631571,0.5909986859395533,-0.23525408348457355
2024-11-03 00:00:00+00:00,STGUSDT,0.2514,0.44669848846459836,4431768.18145,1672,2024-11-09 00:00:00+00:00,0.44669848846459836,2024-11-09 00:00:00+00:00,6,-0.07643662359087167,-0.027770140225460538,0.40652346857597466,-0.18449271377508947
2024-11-03 00:00:00+00:00,VANRYUSDT,0.06405,0.44933645589383286,12415650.735395,235,2024-11-10 00:00:00+00:00,0.44933645589383286,2024-11-06 00:00:00+00:00,7,0.41268986319077894,0.49111278681460724,1.1611241217798596,-0.053861898093288674
2024-11-03 00:00:00+00:00,1000SHIBUSDT,0.016877,0.5454760917224624,247699355.48941052,1672,2024-11-10 00:00:00+00:00,0.5454760917224624,2024-11-09 00:00:00+00:00,7,-0.012690258022466705,0.04075451443468925,0.6084612194110328,-0.10182877736456686
2024-11-03 00:00:00+00:00,RSRUSDT,0.005693,0.4124363253117862,9591149.8273785,1672,2024-11-10 00:00:00+00:00,0.4124363253117862,2024-11-07 00:00:00+00:00,7,0.1115532893918667,0.6792687476682004,1.3718601791673986,-0.17286407163288142
2024-11-03 00:00:00+00:00,1000PEPEUSDT,0.0081725,0.5083634138880393,943414782.9673766,548,2024-11-10 00:00:00+00:00,0.5083634138880393,2024-11-06 00:00:00+00:00,7,0.6402884701186815,0.9045517599435391,1.8727561945549103,0.0
2024-11-03 00:00:00+00:00,SPELLUSDT,0.0005059,0.41253212097252434,5558538.02091235,1672,2024-11-10 00:00:00+00:00,0.41253212097252434,2024-11-09 00:00:00+00:00,7,0.2390148334732718,0.28309543800727677,0.8124135204585887,0.0
2024-11-03 00:00:00+00:00,TNSRUSDT,0.3506,0.4669138619509412,20202814.13402,209,2024-11-09 00:00:00+00:00,0.4669138619509412,2024-11-07 00:00:00+00:00,6,0.13435737896169564,0.2621038304491543,0.8513976041072446,-0.10344157106747032
2024-11-03 00:00:00+00:00,YFIUSDT,4576.0,0.5264423076923077,4482411.711999999,1672,2024-11-10 00:00:00+00:00,0.5264423076923077,2024-11-10 00:00:00+00:00,7,0.06413743736578392,0.576234788833214,1.4060314685314683,-0.13085182534001427
2024-11-03 00:00:00+00:00,RDNTUSDT,0.04129,0.5270041172196656,16336792.030755,578,2024-11-10 00:00:00+00:00,0.5270041172196656,2024-11-06 00:00:00+00:00,7,0.16161776367961944,0.19746233148295,0.8285299103899249,-0.16256938937351306
2024-11-03 00:00:00+00:00,KASUSDT,0.1083,0.40193905817174524,18248983.67109,352,2024-11-10 00:00:00+00:00,0.40193905817174524,2024-11-09 00:00:00+00:00,7,0.0009879470460383288,0.03523677797536706,0.4513388734995383,-0.15293420272673375
2024-11-03 00:00:00+00:00,1000FLOKIUSDT,0.12179,0.4789391575663027,110158618.6443,547,2024-11-10 00:00:00+00:00,0.4789391575663027,2024-11-10 00:00:00+00:00,7,0.3179546968687541,0.23084610259826777,0.8203464980704493,0.0
2024-11-03 00:00:00+00:00,INJUSDT,16.869,0.5271207540458829,71820370.3458,1672,2024-11-10 00:00:00+00:00,0.5271207540458829,2024-11-06 00:00:00+00:00,7,0.10442141221225887,0.049842785606148965,0.6032367063844923,-0.09821047319591625
2024-11-03 00:00:00+00:00,TOKENUSDT,0.03624,0.45143487858719644,9204386.845025,366,2024-11-10 00:00:00+00:00,0.45143487858719644,2024-11-07 00:00:00+00:00,7,0.120532319391635,0.19619771863117874,0.7362030905077264,-0.03973384030418259
2024-11-03 00:00:00+00:00,ALPACAUSDT,0.12382,0.5298013245033113,9543999.561390001,73,2024-11-10 00:00:00+00:00,0.5298013245033113,2024-11-10 00:00:00+00:00,7,0.000950269242952162,0.07755252877204111,0.6484412857373607,-0.15140956604371247
2024-11-03 00:00:00+00:00,1000BONKUSDT,0.017991,0.4141515202045467,130030868.1824535,347,2024-11-10 00:00:00+00:00,0.4141515202045467,2024-11-06 00:00:00+00:00,7,0.8792154704818804,0.4075151324581401,0.9904396642765829,0.0
2024-11-03 00:00:00+00:00,PIXELUSDT,0.1409,0.4300922640170335,31151536.8449,258,2024-11-10 00:00:00+00:00,0.4300922640170335,2024-11-09 00:00:00+00:00,7,0.2565756823821339,0.09205955334987581,0.5617459190915544,-0.1086848635235732
2024-11-03 00:00:00+00:00,GALAUSDT,0.01794,0.4052396878483835,66798685.49458,1672,2024-11-10 00:00:00+00:00,0.4052396878483835,2024-11-07 00:00:00+00:00,7,0.5656485521618404,0.8092026973423243,1.5423634336677812,-0.02300674335581121
2024-11-03 00:00:00+00:00,DOGSUSDT,0.0005142,0.4636328276935042,129069791.63145865,69,2024-11-09 00:00:00+00:00,0.4636328276935042,2024-11-09 00:00:00+00:00,6,-0.10377358490566035,-0.043715120914164185,0.3996499416569428,-0.1849588094605369
2024-11-03 00:00:00+00:00,DOGEUSDT,0.15129,0.8371339810959086,939511515.239045,1672,2024-11-10 00:00:00+00:00,0.8371339810959086,2024-11-06 00:00:00+00:00,7,0.5487515291070015,0.41656472619989926,1.6024191949236566,0.0
2024-11-04 00:00:00+00:00,BBUSDT,0.2454,0.480032599837001,16326857.001249999,175,2024-11-11 00:00:00+00:00,0.480032599837001,2024-11-06 00:00:00+00:00,7,-0.05396475770925113,0.15390969162995582,0.7078239608801955,-0.23568281938325997
2024-11-04 00:00:00+00:00,EGLDUSDT,22.107,0.5179354955443978,8439424.18275,1673,2024-11-11 00:00:00+00:00,0.5179354955443978,2024-11-07 00:00:00+00:00,7,0.09214172899842055,0.39485055279077397,1.1172931650608406,-0.16413862979408178
2024-11-04 00:00:00+00:00,YGGUSDT,0.3981,0.40492338608389855,17687374.045450002,457,2024-11-11 00:00:00+00:00,0.40492338608389855,2024-11-06 00:00:00+00:00,7,0.1273019846236365,0.2401215805471124,0.7422758100979652,-0.16896120150187743
2024-11-04 00:00:00+00:00,BRETTUSDT,0.07569,0.735632183908046,15019707.275965,76,2024-11-11 00:00:00+00:00,0.735632183908046,2024-11-06 00:00:00+00:00,7,0.26863058536956697,0.3934688284996577,1.418549346016647,-0.0925629900281647
2024-11-04 00:00:00+00:00,MEWUSDT,0.007801,0.4737854121266505,207737376.356489,140,2024-11-11 00:00:00+00:00,0.4737854121266505,2024-11-06 00:00:00+00:00,7,-0.21031573453944508,-0.2524136731321214,0.10178182284322523,-0.3382621553448726
2024-11-04 00:00:00+00:00,HIGHUSDT,1.0803,0.4383967416458392,7255338.125405,636,2024-11-10 00:00:00+00:00,0.4383967416458392,2024-11-09 00:00:00+00:00,6,0.09292747281034797,0.1924834287920716,0.7152642784411736,-0.1528412381749148
2024-11-04 00:00:00+00:00,XVGUSDT,0.0032098,0.4277836625334912,3497944.614415,488,2024-11-11 00:00:00+00:00,0.4277836625334912,2024-11-07 00:00:00+00:00,7,0.43033886840210345,1.9544829692989154,3.2183625147984296,-0.0019420017892600727
2024-11-04 00:00:00+00:00,VETUSDT,0.019368,0.47005369681949616,9299645.995027501,1673,2024-11-11 00:00:00+00:00,0.47005369681949616,2024-11-10 00:00:00+00:00,7,0.42294183759482995,1.084187974150042,2.0638682362660057,-0.1470918797415004
2024-11-04 00:00:00+00:00,PORTALUSDT,0.2249,0.5655847043130282,12322090.604755,249,2024-11-11 00:00:00+00:00,0.5655847043130282,2024-11-09 00:00:00+00:00,7,0.07469468900880427,0.393638170974155,1.181858603823922,-0.18858278898040337
2024-11-04 00:00:00+00:00,XAIUSDT,0.1706,0.5099648300117232,26008482.2747,300,2024-11-11 00:00:00+00:00,0.5099648300117232,2024-11-06 00:00:00+00:00,7,0.17701863354037273,0.31816770186335397,0.9903868698710432,-0.16653726708074534
2024-11-04 00:00:00+00:00,DYMUSDT,1.2566,0.47907050771924253,26733336.389885,271,2024-11-11 00:00:00+00:00,0.47907050771924253,2024-11-06 00:00:00+00:00,7,0.2740772624556116,0.08398794791778763,0.6032946044883019,-0.2214570106531798
2024-11-04 00:00:00+00:00,ATOMUSDT,3.912,0.44734151329243366,43260744.11012,1673,2024-11-11 00:00:00+00:00,0.44734151329243366,2024-11-08 00:00:00+00:00,7,0.39897562698693045,0.557223595902508,1.253834355828221,-0.12504415400918412
2024-11-04 00:00:00+00:00,STRKUSDT,0.3342,0.6439257929383604,34136953.897905,258,2024-11-11 00:00:00+00:00,0.6439257929383604,2024-11-07 00:00:00+00:00,7,0.06880232981434298,0.19166363305424094,0.9590065828845002,-0.20950127411721875
2024-11-04 00:00:00+00:00,AIUSDT,0.31292,0.6608717883165027,14069664.716045,301,2024-11-11 00:00:00+00:00,0.6608717883165027,2024-11-06 00:00:00+00:00,7,0.09272300469483574,0.3130724236127147,1.1808449443947335,-0.16437697221580838
2024-11-04 00:00:00+00:00,RUNEUSDT,4.266,0.543131739334271,66918073.5855,1673,2024-11-11 00:00:00+00:00,0.543131739334271,2024-11-06 00:00:00+00:00,7,-0.17423667021114997,-0.036001822877107736,0.48757618377871537,-0.2331763633601701
2024-11-04 00:00:00+00:00,HFTUSDT,0.11226,0.406734366648851,2711725.60601,578,2024-11-11 00:00:00+00:00,0.406734366648851,2024-11-09 00:00:00+00:00,7,0.42755825734549124,0.880192502532928,1.6449314092285765,-0.10441995947315097
2024-11-04 00:00:00+00:00,FXSUSDT,1.6366,0.4255774165953805,3652786.898025,654,2024-11-11 00:00:00+00:00,0.4255774165953805,2024-11-07 00:00:00+00:00,7,0.291929192919292,0.6340062577686341,1.3294024196504948,-0.10089580386610086
2024-11-04 00:00:00+00:00,MYROUSDT,0.0788,0.46027918781725896,36301637.51351,244,2024-11-11 00:00:00+00:00,0.46027918781725896,2024-11-06 00:00:00+00:00,7,-0.044755366298774635,-0.11427826540366737,0.29340101522842654,-0.20222473277135655
2024-11-04 00:00:00+00:00,RENDERUSDT,4.219,0.6425693292249346,35663758.55055,101,2024-11-11 00:00:00+00:00,0.6425693292249346,2024-11-09 00:00:00+00:00,7,0.08268398268398269,0.3867243867243868,1.2777909457217347,-0.0515151515151514
2024-11-04 00:00:00+00:00,FTMUSDT,0.5457,0.5349092908191315,175325467.09324998,1673,2024-11-11 00:00:00+00:00,0.5349092908191315,2024-11-06 00:00:00+00:00,7,0.16977077363896842,0.49367239732569246,1.2926516400952908,-0.20869149952244515
2024-11-04 00:00:00+00:00,SEIUSDT,0.3372,0.5275800711743772,144491291.4286,445,2024-11-11 00:00:00+00:00,0.5275800711743772,2024-11-06 00:00:00+00:00,7,0.27179188507086005,0.16385167928557576,0.7778766310794782,-0.15181518151815176
2024-11-04 00:00:00+00:00,SXPUSDT,0.2398,0.4282735613010842,14970916.743365001,1673,2024-11-11 00:00:00+00:00,0.4282735613010842,2024-11-07 00:00:00+00:00,7,0.127883211678832,0.12175182481751823,0.6021684737281066,-0.05489051094890518
2024-11-04 00:00:00+00:00,AEVOUSDT,0.2791,0.43532783948405585,16191639.56372,236,2024-11-11 00:00:00+00:00,0.43532783948405585,2024-11-09 00:00:00+00:00,7,0.11982026959560654,0.25536694957563655,0.801863131494088,-0.17848227658512228
2024-11-04 00:00:00+00:00,BSVUSDT,45.32,0.42299205648720206,4830985.338500001,381,2024-11-11 00:00:00+00:00,0.42299205648720206,2024-11-09 00:00:00+00:00,7,0.039385951310280776,0.039385951310280776,0.4790379523389232,-0.0896262986509535
2024-11-04 00:00:00+00:00,NEARUSDT,3.618,0.5389718076285239,117987516.6645,1673,2024-11-11 00:00:00+00:00,0.5389718076285239,2024-11-09 00:00:00+00:00,7,0.1612787356321841,0.22934626436781613,0.8919292426755114,-0.07130028735632177
2024-11-04 00:00:00+00:00,GMXUSDT,20.017,0.40960183843732834,6442396.608695,626,2024-11-11 00:00:00+00:00,0.40960183843732834,2024-11-07 00:00:00+00:00,7,0.12985540119081374,0.39832010206974755,0.9710745866013888,-0.053444853983555474
2024-11-04 00:00:00+00:00,MTLUSDT,0.8361,0.4079655543595264,4950812.7934,1673,2024-11-11 00:00:00+00:00,0.4079655543595264,2024-11-10 00:00:00+00:00,7,0.1521406727828747,0.18161739721372738,0.6636765937088867,-0.13455657492354745
2024-11-04 00:00:00+00:00,SAGAUSDT,1.6746,0.4002149767108565,186130678.77287,209,2024-11-11 00:00:00+00:00,0.4002149767108565,2024-11-06 00:00:00+00:00,7,-0.06388604571818512,-0.06755373592630509,0.30562522393407376,-0.27895769361992495
2024-11-04 00:00:00+00:00,WOOUSDT,0.15573,0.5338085147370448,14349415.611465,1673,2024-11-11 00:00:00+00:00,0.5338085147370448,2024-11-06 00:00:00+00:00,7,0.07066901113623048,0.23859164364062635,0.8997624092981442,-0.11814451980239471
2024-11-04 00:00:00+00:00,ARBUSDT,0.4731,0.4208412597759459,78399505.2925,592,2024-11-11 00:00:00+00:00,0.4208412597759459,2024-11-07 00:00:00+00:00,7,0.34736685510264786,0.4866111276405831,1.1122384273937853,-0.13626896756917584
2024-11-04 00:00:00+00:00,APTUSDT,8.0588,0.7041991363478435,266789028.31674498,1673,2024-11-11 00:00:00+00:00,0.7041991363478435,2024-11-07 00:00:00+00:00,7,-0.13850500225720486,-0.062335260452314745,0.5979674393209908,-0.18131180008446313
2024-11-04 00:00:00+00:00,LINKUSDT,10.248,0.4568696330991413,118712316.59782,1673,2024-11-11 00:00:00+00:00,0.4568696330991413,2024-11-07 00:00:00+00:00,7,0.16242464835900883,0.6117883456128601,1.3481654957064793,-0.12893503014065633
2024-11-04 00:00:00+00:00,ZILUSDT,0.01278,0.431924882629108,7408330.16633,1673,2024-11-11 00:00:00+00:00,0.431924882629108,2024-11-10 00:00:00+00:00,7,0.28196721311475414,0.5464480874316939,1.2143974960876367,-0.10109289617486339
2024-11-04 00:00:00+00:00,GRTUSDT,0.13086,0.5273574812777013,20099023.962985,1673,2024-11-11 00:00:00+00:00,0.5273574812777013,2024-11-08 00:00:00+00:00,7,0.22159403612348028,0.41006654325311476,1.1536756839370321,-0.13813979086406158
2024-11-04 00:00:00+00:00,NEOUSDT,8.818,0.40224540712179646,12113454.29033,1673,2024-11-11 00:00:00+00:00,0.40224540712179646,2024-11-09 00:00:00+00:00,7,0.15923978972907404,0.4710877476748889,1.062826037650261,-0.10262838657501017
2024-11-04 00:00:00+00:00,JOEUSDT,0.28087,0.5634635240502723,2857129.0333350003,586,2024-11-11 00:00:00+00:00,0.5634635240502723,2024-11-08 00:00:00+00:00,7,0.1278209186345729,0.19855168173433824,0.873891836080749,-0.18438731127456576
2024-11-04 00:00:00+00:00,NFPUSDT,0.1672,0.5735645933014355,7979084.101935,313,2024-11-11 00:00:00+00:00,0.5735645933014355,2024-11-06 00:00:00+00:00,7,0.08475864690231849,0.34663625997719505,1.1190191387559811,-0.15317369821360705
2024-11-04 00:00:00+00:00,JASMYUSDT,0.016362,0.4534897934237867,27487688.238762,1673,2024-11-11 00:00:00+00:00,0.4534897934237867,2024-11-06 00:00:00+00:00,7,0.020183331931713067,0.8587166764780085,1.7016257181273682,-0.1671432175594988
2024-11-04 00:00:00+00:00,ACEUSDT,1.721,0.4624636839047065,11968391.6350425,322,2024-11-11 00:00:00+00:00,0.4624636839047065,2024-11-06 00:00:00+00:00,7,0.08184671619849815,0.1522507846954586,0.6851249273678095,-0.15844888553379155
2024-11-04 00:00:00+00:00,ZETAUSDT,0.5534,0.5160823997108781,35595753.44685,276,2024-11-11 00:00:00+00:00,0.5160823997108781,2024-11-06 00:00:00+00:00,7,-0.11036948748510134,-0.11597139451728244,0.3402602096132996,-0.24612634088200236
2024-11-04 00:00:00+00:00,PENDLEUSDT,4.1069,0.4444228006525601,51424870.05239999,465,2024-11-11 00:00:00+00:00,0.4444228006525601,2024-11-06 00:00:00+00:00,7,-0.11739518888757783,0.03251799531363253,0.49139253451508424,-0.1751656243151667
2024-11-04 00:00:00+00:00,MINAUSDT,0.4522,0.4380804953560371,15300155.3776,636,2024-11-11 00:00:00+00:00,0.4380804953560371,2024-11-09 00:00:00+00:00,7,0.1356297093649086,0.22312778717515003,0.7589562140645731,-0.06873750576656923
2024-11-04 00:00:00+00:00,LEVERUSDT,0.0015213,0.4227305593899955,5300690.76623095,585,2024-11-11 00:00:00+00:00,0.4227305593899955,2024-11-06 00:00:00+00:00,7,0.04366106080206977,0.06537608575124754,0.515743114441596,-0.1719183145444465
2024-11-04 00:00:00+00:00,AVAXUSDT,22.717,0.5736232777215302,155730432.87849998,1673,2024-11-11 00:00:00+00:00,0.5736232777215302,2024-11-07 00:00:00+00:00,7,0.15628846369027638,0.35520868300324504,1.1325879297442443,-0.12702808548729994
2024-11-04 00:00:00+00:00,EOSUSDT,0.409,0.42542787286063577,31410999.24495,1673,2024-11-11 00:00:00+00:00,0.42542787286063577,2024-11-10 00:00:00+00:00,7,0.3756432246998287,0.8696397941680962,1.6650366748166263,-0.05831903945111483
2024-11-04 00:00:00+00:00,SSVUSDT,15.903,0.455134251399107,9644874.819614999,619,2024-11-11 00:00:00+00:00,0.455134251399107,2024-11-06 00:00:00+00:00,7,0.1318007000561774,0.21602350805928872,0.7694774570835692,-0.2479149561384555
2024-11-04 00:00:00+00:00,ETHUSDT,2397.37,0.4078010486491448,5980293026.08013,1673,2024-11-11 00:00:00+00:00,0.4078010486491448,2024-11-07 00:00:00+00:00,7,0.012414741245977856,0.1349384596239429,0.597767553610832,-0.09303352276430943
2024-11-04 00:00:00+00:00,WUSDT,0.1964,0.43482688391038704,38762971.7623,215,2024-11-11 00:00:00+00:00,0.43482688391038704,2024-11-07 00:00:00+00:00,7,-0.023420865862313733,0.21763662171753007,0.7470977596741344,-0.21965933286018446
2024-11-04 00:00:00+00:00,CELRUSDT,0.01018,0.4263261296660119,4441344.79263,1673,2024-11-11 00:00:00+00:00,0.4263261296660119,2024-11-06 00:00:00+00:00,7,0.2320936639118456,0.8519283746556474,1.6414538310412574,-0.0915977961432507
2024-11-04 00:00:00+00:00,BEAMXUSDT,0.014892,0.5356567284448026,15865751.542066,353,2024-11-11 00:00:00+00:00,0.5356567284448026,2024-11-07 00:00:00+00:00,7,-0.02125147579693032,0.705890069526433,1.619661563255439,-0.1153526608072063
2024-11-04 00:00:00+00:00,POLUSDT,0.29169,0.46988240940724757,31452207.67915,52,2024-11-11 00:00:00+00:00,0.46988240940724757,2024-11-08 00:00:00+00:00,7,0.27755102040816304,0.46845481049562676,1.1584558949569752,-0.16373177842565612
2024-11-04 00:00:00+00:00,DOTUSDT,3.749,0.5241397706054949,70179477.1611,1673,2024-11-11 00:00:00+00:00,0.5241397706054949,2024-11-09 00:00:00+00:00,7,0.4424221211060553,0.5736786839341967,1.398506268338224,-0.1634581729086454
2024-11-04 00:00:00+00:00,DENTUSDT,0.00076,0.45657894736842075,3151522.428661,1673,2024-11-11 00:00:00+00:00,0.45657894736842075,2024-11-09 00:00:00+00:00,7,0.17886178861788626,0.4317976513098465,1.0855263157894735,-0.1544715447154471
2024-11-04 00:00:00+00:00,ALTUSDT,0.08432,0.5250237191650855,32545776.85696,284,2024-11-11 00:00:00+00:00,0.5250237191650855,2024-11-06 00:00:00+00:00,7,0.033750680457267146,0.2672836145890036,0.932637571157495,-0.18446224434248393
2024-11-04 00:00:00+00:00,RIFUSDT,0.07975,0.42445141065830727,3577348.161055,380,2024-11-11 00:00:00+00:00,0.42445141065830727,2024-11-06 00:00:00+00:00,7,0.11742957746478866,0.18644366197183104,0.6900313479623825,-0.11443661971830998
2024-11-04 00:00:00+00:00,AMBUSDT,0.005003,0.5004997001798921,5622406.139983,585,2024-11-11 00:00:00+00:00,0.5004997001798921,2024-11-06 00:00:00+00:00,7,0.04715598774477159,0.435859864126815,1.1545072956226266,-0.1445317703476755
2024-11-04 00:00:00+00:00,ONDOUSDT,0.5961,0.5955376614661969,53353281.0043,289,2024-11-11 00:00:00+00:00,0.5955376614661969,2024-11-06 00:00:00+00:00,7,0.06276942487645876,0.8778256755335929,1.9961415869820502,-0.12690568815056247
2024-11-04 00:00:00+00:00,MAVUSDT,0.13026,0.4899431905419931,4988480.536885001,494,2024-11-11 00:00:00+00:00,0.4899431905419931,2024-11-06 00:00:00+00:00,7,0.18616034624896938,0.4418796372629843,1.1483187471211425,-0.1662201154163232
2024-11-04 00:00:00+00:00,ROSEUSDT,0.05754,0.5165102537365311,13553739.40292,1673,2024-11-11 00:00:00+00:00,0.5165102537365311,2024-11-07 00:00:00+00:00,7,0.03999541599816636,0.3225991290396515,1.005735140771637,-0.1328214531285813
2024-11-04 00:00:00+00:00,CYBERUSDT,2.679,0.5091452034341173,8357745.48965,441,2024-11-11 00:00:00+00:00,0.5091452034341173,2024-11-07 00:00:00+00:00,7,0.005194162750432829,0.17759089784813265,0.777155655095185,-0.16250309176354194
2024-11-04 00:00:00+00:00,SUSHIUSDT,0.5934,0.44994944388270985,14216290.847649999,1673,2024-11-11 00:00:00+00:00,0.44994944388270985,2024-11-06 00:00:00+00:00,7,0.2549976754997676,1.6810785681078566,2.8874283788338384,-0.16957229195722923
2024-11-04 00:00:00+00:00,1000XECUSDT,0.0308,0.47272727272727266,4206693.806934999,1673,2024-11-11 00:00:00+00:00,0.47272727272727266,2024-11-09 00:00:00+00:00,7,0.004850088183421697,-0.003968253968253954,0.4668831168831167,-0.08311287477954132
2024-11-04 00:00:00+00:00,SOLUSDT,157.87,0.40831063533286893,2281795767.3719997,1673,2024-11-11 00:00:00+00:00,0.40831063533286893,2024-11-07 00:00:00+00:00,7,0.05379390995367239,0.02230918004767668,0.439728890859568,-0.05703233931543206
2024-11-04 00:00:00+00:00,SKLUSDT,0.03055,0.4307692307692308,4708683.524355,1673,2024-11-11 00:00:00+00:00,0.4307692307692308,2024-11-06 00:00:00+00:00,7,0.33951040951727296,0.5664607641272021,1.2412438625204585,-0.12079615648593
2024-11-04 00:00:00+00:00,ONEUSDT,0.01067,0.5220243673851921,6122092.030309999,1673,2024-11-11 00:00:00+00:00,0.5220243673851921,2024-11-08 00:00:00+00:00,7,0.5098522167487685,1.187807881773399,2.3298969072164946,-0.19458128078817738
2024-11-04 00:00:00+00:00,ARUSDT,12.956,0.5750231552948442,30440144.8918,1673,2024-11-11 00:00:00+00:00,0.5750231552948442,2024-11-06 00:00:00+00:00,7,-0.005978633735175931,0.14525139664804487,0.8037974683544304,-0.20097030285210227
2024-11-04 00:00:00+00:00,PHBUSDT,1.4745,0.42488979315022046,20570593.39385,627,2024-11-11 00:00:00+00:00,0.42488979315022046,2024-11-06 00:00:00+00:00,7,-0.1244645406949072,-0.06316039980961452,0.33489318413021363,-0.2274631128034269
2024-11-04 00:00:00+00:00,MANTAUSDT,0.5703,0.6084516920918814,17647550.31506,291,2024-11-11 00:00:00+00:00,0.6084516920918814,2024-11-06 00:00:00+00:00,7,0.157309495257822,0.1940477488280823,0.9205681220410309,-0.1930666085250191
2024-11-04 00:00:00+00:00,ILVUSDT,30.832,0.4284509600415154,5523952.33295,360,2024-11-11 00:00:00+00:00,0.4284509600415154,2024-11-10 00:00:00+00:00,7,0.18761636619590383,0.3278915580582171,0.8968279709392837,-0.13877662231506294
2024-11-04 00:00:00+00:00,TAOUSDT,419.45,0.44708546906663504,153893261.824215,207,2024-11-11 00:00:00+00:00,0.44708546906663504,2024-11-06 00:00:00+00:00,7,-0.10026689512010278,-0.00978615440376962,0.4329240672308976,-0.20620119279053684
2024-11-04 00:00:00+00:00,ALGOUSDT,0.1091,0.46287809349220876,11155241.55809,1673,2024-11-11 00:00:00+00:00,0.46287809349220876,2024-11-08 00:00:00+00:00,7,0.6284461152882208,1.8320802005012533,3.142988084326306,-0.08709273182957389
2024-11-04 00:00:00+00:00,WIFUSDT,1.9221,0.6276468445970553,638075106.49832,291,2024-11-11 00:00:00+00:00,0.6276468445970553,2024-11-06 00:00:00+00:00,7,0.017516381652549207,-0.026402429279207218,0.5846730138910567,-0.09087422087262265
2024-11-04 00:00:00+00:00,TLMUSDT,0.008461,0.40668951660560215,4127386.484539,1673,2024-11-11 00:00:00+00:00,0.40668951660560215,2024-11-09 00:00:00+00:00,7,0.15745252898672502,0.5572172744076624,1.1905212149864082,-0.11712317257603755
2024-11-04 00:00:00+00:00,IOUSDT,1.466,0.8015006821282402,49730244.84395,146,2024-11-11 00:00:00+00:00,0.8015006821282402,2024-11-06 00:00:00+00:00,7,0.02347595607724351,0.5297993184399847,1.7559345156889492,-0.15524422567209395
2024-11-04 00:00:00+00:00,BCHUSDT,328.95,0.43699650402796775,94503069.51925,1673,2024-11-11 00:00:00+00:00,0.43699650402796775,2024-11-09 00:00:00+00:00,7,0.040850433678866205,0.15578591072561898,0.6608603131174953,-0.12246668077004441
2024-11-04 00:00:00+00:00,POPCATUSDT,1.2159,0.4040628341146477,282953620.04785,74,2024-11-11 00:00:00+00:00,0.4040628341146477,2024-11-06 00:00:00+00:00,7,-0.22908856607310213,-0.26505388940955954,0.031910518957151135,-0.31384723523898783
2024-11-04 00:00:00+00:00,ORDIUSDT,30.174,0.5176642142241665,205744033.97079998,363,2024-11-11 00:00:00+00:00,0.5176642142241665,2024-11-09 00:00:00+00:00,7,-0.13877363846792146,-0.21105384984932518,0.19735533903360514,-0.2711927326724024
2024-11-04 00:00:00+00:00,POLYXUSDT,0.19674,0.4384466808986478,7314269.13425,376,2024-11-11 00:00:00+00:00,0.4384466808986478,2024-11-08 00:00:00+00:00,7,0.18484098939929328,0.24106007067137813,0.7851987394530853,-0.16416961130742047
2024-11-04 00:00:00+00:00,COTIUSDT,0.08027,0.4193347452348326,11477646.193905,1673,2024-11-11 00:00:00+00:00,0.4193347452348326,2024-11-06 00:00:00+00:00,7,0.18353374879311835,0.523567102606864,1.1624517254266853,-0.1850258930922496
2024-11-04 00:00:00+00:00,1000RATSUSDT,0.08887,0.48047710138404387,52287396.876325,325,2024-11-11 00:00:00+00:00,0.48047710138404387,2024-11-06 00:00:00+00:00,7,-0.22679942236072048,-0.27278254921334644,0.07662878361651848,-0.3448354488105191
2024-11-04 00:00:00+00:00,1000SATSUSDT,0.0001967,0.5180477885104218,124342387.2487363,328,2024-11-11 00:00:00+00:00,0.5180477885104218,2024-11-06 00:00:00+00:00,7,-0.14802411252511716,-0.19457468184862692,0.2226741230299949,-0.240120562625586
2024-11-04 00:00:00+00:00,IOTAUSDT,0.1032,0.41763565891472876,5992450.036110001,1673,2024-11-11 00:00:00+00:00,0.41763565891472876,2024-11-09 00:00:00+00:00,7,0.5427204374572796,1.7368421052631575,2.87984496124031,-0.04716336295283674
2024-11-04 00:00:00+00:00,HOTUSDT,0.001448,0.5814917127071821,6328439.5930795,1673,2024-11-11 00:00:00+00:00,0.5814917127071821,2024-11-07 00:00:00+00:00,7,0.29781659388646275,0.4340611353711792,1.2679558011049723,-0.17117903930131007
2024-11-04 00:00:00+00:00,BLZUSDT,0.08665,0.4353144835545295,8254198.21032,1673,2024-11-11 00:00:00+00:00,0.4353144835545295,2024-11-07 00:00:00+00:00,7,0.088284956179143,0.31374125592988666,0.8856318522792845,-0.1430409262683927
2024-11-04 00:00:00+00:00,LQTYUSDT,0.7927,0.41087422732433465,7352720.343525,605,2024-11-11 00:00:00+00:00,0.41087422732433465,2024-11-07 00:00:00+00:00,7,0.16747138769670955,1.156115879828326,2.0420083259745176,-0.03120529327610888
2024-11-04 00:00:00+00:00,ARKUSDT,0.4154,0.496870486278286,43346587.74475,412,2024-11-11 00:00:00+00:00,0.496870486278286,2024-11-05 00:00:00+00:00,7,0.11707944676744919,0.03329044708909601,0.5467019740009629,-0.0939208748793825
2024-11-04 00:00:00+00:00,STXUSDT,1.456,0.5076236263736265,69120604.66335,622,2024-11-11 00:00:00+00:00,0.5076236263736265,2024-11-10 00:00:00+00:00,7,-0.035123684570179114,0.09129424627579619,0.6452609890109893,-0.17721288323994355
2024-11-04 00:00:00+00:00,BLURUSDT,0.18293,0.5120537910676215,26860580.50485,556,2024-11-11 00:00:00+00:00,0.5120537910676215,2024-11-06 00:00:00+00:00,7,0.18778018799710772,0.29681851048445407,0.960859345104685,-0.1830441070137383
2024-11-04 00:00:00+00:00,SUPERUSDT,1.0881,0.4325889164598842,29646251.93505,344,2024-11-11 00:00:00+00:00,0.4325889164598842,2024-11-06 00:00:00+00:00,7,-0.18956889915319464,0.3203746471644855,0.8915540851024719,-0.21811649987169612
2024-11-04 00:00:00+00:00,THETAUSDT,1.0202,0.5255832189766712,15850654.432744998,1673,2024-11-11 00:00:00+00:00,0.5255832189766712,2024-11-08 00:00:00+00:00,7,0.19930609097918284,0.6576715497301466,1.5289158988433642,-0.16608840914931888
2024-11-05 00:00:00+00:00,XLMUSDT,0.09339,0.43998286754470484,15115883.034595001,1674,2024-11-12 00:00:00+00:00,0.43998286754470484,2024-11-11 00:00:00+00:00,7,2.262641284949435,2.1602468768590124,3.550701359888639,-0.07532718619869117
2024-11-05 00:00:00+00:00,BANANAUSDT,46.303,0.4271213528281106,30219673.950999998,82,2024-11-11 00:00:00+00:00,0.4271213528281106,2024-11-06 00:00:00+00:00,6,0.02499999999999991,-0.1607142857142857,0.19776256398073566,-0.2138014527845037
2024-11-05 00:00:00+00:00,HBARUSDT,0.04608,0.4029947916666665,17685043.232814997,1674,2024-11-12 00:00:00+00:00,0.4029947916666665,2024-11-11 00:00:00+00:00,7,1.1556071152358856,3.5073472544470228,5.323784722222221,-0.08043310131477177
2024-11-06 00:00:00+00:00,AGLDUSDT,1.3454,0.47458005054258967,7647966.8254,466,2024-11-13 00:00:00+00:00,0.47458005054258967,2024-11-10 00:00:00+00:00,7,-0.30394677151066085,-0.32259690508594174,-0.0011149100639213927,-0.38096678259992944
2024-11-08 00:00:00+00:00,XRPUSDT,0.5541,0.6105396137881247,282442335.612195,1677,2024-11-15 00:00:00+00:00,0.6105396137881247,2024-11-12 00:00:00+00:00,7,1.0191618108471538,1.7423800986104885,3.4167117848763757,0.0
2024-11-08 00:00:00+00:00,OMUSDT,1.3725,0.7914171220400728,35341679.367437005,269,2024-11-15 00:00:00+00:00,0.7914171220400728,2024-11-14 00:00:00+00:00,7,0.41148646450185455,0.5794315741524043,1.8294207650273222,0.0
2024-11-09 00:00:00+00:00,SANDUSDT,0.27544,0.43319779262271263,24776521.70373,1678,2024-11-16 00:00:00+00:00,0.43319779262271263,2024-11-16 00:00:00+00:00,7,0.6963471476340053,0.8166227581315231,1.6035797269822827,-0.15561353733914274
2024-11-11 00:00:00+00:00,XTZUSDT,0.753,0.5617529880478087,6685162.15245,1680,2024-11-18 00:00:00+00:00,0.5617529880478087,2024-11-18 00:00:00+00:00,7,0.3962585034013606,0.1284013605442178,0.7622841965471447,-0.10629251700680276
2024-11-12 00:00:00+00:00,CRVUSDT,0.278,0.4676258992805753,52176462.909099996,1681,2024-11-19 00:00:00+00:00,0.4676258992805753,2024-11-16 00:00:00+00:00,7,1.1519607843137258,1.058823529411765,2.021582733812949,-0.08333333333333326
2024-11-12 00:00:00+00:00,QNTUSDT,62.88,0.462150127226463,5471277.1185,1681,2024-11-19 00:00:00+00:00,0.462150127226463,2024-11-16 00:00:00+00:00,7,0.5503589297367848,0.18827496193169457,0.7374363867684477,-0.05819012399390899
2024-11-16 00:00:00+00:00,KSMUSDT,22.08,1.2407608695652175,7802824.34665,1685,2024-11-23 00:00:00+00:00,1.2407608695652175,2024-11-23 00:00:00+00:00,7,-0.0904681057482416,-0.3342630770474573,0.49175724637681184,-0.4018918263400437
2024-11-17 00:00:00+00:00,GMTUSDT,0.15334,0.41893830703012913,26860366.32768,1686,2024-11-24 00:00:00+00:00,0.41893830703012913,2024-11-22 00:00:00+00:00,7,0.12491956981340202,-0.3553175843367956,-0.08523542454675881,-0.392545270705028
2024-11-17 00:00:00+00:00,OXTUSDT,0.07974,0.5374968648106344,3746643.72172,464,2024-11-24 00:00:00+00:00,0.5374968648106344,2024-11-24 00:00:00+00:00,7,0.12202283849918416,0.001957585644371873,0.5405066466014548,-0.17471451876019573
2024-11-17 00:00:00+00:00,COSUSDT,0.006994,0.4059193594509578,3904971.4386845,48,2024-11-24 00:00:00+00:00,0.4059193594509578,2024-11-23 00:00:00+00:00,7,0.5229329807790095,-0.14563205532390922,0.20117243351444092,-0.21977016170039665
2024-11-17 00:00:00+00:00,MAVIAUSDT,1.3268,0.6153150437141999,10620368.61492,270,2024-11-24 00:00:00+00:00,0.6153150437141999,2024-11-24 00:00:00+00:00,7,-0.10008398656215012,-0.3034247853676746,0.12518842327404278,-0.35167039940276235
2024-11-17 00:00:00+00:00,NKNUSDT,0.07916,0.4211723092470947,4591546.771,1686,2024-11-24 00:00:00+00:00,0.4211723092470947,2024-11-22 00:00:00+00:00,7,0.20097777777777792,-0.050488888888888916,0.34941889843355245,-0.18986666666666674
2024-11-17 00:00:00+00:00,FLOWUSDT,0.643,0.4976671850699843,13295786.6393,1686,2024-11-24 00:00:00+00:00,0.4976671850699843,2024-11-23 00:00:00+00:00,7,0.21703011422637597,-0.17133956386292826,0.24105754276827374,-0.2679127725856698
2024-11-17 00:00:00+00:00,CHZUSDT,0.0692,0.4173410404624278,35589179.620330006,1686,2024-11-24 00:00:00+00:00,0.4173410404624278,2024-11-23 00:00:00+00:00,7,0.3399265905383362,-0.0380301794453507,0.3634393063583816,-0.15018352365416
2024-11-17 00:00:00+00:00,TIAUSDT,5.0285,0.5828775976931491,297720563.64125,383,2024-11-24 00:00:00+00:00,0.5828775976931491,2024-11-23 00:00:00+00:00,7,0.053420440982473893,-0.32445505370940386,0.06930496171820621,-0.38195866574533577
2024-11-17 00:00:00+00:00,MANAUSDT,0.3922,0.8526262111167773,22144652.695150003,1686,2024-11-24 00:00:00+00:00,0.8526262111167773,2024-11-23 00:00:00+00:00,7,0.02050646848334714,-0.2565372969997247,0.3773584905660379,-0.3543903110377099
2024-11-17 00:00:00+00:00,ENJUSDT,0.17362,0.7439235111162308,6723195.404315,1686,2024-11-24 00:00:00+00:00,0.7439235111162308,2024-11-18 00:00:00+00:00,7,0.2065195851773567,-0.18554726203844374,0.42034327842414476,-0.29153180527115397
2024-11-17 00:00:00+00:00,BATUSDT,0.1967,0.4661921708185053,4650300.1810449995,1686,2024-11-24 00:00:00+00:00,0.4661921708185053,2024-11-23 00:00:00+00:00,7,0.17926490984743415,-0.03155339805825241,0.41992882562277556,-0.27288488210818307
2024-11-17 00:00:00+00:00,AXSUSDT,5.491,0.5152067018757969,36506217.268,1686,2024-11-24 00:00:00+00:00,0.5152067018757969,2024-11-23 00:00:00+00:00,7,0.13749999999999996,-0.17271634615384623,0.2535057366599891,-0.27836538461538474
2024-11-17 00:00:00+00:00,MAGICUSDT,0.3868,0.471561530506722,8918587.051335,662,2024-11-24 00:00:00+00:00,0.471561530506722,2024-11-23 00:00:00+00:00,7,0.2440267041461699,-0.16602248770203798,0.22724922440537765,-0.27828531271960655
2024-11-19 00:00:00+00:00,CAKEUSDT,1.9125,0.42122875816993477,10037731.25335,383,2024-11-25 00:00:00+00:00,0.42122875816993477,2024-11-24 00:00:00+00:00,6,0.23328795850042305,-0.05765056473271779,0.33929411764705875,-0.15095103197086213
2024-11-20 00:00:00+00:00,GLMUSDT,0.34591,0.4242433002804198,6587637.597999999,272,2024-11-26 00:00:00+00:00,0.4242433002804198,2024-11-24 00:00:00+00:00,6,-0.17125400884991682,-0.30112044817927164,-0.004625480616345268,-0.3032314375025372
2024-11-20 00:00:00+00:00,RPLUSDT,9.364,0.5002135839384878,5162320.879249999,72,2024-11-27 00:00:00+00:00,0.5002135839384878,2024-11-23 00:00:00+00:00,7,0.006904897494305118,-0.1604498861047836,0.2595044852627082,-0.21554669703872442
2024-11-20 00:00:00+00:00,BICOUSDT,0.2648,0.4120090634441089,18283541.97265,419,2024-11-27 00:00:00+00:00,0.4120090634441089,2024-11-24 00:00:00+00:00,7,0.06285102968708212,-0.21663546402781497,0.10611782477341403,-0.2693233484889008
2024-11-20 00:00:00+00:00,LISTAUSDT,0.3532,0.5934314835787089,19050388.906549998,153,2024-11-27 00:00:00+00:00,0.5934314835787089,2024-11-24 00:00:00+00:00,7,-0.033759772565742696,-0.23773987206823022,0.2146092865232163,-0.2656361051883439
2024-11-20 00:00:00+00:00,KDAUSDT,0.6568,0.8224725943970768,5478440.972750001,63,2024-11-27 00:00:00+00:00,0.8224725943970768,2024-11-23 00:00:00+00:00,7,0.2409356725146199,-0.16624895572263998,0.5194884287454322,-0.19515455304928986
2024-11-20 00:00:00+00:00,METISUSDT,42.24,0.4493371212121211,12678795.50915,253,2024-11-27 00:00:00+00:00,0.4493371212121211,2024-11-23 00:00:00+00:00,7,-0.09376020908199934,-0.2642927147990852,0.06628787878787867,-0.3020254818686704
2024-11-20 00:00:00+00:00,OMNIUSDT,7.561,0.46938235683110685,15401757.144779999,217,2024-11-27 00:00:00+00:00,0.46938235683110685,2024-11-23 00:00:00+00:00,7,0.027722772277227747,-0.24338433843384333,0.11175770400740648,-0.26147614761476146
2024-11-20 00:00:00+00:00,OMGUSDT,0.2904,0.5457988980716255,3700918.48331,1689,2024-11-27 00:00:00+00:00,0.5457988980716255,2024-11-23 00:00:00+00:00,7,0.09868567609712642,-0.24660280686121638,0.16460055096418746,-0.26175094675874366
2024-11-20 00:00:00+00:00,RENUSDT,0.03822,0.4254317111459971,4545317.432305001,1689,2024-11-24 00:00:00+00:00,0.4254317111459971,2024-11-23 00:00:00+00:00,4,-0.11894273127753308,-0.11894273127753308,0.2558869701726847,-0.3116740088105727
2024-11-20 00:00:00+00:00,ZRXUSDT,0.4113,0.4524677850717238,11182329.252065,1689,2024-11-26 00:00:00+00:00,0.4524677850717238,2024-11-24 00:00:00+00:00,6,-0.06126548376297303,-0.22815533980582525,0.12107950401167034,-0.24656846334114502
2024-11-20 00:00:00+00:00,LPTUSDT,9.955,0.4288297338021094,10351358.10935,1689,2024-11-27 00:00:00+00:00,0.4288297338021094,2024-11-23 00:00:00+00:00,7,0.2135123734533182,0.15473847019122622,0.6499246609743847,-0.13041338582677164
2024-11-20 00:00:00+00:00,EIGENUSDT,2.2212,0.735413290113452,114814516.2249,50,2024-11-27 00:00:00+00:00,0.735413290113452,2024-11-23 00:00:00+00:00,7,0.32881936337458173,-0.11842685552701893,0.5298937511255177,-0.13531532933821044
2024-11-20 00:00:00+00:00,ENSUSDT,17.361,0.9637117677553135,42851242.91685,1689,2024-11-27 00:00:00+00:00,0.9637117677553135,2024-11-25 00:00:00+00:00,7,0.1504458523993899,-0.011527631115804349,0.9410748228788663,-0.03211897219288984
2024-11-20 00:00:00+00:00,UNIUSDT,8.813,0.5365936684443435,150925137.01200002,1689,2024-11-27 00:00:00+00:00,0.5365936684443435,2024-11-23 00:00:00+00:00,7,0.2672426524885543,-0.014473489883325974,0.5143537955293316,-0.06993058632402893
2024-11-20 00:00:00+00:00,ZENUSDT,8.399,0.9358256935349449,7842611.6083,1689,2024-11-27 00:00:00+00:00,0.9358256935349449,2024-11-23 00:00:00+00:00,7,-0.07780306291899874,0.8247739713389508,2.53244433861174,-0.1615105480041824
2024-11-20 00:00:00+00:00,OPUSDT,1.6495,0.520885116702031,113931759.63552499,1689,2024-11-27 00:00:00+00:00,0.520885116702031,2024-11-21 00:00:00+00:00,7,-0.0694383545262488,-0.2598955634392315,0.1256138223704153,-0.3041415872762786
2024-11-20 00:00:00+00:00,MBOXUSDT,0.1761,0.40090857467348084,8808678.158950001,84,2024-11-24 00:00:00+00:00,0.40090857467348084,2024-11-23 00:00:00+00:00,4,0.3303607620591811,-0.14430482367247666,0.1987507098239636,-0.23550871503850834
2024-11-20 00:00:00+00:00,SNXUSDT,1.659,0.458710066305003,14358570.41195,1689,2024-11-27 00:00:00+00:00,0.458710066305003,2024-11-23 00:00:00+00:00,7,0.20991735537190093,-0.14586776859504125,0.24593128390596752,-0.18553719008264458
2024-11-20 00:00:00+00:00,ZROUSDT,3.4004,0.4401246912127985,40469239.71178,153,2024-11-27 00:00:00+00:00,0.4401246912127985,2024-11-24 00:00:00+00:00,7,0.3916071063916684,0.11468245864815185,0.6052817315609929,-0.029038186644884556
2024-11-20 00:00:00+00:00,HOOKUSDT,0.3871,0.413071557737019,8504830.58081,667,2024-11-27 00:00:00+00:00,0.413071557737019,2024-11-24 00:00:00+00:00,7,0.04643510054844602,-0.24369287020109698,0.06871609403254975,-0.27751371115173684
2024-11-23 00:00:00+00:00,SYNUSDT,0.4896,0.41789215686274517,9618373.80335,99,2024-11-30 00:00:00+00:00,0.41789215686274517,2024-11-30 00:00:00+00:00,7,0.07188130221838085,-0.10847018150388943,0.264093137254902,-0.26692595793719387
2024-11-23 00:00:00+00:00,FIDAUSDT,0.2358,0.4363019508057675,32514370.651550002,65,2024-11-30 00:00:00+00:00,0.4363019508057675,2024-11-28 00:00:00+00:00,7,-0.07868784693516007,-0.262725876933979,0.05894826123833763,-0.2686606826502893
2024-11-23 00:00:00+00:00,WLDUSDT,2.4494,0.4818731117824775,350710440.14365005,488,2024-11-30 00:00:00+00:00,0.4818731117824775,2024-11-28 00:00:00+00:00,7,-0.19486458936000217,-0.42777640025346453,-0.15203723360823052,-0.42777640025346453
2024-11-24 00:00:00+00:00,GTCUSDT,0.907,0.4057331863285556,9349891.61405,1693,2024-12-01 00:00:00+00:00,0.4057331863285556,2024-12-01 00:00:00+00:00,7,-0.24705882352941178,-0.41647058823529404,-0.17971334068357225,-0.4509803921568627
2024-11-25 00:00:00+00:00,ZECUSDT,47.85,0.5615464994775339,33691115.287865,1694,2024-12-02 00:00:00+00:00,0.5615464994775339,2024-11-30 00:00:00+00:00,7,-0.2450481798715204,-0.22055674518201285,0.21713688610240345,-0.353720556745182
2024-11-25 00:00:00+00:00,DASHUSDT,33.29,0.5713427455692401,8838275.320455,1694,2024-12-02 00:00:00+00:00,0.5713427455692401,2024-12-01 00:00:00+00:00,7,-0.14337602752819723,-0.2466067673484994,0.1838389906878941,-0.3257503345440642
2024-11-25 00:00:00+00:00,MOODENGUSDT,0.34157,0.7209064027871304,705910395.763025,31,2024-12-02 00:00:00+00:00,0.7209064027871304,2024-12-02 00:00:00+00:00,7,-0.4011160068729692,-0.5395450911008659,-0.20760019908071548,-0.5872475800003403
2024-11-25 00:00:00+00:00,LTCUSDT,92.36,0.440017323516674,225084494.70174003,1694,2024-12-02 00:00:00+00:00,0.440017323516674,2024-12-01 00:00:00+00:00,7,-0.1127819548872181,-0.20909774436090223,0.1389129493287138,-0.25984962406015044
2024-11-26 00:00:00+00:00,CHRUSDT,0.2385,0.45115303983228516,13936373.21355,1695,2024-12-03 00:00:00+00:00,0.45115303983228516,2024-12-02 00:00:00+00:00,7,-0.21121063276509677,-0.29529037850332274,0.02264150943396226,-0.34007512279687957
2024-11-26 00:00:00+00:00,CFXUSDT,0.17328,0.4845337026777472,37625684.440864995,645,2024-12-03 00:00:00+00:00,0.4845337026777472,2024-11-30 00:00:00+00:00,7,-0.2563753693049293,-0.3529000155496813,-0.039358264081255756,-0.4055356865184264
2024-11-26 00:00:00+00:00,FIOUSDT,0.03538,0.410118711136235,10825116.04046,67,2024-12-03 00:00:00+00:00,0.410118711136235,2024-11-30 00:00:00+00:00,7,-0.03287231910202437,-0.13369412707957495,0.2215941209723007,-0.24313489677290034
2024-11-26 00:00:00+00:00,SUNUSDT,0.020694,0.9230694887406976,22079838.870188497,96,2024-12-03 00:00:00+00:00,0.9230694887406976,2024-12-03 00:00:00+00:00,7,-0.40911146848929536,-0.339556739370791,0.27007828356045227,-0.4811287566589607
2024-11-26 00:00:00+00:00,FLMUSDT,0.0731,0.43228454172366626,8906223.76035,1695,2024-12-03 00:00:00+00:00,0.43228454172366626,2024-12-02 00:00:00+00:00,7,-0.1757402101241643,-0.28939828080229235,0.017783857729138042,-0.3276026743075453
2024-11-26 00:00:00+00:00,AXLUSDT,0.7893,0.42518687444571146,20675803.334145,270,2024-12-03 00:00:00+00:00,0.42518687444571146,2024-11-28 00:00:00+00:00,7,-0.23246510800960096,-0.3779002578006935,-0.11339161282148746,-0.4243043826117877
2024-11-26 00:00:00+00:00,SYSUSDT,0.12592,0.40589263024142297,6439105.557295,99,2024-12-03 00:00:00+00:00,0.40589263024142297,2024-12-02 00:00:00+00:00,7,-0.24752866745749302,-0.32260068914873186,-0.047649301143583234,-0.39530023159916394
2024-11-26 00:00:00+00:00,IOSTUSDT,0.007686,0.49505594587561785,9309146.812446,1695,2024-12-03 00:00:00+00:00,0.49505594587561785,2024-12-02 00:00:00+00:00,7,-0.31389783308676344,-0.4091898007136019,-0.1167056986729118,-0.44521799669306417
2024-11-26 00:00:00+00:00,QTUMUSDT,3.543,0.6195314705052217,14181903.709350001,1695,2024-12-03 00:00:00+00:00,0.6195314705052217,2024-12-02 00:00:00+00:00,7,-0.3523875914952945,-0.4402230742418961,-0.09342365227208582,-0.47560125479261073
2024-11-26 00:00:00+00:00,TRXUSDT,0.19451,1.228522955117989,101890200.81727499,1695,2024-12-03 00:00:00+00:00,1.228522955117989,2024-12-03 00:00:00+00:00,7,-0.3552264285879069,-0.38793918840980923,0.36399156855688664,-0.43689297990633724
2024-11-26 00:00:00+00:00,ONTUSDT,0.2641,0.49450965543354797,13076564.502815,1695,2024-12-03 00:00:00+00:00,0.49450965543354797,2024-12-03 00:00:00+00:00,7,-0.3387382822396757,-0.3835824676969851,-0.07875804619462334,-0.45452242209272864
2024-11-26 00:00:00+00:00,NULSUSDT,0.3571,0.5399047885746293,4356496.4917,92,2024-12-03 00:00:00+00:00,0.5399047885746293,2024-12-01 00:00:00+00:00,7,-0.1380250954719041,-0.2724131660301874,0.12041444973396809,-0.30878341516639396
2024-11-26 00:00:00+00:00,C98USDT,0.1682,0.46195005945303236,10084392.12275,1695,2024-12-03 00:00:00+00:00,0.46195005945303236,2024-11-29 00:00:00+00:00,7,-0.20455469703131357,-0.27978853192354614,0.05291319857312726,-0.3704758031720212
2024-11-26 00:00:00+00:00,IOTXUSDT,0.04393,0.44366036876849546,9003285.47559,1695,2024-12-03 00:00:00+00:00,0.44366036876849546,2024-11-30 00:00:00+00:00,7,-0.2603279722485021,-0.36392305266477454,-0.08172091964488948,-0.42794071270892464
2024-11-26 00:00:00+00:00,APEUSDT,1.2808,0.4808713304184886,295288255.29645,1695,2024-12-03 00:00:00+00:00,0.4808713304184886,2024-12-02 00:00:00+00:00,7,-0.21769388938682976,-0.33632097854167775,-0.01717676452217365,-0.4035957188801603
2024-11-26 00:00:00+00:00,FETUSDT,1.3786,0.4083127810822573,188649557.3502,679,2024-12-02 00:00:00+00:00,0.4083127810822573,2024-11-28 00:00:00+00:00,6,-0.11722894669070305,-0.3208859129539017,-0.04359495139997105,-0.3536955961885141
2024-11-26 00:00:00+00:00,DUSKUSDT,0.22525,0.41988901220865693,8285956.91349,1695,2024-12-03 00:00:00+00:00,0.41988901220865693,2024-11-30 00:00:00+00:00,7,-0.25147734734077476,-0.2149266797986431,0.1147169811320754,-0.39295875934089985
2024-11-26 00:00:00+00:00,RVNUSDT,0.02291,0.4862505456132693,10942370.740745,1695,2024-12-03 00:00:00+00:00,0.4862505456132693,2024-12-02 00:00:00+00:00,7,-0.24669603524229067,-0.35594713656387655,-0.04277608031427316,-0.40881057268722465
2024-11-27 00:00:00+00:00,COMPUSDT,73.55,0.6368456832087017,14792736.81746,1696,2024-12-04 00:00:00+00:00,0.6368456832087017,2024-12-04 00:00:00+00:00,7,-0.24860868842927164,-0.29163551790015785,0.15948334466349423,-0.39139463410582276
2024-11-27 00:00:00+00:00,LUNA2USDT,0.4975,0.43798994974874383,22001091.496600002,1696,2024-12-04 00:00:00+00:00,0.43798994974874383,2024-12-03 00:00:00+00:00,7,-0.3686049762370702,-0.3437237908862175,-0.05628140703517592,-0.4368185630416551
2024-11-27 00:00:00+00:00,BIGTIMEUSDT,0.15639,0.41153526440309474,127962772.769,412,2024-12-04 00:00:00+00:00,0.41153526440309474,2024-12-03 00:00:00+00:00,7,-0.34985277463193654,-0.3189580973952435,-0.0386853379372083,-0.38115515288788215
2024-11-28 00:00:00+00:00,SAFEUSDT,1.1994,0.46523261630815416,24027061.662,34,2024-12-05 00:00:00+00:00,0.46523261630815416,2024-12-05 00:00:00+00:00,7,-0.4295550244679641,-0.38744736542619784,-0.1024679006169752,-0.4367816091954023
2024-11-28 00:00:00+00:00,DODOXUSDT,0.15245,0.4088488028861921,8589659.504788999,478,2024-12-04 00:00:00+00:00,0.4088488028861921,2024-12-03 00:00:00+00:00,6,-0.27447748616019263,-0.22202356841218185,0.09605116431616922,-0.34261729498694005
2024-11-29 00:00:00+00:00,DYDXUSDT,1.647,0.4104432301153613,81316540.66495,1698,2024-12-06 00:00:00+00:00,0.4104432301153613,2024-12-06 00:00:00+00:00,7,-0.32974601808006887,-0.31338786052518297,-0.031572556162720145,-0.38829100301334474
2024-11-30 00:00:00+00:00,1MBABYDOGEUSDT,0.0025394,0.6969362841616131,89178864.23904034,75,2024-12-07 00:00:00+00:00,0.6969362841616131,2024-12-07 00:00:00+00:00,7,-0.18588137009189643,-0.21816114359974015,0.3267307237930219,-0.2823261858349577
2024-12-01 00:00:00+00:00,1INCHUSDT,0.4452,0.40835579514824794,21193855.72705,1700,2024-12-08 00:00:00+00:00,0.40835579514824794,2024-12-06 00:00:00+00:00,7,-0.39457735247208936,-0.3767145135566189,-0.12219227313566938,-0.39505582137161077
2024-12-02 00:00:00+00:00,TURBOUSDT,0.0074647,0.5004353825337924,155078852.33781785,186,2024-12-08 00:00:00+00:00,0.5004353825337924,2024-12-06 00:00:00+00:00,6,-0.24149353142326546,-0.21036936510629178,0.1847897437271424,-0.28560842120300345
2024-12-05 00:00:00+00:00,ONEUSDT,0.03192,0.4313909774436091,22562496.57068,1704,2024-12-07 00:00:00+00:00,0.4313909774436091,2024-12-06 00:00:00+00:00,2,-0.4497701904136573,-0.3361785948785293,-0.04981203007518786,-0.45195885314073103
2024-12-05 00:00:00+00:00,AAVEUSDT,247.86,0.48123940934398446,210890147.31599998,1704,2024-12-12 00:00:00+00:00,0.48123940934398446,2024-12-11 00:00:00+00:00,7,-0.08056872037914686,-0.2179550035408836,0.15839586863552002,-0.2345971563981043
2024-12-08 00:00:00+00:00,COWUSDT,0.5181,0.8533101717815095,55220829.2966,32,2024-12-15 00:00:00+00:00,0.8533101717815095,2024-12-12 00:00:00+00:00,7,0.00010414496979804788,-0.16184128306602796,0.5533680756610693,-0.3198292022495314
2024-12-09 00:00:00+00:00,UXLINKUSDT,0.6121,0.6422153242934163,44647806.406399995,85,2024-12-16 00:00:00+00:00,0.6422153242934163,2024-12-14 00:00:00+00:00,7,0.5557103064066851,0.20334261838440093,0.9761476882862279,-0.14584162355750108
2024-12-09 00:00:00+00:00,SCRUSDT,0.9442,0.40235119678034326,60568486.48975,48,2024-12-15 00:00:00+00:00,0.40235119678034326,2024-12-11 00:00:00+00:00,6,-0.23714220980288503,-0.39226644513254294,-0.1477441220080492,-0.4164338040933464
2024-12-09 00:00:00+00:00,BBUSDT,0.36661,0.5165980196939528,36955332.02057999,210,2024-12-15 00:00:00+00:00,0.5165980196939528,2024-12-12 00:00:00+00:00,6,-0.22453237410071947,-0.3804676258992806,-0.06041842830255584,-0.42868705035971233
2024-12-09 00:00:00+00:00,GOATUSDT,0.605,0.4358677685950414,413693094.38905,46,2024-12-13 00:00:00+00:00,0.4358677685950414,2024-12-13 00:00:00+00:00,4,-0.4944169448601359,-0.6018188097156671,-0.42826446280991737,-0.6018188097156671
2024-12-09 00:00:00+00:00,GRASSUSDT,2.5885,0.4081514390573693,108396628.72664,31,2024-12-15 00:00:00+00:00,0.4081514390573693,2024-12-11 00:00:00+00:00,6,-0.36806584362139916,-0.22899862825788753,0.0856866911338614,-0.3775308641975309
2024-12-10 00:00:00+00:00,XVGUSDT,0.0112607,0.45269832248439257,26974018.44464045,524,2024-12-13 00:00:00+00:00,0.45269832248439257,2024-12-11 00:00:00+00:00,3,-0.2584788243348982,-0.3008179284037559,0.015700622519026375,-0.36179577464788726
2024-12-10 00:00:00+00:00,1000CATUSDT,0.04285,0.46861143523920656,56773628.078545004,50,2024-12-16 00:00:00+00:00,0.46861143523920656,2024-12-16 00:00:00+00:00,6,-0.4435086604163355,-0.5433020816780549,-0.3292882147024504,-0.5951056729699666
2024-12-10 00:00:00+00:00,AUCTIONUSDT,15.291,0.4153423582499509,26698100.27115,361,2024-12-15 00:00:00+00:00,0.4153423582499509,2024-12-12 00:00:00+00:00,5,-0.20270769799464006,-0.3169762498844838,-0.03328755477078027,-0.3386932815821089
2024-12-14 00:00:00+00:00,AGLDUSDT,1.3298,0.5433899834561586,28059604.79665,504,2024-12-21 00:00:00+00:00,0.5433899834561586,2024-12-21 00:00:00+00:00,7,0.3361430520366402,-0.232654453322939,0.1843134305910663,-0.232654453322939
2024-12-19 00:00:00+00:00,FXSUSDT,2.6652,0.5245009755365453,12421563.823975,699,2024-12-25 00:00:00+00:00,0.5245009755365453,2024-12-23 00:00:00+00:00,6,-0.19696783244320848,-0.33703329969727547,0.010693381359747844,-0.33703329969727547
2024-12-19 00:00:00+00:00,DRIFTUSDT,0.9837,0.42218155941852187,44291932.01465,41,2024-12-25 00:00:00+00:00,0.42218155941852187,2024-12-24 00:00:00+00:00,6,-0.10078627591136524,-0.3052180128663331,-0.011893870082342217,-0.3052180128663331
2024-12-19 00:00:00+00:00,BADGERUSDT,3.1164,0.4020664869721473,9191415.88665,406,2024-12-25 00:00:00+00:00,0.4020664869721473,2024-12-21 00:00:00+00:00,6,-0.10514029386185741,-0.1137913672357761,0.24252342446412523,-0.1218931661097633
2024-12-20 00:00:00+00:00,GMTUSDT,0.14514,0.43110100592531353,56049633.20261499,1719,2024-12-27 00:00:00+00:00,0.43110100592531353,2024-12-27 00:00:00+00:00,7,-0.31548793991622937,-0.5199557074767706,-0.3130081300813008,-0.5199557074767706
2024-12-21 00:00:00+00:00,STEEMUSDT,0.19308,0.7489123679303915,9501988.217544999,409,2024-12-28 00:00:00+00:00,0.7489123679303915,2024-12-23 00:00:00+00:00,7,-0.16459369817578762,-0.3675669272684198,0.10607002278848143,-0.3686034115138592
2024-12-21 00:00:00+00:00,ATAUSDT,0.0935,1.19572192513369,13424116.098900001,1720,2024-12-28 00:00:00+00:00,1.19572192513369,2024-12-28 00:00:00+00:00,7,-0.29079396005845104,-0.49391134924500735,0.11122994652406426,-0.49391134924500735
2024-12-21 00:00:00+00:00,RSRUSDT,0.010856,0.4045689019896832,75134612.32296,1720,2024-12-28 00:00:00+00:00,0.4045689019896832,2024-12-24 00:00:00+00:00,7,-0.1379197271773347,-0.18940188877229802,0.1385408990420045,-0.1894674711437565
2024-12-21 00:00:00+00:00,LQTYUSDT,1.6072,0.4381533101045296,24518885.69123,652,2024-12-25 00:00:00+00:00,0.4381533101045296,2024-12-25 00:00:00+00:00,4,-0.31059098381933026,-0.2708747944968417,0.04859382777501242,-0.3422601021026218
2024-12-22 00:00:00+00:00,STGUSDT,0.2971,0.46213396162908116,18905225.875249997,1721,2024-12-29 00:00:00+00:00,0.46213396162908116,2024-12-25 00:00:00+00:00,7,0.05455801104972369,-0.27071823204419887,0.06630764052507598,-0.27071823204419887
2024-12-26 00:00:00+00:00,SCRTUSDT,0.382,0.4206806282722513,14005540.006099999,35,2025-01-02 00:00:00+00:00,0.4206806282722513,2024-12-28 00:00:00+00:00,7,-0.19808365579509857,-0.4523677906762483,-0.22198952879581146,-0.4523677906762483
2024-12-28 00:00:00+00:00,CHILLGUYUSDT,0.1717,0.4834012813046009,156951042.00975,31,2025-01-04 00:00:00+00:00,0.4834012813046009,2025-01-03 00:00:00+00:00,7,-0.6156262269336474,-0.8441303494307028,-0.7687827606290041,-0.8559089124460149
2024-12-28 00:00:00+00:00,DEGENUSDT,0.010265,0.407403799318071,33877169.8453815,43,2025-01-04 00:00:00+00:00,0.407403799318071,2025-01-04 00:00:00+00:00,7,-0.37038831591333843,-0.6712120163355715,-0.5372625426205553,-0.6712120163355715
2024-12-29 00:00:00+00:00,ACTUSDT,0.26157,0.40623924762013974,333339519.139835,48,2025-01-05 00:00:00+00:00,0.40623924762013974,2025-01-02 00:00:00+00:00,7,-0.5465840197917515,-0.37772884212815694,-0.12493787513858623,-0.5877443384172036
2024-12-29 00:00:00+00:00,SYNUSDT,0.5122,0.443967200312378,12903106.3071,135,2025-01-05 00:00:00+00:00,0.443967200312378,2024-12-30 00:00:00+00:00,7,-0.2306652244456464,-0.5385343428880476,-0.3336587270597423,-0.5385343428880476
2024-12-29 00:00:00+00:00,NEIROETHUSDT,0.03945,0.41850443599493037,72559302.533455,114,2025-01-03 00:00:00+00:00,0.41850443599493037,2025-01-03 00:00:00+00:00,5,-0.23731236597569694,-0.6794138670478913,-0.5452471482889734,-0.6794138670478913
2024-12-29 00:00:00+00:00,MAGICUSDT,0.4389,0.40100250626566414,16263567.76175,704,2025-01-04 00:00:00+00:00,0.40100250626566414,2025-01-02 00:00:00+00:00,6,-0.29273052528866483,-0.5836721418116767,-0.41672362724994305,-0.5839973979508863
2024-12-30 00:00:00+00:00,TROYUSDT,0.004935,0.43728470111448847,79731062.981324,60,2025-01-01 00:00:00+00:00,0.43728470111448847,2024-12-31 00:00:00+00:00,2,-0.5800084590441281,-0.73748766389398,-0.6226950354609929,-0.7699139997180319
2024-12-31 00:00:00+00:00,AIUSDT,0.56393,0.4321990317947262,24698500.24403,358,2025-01-07 00:00:00+00:00,0.4321990317947262,2025-01-02 00:00:00+00:00,7,-0.24964712874229267,-0.6613302627343189,-0.5149575301899172,-0.6613302627343189
2024-12-31 00:00:00+00:00,CETUSUSDT,0.28864,0.4027161862527717,43560121.208015,55,2025-01-04 00:00:00+00:00,0.4027161862527717,2025-01-03 00:00:00+00:00,4,-0.2715372456036357,-0.5753309622604228,-0.404309866962306,-0.5857785022722782
2024-12-31 00:00:00+00:00,1000000MOGUSDT,2.0185,0.43358929898439436,29828028.25551,54,2025-01-05 00:00:00+00:00,0.43358929898439436,2025-01-03 00:00:00+00:00,5,-0.40622732142240037,-0.6725645367522549,-0.5305920237800347,-0.6864222275978851
2025-01-09 00:00:00+00:00,XRPUSDT,2.271,0.42813738441215343,2955218674.3029804,1739,2025-01-16 00:00:00+00:00,0.42813738441215343,2025-01-15 00:00:00+00:00,7,-0.035858539142231804,-0.14898405944562643,0.2153676794363717,-0.2835075386180742
2025-01-10 00:00:00+00:00,MORPHOUSDT,2.7309,0.4358636346991833,97673509.724505,44,2025-01-17 00:00:00+00:00,0.4358636346991833,2025-01-16 00:00:00+00:00,7,-0.19830664082423743,-0.4566969295113741,-0.21989087846497501,-0.5478679995919616
2025-01-10 00:00:00+00:00,SPELLUSDT,0.0007478,0.5228670767584915,6976322.4053705,1740,2025-01-17 00:00:00+00:00,0.5228670767584915,2025-01-17 00:00:00+00:00,7,0.3488760098349142,-0.17167193537056546,0.2614335383792459,-0.24552160168598525
2025-01-11 00:00:00+00:00,JUPUSDT,0.8154,0.40336031395634064,46554630.917449996,346,2025-01-18 00:00:00+00:00,0.40336031395634064,2025-01-18 00:00:00+00:00,7,-0.1929563925544001,-0.28873547146727263,-0.0018395879323032105,-0.3042034431530194
2025-01-11 00:00:00+00:00,RAYSOLUSDT,4.5661,0.6032062372703184,17173863.699365,32,2025-01-18 00:00:00+00:00,0.6032062372703184,2025-01-15 00:00:00+00:00,7,-0.14727337303972465,-0.36086825856510574,0.024659994305862964,-0.36086825856510574
2025-01-12 00:00:00+00:00,SPXUSDT,0.9966,0.5370258880192655,40614194.462,33,2025-01-17 00:00:00+00:00,0.5370258880192655,2025-01-17 00:00:00+00:00,5,-0.21693432562997783,-0.5500718109413761,-0.30844872566726866,-0.611306959133046
2025-01-12 00:00:00+00:00,OMGUSDT,0.3082,0.40655418559377043,3683016.011095,1742,2025-01-17 00:00:00+00:00,0.40655418559377043,2025-01-17 00:00:00+00:00,5,-0.32871972318339104,-0.32871972318339104,-0.05580791693705389,-0.3395617070357555
2025-01-12 00:00:00+00:00,VIRTUALUSDT,2.6844,0.40992400536432716,273881446.976375,33,2025-01-15 00:00:00+00:00,0.40992400536432716,2025-01-15 00:00:00+00:00,3,-0.4916508137814416,-0.6278535193405199,-0.4753017434063478,-0.6996406679348974
2025-01-13 00:00:00+00:00,SAGAUSDT,1.1921,0.40650952101333804,30435702.197915003,279,2025-01-17 00:00:00+00:00,0.40650952101333804,2025-01-17 00:00:00+00:00,4,-0.30446710800978116,-0.5869863422198366,-0.41909235802365574,-0.59927238027077
2025-01-13 00:00:00+00:00,KDAUSDT,0.7623,0.4039092220910403,13991594.76055,117,2025-01-17 00:00:00+00:00,0.4039092220910403,2025-01-17 00:00:00+00:00,4,-0.2872360306484769,-0.49785086899644926,-0.29502820411911324,-0.5262567744346851
2025-01-13 00:00:00+00:00,SOLUSDT,182.78,0.43287011708064327,2555288281.848,1743,2025-01-18 00:00:00+00:00,0.43287011708064327,2025-01-17 00:00:00+00:00,5,-0.18713249331806026,-0.3223749522718594,-0.029051318525002756,-0.3223749522718594
2025-01-13 00:00:00+00:00,ZENUSDT,20.54,0.5476144109055503,206157449.96795,1743,2025-01-15 00:00:00+00:00,0.5476144109055503,2025-01-15 00:00:00+00:00,2,-0.42943878193028817,-0.5294765320246634,-0.27181110029211286,-0.6546180948785705
2025-01-20 00:00:00+00:00,ACHUSDT,0.020674,0.8689658508271256,9206997.125223499,698,2025-01-27 00:00:00+00:00,0.8689658508271256,2025-01-27 00:00:00+00:00,7,-0.24568441212246694,-0.18227697404177123,0.5282964109509527,-0.35927430834131313
2025-01-22 00:00:00+00:00,SKLUSDT,0.04177,0.46660282499401484,7341017.310585,1752,2025-01-29 00:00:00+00:00,0.46660282499401484,2025-01-26 00:00:00+00:00,7,-0.36043095004897163,-0.47110675808031344,-0.22432367728034486,-0.47192295135488094
2025-01-23 00:00:00+00:00,BELUSDT,0.5153,0.4182029885503591,5400452.63425,1753,2025-01-30 00:00:00+00:00,0.4182029885503591,2025-01-28 00:00:00+00:00,7,0.16735084838533099,0.38232074438970987,0.9604114108286435,-0.007115489874110592
2025-01-23 00:00:00+00:00,OMUSDT,3.65982,0.54031345803892,53749457.6582115,345,2025-01-30 00:00:00+00:00,0.54031345803892,2025-01-26 00:00:00+00:00,7,0.03611322501849301,0.34628818559338126,1.0737058106682844,-0.12302408790070374
2025-01-27 00:00:00+00:00,USUALUSDT,0.3136,0.42219387755102056,311309737.35535,40,2025-01-30 00:00:00+00:00,0.42219387755102056,2025-01-30 00:00:00+00:00,3,-0.44461883408071745,-0.4930493273542601,-0.2790178571428571,-0.5789237668161435
2025-01-28 00:00:00+00:00,BANUSDT,0.0336,0.6517857142857144,94210153.65955001,71,2025-02-04 00:00:00+00:00,0.6517857142857144,2025-02-04 00:00:00+00:00,7,-0.16576576576576574,-0.007207207207207134,0.6398809523809526,-0.16576576576576574
2025-01-28 00:00:00+00:00,ACTUSDT,0.15164,0.5878396201529938,259191426.90649,78,2025-02-03 00:00:00+00:00,0.5878396201529938,2025-01-29 00:00:00+00:00,6,-0.24458011462746077,-0.19175180662845748,0.2833685043524137,-0.24565993853310064
2025-01-28 00:00:00+00:00,FARTCOINUSDT,0.8085,0.4032158317872605,482012331.26531005,39,2025-01-30 00:00:00+00:00,0.4032158317872605,2025-01-29 00:00:00+00:00,2,-0.5802556192155135,-0.7782282944028207,-0.6888064316635745,-0.7782282944028207
2025-01-29 00:00:00+00:00,DEXEUSDT,16.183,0.4799480936785516,32499929.012769997,36,2025-02-03 00:00:00+00:00,0.4799480936785516,2025-01-30 00:00:00+00:00,5,-0.24693110647181615,-0.20977035490605433,0.16949885682506327,-0.27231732776617945
2025-02-01 00:00:00+00:00,GRIFFAINUSDT,0.16011,0.5082131034913497,140248559.31384498,30,2025-02-03 00:00:00+00:00,0.5082131034913497,2025-02-03 00:00:00+00:00,2,-0.604066589365579,-0.6932665231075037,-0.537380550871276,-0.7977472254431008
2025-02-01 00:00:00+00:00,BNXUSDT,0.2295,0.6357298474945534,7464072.252994999,1762,2025-02-08 00:00:00+00:00,0.6357298474945534,2025-02-08 00:00:00+00:00,7,2.0929675013319127,1.60841768779968,3.2666666666666666,0.0
2025-02-02 00:00:00+00:00,KMNOUSDT,0.08372,0.4132823698041088,8559392.9497,44,2025-02-09 00:00:00+00:00,0.4132823698041088,2025-02-03 00:00:00+00:00,7,-0.17494929006085191,-0.610209601081812,-0.44911610129001434,-0.610209601081812
2025-02-04 00:00:00+00:00,GMXUSDT,16.635,0.45650736399158376,9188505.960165001,718,2025-02-10 00:00:00+00:00,0.45650736399158376,2025-02-08 00:00:00+00:00,6,-0.2454496677535185,-0.4134301869660324,-0.1456567478208597,-0.44112427256593334
2025-02-04 00:00:00+00:00,1000WHYUSDT,5.57e-05,0.4057450628366248,8152754.22094005,71,2025-02-11 00:00:00+00:00,0.4057450628366248,2025-02-11 00:00:00+00:00,7,-0.33588761174968085,-0.13793103448275867,0.21184919210053854,-0.36653895274584936
2025-02-04 00:00:00+00:00,AI16ZUSDT,0.359,0.4891364902506963,342089438.376245,33,2025-02-11 00:00:00+00:00,0.4891364902506963,2025-02-11 00:00:00+00:00,7,-0.4001122334455668,-0.6726524504302283,-0.5125348189415042,-0.6842499064721287
2025-02-04 00:00:00+00:00,RPLUSDT,6.292,0.4551811824539098,4106679.4896,148,2025-02-11 00:00:00+00:00,0.4551811824539098,2025-02-09 00:00:00+00:00,7,-0.2978374836173001,-0.44211446046308434,-0.18817546090273363,-0.4657055482743556
2025-02-04 00:00:00+00:00,USTCUSDT,0.011272,0.5563342796309438,6085721.8530985005,435,2025-02-11 00:00:00+00:00,0.5563342796309438,2025-02-10 00:00:00+00:00,7,-0.15704269509205948,-0.31089323376845457,0.0724804826117813,-0.36755401014649713
2025-02-04 00:00:00+00:00,LISTAUSDT,0.1815,0.5696969696969696,10966849.63015,229,2025-02-11 00:00:00+00:00,0.5696969696969696,2025-02-10 00:00:00+00:00,7,-0.19936819936819938,-0.3653913653913654,-0.0038567493112947604,-0.44963144963144963
2025-02-04 00:00:00+00:00,KOMAUSDT,0.03549,0.5525500140884756,8032752.472525001,56,2025-02-11 00:00:00+00:00,0.5525500140884756,2025-02-10 00:00:00+00:00,7,0.10254083484573484,-0.4038112522686026,-0.07438715131022833,-0.41034482758620694
2025-02-05 00:00:00+00:00,1000CHEEMSUSDT,0.0007479,0.5161117796496857,22512541.3200441,72,2025-02-12 00:00:00+00:00,0.5161117796496857,2025-02-10 00:00:00+00:00,7,-0.19490254872563717,-0.17585324984566542,0.24949859606899305,-0.31784107946026985
2025-02-05 00:00:00+00:00,ALPACAUSDT,0.09977,0.6586148140723664,3332852.44968,167,2025-02-12 00:00:00+00:00,0.6586148140723664,2025-02-12 00:00:00+00:00,7,-0.21700507614213194,-0.5779550398839739,-0.29998997694697804,-0.6550640560792844
2025-02-05 00:00:00+00:00,XVSUSDT,5.28,0.574242424242424,8572356.67185,664,2025-02-12 00:00:00+00:00,0.574242424242424,2025-02-12 00:00:00+00:00,7,-0.0726660250240615,-0.35274302213666986,0.01893939393939381,-0.3910009624639075
2025-02-05 00:00:00+00:00,1000CATUSDT,0.01066,0.48405253283302074,35749340.97769,107,2025-02-12 00:00:00+00:00,0.48405253283302074,2025-02-12 00:00:00+00:00,7,-0.3621997471554994,-0.5252844500632111,-0.2954971857410881,-0.5739570164348926
2025-02-05 00:00:00+00:00,POPCATUSDT,0.2159,0.4566929133858266,175851402.56440002,167,2025-02-12 00:00:00+00:00,0.4566929133858266,2025-02-08 00:00:00+00:00,7,-0.17837837837837833,-0.3901430842607313,-0.11162575266327013,-0.5205087440381558
2025-02-05 00:00:00+00:00,BAKEUSDT,0.1338,1.2683109118086695,10057206.440299999,1766,2025-02-12 00:00:00+00:00,1.2683109118086695,2025-02-12 00:00:00+00:00,7,-0.399670510708402,-0.5723228995057661,-0.029895366218236186,-0.599341021416804
2025-02-05 00:00:00+00:00,CAKEUSDT,1.4308,0.8495946323734971,18524699.9694,461,2025-02-12 00:00:00+00:00,0.8495946323734971,2025-02-09 00:00:00+00:00,7,-0.20843409915356703,-0.3861850060459492,0.13530891808778311,-0.44214782345828296
2025-02-05 00:00:00+00:00,BSWUSDT,0.03883,0.8524336852948748,3419653.9838,153,2025-02-12 00:00:00+00:00,0.8524336852948748,2025-02-12 00:00:00+00:00,7,-0.4103989990268315,-0.5053524259696927,-0.08369817151686842,-0.5592937578201029
2025-02-05 00:00:00+00:00,THEUSDT,0.5066,0.43525463876825876,39296556.366395,70,2025-02-12 00:00:00+00:00,0.43525463876825876,2025-02-12 00:00:00+00:00,7,-0.23339293082106993,-0.5209737312611745,-0.3124753257007502,-0.5509558520148534
2025-02-05 00:00:00+00:00,MEUSDT,1.344,0.5282738095238093,44521264.3303,57,2025-02-12 00:00:00+00:00,0.5282738095238093,2025-02-08 00:00:00+00:00,7,-0.34225900681596877,-0.4707887049659202,-0.19122023809523814,-0.5053554040895812
2025-02-05 00:00:00+00:00,NEIROETHUSDT,0.01722,0.429732868757259,24624350.819275,152,2025-02-12 00:00:00+00:00,0.429732868757259,2025-02-12 00:00:00+00:00,7,0.21039805036555648,0.1831844029244516,0.6916376306620209,-0.26401299756295693
2025-02-05 00:00:00+00:00,SWELLUSDT,0.01285,0.4241245136186771,7240425.59269,89,2025-02-10 00:00:00+00:00,0.4241245136186771,2025-02-10 00:00:00+00:00,5,-0.34808743169398915,-0.40218579234972673,-0.14863813229571987,-0.4420765027322404
2025-02-05 00:00:00+00:00,DODOXUSDT,0.082005,0.43880251204194876,4432010.3090935,547,2025-02-12 00:00:00+00:00,0.43880251204194876,2025-02-12 00:00:00+00:00,7,-0.2732119095847918,-0.4009611065438303,-0.1381013352844337,-0.4601361143835442
2025-02-06 00:00:00+00:00,SYNUSDT,0.3183,0.4310398994659126,6893632.16805,174,2025-02-12 00:00:00+00:00,0.4310398994659126,2025-02-11 00:00:00+00:00,6,-0.3497255762897914,-0.5907793633369923,-0.4143889412503927,-0.6421514818880352
2025-02-06 00:00:00+00:00,HOOKUSDT,0.1749,0.400800457404231,6644267.978,745,2025-02-12 00:00:00+00:00,0.400800457404231,2025-02-12 00:00:00+00:00,6,-0.2477551020408163,-0.430204081632653,-0.2018296169239565,-0.4771428571428572
2025-02-06 00:00:00+00:00,VOXELUSDT,0.0902,0.4057649667405765,5134809.274350001,170,2025-02-13 00:00:00+00:00,0.4057649667405765,2025-02-08 00:00:00+00:00,7,-0.2168769716088328,-0.3675078864353313,-0.11086474501108656,-0.4376971608832807
2025-02-06 00:00:00+00:00,COMBOUSDT,0.2293,0.47841255996511123,3812824.28147,615,2025-02-12 00:00:00+00:00,0.47841255996511123,2025-02-10 00:00:00+00:00,6,-0.1690265486725664,-0.5091445427728614,-0.2743131269079808,-0.5707964601769913
2025-02-06 00:00:00+00:00,SWARMSUSDT,0.0347,0.6772334293948126,259459474.6101,30,2025-02-10 00:00:00+00:00,0.6772334293948126,2025-02-08 00:00:00+00:00,4,-0.18384879725085912,-0.2147766323024055,0.3170028818443802,-0.36426116838487976
2025-02-06 00:00:00+00:00,COOKIEUSDT,0.1575,0.46285714285714286,65127915.06295,30,2025-02-10 00:00:00+00:00,0.46285714285714286,2025-02-10 00:00:00+00:00,4,-0.22092013888888895,-0.2816840277777777,0.050793650793650835,-0.3237847222222222
2025-02-07 00:00:00+00:00,GRASSUSDT,1.168,0.5714897260273972,27730013.89633,91,2025-02-14 00:00:00+00:00,0.5714897260273972,2025-02-08 00:00:00+00:00,7,0.19504222282756745,-0.2495232906564968,0.1793664383561644,-0.27305911195859434
2025-02-09 00:00:00+00:00,GLMUSDT,0.25016,0.4983210745123121,9772669.69935,353,2025-02-16 00:00:00+00:00,0.4983210745123121,2025-02-16 00:00:00+00:00,7,-0.06512459313803953,-0.23512619390640843,0.1460265430124721,-0.30454618216744034
2025-02-13 00:00:00+00:00,MKRUSDT,988.8,0.44346682847896446,37067628.97945,1774,2025-02-20 00:00:00+00:00,0.44346682847896446,2025-02-20 00:00:00+00:00,7,-0.10936733692986755,-0.13388916135360462,0.2502022653721685,-0.2197155468366846
2025-02-15 00:00:00+00:00,SUSDT,0.5151,0.6820034944670936,49163055.5008,30,2025-02-20 00:00:00+00:00,0.6820034944670936,2025-02-19 00:00:00+00:00,5,-0.3852723915050785,-0.4153970452446907,-0.016695787225781467,-0.5079639889196675
2025-02-15 00:00:00+00:00,PNUTUSDT,0.1547,0.4214608920491274,324946808.72569,96,2025-02-22 00:00:00+00:00,0.4214608920491274,2025-02-22 00:00:00+00:00,7,-0.1875397908140064,-0.022737608003638,0.3891402714932126,-0.3195543428831287
2025-02-17 00:00:00+00:00,AVAAIUSDT,0.03528,0.5127551020408163,51421834.696355,31,2025-02-23 00:00:00+00:00,0.5127551020408163,2025-02-22 00:00:00+00:00,6,-0.3067266254450066,-0.15832864905377553,0.2732426303854876,-0.34626194491287243
2025-02-18 00:00:00+00:00,1000RATSUSDT,0.01653,0.4791288566243195,15315683.87995,431,2025-02-25 00:00:00+00:00,0.4791288566243195,2025-02-22 00:00:00+00:00,7,-0.274437627811861,0.14723926380368102,0.6969147005444645,-0.2846625766871166
2025-02-18 00:00:00+00:00,VANAUSDT,5.567,0.6322974672175319,35443799.74434,64,2025-02-25 00:00:00+00:00,0.6322974672175319,2025-02-24 00:00:00+00:00,7,-0.45570595356003085,-0.18333883569935072,0.3330339500628705,-0.470122152525586
2025-02-18 00:00:00+00:00,ARCUSDT,0.1604,0.5539276807980051,218412499.38892,32,2025-02-22 00:00:00+00:00,0.5539276807980051,2025-02-20 00:00:00+00:00,4,-0.6952056168505516,-0.6960080240722166,-0.5276184538653366,-0.8365897693079237
2025-02-19 00:00:00+00:00,CHILLGUYUSDT,0.0266,0.44736842105263164,47083304.79175,84,2025-02-26 00:00:00+00:00,0.44736842105263164,2025-02-22 00:00:00+00:00,7,-0.2571428571428571,-0.3012987012987013,0.011278195488721776,-0.36623376623376613
2025-02-19 00:00:00+00:00,ALCHUSDT,0.01837,1.3407729994556337,42159936.22965,43,2025-02-26 00:00:00+00:00,1.3407729994556337,2025-02-25 00:00:00+00:00,7,0.41093023255813965,0.8548837209302327,3.341861731083288,-0.015116279069767424
2025-02-21 00:00:00+00:00,ZEREBROUSDT,0.0308,0.5292207792207793,43802351.88635,50,2025-02-28 00:00:00+00:00,0.5292207792207793,2025-02-22 00:00:00+00:00,7,-0.39490445859872614,-0.36730360934182593,-0.032467532467532534,-0.3970276008492569
2025-02-23 00:00:00+00:00,PIPPINUSDT,0.02411,0.4682704272086271,45712646.3579,30,2025-02-26 00:00:00+00:00,0.4682704272086271,2025-02-26 00:00:00+00:00,3,-0.46723163841807913,-0.5485875706214689,-0.3372044794690999,-0.5485875706214689
2025-02-23 00:00:00+00:00,ADAUSDT,0.7692,0.47373894955798224,497820143.69525003,1784,2025-03-02 00:00:00+00:00,0.47373894955798224,2025-03-02 00:00:00+00:00,7,-0.37879322512350033,-0.40287579393083983,-0.11999479979199179,-0.417166549047283
2025-02-24 00:00:00+00:00,VINEUSDT,0.03186,0.578468298807282,309495162.08658504,31,2025-02-28 00:00:00+00:00,0.578468298807282,2025-02-26 00:00:00+00:00,4,-0.3630940544839928,-0.3149731556969576,0.08129315756434408,-0.5024855836150328
2025-02-24 00:00:00+00:00,REZUSDT,0.01384,0.5484104046242775,8383508.162405,300,2025-02-28 00:00:00+00:00,0.5484104046242775,2025-02-25 00:00:00+00:00,4,-0.009799346710219425,-0.08259449370042005,0.42052023121387294,-0.32524498366775545
2025-02-24 00:00:00+00:00,SOLVUSDT,0.0301,0.40199335548172765,61359867.6814,38,2025-03-02 00:00:00+00:00,0.40199335548172765,2025-02-26 00:00:00+00:00,6,-0.05924170616113744,-0.28672985781990523,0.0,-0.3199052132701422
2025-02-24 00:00:00+00:00,COWUSDT,0.2912,0.4237637362637363,24802918.6155,110,2025-02-25 00:00:00+00:00,0.4237637362637363,2025-02-25 00:00:00+00:00,1,-0.3547998070429329,-0.2190062711046793,0.11195054945054927,-0.3967679691268693
2025-02-24 00:00:00+00:00,MYROUSDT,0.01586,0.5012610340479196,6199188.370415,356,2025-03-02 00:00:00+00:00,0.5012610340479196,2025-02-26 00:00:00+00:00,6,-0.29693406131877365,-0.2759344813103739,0.08701134930643128,-0.35489290214195723
2025-03-03 00:00:00+00:00,AUCTIONUSDT,12.333,0.5936106381253548,30138065.167465,444,2025-03-10 00:00:00+00:00,0.5936106381253548,2025-03-07 00:00:00+00:00,7,0.08400325633458827,-0.36175842067772457,0.017108570501905396,-0.400936196194159
2025-03-03 00:00:00+00:00,RAREUSDT,0.05204,0.8622213681783242,4719913.155239999,200,2025-03-10 00:00:00+00:00,0.8622213681783242,2025-03-09 00:00:00+00:00,7,-0.2418739036219173,-0.31358992879991743,0.27824750192159864,-0.4473222577649365
2025-03-04 00:00:00+00:00,DEGOUSDT,1.5478,0.40696472412456397,4057141.17951,81,2025-03-11 00:00:00+00:00,0.40696472412456397,2025-03-07 00:00:00+00:00,7,-0.11806033888965428,-0.2881480461036874,0.0015505879312571746,-0.30647012903522075
2025-03-04 00:00:00+00:00,BNXUSDT,0.8785,0.40239043824701204,182501378.70833498,1793,2025-03-11 00:00:00+00:00,0.40239043824701204,2025-03-11 00:00:00+00:00,7,0.6233766233766234,0.6233766233766234,1.2766078542970973,-0.3211038961038961
2025-03-08 00:00:00+00:00,FARTCOINUSDT,0.2373,0.4134007585335018,336351457.95352495,78,2025-03-15 00:00:00+00:00,0.4134007585335018,2025-03-12 00:00:00+00:00,7,0.25074537865235547,1.7379248658318427,2.8697850821744626,-0.11955873583780552
2025-03-09 00:00:00+00:00,BANANAUSDT,11.972,0.5288172402271969,10974740.219250001,206,2025-03-14 00:00:00+00:00,0.5288172402271969,2025-03-11 00:00:00+00:00,5,0.10806971534721077,-0.14412937769764533,0.30846976277981963,-0.24444080205430807
2025-03-10 00:00:00+00:00,1000XUSDT,0.04065,1.0054120541205411,3760168.431005,117,2025-03-17 00:00:00+00:00,1.0054120541205411,2025-03-17 00:00:00+00:00,7,0.006010794896957883,-0.20019627085377822,0.6039360393603934,-0.2675417075564278
2025-03-10 00:00:00+00:00,FXSUSDT,1.3541,0.44044014474558724,4938219.68638,780,2025-03-17 00:00:00+00:00,0.44044014474558724,2025-03-14 00:00:00+00:00,7,-0.017841579082286563,-0.1397590361445783,0.2391256184919872,-0.17610869007946672
2025-03-10 00:00:00+00:00,1000CHEEMSUSDT,0.0008908,0.47137404580152675,21210054.15108785,105,2025-03-17 00:00:00+00:00,0.47137404580152675,2025-03-17 00:00:00+00:00,7,0.2410925459678035,0.03944457160296033,0.5294117647058822,0.0
2025-03-10 00:00:00+00:00,API3USDT,0.5416,0.5753323485967503,4965143.6822999995,1799,2025-03-17 00:00:00+00:00,0.5753323485967503,2025-03-17 00:00:00+00:00,7,0.299929676511955,-0.1635021097046413,0.31776218611521423,-0.19667135489920295
2025-03-10 00:00:00+00:00,ZROUSDT,1.6028,0.511854255053656,22548737.90947,263,2025-03-17 00:00:00+00:00,0.511854255053656,2025-03-15 00:00:00+00:00,7,0.15826180257510747,-0.02331627599867947,0.4766034439730471,-0.0653268405414329
2025-03-10 00:00:00+00:00,NMRUSDT,7.705,0.4145360155743023,5903055.91595,627,2025-03-17 00:00:00+00:00,0.4145360155743023,2025-03-17 00:00:00+00:00,7,-0.26140012845215144,-0.39599963299385255,-0.14561972744970797,-0.42288283328745746
2025-03-10 00:00:00+00:00,CAKEUSDT,1.4763,0.7014834383255435,94947950.93849999,494,2025-03-17 00:00:00+00:00,0.7014834383255435,2025-03-15 00:00:00+00:00,7,-0.2186790875432939,-0.2885863290736096,0.2104585788796316,-0.35431346789283014
2025-03-10 00:00:00+00:00,TONUSDT,2.5217,0.42003410397747554,51951258.9392,374,2025-03-15 00:00:00+00:00,0.42003410397747554,2025-03-15 00:00:00+00:00,5,0.03270127621547658,-0.1932475076098188,0.14561605266288624,-0.214108185093133
2025-03-12 00:00:00+00:00,KOMAUSDT,0.0343,0.4215743440233237,15139227.712699998,92,2025-03-19 00:00:00+00:00,0.4215743440233237,2025-03-19 00:00:00+00:00,7,-0.4956931911402789,-0.6622231337161608,-0.5198250728862974,-0.6622231337161608
2025-03-13 00:00:00+00:00,VIDTUSDT,0.01071,0.4547152194211017,5269273.044365,202,2025-03-20 00:00:00+00:00,0.4547152194211017,2025-03-20 00:00:00+00:00,7,0.494865211810013,-0.8119383825417201,-0.7264239028944912,-0.8202824133504493
2025-03-13 00:00:00+00:00,DYMUSDT,0.297,0.40033670033670044,9176694.5691,400,2025-03-18 00:00:00+00:00,0.40033670033670044,2025-03-18 00:00:00+00:00,5,-0.30968982928588595,-0.3698004327963452,-0.11750841750841745,-0.44674200528973307
2025-03-14 00:00:00+00:00,ORCAUSDT,1.524,1.0603674540682415,4385456.8745,98,2025-03-21 00:00:00+00:00,1.0603674540682415,2025-03-21 00:00:00+00:00,7,-0.29681528662420376,-0.11974522292993639,0.8136482939632543,-0.43343949044585994
2025-03-14 00:00:00+00:00,SPXUSDT,0.3503,0.43791036254638893,33825752.975150004,94,2025-03-21 00:00:00+00:00,0.43791036254638893,2025-03-19 00:00:00+00:00,7,0.07385348421679572,-0.155846734167163,0.21381672851841294,-0.21322215604526518
2025-03-15 00:00:00+00:00,ZETAUSDT,0.2183,0.6550618415025196,5210621.0155,407,2025-03-22 00:00:00+00:00,0.6550618415025196,2025-03-22 00:00:00+00:00,7,-0.3254912814835317,-0.32825906448934405,0.11177278973889138,-0.4467201771381124
2025-03-16 00:00:00+00:00,BEAMXUSDT,0.00599,0.40166944908180313,9233571.014929,485,2025-03-22 00:00:00+00:00,0.40166944908180313,2025-03-21 00:00:00+00:00,6,-0.22391615054787994,-0.24190090519294905,0.06260434056761266,-0.32801333968556456
2025-03-18 00:00:00+00:00,GRIFFAINUSDT,0.03534,0.47255234861346906,83568013.23363,75,2025-03-24 00:00:00+00:00,0.47255234861346906,2025-03-19 00:00:00+00:00,6,-0.4446579554189086,0.021521906225979937,0.5042444821731746,-0.5171022290545735
2025-03-19 00:00:00+00:00,LAYERUSDT,0.9566,0.5122308174785701,109010726.64133999,36,2025-03-26 00:00:00+00:00,0.5122308174785701,2025-03-21 00:00:00+00:00,7,0.25321443384487763,0.7601271948016035,1.6617185866610913,-0.10037328909166332
2025-03-20 00:00:00+00:00,BERAUSDT,6.06,0.41353135313531375,175527287.92769998,42,2025-03-27 00:00:00+00:00,0.41353135313531375,2025-03-24 00:00:00+00:00,7,-0.5485640905907074,-0.561755778659818,-0.38052805280528046,-0.6159234181648378
2025-03-20 00:00:00+00:00,MEWUSDT,0.001942,0.4320288362512874,9456151.9375035,276,2025-03-26 00:00:00+00:00,0.4320288362512874,2025-03-26 00:00:00+00:00,6,-0.1869830996044588,0.044947860481841184,0.49639546858908346,-0.29377921610931323
2025-03-20 00:00:00+00:00,SAFEUSDT,0.4155,0.48832731648616123,7333851.68595,146,2025-03-27 00:00:00+00:00,0.48832731648616123,2025-03-27 00:00:00+00:00,7,-0.26423027166882274,-0.24805950840879676,0.11913357400722036,-0.35252263906856407
2025-03-21 00:00:00+00:00,SWELLUSDT,0.01063,0.40075258701787386,5068340.87621,133,2025-03-26 00:00:00+00:00,0.40075258701787386,2025-03-25 00:00:00+00:00,5,-0.43183344526527867,-0.33042310275352593,-0.06208842897460032,-0.49764942914707866
2025-03-23 00:00:00+00:00,ARCUSDT,0.05291,0.43205443205443217,160358719.11901,65,2025-03-24 00:00:00+00:00,0.43205443205443217,2025-03-24 00:00:00+00:00,1,-0.5598521842417844,-0.33667678500725884,-0.05008505008505004,-0.6192424442391449
2025-03-27 00:00:00+00:00,EOSUSDT,0.581,0.47504302925989683,69778272.4835,1816,2025-04-03 00:00:00+00:00,0.47504302925989683,2025-04-02 00:00:00+00:00,7,-0.26954492415402564,-0.15519253208868145,0.24612736660929446,-0.31271878646441076
2025-03-29 00:00:00+00:00,ALCHUSDT,0.0585,0.5798290598290599,150964520.159695,81,2025-04-02 00:00:00+00:00,0.5798290598290599,2025-04-01 00:00:00+00:00,4,0.5553992642285217,0.8983986150183942,1.9991452991452987,-0.3810863449469811
2025-03-29 00:00:00+00:00,BIGTIMEUSDT,0.04772,0.4247694886839899,13257588.654904999,534,2025-04-05 00:00:00+00:00,0.4247694886839899,2025-04-03 00:00:00+00:00,7,0.049124871304603746,0.021914987498161675,0.45599329421626167,-0.2495955287542284
2025-04-02 00:00:00+00:00,UXLINKUSDT,0.4052,0.541461006910168,15315326.122299999,199,2025-04-09 00:00:00+00:00,0.541461006910168,2025-04-03 00:00:00+00:00,7,-0.260806916426513,-0.23118796029458855,0.18509378084896344,-0.3174831892411143
2025-04-02 00:00:00+00:00,USUALUSDT,0.1097,0.41112123974475834,23204274.0013,105,2025-04-09 00:00:00+00:00,0.41112123974475834,2025-04-09 00:00:00+00:00,7,-0.08333333333333326,-0.008397932816537446,0.3992707383773928,-0.26485788113695086
2025-04-03 00:00:00+00:00,GASUSDT,2.068,0.5754352030947776,3839136.3329499997,526,2025-04-10 00:00:00+00:00,0.5754352030947776,2025-04-10 00:00:00+00:00,7,0.03959484346224684,0.10589318600368336,0.7422630560928434,-0.147329650092081
2025-04-05 00:00:00+00:00,ARKUSDT,0.3057,0.5776905462872095,4148076.00955,564,2025-04-12 00:00:00+00:00,0.5776905462872095,2025-04-09 00:00:00+00:00,7,-0.03421107194692108,-0.07837445573294632,0.45403990840693487,-0.178312253783952
2025-04-05 00:00:00+00:00,JASMYUSDT,0.010273,0.5719848145624453,17785963.780045,1825,2025-04-12 00:00:00+00:00,0.5719848145624453,2025-04-11 00:00:00+00:00,7,0.11381509691002534,0.270047680970958,0.9964956682565951,-0.16997956529816094
2025-04-05 00:00:00+00:00,1000000MOGUSDT,0.3469,0.43989622369558967,7868624.1717799995,149,2025-04-12 00:00:00+00:00,0.43989622369558967,2025-04-11 00:00:00+00:00,7,0.35515515515515506,1.1523523523523522,2.099164024214471,-0.18418418418418425
2025-04-05 00:00:00+00:00,AVAAIUSDT,0.02119,0.4072675790467202,22163224.096594997,78,2025-04-12 00:00:00+00:00,0.4072675790467202,2025-04-12 00:00:00+00:00,7,0.6747149564050972,1.9547283702213276,3.1580934403020287,-0.04292421193829643
2025-04-05 00:00:00+00:00,POPCATUSDT,0.1603,0.6774797255146598,68201886.02645,226,2025-04-12 00:00:00+00:00,0.6774797255146598,2025-04-11 00:00:00+00:00,7,0.49758274451468965,1.1227222015619192,2.5608234560199623,-0.16288583116400146
2025-04-06 00:00:00+00:00,RENDERUSDT,2.78,0.42194244604316555,36250444.90415,254,2025-04-12 00:00:00+00:00,0.42194244604316555,2025-04-09 00:00:00+00:00,6,0.13837591702504426,0.3066025803187453,0.8579136690647484,-0.08095117632178084
2025-04-06 00:00:00+00:00,VINEUSDT,0.02999,0.41113704568189413,57082590.96742,72,2025-04-11 00:00:00+00:00,0.41113704568189413,2025-04-09 00:00:00+00:00,5,-0.12547258979206055,0.41280718336483924,0.9936645548516174,-0.3022211720226844
2025-04-06 00:00:00+00:00,SUPERUSDT,0.4082,0.42111709946104825,10364980.67325,497,2025-04-12 00:00:00+00:00,0.42111709946104825,2025-04-11 00:00:00+00:00,6,0.22237545250818824,0.45854163075331855,1.0727584517393431,-0.1251508360627478
2025-04-06 00:00:00+00:00,CRVUSDT,0.422,0.4763033175355451,112136555.28525,1826,2025-04-12 00:00:00+00:00,0.4763033175355451,2025-04-09 00:00:00+00:00,6,0.07223113964687,0.2070626003210272,0.7819905213270142,-0.06420545746388451
2025-04-06 00:00:00+00:00,AEROUSDT,0.3221,0.41353616889164857,6526422.758315,123,2025-04-12 00:00:00+00:00,0.41353616889164857,2025-04-09 00:00:00+00:00,6,0.4041291456182736,0.5923566878980893,1.2508537721204593,-0.15198770041730725
2025-04-06 00:00:00+00:00,GMXUSDT,10.341,0.4164007349385941,5120976.75027,779,2025-04-12 00:00:00+00:00,0.4164007349385941,2025-04-08 00:00:00+00:00,6,0.08561480166587021,0.08991602375913166,0.5437578570737842,-0.11230968799071483
2025-04-06 00:00:00+00:00,GOATUSDT,0.0392,0.45918367346938793,27109899.91575,164,2025-04-12 00:00:00+00:00,0.45918367346938793,2025-04-11 00:00:00+00:00,6,0.41993006993006987,2.5631118881118877,4.199234693877551,-0.19580419580419584
2025-04-06 00:00:00+00:00,1000BONKUSDT,0.009811,0.41494241157884004,65975860.50741249,501,2025-04-12 00:00:00+00:00,0.41494241157884004,2025-04-11 00:00:00+00:00,6,0.32905921336983157,0.6368678864716899,1.3160737947202121,-0.15394035441579024
2025-04-06 00:00:00+00:00,AI16ZUSDT,0.1089,0.4123048668503213,70535247.04140499,94,2025-04-12 00:00:00+00:00,0.4123048668503213,2025-04-10 00:00:00+00:00,6,0.5604681404421326,1.3491547464239275,2.317722681359045,-0.15734720416124837
2025-04-07 00:00:00+00:00,ACHUSDT,0.019204,0.4226202874401168,16376714.5811065,775,2025-04-14 00:00:00+00:00,0.4226202874401168,2025-04-14 00:00:00+00:00,7,-0.011273792093704271,0.01786237188872608,0.44803166007081874,-0.1027452415812592
2025-04-07 00:00:00+00:00,VTHOUSDT,0.001911,0.5682888540031399,4625611.451362,75,2025-04-14 00:00:00+00:00,0.5682888540031399,2025-04-14 00:00:00+00:00,7,-0.08975642308975651,-0.08875542208875553,0.4290947148090005,-0.19486152819486147
2025-04-07 00:00:00+00:00,LISTAUSDT,0.129,0.4581395348837207,6323514.648250001,291,2025-04-14 00:00:00+00:00,0.4581395348837207,2025-04-13 00:00:00+00:00,7,-0.06858054226475274,0.1387559808612442,0.6604651162790698,-0.17862838915470491
2025-04-08 00:00:00+00:00,WIFUSDT,0.3193,0.4628875665518324,199560953.35781002,446,2025-04-12 00:00:00+00:00,0.4628875665518324,2025-04-11 00:00:00+00:00,4,0.39391993149218574,1.4568614857632198,2.5941121202630755,-0.19481909655320062
2025-04-08 00:00:00+00:00,PENGUUSDT,0.003867,0.4072924747866562,50730016.315134004,112,2025-04-12 00:00:00+00:00,0.4072924747866562,2025-04-11 00:00:00+00:00,4,0.8042998897464169,1.5106578463800076,2.533229893974657,-0.1697905181918411
2025-04-08 00:00:00+00:00,COWUSDT,0.2033,0.427447122479095,9292381.516350001,153,2025-04-13 00:00:00+00:00,0.427447122479095,2025-04-12 00:00:00+00:00,5,-0.001033769813921559,0.4937973811164713,1.1323167732415147,-0.09682977257064096
2025-04-08 00:00:00+00:00,ANIMEUSDT,0.0131,0.5038167938931297,18246711.0636,75,2025-04-15 00:00:00+00:00,0.5038167938931297,2025-04-14 00:00:00+00:00,7,-0.045685279187817174,0.04162436548223347,0.5664122137404579,-0.15736040609137047
2025-04-08 00:00:00+00:00,PIPPINUSDT,0.01003,0.45264207377866383,7828454.599549999,74,2025-04-12 00:00:00+00:00,0.45264207377866383,2025-04-12 00:00:00+00:00,4,0.35895676046671254,1.6890871654083734,2.9062811565304085,-0.26355525051475637
2025-04-08 00:00:00+00:00,BRETTUSDT,0.02467,0.43737332792865824,8698459.664145,231,2025-04-14 00:00:00+00:00,0.43737332792865824,2025-04-12 00:00:00+00:00,6,0.8392554991539765,1.1111111111111112,2.034454803404945,-0.1003948110547096
2025-04-08 00:00:00+00:00,TURBOUSDT,0.0014729,0.4068164844863873,22807250.9232236,313,2025-04-12 00:00:00+00:00,0.4068164844863873,2025-04-11 00:00:00+00:00,4,1.6557598571497518,1.7347618358187349,2.8473080317740513,-0.15568746682109935
2025-04-11 00:00:00+00:00,TUSDT,0.01429,0.48495451364590614,3568152.3509,800,2025-04-18 00:00:00+00:00,0.48495451364590614,2025-04-18 00:00:00+00:00,7,-0.1460885956644674,-0.16446748350612628,0.24072778166550024,-0.2210179076343073
2025-04-11 00:00:00+00:00,MEMEUSDT,0.001592,0.5559045226130652,12735955.2837335,525,2025-04-18 00:00:00+00:00,0.5559045226130652,2025-04-18 00:00:00+00:00,7,-0.12878482034719407,-0.027452563584981826,0.5131909547738693,-0.2624142107387969
2025-04-12 00:00:00+00:00,MAGICUSDT,0.0799,0.5669586983729662,5941742.938124999,808,2025-04-19 00:00:00+00:00,0.5669586983729662,2025-04-19 00:00:00+00:00,7,0.4201277955271565,0.3234824281150157,1.0738423028785982,0.0
2025-04-12 00:00:00+00:00,VOXELUSDT,0.0273,1.2875457875457874,2908726.5615,235,2025-04-19 00:00:00+00:00,1.2875457875457874,2025-04-19 00:00:00+00:00,7,0.6770216172938353,0.1349879903923139,1.596336996336996,-0.0035228182546036546
2025-04-13 00:00:00+00:00,PERPUSDT,0.1725,0.6521739130434783,2712474.980215,769,2025-04-20 00:00:00+00:00,0.6521739130434783,2025-04-20 00:00:00+00:00,7,-0.01017543859649106,-0.013684210526315632,0.6295652173913047,-0.16842105263157892
2025-04-13 00:00:00+00:00,GTCUSDT,0.239,0.4016736401673642,4174032.11045,1833,2025-04-20 00:00:00+00:00,0.4016736401673642,2025-04-20 00:00:00+00:00,7,-0.17313432835820897,-0.10149253731343288,0.2594142259414225,-0.19999999999999996
2025-04-13 00:00:00+00:00,FLMUSDT,0.0143,0.5104895104895106,5383612.2776,1833,2025-04-20 00:00:00+00:00,0.5104895104895106,2025-04-19 00:00:00+00:00,7,0.5694444444444444,0.6203703703703705,1.447552447552448,-0.09259259259259267
2025-04-13 00:00:00+00:00,HIGHUSDT,0.3764,0.5095642933049946,4541929.34139,796,2025-04-19 00:00:00+00:00,0.5095642933049946,2025-04-19 00:00:00+00:00,6,0.04980640619500165,0.11756423794438575,0.6870350690754516,-0.17705033438929962
2025-04-13 00:00:00+00:00,ALPACAUSDT,0.03627,0.49627791563275436,6287728.01308,234,2025-04-20 00:00:00+00:00,0.49627791563275436,2025-04-19 00:00:00+00:00,7,20.927400036852774,20.927400036852774,31.809484422387648,-0.2410171365395246
2025-04-13 00:00:00+00:00,BSWUSDT,0.01213,0.9851607584501236,4420756.87655,220,2025-04-20 00:00:00+00:00,0.9851607584501236,2025-04-17 00:00:00+00:00,7,0.6507475083056478,0.2956810631229234,1.5721352019785653,-0.2142857142857143
2025-04-13 00:00:00+00:00,NKNUSDT,0.01789,1.471771939631079,2250396.91663,1833,2025-04-20 00:00:00+00:00,1.471771939631079,2025-04-19 00:00:00+00:00,7,-0.14156490275893263,-0.17164179104477606,1.0475125768585802,-0.33061962912709186
2025-04-14 00:00:00+00:00,ACEUSDT,0.4545,0.4484048404840484,3616473.9473759998,483,2025-04-21 00:00:00+00:00,0.4484048404840484,2025-04-20 00:00:00+00:00,7,-0.15798268266747684,0.03934376424122754,0.5053905390539053,-0.19975694971897306
2025-04-14 00:00:00+00:00,MBOXUSDT,0.038,0.44736842105263164,3452856.95605,229,2025-04-21 00:00:00+00:00,0.44736842105263164,2025-04-19 00:00:00+00:00,7,-0.033636363636363575,0.14454545454545475,0.6565789473684212,-0.07854545454545447
2025-04-14 00:00:00+00:00,PIXELUSDT,0.02564,0.7476599063962559,5978508.99705,420,2025-04-21 00:00:00+00:00,0.7476599063962559,2025-04-21 00:00:00+00:00,7,-0.22852041954920788,0.1870118277170274,1.0744929797191887,-0.24726623521535374
2025-04-14 00:00:00+00:00,ENJUSDT,0.06321,0.44027843695617763,7416011.236439999,1834,2025-04-21 00:00:00+00:00,0.44027843695617763,2025-04-20 00:00:00+00:00,7,-0.1925527240773286,-0.012851493848857531,0.4217687074829932,-0.19705623901581726
2025-04-14 00:00:00+00:00,NEIROETHUSDT,0.02033,0.4535169699950812,14626206.339295,220,2025-04-21 00:00:00+00:00,0.4535169699950812,2025-04-21 00:00:00+00:00,7,0.969881556683587,1.5898477157360404,2.7643876045253317,0.0
2025-04-15 00:00:00+00:00,XAIUSDT,0.04197,0.4229211341434358,6758397.379665,462,2025-04-22 00:00:00+00:00,0.4229211341434358,2025-04-20 00:00:00+00:00,7,-0.14601473543201615,0.4981580709979905,1.1317607815106028,-0.14601473543201615
2025-04-15 00:00:00+00:00,KOMAUSDT,0.01728,0.49189814814814814,4204797.64687,126,2025-04-22 00:00:00+00:00,0.49189814814814814,2025-04-21 00:00:00+00:00,7,-0.2936384794414275,0.024437548487199257,0.5283564814814814,-0.313033359193173
2025-04-15 00:00:00+00:00,HIFIUSDT,0.1197,0.43609022556390964,6645360.30555,577,2025-04-22 00:00:00+00:00,0.43609022556390964,2025-04-19 00:00:00+00:00,7,0.4793484584060501,-0.3007562536358348,0.00417710944026739,-0.35776614310645727
2025-04-15 00:00:00+00:00,BIOUSDT,0.0431,0.6099767981438513,13266347.203850001,102,2025-04-22 00:00:00+00:00,0.6099767981438513,2025-04-20 00:00:00+00:00,7,-0.1566508142383628,0.45121775471970027,1.3364269141531322,-0.16155065571407967
2025-04-15 00:00:00+00:00,SYNUSDT,0.1449,0.515527950310559,2665813.35075,242,2025-04-22 00:00:00+00:00,0.515527950310559,2025-04-21 00:00:00+00:00,7,0.04007285974499086,0.12704918032786883,0.7080745341614907,-0.05737704918032782
2025-04-15 00:00:00+00:00,TAOUSDT,230.36,0.4675724952248652,88622877.06998,369,2025-04-22 00:00:00+00:00,0.4675724952248652,2025-04-19 00:00:00+00:00,7,0.10568817108882778,0.3795663619960363,1.0246136482028128,-0.006093412606856585
2025-04-15 00:00:00+00:00,CHILLGUYUSDT,0.0194,0.5582474226804124,11358563.6577,139,2025-04-22 00:00:00+00:00,0.5582474226804124,2025-04-17 00:00:00+00:00,7,0.7072444591465432,2.5911346344690704,4.5958762886597935,-0.07608336089976842
2025-04-15 00:00:00+00:00,BANUSDT,0.0331,0.6293051359516617,4222282.5603,148,2025-04-22 00:00:00+00:00,0.6293051359516617,2025-04-18 00:00:00+00:00,7,-0.10532171333209717,0.24179491933988517,1.0232628398791541,-0.21917300203968104
2025-04-15 00:00:00+00:00,MYROUSDT,0.01044,0.6111111111111114,4023543.23668,406,2025-04-22 00:00:00+00:00,0.6111111111111114,2025-04-21 00:00:00+00:00,7,0.4548156956004754,1.1712247324613552,2.4980842911877392,0.0
2025-04-15 00:00:00+00:00,STXUSDT,0.5808,0.40426997245179064,17895564.612,784,2025-04-22 00:00:00+00:00,0.40426997245179064,2025-04-21 00:00:00+00:00,7,-0.019004413928396247,0.22572339382050033,0.7212465564738293,-0.07332025502697392
2025-04-15 00:00:00+00:00,MOODENGUSDT,0.02422,0.4599504541701076,14993819.594435,172,2025-04-22 00:00:00+00:00,0.4599504541701076,2025-04-22 00:00:00+00:00,7,0.06702488687782804,7.968891402714931,12.094137076796036,0.0
2025-04-15 00:00:00+00:00,DEGENUSDT,0.002107,0.4560987185571903,3575385.45727,151,2025-04-22 00:00:00+00:00,0.4560987185571903,2025-04-19 00:00:00+00:00,7,-0.11799217731421119,1.0818122555410694,2.031324157570005,-0.11799217731421119
2025-04-15 00:00:00+00:00,ZEREBROUSDT,0.0191,1.7041884816753927,23659801.22425,103,2025-04-22 00:00:00+00:00,1.7041884816753927,2025-04-21 00:00:00+00:00,7,-0.22090997095837372,-0.13785091965150054,1.331413612565445,-0.2969990319457889
2025-04-15 00:00:00+00:00,LPTUSDT,3.797,0.4442981301027127,8971694.99855,1835,2025-04-22 00:00:00+00:00,0.4442981301027127,2025-04-22 00:00:00+00:00,7,-0.16265499635302705,0.09773887673231219,0.5854622070055304,-0.16265499635302705
2025-04-16 00:00:00+00:00,MUBARAKUSDT,0.0244,0.505327868852459,181489824.01575,30,2025-04-23 00:00:00+00:00,0.505327868852459,2025-04-22 00:00:00+00:00,7,-0.26898992649060716,0.568472638170433,1.3610655737704915,-0.26898992649060716
2025-04-16 00:00:00+00:00,CGPTUSDT,0.06417,0.40797880629577676,3531401.0089600002,117,2025-04-23 00:00:00+00:00,0.40797880629577676,2025-04-21 00:00:00+00:00,7,0.2902047592695074,0.43641394576646375,1.0224403927068724,0.0
2025-04-16 00:00:00+00:00,SAGAUSDT,0.1888,0.45180084745762716,13378117.07847,372,2025-04-23 00:00:00+00:00,0.45180084745762716,2025-04-20 00:00:00+00:00,7,-0.020065669463699365,0.5009120758847134,1.1790254237288136,-0.060561838744983554
2025-04-16 00:00:00+00:00,LUMIAUSDT,0.271,0.43284132841328393,4867372.38415,119,2025-04-23 00:00:00+00:00,0.43284132841328393,2025-04-22 00:00:00+00:00,7,-0.22997682204481074,-0.13056914756631466,0.24575645756457565,-0.2791655936131857
2025-04-16 00:00:00+00:00,CETUSUSDT,0.09382,0.4742059262417393,6753426.701165,161,2025-04-23 00:00:00+00:00,0.4742059262417393,2025-04-22 00:00:00+00:00,7,0.36519412913021476,0.14684404598365997,0.6906842890641656,0.0
2025-04-16 00:00:00+00:00,AIXBTUSDT,0.0755,0.48158940397351,34987269.12393,117,2025-04-23 00:00:00+00:00,0.48158940397351,2025-04-22 00:00:00+00:00,7,0.5291435723225462,0.5756302521008403,1.334437086092715,-0.007688181655641002
2025-04-16 00:00:00+00:00,IMXUSDT,0.4086,0.4346549192364171,13337448.517450001,1836,2025-04-23 00:00:00+00:00,0.4346549192364171,2025-04-22 00:00:00+00:00,7,-0.08870692596383489,0.0943364039576935,0.5699951052373957,-0.0979187990446947
2025-04-16 00:00:00+00:00,SUIUSDT,2.0541,0.4427243074825957,671118280.493955,714,2025-04-23 00:00:00+00:00,0.4427243074825957,2025-04-22 00:00:00+00:00,7,0.12333389573139875,0.20819976379281258,0.7430991675186212,0.0
2025-04-16 00:00:00+00:00,TRUMPUSDT,7.715,0.7215813350615685,311553626.39496005,88,2025-04-23 00:00:00+00:00,0.7215813350615685,2025-04-23 00:00:00+00:00,7,-0.17384430055714495,-0.05691913868393317,0.6235904082955281,-0.1750489384128896
2025-04-16 00:00:00+00:00,COOKIEUSDT,0.0865,0.4369942196531793,10666015.379900001,99,2025-04-23 00:00:00+00:00,0.4369942196531793,2025-04-22 00:00:00+00:00,7,0.31858407079646023,1.3065164923572006,2.3144508670520234,-0.009654062751407788
2025-04-16 00:00:00+00:00,NFPUSDT,0.055,0.42000000000000015,4607328.368505,476,2025-04-22 00:00:00+00:00,0.42000000000000015,2025-04-20 00:00:00+00:00,6,-0.11651728553136997,0.26248399487836105,0.7927272727272725,-0.12548015364916776
2025-04-16 00:00:00+00:00,HFTUSDT,0.04828,0.4283347141673568,3973547.9567750003,741,2025-04-23 00:00:00+00:00,0.4283347141673568,2025-04-19 00:00:00+00:00,7,-0.13225058004640367,0.08454176334106722,0.5490886495443246,-0.15023201856148483
2025-04-16 00:00:00+00:00,DOGSUSDT,0.0001028,0.4552529182879377,31117464.76254145,233,2025-04-23 00:00:00+00:00,0.4552529182879377,2025-04-22 00:00:00+00:00,7,-0.06550802139037426,0.2239304812834224,0.7811284046692606,-0.08756684491978606
2025-04-16 00:00:00+00:00,SWARMSUSDT,0.0204,0.476470588235294,25947762.09495,99,2025-04-23 00:00:00+00:00,0.476470588235294,2025-04-22 00:00:00+00:00,7,-0.21480743691899074,0.0029880478087649376,0.4808823529411763,-0.24634794156706508
2025-04-16 00:00:00+00:00,NEIROUSDT,0.0001585,0.47255520504731874,78040343.14351195,212,2025-04-23 00:00:00+00:00,0.47255520504731874,2025-04-21 00:00:00+00:00,7,-0.10711225364181665,1.2699228791773778,2.342586750788643,-0.1088260497000858
2025-04-17 00:00:00+00:00,FETUSDT,0.497,0.4374245472837024,49455249.89685,821,2025-04-24 00:00:00+00:00,0.4374245472837024,2025-04-20 00:00:00+00:00,7,0.0907054871220605,0.19400895856662936,0.716297786720322,-0.07978723404255328
2025-04-17 00:00:00+00:00,LOKAUSDT,0.053,0.6358490566037736,2040156.05905,205,2025-04-24 00:00:00+00:00,0.6358490566037736,2025-04-19 00:00:00+00:00,7,-0.04036908881199541,-0.16955017301038067,0.35849056603773577,-0.20184544405997695
2025-04-17 00:00:00+00:00,HIPPOUSDT,0.001668,0.4106714628297363,4518741.58248,155,2025-04-23 00:00:00+00:00,0.4106714628297363,2025-04-20 00:00:00+00:00,6,-0.1049723756906078,0.15257118572035688,0.6258992805755397,-0.12197195070123246
2025-04-17 00:00:00+00:00,RDNTUSDT,0.01794,0.44091415830546254,3907131.0845149998,743,2025-04-24 00:00:00+00:00,0.44091415830546254,2025-04-22 00:00:00+00:00,7,0.0027079303675048294,0.005802707930367301,0.44927536231884035,-0.1295938104448744
2025-04-17 00:00:00+00:00,VANRYUSDT,0.02337,0.535301668806162,7440329.414145,400,2025-04-24 00:00:00+00:00,0.535301668806162,2025-04-22 00:00:00+00:00,7,-0.045150501672240884,0.07803790412486045,0.6551133932391957,-0.2118171683389075
2025-04-17 00:00:00+00:00,B3USDT,0.003344,0.4862440191387558,5897397.803035,63,2025-04-24 00:00:00+00:00,0.4862440191387558,2025-04-23 00:00:00+00:00,7,0.044869215291750475,-0.0450704225352111,0.41925837320574155,-0.11267605633802813
2025-04-17 00:00:00+00:00,MAVIAUSDT,0.1734,0.43944636678200677,10020998.2099,421,2025-04-24 00:00:00+00:00,0.43944636678200677,2025-04-23 00:00:00+00:00,7,-0.07211538461538458,-0.2079326923076923,0.1401384083044983,-0.21834935897435892
2025-04-17 00:00:00+00:00,1000RATSUSDT,0.02333,0.4380625803686242,13143576.812985,489,2025-04-23 00:00:00+00:00,0.4380625803686242,2025-04-19 00:00:00+00:00,6,-0.1093889716840537,-0.3278688524590164,-0.03343334762108874,-0.3278688524590164
2025-04-17 00:00:00+00:00,GMTUSDT,0.04305,0.40627177700348427,20119493.692259997,1837,2025-04-22 00:00:00+00:00,0.40627177700348427,2025-04-19 00:00:00+00:00,5,-0.16484968615791207,0.04195573174760492,0.46527293844367024,-0.16484968615791207
2025-04-17 00:00:00+00:00,KDAUSDT,0.4031,0.4073430910444058,3526839.7828,211,2025-04-24 00:00:00+00:00,0.4073430910444058,2025-04-24 00:00:00+00:00,7,0.13749338974087766,-0.08231976026793597,0.2914909451748944,-0.08231976026793597
2025-04-17 00:00:00+00:00,SCRUSDT,0.2102,0.4238820171265463,8194709.37045,177,2025-04-24 00:00:00+00:00,0.4238820171265463,2025-04-22 00:00:00+00:00,7,0.12128299365185424,0.12896759104577327,0.6075166508087535,-0.08252589375208819
2025-04-17 00:00:00+00:00,CHESSUSDT,0.05111,0.41831344159655637,2608892.3972500004,231,2025-04-24 00:00:00+00:00,0.41831344159655637,2025-04-22 00:00:00+00:00,7,-0.043868119740653966,-0.04400606980273136,0.35589904128350613,-0.16705752517588623
2025-04-18 00:00:00+00:00,SOLVUSDT,0.02315,0.4064794816414685,12715435.7336,91,2025-04-25 00:00:00+00:00,0.4064794816414685,2025-04-21 00:00:00+00:00,7,0.35749385749385754,0.38329238329238335,0.945572354211663,-0.041769041769041726
2025-04-18 00:00:00+00:00,AIUSDT,0.12424,0.40792015453960073,5214552.67825,466,2025-04-25 00:00:00+00:00,0.40792015453960073,2025-04-22 00:00:00+00:00,7,0.08655385319002984,0.010804939400868907,0.42313264649066307,-0.17528012805854098
2025-04-18 00:00:00+00:00,FARTCOINUSDT,0.733,0.5511596180081857,548744543.014435,119,2025-04-24 00:00:00+00:00,0.5511596180081857,2025-04-20 00:00:00+00:00,6,0.09287598944591013,0.2574318381706244,0.9504774897680763,-0.10079155672823226
2025-04-18 00:00:00+00:00,FXSUSDT,1.6691,0.4590497873105266,4658488.112325,819,2025-04-25 00:00:00+00:00,0.4590497873105266,2025-04-22 00:00:00+00:00,7,0.008130415143924763,0.27204040569950316,0.8559702833862559,-0.17057446721143188
2025-04-18 00:00:00+00:00,1000FLOKIUSDT,0.05657,0.4210712391727063,23988762.497,713,2025-04-25 00:00:00+00:00,0.4210712391727063,2025-04-23 00:00:00+00:00,7,0.24231869635526793,0.2188083094912301,0.7320134346826939,-0.07214827714889915
2025-04-18 00:00:00+00:00,BSVUSDT,28.4,0.5591549295774649,2886534.1114999996,546,2025-04-25 00:00:00+00:00,0.5591549295774649,2025-04-25 00:00:00+00:00,7,-0.05623306233062331,-0.16531165311653118,0.3014084507042254,-0.20460704607046076
2025-04-18 00:00:00+00:00,GPSUSDT,0.01558,0.4383825417201539,14683659.74335,60,2025-04-25 00:00:00+00:00,0.4383825417201539,2025-04-20 00:00:00+00:00,7,0.08389112003569843,0.04908522980812147,0.5089858793324775,-0.15305667112896026
2025-04-18 00:00:00+00:00,LEVERUSDT,0.000426,0.8523474178403756,4811137.009328499,750,2025-04-25 00:00:00+00:00,0.8523474178403756,2025-04-24 00:00:00+00:00,7,-0.22379926498542646,-0.29539982258268926,0.30516431924882625,-0.32289950576606263
2025-04-18 00:00:00+00:00,VIRTUALUSDT,0.5862,0.5754008870692595,33007653.23821,129,2025-04-25 00:00:00+00:00,0.5754008870692595,2025-04-23 00:00:00+00:00,7,1.1097996751488899,1.1981591770438547,2.462981917434322,0.0
2025-04-18 00:00:00+00:00,WLDUSDT,0.7089,0.47750035265904933,93120097.93395,634,2025-04-25 00:00:00+00:00,0.47750035265904933,2025-04-23 00:00:00+00:00,7,0.08812297116669843,0.35545159442428864,1.0026802087741573,-0.16965820126026354
2025-04-19 00:00:00+00:00,ETHWUSDT,1.2828,0.5445120049890866,2463422.7482000003,508,2025-04-26 00:00:00+00:00,0.5445120049890866,2025-04-26 00:00:00+00:00,7,0.0009589663352345124,-0.1481855347499117,0.3156376676021204,-0.23802553878766464
2025-04-19 00:00:00+00:00,PONKEUSDT,0.08328,0.5072046109510084,3549653.8455950003,166,2025-04-26 00:00:00+00:00,0.5072046109510084,2025-04-23 00:00:00+00:00,7,0.3784257488846401,0.3326163161249205,1.008525456292027,-0.20634161886551938
2025-04-19 00:00:00+00:00,BIDUSDT,0.03196,0.6476846057571963,3559742.353015,30,2025-04-25 00:00:00+00:00,0.6476846057571963,2025-04-23 00:00:00+00:00,6,0.16008355488036452,-0.22521838207368017,0.27659574468085113,-0.22521838207368017
2025-04-19 00:00:00+00:00,PNUTUSDT,0.13391,0.4097528190575761,144197967.91526502,159,2025-04-26 00:00:00+00:00,0.4097528190575761,2025-04-23 00:00:00+00:00,7,0.9111134654094712,0.6799449094183705,1.3683070719139718,-0.1767136349189533
2025-04-19 00:00:00+00:00,SPXUSDT,0.4324,0.4121184088806662,34008604.9392,130,2025-04-26 00:00:00+00:00,0.4121184088806662,2025-04-22 00:00:00+00:00,7,0.3331149688830657,0.38011791680314433,0.9488899167437557,-0.18932197838191944
2025-04-19 00:00:00+00:00,NOTUSDT,0.001855,0.40592991913746634,28033361.654305,338,2025-04-26 00:00:00+00:00,0.40592991913746634,2025-04-24 00:00:00+00:00,7,0.15069018404907975,0.0026840490797546135,0.4097035040431267,-0.16679447852760743
2025-04-19 00:00:00+00:00,SHELLUSDT,0.1273,0.43047918303220745,18227988.162299998,61,2025-04-26 00:00:00+00:00,0.43047918303220745,2025-04-23 00:00:00+00:00,7,0.40307523338824813,0.15595826468973084,0.6535742340926944,-0.10378912685337727
2025-04-19 00:00:00+00:00,VVVUSDT,2.225,0.43685393258426974,6585440.669605,80,2025-04-26 00:00:00+00:00,0.43685393258426974,2025-04-22 00:00:00+00:00,7,0.3131060369096028,0.06881451360650592,0.5357303370786515,0.0
2025-04-20 00:00:00+00:00,BMTUSDT,0.0812,0.6822660098522169,29922107.664449997,34,2025-04-27 00:00:00+00:00,0.6822660098522169,2025-04-27 00:00:00+00:00,7,-0.19765739385065884,-0.3008784773060029,0.17610837438423665,-0.3491947291361639
2025-04-20 00:00:00+00:00,MELANIAUSDT,0.38,0.41868421052631577,16580800.633704,90,2025-04-26 00:00:00+00:00,0.41868421052631577,2025-04-23 00:00:00+00:00,6,-0.2246336486737155,-0.3644963828603227,-0.09842105263157896,-0.41495084399925797
2025-04-21 00:00:00+00:00,LAYERUSDT,2.0562,0.44022954965470285,235126255.215685,69,2025-04-28 00:00:00+00:00,0.44022954965470285,2025-04-25 00:00:00+00:00,7,-0.6050516647531572,-0.6921388532450867,-0.556609279252991,-0.6921388532450867
2025-04-21 00:00:00+00:00,BROCCOLI714USDT,0.0263,0.4623574144486693,32226998.68168,31,2025-04-28 00:00:00+00:00,0.4623574144486693,2025-04-26 00:00:00+00:00,7,0.10426417056682258,-0.17420696827873128,0.20760456273764238,-0.3003120124804992
2025-04-21 00:00:00+00:00,MORPHOUSDT,0.9168,0.4015052356020943,5485028.013075,145,2025-04-26 00:00:00+00:00,0.4015052356020943,2025-04-23 00:00:00+00:00,5,0.3178457467507201,0.14366876799750972,0.6028577661431065,-0.07510312086543702
2025-04-21 00:00:00+00:00,TOKENUSDT,0.01379,0.7628716461203768,2019263.7433,535,2025-04-28 00:00:00+00:00,0.7628716461203768,2025-04-28 00:00:00+00:00,7,-0.019333607568901567,-0.10818593171534341,0.572153734590283,-0.248868778280543
2025-04-21 00:00:00+00:00,DIAUSDT,0.4051,0.4949395211058998,2071789.76185,201,2025-04-28 00:00:00+00:00,0.4949395211058998,2025-04-26 00:00:00+00:00,7,-0.12120211360634081,-0.23001981505944524,0.15107380893606503,-0.24273447820343463
2025-04-25 00:00:00+00:00,SIRENUSDT,0.06463,0.42967662076435076,11676822.943575,34,2025-05-02 00:00:00+00:00,0.42967662076435076,2025-04-27 00:00:00+00:00,7,0.7685064935064936,0.6666666666666667,1.3827943679405847,-0.1241341991341991
2025-04-28 00:00:00+00:00,PARTIUSDT,0.1887,0.6242713301536831,85562071.32795,34,2025-05-05 00:00:00+00:00,0.6242713301536831,2025-05-04 00:00:00+00:00,7,-0.01859706362153335,-0.26786296900489404,0.18918918918918903,-0.3014681892332789
2025-04-30 00:00:00+00:00,KAITOUSDT,0.8386,0.7165513951824469,55949744.67892,69,2025-05-07 00:00:00+00:00,0.7165513951824469,2025-05-07 00:00:00+00:00,7,0.5047585967349775,0.14553664466828753,0.966372525637968,-0.05703369225425503
2025-05-02 00:00:00+00:00,VELODROMEUSDT,0.05084,0.4728560188827695,3092490.684375,140,2025-05-09 00:00:00+00:00,0.4728560188827695,2025-05-09 00:00:00+00:00,7,-0.21407585470085477,-0.33747329059829057,-0.024193548387096864,-0.37072649572649574
2025-05-02 00:00:00+00:00,1000PEPEUSDT,0.0086911,0.42330660100562634,706013857.2143583,728,2025-05-09 00:00:00+00:00,0.42330660100562634,2025-05-08 00:00:00+00:00,7,0.11559324500206136,-0.056741659323691795,0.34254582273820344,-0.14002312026580221
2025-05-02 00:00:00+00:00,1000CATUSDT,0.007254,0.4466501240694789,8022760.397303,193,2025-05-09 00:00:00+00:00,0.4466501240694789,2025-05-09 00:00:00+00:00,7,-0.16590432628168472,-0.34581665713741183,-0.05362558588365052,-0.39203354297693915
2025-05-03 00:00:00+00:00,GRIFFAINUSDT,0.06417,0.4455352968676951,21089234.03018,121,2025-05-10 00:00:00+00:00,0.4455352968676951,2025-05-09 00:00:00+00:00,7,-0.001293661060801976,-0.3229840448469168,-0.021349540283621793,-0.45698576972833116
2025-05-03 00:00:00+00:00,BANANAUSDT,18.524,0.41513711941265363,13810160.8732,261,2025-05-10 00:00:00+00:00,0.41513711941265363,2025-05-08 00:00:00+00:00,7,-0.16315709163042635,-0.21953917753871977,0.10445908011228666,-0.2870603494316014
2025-05-03 00:00:00+00:00,LDOUSDT,0.8218,0.41567291311754695,44423142.73725,1853,2025-05-10 00:00:00+00:00,0.41567291311754695,2025-05-09 00:00:00+00:00,7,-0.25038679731820523,-0.24394017534811752,0.07033341445607211,-0.34674230703111564
2025-05-03 00:00:00+00:00,CFXUSDT,0.07349,0.4246836304259083,9249846.78218,803,2025-05-10 00:00:00+00:00,0.4246836304259083,2025-05-09 00:00:00+00:00,7,-0.17039159503342882,-0.17478510028653294,0.17567015920533402,-0.3228271251193887
2025-05-03 00:00:00+00:00,BBUSDT,0.11871,0.49894701373094086,6458549.60849,355,2025-05-10 00:00:00+00:00,0.49894701373094086,2025-05-09 00:00:00+00:00,7,-0.10267505900865448,-0.3461279082836911,-0.019880380759834893,-0.4219399797684613
2025-05-03 00:00:00+00:00,EIGENUSDT,0.8719,0.6890698474595709,19346684.462445,214,2025-05-10 00:00:00+00:00,0.6890698474595709,2025-05-08 00:00:00+00:00,7,-0.04800706185917025,0.0660012222448565,0.800550521848836,-0.17878726149249669
2025-05-03 00:00:00+00:00,1MBABYDOGEUSDT,0.0012549,0.43788349669296367,8511067.398269199,229,2025-05-10 00:00:00+00:00,0.43788349669296367,2025-05-09 00:00:00+00:00,7,-0.0755929949013523,-0.20200620704943473,0.1474221053470397,-0.2861893150077588
2025-05-03 00:00:00+00:00,AEVOUSDT,0.1036,0.4642857142857144,5713476.055925,416,2025-05-10 00:00:00+00:00,0.4642857142857144,2025-05-09 00:00:00+00:00,7,-0.2254449571522743,-0.32432432432432434,-0.010617760617760652,-0.39288068556361244
2025-05-03 00:00:00+00:00,DOGEUSDT,0.17555,0.42734263742523493,802142218.8071051,1853,2025-05-10 00:00:00+00:00,0.42734263742523493,2025-05-10 00:00:00+00:00,7,-0.10200742307538824,-0.22249271660613812,0.10976929649672451,-0.31775551742028185
2025-05-03 00:00:00+00:00,STRKUSDT,0.131,0.46183206106870234,17056287.762805,438,2025-05-10 00:00:00+00:00,0.46183206106870234,2025-05-09 00:00:00+00:00,7,-0.18485639686684086,-0.2704960835509139,0.06641221374045791,-0.3503916449086162
2025-05-03 00:00:00+00:00,ENAUSDT,0.2914,0.43617021276595747,235269757.88295,396,2025-05-10 00:00:00+00:00,0.43617021276595747,2025-05-09 00:00:00+00:00,7,-0.12043010752688177,-0.1787335722819593,0.17947838023335616,-0.3218637992831541
2025-05-03 00:00:00+00:00,USUALUSDT,0.1161,0.4401378122308355,39311886.595699996,136,2025-05-10 00:00:00+00:00,0.4401378122308355,2025-05-09 00:00:00+00:00,7,-0.21052631578947356,-0.3690191387559808,-0.09130060292850994,-0.4366028708133971
2025-05-03 00:00:00+00:00,IOUSDT,0.7503,0.4470211915233908,12159864.469275001,326,2025-05-10 00:00:00+00:00,0.4470211915233908,2025-05-08 00:00:00+00:00,7,-0.10739614994934155,-0.2503453992815696,0.08476609356257492,-0.33535967578520776
2025-05-03 00:00:00+00:00,ZKUSDT,0.05049,0.5531788472964945,12170521.477875002,320,2025-05-10 00:00:00+00:00,0.5531788472964945,2025-05-08 00:00:00+00:00,7,-0.19166029074215762,-0.27454730935985716,0.12675777381659747,-0.33983677633256826
2025-05-03 00:00:00+00:00,BOMEUSDT,0.001427,0.5416958654519972,22378403.648218997,413,2025-05-10 00:00:00+00:00,0.5416958654519972,2025-05-09 00:00:00+00:00,7,0.040909090909090784,-0.10090909090909084,0.386124737210932,-0.2445454545454545
2025-05-03 00:00:00+00:00,ARBUSDT,0.3195,0.5151799687010954,56170679.31444,772,2025-05-10 00:00:00+00:00,0.5151799687010954,2025-05-10 00:00:00+00:00,7,-0.19066308613922744,-0.23879363767816564,0.15336463223787167,-0.33278248295806645
2025-05-03 00:00:00+00:00,THETAUSDT,0.718,0.4018105849582172,17438660.858015,1853,2025-05-10 00:00:00+00:00,0.4018105849582172,2025-05-09 00:00:00+00:00,7,-0.14744162940884253,-0.19999999999999996,0.12144846796657394,-0.2943864878291107
2025-05-03 00:00:00+00:00,OMNIUSDT,2.23,0.4201793721973093,6203037.85609,381,2025-05-10 00:00:00+00:00,0.4201793721973093,2025-05-09 00:00:00+00:00,7,-0.16166719292706033,-0.29460056836122506,0.0017937219730941312,-0.3615408904325861
2025-05-03 00:00:00+00:00,SSVUSDT,6.056,0.7848414795244385,5088357.670415,799,2025-05-10 00:00:00+00:00,0.7848414795244385,2025-05-08 00:00:00+00:00,7,-0.20445924692385964,-0.07317975760939943,0.6542272126816382,-0.24470348783421225
2025-05-03 00:00:00+00:00,ETHUSDT,1832.55,0.4089165370658372,10042533873.719336,1853,2025-05-10 00:00:00+00:00,0.4089165370658372,2025-05-08 00:00:00+00:00,7,-0.020388007327908353,0.03765042158711962,0.4619628386674306,-0.06545929176462373
2025-05-03 00:00:00+00:00,1000XUSDT,0.07287,0.46178125428845895,8802149.923905,171,2025-05-10 00:00:00+00:00,0.46178125428845895,2025-05-10 00:00:00+00:00,7,-0.19714607585429966,-0.2785392414570034,0.05461781254288445,-0.3469770935035674
2025-05-03 00:00:00+00:00,MANTAUSDT,0.2194,0.47948951686417485,8286083.99859,471,2025-05-10 00:00:00+00:00,0.47948951686417485,2025-05-09 00:00:00+00:00,7,-0.12969808995687004,-0.24922982131854587,0.11075660893345485,-0.314849044978435
2025-05-03 00:00:00+00:00,PEOPLEUSDT,0.01403,0.5516749821810407,26683090.792745,1853,2025-05-10 00:00:00+00:00,0.5516749821810407,2025-05-09 00:00:00+00:00,7,0.09600367478180982,0.04455672944418909,0.6208125445473984,-0.13367018833256783
2025-05-03 00:00:00+00:00,ARCUSDT,0.05727,0.6071241487689889,55010078.722125,106,2025-05-10 00:00:00+00:00,0.6071241487689889,2025-05-09 00:00:00+00:00,7,-0.36277705345501954,-0.5412863972186006,-0.2627902916011874,-0.621903520208605
2025-05-03 00:00:00+00:00,METISUSDT,15.16,0.4986807387862795,2783711.3982499996,417,2025-05-10 00:00:00+00:00,0.4986807387862795,2025-05-09 00:00:00+00:00,7,-0.14612676056338025,-0.18265845070422526,0.22493403693931402,-0.27332746478873227
2025-05-03 00:00:00+00:00,PHAUSDT,0.09872,0.47153565640194506,4129103.0391849997,124,2025-05-10 00:00:00+00:00,0.47153565640194506,2025-05-08 00:00:00+00:00,7,-0.08315550354512291,-0.1292765195842226,0.281300648298217,-0.1850347628553728
2025-05-03 00:00:00+00:00,UNIUSDT,5.086,0.48545025560361754,69404121.5705,1853,2025-05-10 00:00:00+00:00,0.48545025560361754,2025-05-08 00:00:00+00:00,7,-0.19073461283917936,-0.09437458636664464,0.3452615021627996,-0.24090006618133675
2025-05-03 00:00:00+00:00,ETHFIUSDT,0.5366,1.0782705926202012,17091720.22234,411,2025-05-10 00:00:00+00:00,1.0782705926202012,2025-05-08 00:00:00+00:00,7,0.10518292682926833,0.14526542324246772,1.380171449869549,-0.054429698708751806
2025-05-03 00:00:00+00:00,GALAUSDT,0.01563,0.4293026231605883,45110593.515785,1853,2025-05-10 00:00:00+00:00,0.4293026231605883,2025-05-09 00:00:00+00:00,7,-0.1557743957027753,-0.22694717994628466,0.1049264235444658,-0.31826320501342875
2025-05-04 00:00:00+00:00,RPLUSDT,4.0,0.5787500000000001,3492195.3882999998,237,2025-05-11 00:00:00+00:00,0.5787500000000001,2025-05-09 00:00:00+00:00,7,-0.2391132224861442,0.10942201108471883,0.7515000000000001,-0.25051464766429143
2025-05-04 00:00:00+00:00,SYSUSDT,0.04654,0.41211860764933395,4942230.241444999,258,2025-05-10 00:00:00+00:00,0.41211860764933395,2025-05-08 00:00:00+00:00,6,-0.2423919659160073,-0.3394704808277541,-0.06725397507520414,-0.4056603773584906
2025-05-04 00:00:00+00:00,SWELLUSDT,0.00858,0.5582750582750582,3078459.6012850003,177,2025-05-11 00:00:00+00:00,0.5582750582750582,2025-05-09 00:00:00+00:00,7,-0.22961854899027667,-0.2655198204936424,0.1445221445221445,-0.3702318623784592
2025-05-04 00:00:00+00:00,PYTHUSDT,0.13579,0.4359673024523161,12367604.367025,529,2025-05-10 00:00:00+00:00,0.4359673024523161,2025-05-09 00:00:00+00:00,6,-0.3122211395456177,-0.3614544335606954,-0.08306944546726558,-0.4462792963741731
2025-05-04 00:00:00+00:00,MAVUSDT,0.0542,0.4396678966789669,2898518.87436,675,2025-05-10 00:00:00+00:00,0.4396678966789669,2025-05-09 00:00:00+00:00,6,-0.1780084582852749,-0.2828399333589645,0.03247232472324724,-0.3508906830706139
2025-05-04 00:00:00+00:00,THEUSDT,0.2502,0.42166266986410883,6615001.939545,158,2025-05-09 00:00:00+00:00,0.42166266986410883,2025-05-09 00:00:00+00:00,5,-0.13916221535001405,-0.35198200730953055,-0.07873701039168657,-0.39977509136913136
2025-05-04 00:00:00+00:00,SUSHIUSDT,0.6055,0.4353426919900907,11923086.08255,1854,2025-05-10 00:00:00+00:00,0.4353426919900907,2025-05-08 00:00:00+00:00,6,-0.16591876654009896,-0.1965251409504084,0.1532617671345995,-0.2957082038890807
2025-05-04 00:00:00+00:00,BERAUSDT,2.898,0.5141476880607314,52958745.74675,87,2025-05-10 00:00:00+00:00,0.5141476880607314,2025-05-08 00:00:00+00:00,6,-0.3119872379216043,-0.4234275296262534,-0.1269841269841271,-0.49270738377392886
2025-05-04 00:00:00+00:00,DYMUSDT,0.2804,0.5010699001426535,6503572.060215,452,2025-05-10 00:00:00+00:00,0.5010699001426535,2025-05-09 00:00:00+00:00,6,-0.16393442622950816,-0.28415300546448086,0.07453637660485035,-0.36421952957947257
2025-05-04 00:00:00+00:00,ALTUSDT,0.02726,0.46331621423330893,6028664.400725,465,2025-05-10 00:00:00+00:00,0.46331621423330893,2025-05-09 00:00:00+00:00,6,-0.20355978942090758,-0.29556279769365756,0.030814380044020595,-0.3780396089245426
2025-05-04 00:00:00+00:00,INJUSDT,9.276,0.44954721862871927,51472332.297649994,1854,2025-05-10 00:00:00+00:00,0.44954721862871927,2025-05-08 00:00:00+00:00,6,-0.010560761564777588,0.023278298378700102,0.48329021129797334,-0.16079131340175512
2025-05-04 00:00:00+00:00,NILUSDT,0.375,0.43013333333333326,26439938.844645,41,2025-05-11 00:00:00+00:00,0.43013333333333326,2025-05-08 00:00:00+00:00,7,-0.14693268692895767,-0.258623904531046,0.06026666666666669,-0.2798806638075704
2025-05-04 00:00:00+00:00,CHRUSDT,0.083,0.40120481927710827,4360346.489,1854,2025-05-11 00:00:00+00:00,0.40120481927710827,2025-05-09 00:00:00+00:00,7,-0.1392949269131557,-0.1960447119518487,0.12650602409638556,-0.3078245915735167
2025-05-04 00:00:00+00:00,RONINUSDT,0.5286,0.407680665909951,3561114.989075,453,2025-05-10 00:00:00+00:00,0.407680665909951,2025-05-10 00:00:00+00:00,6,-0.10899072705281543,-0.23410831877435834,0.07813091184260301,-0.2991533396048919
2025-05-04 00:00:00+00:00,NEARUSDT,2.319,0.4437257438551099,104814257.7255,1854,2025-05-10 00:00:00+00:00,0.4437257438551099,2025-05-09 00:00:00+00:00,6,-0.1714456391875746,-0.24044205495818394,0.09659335920655465,-0.3297491039426522
2025-05-04 00:00:00+00:00,ROSEUSDT,0.02769,0.44853737811484296,6382917.105389999,1854,2025-05-10 00:00:00+00:00,0.44853737811484296,2025-05-09 00:00:00+00:00,6,-0.19272001994515087,-0.2725006232859636,0.05381003972553278,-0.343555223136375
2025-05-04 00:00:00+00:00,ORDIUSDT,7.365,0.4294636795655127,45436891.1512,544,2025-05-10 00:00:00+00:00,0.4294636795655127,2025-05-09 00:00:00+00:00,6,0.004084346504559244,-0.1306990881458968,0.24263408010862175,-0.251709726443769
2025-05-04 00:00:00+00:00,APEUSDT,0.4874,0.4013130898645878,16260646.90195,1854,2025-05-10 00:00:00+00:00,0.4013130898645878,2025-05-09 00:00:00+00:00,6,-0.0651537335285507,0.06368960468521223,0.49056216659827667,-0.10702781844802345
2025-05-05 00:00:00+00:00,ACTUSDT,0.05157,0.5865813457436495,33946190.03055,175,2025-05-12 00:00:00+00:00,0.5865813457436495,2025-05-09 00:00:00+00:00,7,-0.26167196284527017,-0.3942801271082865,-0.038976148923792864,-0.4320459545343437
2025-05-05 00:00:00+00:00,ARKMUSDT,0.5125,0.40175609756097574,16116359.58095,647,2025-05-10 00:00:00+00:00,0.40175609756097574,2025-05-09 00:00:00+00:00,5,-0.07934298440979959,-0.2285634743875279,0.08136585365853666,-0.3229398663697105
2025-05-05 00:00:00+00:00,BROCCOLIF3BUSDT,0.018134,0.44805338039042675,34831816.294723004,45,2025-05-12 00:00:00+00:00,0.44805338039042675,2025-05-09 00:00:00+00:00,7,-0.5050839712098709,-0.6220343501275754,-0.452685563030771,-0.6220343501275754
2025-05-05 00:00:00+00:00,1000WHYUSDT,3.65e-05,0.4219178082191781,2701197.5411822,161,2025-05-09 00:00:00+00:00,0.4219178082191781,2025-05-08 00:00:00+00:00,4,-0.2736030828516377,-0.323699421965318,-0.0383561643835616,-0.3256262042389211
2025-05-05 00:00:00+00:00,REZUSDT,0.012,0.41249999999999987,21957430.262829997,370,2025-05-10 00:00:00+00:00,0.41249999999999987,2025-05-09 00:00:00+00:00,5,-0.15162241887905603,-0.3268436578171091,-0.04916666666666669,-0.4123893805309734
2025-05-05 00:00:00+00:00,XVGUSDT,0.0046718,0.5002354552849009,4189505.92837595,670,2025-05-12 00:00:00+00:00,0.5002354552849009,2025-05-09 00:00:00+00:00,7,0.005321881063805378,-0.14550279648441955,0.28194700115587135,-0.1807299395046228
2025-05-05 00:00:00+00:00,FIDAUSDT,0.07471,0.4023557756659082,5867565.536485,228,2025-05-12 00:00:00+00:00,0.4023557756659082,2025-05-11 00:00:00+00:00,7,-0.17466832108427977,-0.32222964589099934,-0.04952482934011504,-0.40574591963348283
2025-05-05 00:00:00+00:00,EDUUSDT,0.1294,0.4520865533230296,7406683.69005,736,2025-05-12 00:00:00+00:00,0.4520865533230296,2025-05-09 00:00:00+00:00,7,-0.18360830228845126,-0.2575838211814795,0.07805255023183943,-0.3326237360298031
2025-05-05 00:00:00+00:00,MEWUSDT,0.002702,0.45447816432272403,18399255.555565,322,2025-05-12 00:00:00+00:00,0.45447816432272403,2025-05-09 00:00:00+00:00,7,0.015012722646310372,-0.1699745547073792,0.20725388601036276,-0.251145038167939
2025-05-05 00:00:00+00:00,TNSRUSDT,0.1302,0.4715821812596004,3256629.3907350004,392,2025-05-12 00:00:00+00:00,0.4715821812596004,2025-05-08 00:00:00+00:00,7,-0.22494780793319413,-0.32567849686847594,-0.007680491551459334,-0.3810020876826722
2025-05-05 00:00:00+00:00,SLERFUSDT,0.067,0.5238805970149252,2383464.3717,165,2025-05-12 00:00:00+00:00,0.5238805970149252,2025-05-09 00:00:00+00:00,7,-0.15181194906953965,-0.23114593535749262,0.17164179104477606,-0.32615083251714005
2025-05-05 00:00:00+00:00,ATHUSDT,0.03111,0.4101575056252009,4885600.681195,33,2025-05-12 00:00:00+00:00,0.4101575056252009,2025-05-10 00:00:00+00:00,7,0.20879872350125384,0.10325963072714828,0.5557698489231759,0.0
2025-05-05 00:00:00+00:00,TIAUSDT,2.3567,0.4178724487631009,77001146.19260001,552,2025-05-10 00:00:00+00:00,0.4178724487631009,2025-05-09 00:00:00+00:00,5,-0.24129881789615437,-0.363669010923238,-0.09776382229388547,-0.41684872063444556
2025-05-05 00:00:00+00:00,RUNEUSDT,1.249,0.5452361889511608,16859001.9275,1855,2025-05-12 00:00:00+00:00,0.5452361889511608,2025-05-10 00:00:00+00:00,7,-0.0031088082901554737,-0.12694300518134705,0.3490792634107285,-0.2062176165803108
2025-05-05 00:00:00+00:00,CATIUSDT,0.0853,0.637749120750293,8988704.1992,227,2025-05-12 00:00:00+00:00,0.637749120750293,2025-05-09 00:00:00+00:00,7,-0.2347888332140301,-0.3507516105941302,0.06330597889800704,-0.3629205440229062
2025-05-05 00:00:00+00:00,SNXUSDT,0.644,0.4145962732919255,7584691.1912,1855,2025-05-10 00:00:00+00:00,0.4145962732919255,2025-05-09 00:00:00+00:00,5,-0.14379802414928655,-0.2513721185510428,0.05900621118012417,-0.3084522502744237
2025-05-05 00:00:00+00:00,OPUSDT,0.6414,0.41845961958216416,64726732.806285,1855,2025-05-10 00:00:00+00:00,0.41845961958216416,2025-05-10 00:00:00+00:00,5,-0.18311716860848548,-0.27984172345570457,0.021515434985968307,-0.3511760826555287
2025-05-05 00:00:00+00:00,LQTYUSDT,0.6509,0.44845598402212317,2875093.14509,787,2025-05-12 00:00:00+00:00,0.44845598402212317,2025-05-08 00:00:00+00:00,7,-0.11423419601187956,0.20704285108188358,0.7483484406206788,-0.25328807806533726
2025-05-05 00:00:00+00:00,KSMUSDT,14.581,0.52925039434881,4556127.739800001,1855,2025-05-12 00:00:00+00:00,0.52925039434881,2025-05-09 00:00:00+00:00,7,-0.18822315902771547,-0.25015696475020177,0.14669775735546264,-0.32083594941250326
2025-05-06 00:00:00+00:00,WOOUSDT,0.06646,0.45967499247667765,4900201.633125,1856,2025-05-13 00:00:00+00:00,0.45967499247667765,2025-05-09 00:00:00+00:00,7,-0.045046902381197795,-0.21966807545613853,0.1390309960878724,-0.2584269662921348
2025-05-06 00:00:00+00:00,AVAUSDT,0.534,0.42340823970037444,3048413.8708699998,144,2025-05-13 00:00:00+00:00,0.42340823970037444,2025-05-09 00:00:00+00:00,7,-0.19892119457966062,-0.275358505459808,0.03146067415730314,-0.316931982633864
2025-05-06 00:00:00+00:00,BABYUSDT,0.0784,0.43392857142857144,136894219.017825,31,2025-05-12 00:00:00+00:00,0.43392857142857144,2025-05-09 00:00:00+00:00,6,-0.26747909624621946,-0.4037537804661092,-0.1450255102040815,-0.46735456324497426
2025-05-06 00:00:00+00:00,JELLYJELLYUSDT,0.03407,0.6929850308189021,19284787.727205,41,2025-05-13 00:00:00+00:00,0.6929850308189021,2025-05-13 00:00:00+00:00,7,-0.46029819694868235,-0.6213592233009709,-0.35896683299090115,-0.6213592233009709
2025-05-06 00:00:00+00:00,AXSUSDT,2.298,0.4190600522193211,14191423.998,1856,2025-05-13 00:00:00+00:00,0.4190600522193211,2025-05-09 00:00:00+00:00,7,-0.11928856179086178,-0.25666973321067166,0.05483028720626626,-0.2891750996626802
2025-05-06 00:00:00+00:00,RAYSOLUSDT,2.3934,0.4087072783487924,29111932.429035,147,2025-05-13 00:00:00+00:00,0.4087072783487924,2025-05-10 00:00:00+00:00,7,-0.04692134298256023,-0.3571598054336219,-0.0944263390991894,-0.3771799738996322
2025-05-06 00:00:00+00:00,WUSDT,0.07703,0.42658704400882774,18344927.036117002,398,2025-05-13 00:00:00+00:00,0.42658704400882774,2025-05-09 00:00:00+00:00,7,-0.060515060515060504,-0.3683683683683684,-0.09892249772815787,-0.3683683683683684
2025-05-06 00:00:00+00:00,HOTUSDT,0.000934,0.4314775160599571,3387388.1826535,1856,2025-05-11 00:00:00+00:00,0.4314775160599571,2025-05-09 00:00:00+00:00,5,-0.16005983545250557,-0.2221391174270757,0.11349036402569568,-0.30441286462228867
2025-05-06 00:00:00+00:00,TUTUSDT,0.02393,0.4588382783117424,18934272.9419,47,2025-05-09 00:00:00+00:00,0.4588382783117424,2025-05-09 00:00:00+00:00,3,-0.23517616728731006,-0.09424233743912902,0.3213539490179691,-0.344600401031223
2025-05-06 00:00:00+00:00,DUSKUSDT,0.07582,0.4018728567660248,2208366.723275,1856,2025-05-13 00:00:00+00:00,0.4018728567660248,2025-05-09 00:00:00+00:00,7,-0.22636184024837702,-0.4812305955405024,-0.27275125296755465,-0.4812305955405024
2025-05-06 00:00:00+00:00,ACXUSDT,0.1954,0.4268167860798362,2228026.104495,151,2025-05-13 00:00:00+00:00,0.4268167860798362,2025-05-08 00:00:00+00:00,7,-0.16893830703012913,-0.3949067431850789,-0.13664278403275332,-0.3949067431850789
2025-05-06 00:00:00+00:00,HOOKUSDT,0.123,0.4504065040650407,3962661.009625,834,2025-05-13 00:00:00+00:00,0.4504065040650407,2025-05-09 00:00:00+00:00,7,-0.22365470852017932,-0.41647982062780275,-0.15365853658536588,-0.41647982062780275
2025-05-06 00:00:00+00:00,1000SATSUSDT,3.86e-05,0.515544041450777,23066374.20956255,511,2025-05-13 00:00:00+00:00,0.515544041450777,2025-05-09 00:00:00+00:00,7,-0.052991452991453025,-0.29401709401709397,0.06994818652849744,-0.29401709401709397
2025-05-06 00:00:00+00:00,C98USDT,0.0541,0.4085027726432533,4559129.571049999,1856,2025-05-13 00:00:00+00:00,0.4085027726432533,2025-05-09 00:00:00+00:00,7,-0.20603674540682426,-0.3700787401574803,-0.11275415896487984,-0.3845144356955381
2025-05-06 00:00:00+00:00,CTSIUSDT,0.0596,0.4144295302013423,2407841.7333,1856,2025-05-13 00:00:00+00:00,0.4144295302013423,2025-05-09 00:00:00+00:00,7,-0.11269276393831551,-0.28706998813760376,0.008389261744966348,-0.32502965599051015
2025-05-06 00:00:00+00:00,PHBUSDT,0.5101,0.4546167418153304,5080723.80525,810,2025-05-13 00:00:00+00:00,0.4546167418153304,2025-05-09 00:00:00+00:00,7,-0.1609164420485174,-0.36159029649595686,-0.07135855714565764,-0.36954177897574125
2025-05-06 00:00:00+00:00,GRTUSDT,0.08984,0.42264024933214617,12501769.42654,1856,2025-05-13 00:00:00+00:00,0.42264024933214617,2025-05-09 00:00:00+00:00,7,-0.1279242625772632,-0.29888115170956897,-0.0025601068566341034,-0.3189891244816524
2025-05-06 00:00:00+00:00,MOVEUSDT,0.1591,0.4393463230672534,85627792.41049999,148,2025-05-13 00:00:00+00:00,0.4393463230672534,2025-05-09 00:00:00+00:00,7,-0.24410480349344976,-0.3707423580786027,-0.09428032683846632,-0.4183406113537118
2025-05-06 00:00:00+00:00,GUNUSDT,0.04526,0.47304463102076877,118635686.19179499,36,2025-05-13 00:00:00+00:00,0.47304463102076877,2025-05-09 00:00:00+00:00,7,-0.2608369581520924,-0.5828708564571771,-0.3855501546619532,-0.5828708564571771
2025-05-06 00:00:00+00:00,RIFUSDT,0.04403,0.4181240063593006,2705517.19172,563,2025-05-13 00:00:00+00:00,0.4181240063593006,2025-05-09 00:00:00+00:00,7,-0.13805253042921206,-0.1547085201793722,0.19872813990461058,-0.2141255605381166
2025-05-06 00:00:00+00:00,TLMUSDT,0.004765,0.45477439664218244,3088143.7227950003,1856,2025-05-13 00:00:00+00:00,0.45477439664218244,2025-05-09 00:00:00+00:00,7,-0.18248701673398726,-0.3238603577611079,-0.016369359916054593,-0.3642527409117138
2025-05-06 00:00:00+00:00,ALICEUSDT,0.404,0.4207920792079205,6070075.5176,1856,2025-05-13 00:00:00+00:00,0.4207920792079205,2025-05-09 00:00:00+00:00,7,-0.16376306620209058,-0.2648083623693379,0.04455445544554437,-0.3240418118466898
2025-05-07 00:00:00+00:00,BRUSDT,0.05162,0.4498256489732664,11886453.532134999,47,2025-05-12 00:00:00+00:00,0.4498256489732664,2025-05-09 00:00:00+00:00,5,-0.3269641902725816,-0.3764029930518439,-0.09589306470360315,-0.4249064671298771
2025-05-07 00:00:00+00:00,ATAUSDT,0.049,0.44285714285714284,2218101.1257499997,1857,2025-05-13 00:00:00+00:00,0.44285714285714284,2025-05-09 00:00:00+00:00,6,-0.29420084865629414,-0.40311173974540304,-0.13877551020408163,-0.41018387553041014
2025-05-15 00:00:00+00:00,PORTALUSDT,0.0558,0.45878136200716835,6481803.43238,441,2025-05-17 00:00:00+00:00,0.45878136200716835,2025-05-16 00:00:00+00:00,2,-0.414004914004914,-0.5554054054054054,-0.3514336917562725,-0.5554054054054054
2025-05-15 00:00:00+00:00,ANIMEUSDT,0.02052,0.4483430799220274,17889098.769915,112,2025-05-22 00:00:00+00:00,0.4483430799220274,2025-05-18 00:00:00+00:00,7,0.12348586810228812,-0.3684387617765815,-0.08528265107212485,-0.3684387617765815
2025-05-15 00:00:00+00:00,WCTUSDT,0.5049,0.4579124579124578,100418937.6097,30,2025-05-20 00:00:00+00:00,0.4579124579124578,2025-05-20 00:00:00+00:00,5,-0.28664583616356465,-0.5374269800298872,-0.3256090314913844,-0.5374269800298872
2025-05-15 00:00:00+00:00,MOODENGUSDT,0.22492,0.41001244887070953,19198096.505485,202,2025-05-22 00:00:00+00:00,0.41001244887070953,2025-05-18 00:00:00+00:00,7,-0.43044081478211504,-0.5881944882386327,-0.41934910190289887,-0.5881944882386327
2025-05-15 00:00:00+00:00,LISTAUSDT,0.1908,0.46540880503144666,11739314.80105,329,2025-05-22 00:00:00+00:00,0.46540880503144666,2025-05-22 00:00:00+00:00,7,-0.18884120171673824,-0.3401287553648069,-0.03301886792452835,-0.3401287553648069
2025-05-17 00:00:00+00:00,NEIROUSDT,0.0004461,0.4330867518493611,62862101.091942996,243,2025-05-18 00:00:00+00:00,0.4330867518493611,2025-05-18 00:00:00+00:00,1,-0.2875019552635695,-0.4267167214140466,-0.17843532840170362,-0.4267167214140466
2025-05-17 00:00:00+00:00,MUBARAKUSDT,0.04345,0.4055235903337169,80486440.302055,61,2025-05-21 00:00:00+00:00,0.4055235903337169,2025-05-20 00:00:00+00:00,4,-0.3286392664155886,-0.4653676109382676,-0.24856156501726134,-0.4653676109382676
2025-05-17 00:00:00+00:00,GOATUSDT,0.13242,0.4389065095906961,45370917.81012499,205,2025-05-22 00:00:00+00:00,0.4389065095906961,2025-05-18 00:00:00+00:00,5,-0.4219586438543088,-0.5338511598614464,-0.3292553994864825,-0.5338511598614464
2025-05-17 00:00:00+00:00,1000000MOGUSDT,0.9811,0.4022016104372643,10296515.647385,191,2025-05-22 00:00:00+00:00,0.4022016104372643,2025-05-21 00:00:00+00:00,5,-0.42058588355019255,-0.4567856364032856,-0.2383039445520334,-0.4567856364032856
2025-05-17 00:00:00+00:00,BIOUSDT,0.07159,0.4066210364576057,27732558.41884,134,2025-05-22 00:00:00+00:00,0.4066210364576057,2025-05-22 00:00:00+00:00,5,-0.40943396226415096,-0.5414101290963258,-0.354937840480514,-0.5414101290963258
2025-05-19 00:00:00+00:00,FLMUSDT,0.031,0.4096774193548387,30632487.05985,1869,2025-05-25 00:00:00+00:00,0.4096774193548387,2025-05-24 00:00:00+00:00,6,-0.10526315789473684,-0.21967963386727696,0.09999999999999987,-0.3249427917620138
2025-05-19 00:00:00+00:00,AVAAIUSDT,0.05379,0.46216768916155426,29338011.187799998,122,2025-05-22 00:00:00+00:00,0.46216768916155426,2025-05-21 00:00:00+00:00,3,-0.5394787031150667,-0.694850603941513,-0.5538204127161181,-0.694850603941513
2025-05-20 00:00:00+00:00,TRBUSDT,31.788,0.5956964892412231,13646832.381099999,1870,2025-05-27 00:00:00+00:00,0.5956964892412231,2025-05-27 00:00:00+00:00,7,-0.050410062297925884,-0.2797689456667455,0.1492701648420789,-0.3105236180111979
2025-05-23 00:00:00+00:00,DEGOUSDT,1.9141,0.420354213468471,3242146.24736,161,2025-05-29 00:00:00+00:00,0.420354213468471,2025-05-26 00:00:00+00:00,6,-0.5698311693088609,-0.6152572920881303,-0.45352907371610673,-0.6290506492073418
2025-05-23 00:00:00+00:00,LPTUSDT,5.384,1.1675334323922733,10499534.4835,1873,2025-05-30 00:00:00+00:00,1.1675334323922733,2025-05-30 00:00:00+00:00,7,-0.40008568980291337,-0.43290488431876606,0.2291976225854384,-0.5313624678663238
2025-05-25 00:00:00+00:00,MASKUSDT,1.6748,0.6277764509195127,17228385.68565,1875,2025-06-01 00:00:00+00:00,0.6277764509195127,2025-05-28 00:00:00+00:00,7,-0.48763847113197856,-0.5724084806690632,-0.3039765942202054,-0.5756730980852469
2025-05-27 00:00:00+00:00,BIDUSDT,0.04066,0.47934087555336946,3674141.03894,68,2025-06-03 00:00:00+00:00,0.47934087555336946,2025-06-02 00:00:00+00:00,7,0.20365752285951788,1.68262676641729,2.968519429414658,-0.2064837905236908
2025-05-30 00:00:00+00:00,SOLVUSDT,0.03132,0.462962962962963,16326987.91284,133,2025-06-02 00:00:00+00:00,0.462962962962963,2025-05-31 00:00:00+00:00,3,0.00916630292448728,-0.014185945002182399,0.4422094508301404,-0.0923177651680488
2025-05-30 00:00:00+00:00,BMTUSDT,0.0818,0.573349633251834,18925235.10495,74,2025-06-06 00:00:00+00:00,0.573349633251834,2025-06-02 00:00:00+00:00,7,0.07630147630147621,-0.30411810411810414,0.09486552567237161,-0.3292929292929294
2025-05-31 00:00:00+00:00,RVNUSDT,0.01076,0.43959107806691455,4593024.74848,1881,2025-06-07 00:00:00+00:00,0.43959107806691455,2025-06-05 00:00:00+00:00,7,-0.005810200129115595,-0.17624273724983863,0.18587360594795532,-0.17624273724983863
2025-06-02 00:00:00+00:00,UMAUSDT,1.141,0.4364592462751973,4580213.868000001,754,2025-06-09 00:00:00+00:00,0.4364592462751973,2025-06-08 00:00:00+00:00,7,-0.29774252593044537,-0.3233679072605248,-0.028045574057844025,-0.35753508236729714
2025-06-03 00:00:00+00:00,SPXUSDT,1.0921,0.45526966395018764,29545604.25875,175,2025-06-10 00:00:00+00:00,0.45526966395018764,2025-06-09 00:00:00+00:00,7,-0.16025923362486627,0.005662870446108359,0.4635106675212892,-0.349273264959416
2025-06-03 00:00:00+00:00,AXLUSDT,0.3286,0.5462568472306755,4117910.2665950004,459,2025-06-10 00:00:00+00:00,0.5462568472306755,2025-06-10 00:00:00+00:00,7,-0.3074197992521157,-0.2997441448533753,0.08277541083384055,-0.38024011021452464
2025-06-04 00:00:00+00:00,KAIAUSDT,0.1096,0.5419708029197081,4959505.99295,182,2025-06-11 00:00:00+00:00,0.5419708029197081,2025-06-09 00:00:00+00:00,7,0.14319526627218937,-0.07810650887573978,0.4215328467153283,-0.12248520710059185
2025-06-04 00:00:00+00:00,FARTCOINUSDT,0.9449,0.47020848767065293,484088929.929205,166,2025-06-10 00:00:00+00:00,0.47020848767065293,2025-06-09 00:00:00+00:00,6,-0.2566225165562914,-0.04786927728188883,0.3998306699121601,-0.34782608695652173
2025-06-05 00:00:00+00:00,COMPUSDT,42.19,0.4382555107845463,14904841.002069999,1886,2025-06-10 00:00:00+00:00,0.4382555107845463,2025-06-09 00:00:00+00:00,5,-0.23434410019775875,-0.20665787738958474,0.1410286797819389,-0.3295978905735003
2025-06-05 00:00:00+00:00,UNIUSDT,5.892,0.4709775967413441,198406148.36049998,1886,2025-06-10 00:00:00+00:00,0.4709775967413441,2025-06-10 00:00:00+00:00,5,-0.18587746625129797,-0.02353755624783671,0.43635437881873695,-0.27841236875504793
2025-06-05 00:00:00+00:00,VVVUSDT,2.599,0.46133128126202383,6031037.379995001,127,2025-06-10 00:00:00+00:00,0.46133128126202383,2025-06-09 00:00:00+00:00,5,-0.2372301211163771,-0.1979989468141128,0.1719892266256251,-0.33728278041074256
2025-06-05 00:00:00+00:00,GPSUSDT,0.02084,0.46593090211132426,3515176.4500700003,108,2025-06-09 00:00:00+00:00,0.46593090211132426,2025-06-08 00:00:00+00:00,4,-0.09492635024549922,-0.24353518821603937,0.10892514395393471,-0.28968903436988547
2025-06-05 00:00:00+00:00,PONKEUSDT,0.12197,0.40337787980650974,7313139.074480001,213,2025-06-10 00:00:00+00:00,0.40337787980650974,2025-06-09 00:00:00+00:00,5,-0.2869661739790851,-0.09639539638955419,0.26809871279822906,-0.42711923818426123
2025-06-06 00:00:00+00:00,AEROUSDT,0.5021,0.5238000398327027,6175077.84247,184,2025-06-13 00:00:00+00:00,0.5238000398327027,2025-06-10 00:00:00+00:00,7,-0.0027447392497712553,0.07502287282708142,0.6381198964349732,-0.11710887465690756
2025-06-06 00:00:00+00:00,CHESSUSDT,0.05866,0.43351517217865676,4559175.34237,281,2025-06-09 00:00:00+00:00,0.43351517217865676,2025-06-08 00:00:00+00:00,3,-0.12665001783803065,-0.19491021524557028,0.15410842141152403,-0.24176477583541445
2025-06-12 00:00:00+00:00,ALTUSDT,0.02593,0.49710759737755494,7670444.860154999,504,2025-06-18 00:00:00+00:00,0.49710759737755494,2025-06-16 00:00:00+00:00,6,-0.29778464708912933,-0.08681092220504893,0.3671423062090242,-0.34441009788768673
2025-06-12 00:00:00+00:00,JELLYJELLYUSDT,0.02184,0.5114468864468864,18208532.369025,78,2025-06-13 00:00:00+00:00,0.5114468864468864,2025-06-13 00:00:00+00:00,1,-0.1641926688882156,-0.28476219327476515,0.08104395604395598,-0.44562253862465917
2025-06-14 00:00:00+00:00,OBOLUSDT,0.10179,0.5562432458984181,11556591.385035,38,2025-06-21 00:00:00+00:00,0.5562432458984181,2025-06-16 00:00:00+00:00,7,-0.38968499463417705,-0.2777602424089388,0.12398074467039977,-0.41746101887507103
2025-06-14 00:00:00+00:00,FUNUSDT,0.003762,0.871345029239766,11029317.296361499,75,2025-06-21 00:00:00+00:00,0.871345029239766,2025-06-19 00:00:00+00:00,7,0.9014204545454545,1.3975852272727276,3.4867091972355135,0.0
2025-06-15 00:00:00+00:00,ZKJUSDT,0.3193,0.9107422486689634,2546215.7642,33,2025-06-16 00:00:00+00:00,0.9107422486689634,2025-06-16 00:00:00+00:00,1,-0.6656285854777906,-0.7190624487788887,-0.4632007516442217,-0.7349614817243075
2025-06-16 00:00:00+00:00,LQTYUSDT,0.9424,0.4476867572156198,11839859.967209999,829,2025-06-23 00:00:00+00:00,0.4476867572156198,2025-06-23 00:00:00+00:00,7,-0.09990471303965409,-0.10848053947079095,0.2906409168081494,-0.197683793886975
2025-06-16 00:00:00+00:00,TUTUSDT,0.03422,0.4383401519579193,8499571.998034999,88,2025-06-23 00:00:00+00:00,0.4383401519579193,2025-06-23 00:00:00+00:00,7,0.2529459569280781,0.2736692401462819,0.8319696084161308,0.0
2025-06-16 00:00:00+00:00,BANANAS31USDT,0.00593,1.027318718381113,7794459.5961945,86,2025-06-23 00:00:00+00:00,1.027318718381113,2025-06-22 00:00:00+00:00,7,0.2553651638662453,-0.4345366827482947,0.14637436762225975,-0.43561803360505735
2025-06-17 00:00:00+00:00,HIFIUSDT,0.0683,0.7174231332357248,6867444.71505,640,2025-06-24 00:00:00+00:00,0.7174231332357248,2025-06-23 00:00:00+00:00,7,-0.3009377664109122,-0.23614663256606994,0.31185944363103957,-0.30434782608695643
2025-06-17 00:00:00+00:00,SEIUSDT,0.1663,0.8406494287432349,34196301.9453,670,2025-06-24 00:00:00+00:00,0.8406494287432349,2025-06-20 00:00:00+00:00,7,-0.1489709245344658,0.04214309049330289,0.9182200841852075,-0.16465207448546226
2025-06-20 00:00:00+00:00,MOVEUSDT,0.1266,0.46129541864139023,23673773.546049997,193,2025-06-27 00:00:00+00:00,0.46129541864139023,2025-06-23 00:00:00+00:00,7,-0.175135135135135,-0.1821621621621622,0.19510268562401256,-0.24486486486486492
2025-06-21 00:00:00+00:00,PENGUUSDT,0.008632,0.6100556070435588,56048984.6632715,186,2025-06-28 00:00:00+00:00,0.6100556070435588,2025-06-27 00:00:00+00:00,7,0.6765002158583968,1.9079723701251976,3.6819972196478217,0.0
2025-06-21 00:00:00+00:00,B2USDT,0.3324,0.4223826714801444,11635273.408400001,46,2025-06-28 00:00:00+00:00,0.4223826714801444,2025-06-26 00:00:00+00:00,7,-0.20368020304568524,-0.22969543147208116,0.09566787003610133,-0.24640439932318103
2025-06-21 00:00:00+00:00,BROCCOLI714USDT,0.02036,0.62524557956778,5622158.553785,92,2025-06-28 00:00:00+00:00,0.62524557956778,2025-06-24 00:00:00+00:00,7,0.37352674524025375,0.5723783620429133,1.555500982318271,0.0
2025-06-21 00:00:00+00:00,SYRUPUSDT,0.43052,0.4520115209514075,82877669.46323,45,2025-06-28 00:00:00+00:00,0.4520115209514075,2025-06-24 00:00:00+00:00,7,-0.20535257230611714,-0.20370488866137704,0.15622967574096447,-0.33457576145380086
2025-06-22 00:00:00+00:00,1000000MOGUSDT,0.7312,0.4455689277899344,13436595.543625,227,2025-06-29 00:00:00+00:00,0.4455689277899344,2025-06-23 00:00:00+00:00,7,0.7999053926206245,0.346546830652791,0.9465262582056895,-0.13916745506149475
2025-06-22 00:00:00+00:00,1000CATUSDT,0.005461,0.44588903131294644,5185197.98772,244,2025-06-29 00:00:00+00:00,0.44588903131294644,2025-06-24 00:00:00+00:00,7,-0.01291793313069911,0.3228216818642349,0.9126533601904414,-0.13247213779128675
2025-06-22 00:00:00+00:00,HFTUSDT,0.04574,0.5153038915609969,2582306.252815,808,2025-06-29 00:00:00+00:00,0.5153038915609969,2025-06-24 00:00:00+00:00,7,0.15596595007935354,0.15798586062617237,0.7547004809794489,0.0
2025-06-22 00:00:00+00:00,WUSDT,0.05411,0.4431713176861949,13272692.7097785,445,2025-06-29 00:00:00+00:00,0.4431713176861949,2025-06-26 00:00:00+00:00,7,0.02727621974644623,0.0658214880266359,0.5381630012936611,-0.17274939172749393
2025-06-25 00:00:00+00:00,SKYAIUSDT,0.03616,0.4966814159292037,7524394.586355,43,2025-07-02 00:00:00+00:00,0.4966814159292037,2025-07-02 00:00:00+00:00,7,0.11492978566149281,0.20583887657058386,0.8047566371681416,-0.08536585365853655
2025-06-25 00:00:00+00:00,SWARMSUSDT,0.01607,0.790292470441817,11811972.651775,169,2025-07-02 00:00:00+00:00,0.790292470441817,2025-06-30 00:00:00+00:00,7,-0.15328467153284675,-0.3302050747306222,0.19912881144990657,-0.34306569343065696
2025-06-26 00:00:00+00:00,BANKUSDT,0.047747,0.4633380107650744,3073298.7032000003,69,2025-07-03 00:00:00+00:00,0.4633380107650744,2025-06-28 00:00:00+00:00,7,-0.15534564190639766,-0.24952053814226416,0.09820512283494254,-0.24952053814226416
2025-06-26 00:00:00+00:00,GUNUSDT,0.02154,0.511606313834726,11662031.966474999,87,2025-07-03 00:00:00+00:00,0.511606313834726,2025-07-02 00:00:00+00:00,7,0.06480343980343983,-0.24140049140049136,0.14670380687093787,-0.24140049140049136
2025-06-26 00:00:00+00:00,BRUSDT,0.07969,0.6108671100514496,2036762.8057,97,2025-07-03 00:00:00+00:00,0.6108671100514496,2025-07-03 00:00:00+00:00,7,-0.4435615798083665,-0.6106566954896004,-0.3728196762454511,-0.6110461945937524
2025-06-28 00:00:00+00:00,PLUMEUSDT,0.0794,0.4231738035264485,5983399.39125,99,2025-07-05 00:00:00+00:00,0.4231738035264485,2025-07-02 00:00:00+00:00,7,-0.038053097345132736,-0.16637168141592917,0.18639798488664994,-0.21858407079646014
2025-06-29 00:00:00+00:00,1000BONKUSDT,0.015009,0.46791924845092936,66671128.850476995,585,2025-07-06 00:00:00+00:00,0.46791924845092936,2025-07-05 00:00:00+00:00,7,0.488562091503268,0.09812999273783585,0.6119661536411487,-0.04570624546114743
2025-06-30 00:00:00+00:00,FISUSDT,0.08233,0.4998178063889227,2212269.412335,66,2025-07-07 00:00:00+00:00,0.4998178063889227,2025-07-07 00:00:00+00:00,7,-0.10374149659863952,-0.0584710074505993,0.4121219482570144,-0.20553935860058303
2025-07-02 00:00:00+00:00,MAGICUSDT,0.1279,0.5488663017982798,14686692.417925,889,2025-07-09 00:00:00+00:00,0.5488663017982798,2025-07-08 00:00:00+00:00,7,-0.19737506309944475,0.2841998990408885,0.9890539483971852,-0.28117112569409386
2025-07-03 00:00:00+00:00,OMNIUSDT,1.574,0.4987293519695044,5495078.53816,442,2025-07-10 00:00:00+00:00,0.4987293519695044,2025-07-10 00:00:00+00:00,7,0.012717253073336154,1.059347181008902,2.086404066073697,0.0
2025-07-03 00:00:00+00:00,HYPERUSDT,0.1105,4.181900452488688,6471625.18685,72,2025-07-10 00:00:00+00:00,4.181900452488688,2025-07-10 00:00:00+00:00,7,-0.22162067761089765,-0.29409710094306674,2.657918552036199,-0.38421236465246245
2025-07-04 00:00:00+00:00,DOLOUSDT,0.037827,0.5124910778015703,2307362.9030705,64,2025-07-11 00:00:00+00:00,0.5124910778015703,2025-07-10 00:00:00+00:00,7,0.9888312096901053,3.875954765525318,6.3748380786210905,-0.034240469823291986
2025-07-04 00:00:00+00:00,REZUSDT,0.00818,0.49755501222493903,8127774.353985,430,2025-07-11 00:00:00+00:00,0.49755501222493903,2025-07-10 00:00:00+00:00,7,0.04326530612244883,0.22693877551020414,0.8374083129584353,-0.11265306122448993
2025-07-04 00:00:00+00:00,STOUSDT,0.06229,0.43763043827259596,5471329.205135,83,2025-07-10 00:00:00+00:00,0.43763043827259596,2025-07-10 00:00:00+00:00,6,0.198324958123953,0.08620882188721368,0.5615668646652754,-0.1112227805695144
2025-07-04 00:00:00+00:00,PORTALUSDT,0.03726,0.6924315619967794,7742319.4579245,491,2025-07-11 00:00:00+00:00,0.6924315619967794,2025-07-11 00:00:00+00:00,7,-0.12733904218204883,-0.14938154138915327,0.43961352657004826,-0.30589914367269266
2025-07-04 00:00:00+00:00,SAGAUSDT,0.2059,0.40067994171928123,9513644.60373,451,2025-07-11 00:00:00+00:00,0.40067994171928123,2025-07-10 00:00:00+00:00,7,-0.027045769764216243,-0.030166435506241318,0.3584264205925207,-0.20319001386962543
2025-07-04 00:00:00+00:00,SYNUSDT,0.0862,0.6044083526682136,3046684.5338500002,322,2025-07-11 00:00:00+00:00,0.6044083526682136,2025-07-08 00:00:00+00:00,7,0.06652205350686913,0.045553145336225676,0.6774941995359629,-0.15401301518438182
2025-07-04 00:00:00+00:00,1INCHUSDT,0.1728,0.708912037037037,6282537.522299999,1915,2025-07-11 00:00:00+00:00,0.708912037037037,2025-07-09 00:00:00+00:00,7,-0.05350491026075166,-0.04944124619031498,0.6244212962962963,-0.18151032847951243
2025-07-04 00:00:00+00:00,ALPHAUSDT,0.0101,0.7267326732673269,6109962.02981,1915,2025-07-11 00:00:00+00:00,0.7267326732673269,2025-07-05 00:00:00+00:00,7,-0.13360091743119273,-0.05045871559633042,0.6396039603960395,-0.19896788990825687
2025-07-04 00:00:00+00:00,IPUSDT,2.90636,0.5812975680920465,10782976.5888665,141,2025-07-11 00:00:00+00:00,0.5812975680920465,2025-07-10 00:00:00+00:00,7,0.19061669081904875,0.49604640738758277,1.3656945457548275,-0.08712917390150177
2025-07-04 00:00:00+00:00,BUSDT,0.38815,0.4544634806131651,20023084.299155,43,2025-07-11 00:00:00+00:00,0.4544634806131651,2025-07-11 00:00:00+00:00,7,0.023062616243025413,0.1499070055796652,0.6724977457168619,-0.20294039500487115
2025-07-04 00:00:00+00:00,LOKAUSDT,0.05157,0.7620709714950555,2173924.41485,283,2025-07-11 00:00:00+00:00,0.7620709714950555,2025-07-10 00:00:00+00:00,7,0.24606580829756775,0.24606580829756775,1.1956563893736667,-0.14251127985033563
2025-07-04 00:00:00+00:00,XLMUSDT,0.2374,0.5168913226621734,54031909.103495,1915,2025-07-11 00:00:00+00:00,0.5168913226621734,2025-07-09 00:00:00+00:00,7,0.19741190191885827,0.23365082891338762,0.8713142375737151,0.0
2025-07-05 00:00:00+00:00,NEIROETHUSDT,0.08602,0.622413392234364,13368358.579514999,302,2025-07-12 00:00:00+00:00,0.622413392234364,2025-07-10 00:00:00+00:00,7,-0.12510748065348232,-0.11034680424190302,0.44338525924203687,-0.21145027228432212
2025-07-05 00:00:00+00:00,HAEDALUSDT,0.117989,0.4035206671808389,19596223.145514,65,2025-07-10 00:00:00+00:00,0.4035206671808389,2025-07-10 00:00:00+00:00,5,-0.051539855072463725,-0.07462560386473438,0.298782089855834,-0.19591183574879223
2025-07-05 00:00:00+00:00,KNCUSDT,0.2831,1.1826209819851643,2371832.9507,1916,2025-07-12 00:00:00+00:00,1.1826209819851643,2025-07-12 00:00:00+00:00,7,-0.29551707396018767,-0.32286777795759836,0.4779229954079829,-0.3319307331283379
2025-07-05 00:00:00+00:00,AIOTUSDT,0.14168,0.5685347261434219,2987732.5779999997,66,2025-07-12 00:00:00+00:00,0.5685347261434219,2025-07-12 00:00:00+00:00,7,0.8410655627053052,1.2512712055078068,2.531197063805759,-0.25235116770913024
2025-07-05 00:00:00+00:00,PHBUSDT,0.4081,0.43077677039941187,2764194.5383,870,2025-07-12 00:00:00+00:00,0.43077677039941187,2025-07-10 00:00:00+00:00,7,0.0395615687617743,-0.019352628874807265,0.4030874785591767,-0.1491693783182051
2025-07-06 00:00:00+00:00,HBARUSDT,0.15921,0.5150430249356197,54633548.771519996,1917,2025-07-13 00:00:00+00:00,0.5150430249356197,2025-07-11 00:00:00+00:00,7,0.20915384934289616,0.08187886074375039,0.6390930217951136,-0.04659839973467106
2025-07-06 00:00:00+00:00,USUALUSDT,0.0682,0.5645161290322582,17887532.4402,200,2025-07-13 00:00:00+00:00,0.5645161290322582,2025-07-11 00:00:00+00:00,7,-0.1115276476101219,-0.2587628865979382,0.1596774193548387,-0.3563261480787254
2025-07-06 00:00:00+00:00,LUMIAUSDT,0.2145,0.42843822843822843,2291797.519815,200,2025-07-13 00:00:00+00:00,0.42843822843822843,2025-07-10 00:00:00+00:00,7,0.2072454308093994,0.1723237597911227,0.6745920745920748,-0.08975195822454318
2025-07-06 00:00:00+00:00,ALGOUSDT,0.1768,0.4920814479638007,28536247.13926,1917,2025-07-13 00:00:00+00:00,0.4920814479638007,2025-07-11 00:00:00+00:00,7,0.0826383623957545,0.028809704321455687,0.5350678733031671,-0.13798332069749808
2025-07-06 00:00:00+00:00,KERNELUSDT,0.1053,0.4264007597340931,8461903.4352,83,2025-07-13 00:00:00+00:00,0.4264007597340931,2025-07-10 00:00:00+00:00,7,0.4826897470039948,0.3661784287616512,0.9487179487179487,-0.07856191744340879
2025-07-07 00:00:00+00:00,XCNUSDT,0.01362,0.4456681350954479,4788175.01437,87,2025-07-14 00:00:00+00:00,0.4456681350954479,2025-07-11 00:00:00+00:00,7,-0.19654647028948702,-0.2965972574911122,0.016886930983847304,-0.3123412899949213
2025-07-07 00:00:00+00:00,INITUSDT,0.3708,0.4266450916936353,32869906.246650003,82,2025-07-13 00:00:00+00:00,0.4266450916936353,2025-07-10 00:00:00+00:00,6,-0.14706994328922496,-0.14896030245746694,0.21413160733549064,-0.3136105860113422
2025-07-07 00:00:00+00:00,TURBOUSDT,0.0037727,0.6025392954647866,32756376.070371747,403,2025-07-14 00:00:00+00:00,0.6025392954647866,2025-07-14 00:00:00+00:00,7,-0.19054235101473727,-0.176135893746175,0.32027460439473066,-0.30948245918721773
2025-07-07 00:00:00+00:00,MORPHOUSDT,1.3508,0.41516138584542484,3812640.15914,222,2025-07-13 00:00:00+00:00,0.41516138584542484,2025-07-10 00:00:00+00:00,6,0.027359280184138912,0.15997070516844536,0.6415457506662718,-0.16535886168654534
2025-07-07 00:00:00+00:00,SKLUSDT,0.01668,0.4646282973621103,2270629.917525,1918,2025-07-14 00:00:00+00:00,0.4646282973621103,2025-07-10 00:00:00+00:00,7,-0.12402783462955391,0.19484240687679089,0.75,-0.23454768726975028
2025-07-07 00:00:00+00:00,AVAAIUSDT,0.03046,0.5994747209455022,9752513.293820001,171,2025-07-14 00:00:00+00:00,0.5994747209455022,2025-07-10 00:00:00+00:00,7,-0.35755336617405575,-0.2499999999999999,0.1996060407091267,-0.5289408866995073
2025-07-07 00:00:00+00:00,PROMPTUSDT,0.1269,0.4058313632781716,4123365.3322,87,2025-07-14 00:00:00+00:00,0.4058313632781716,2025-07-13 00:00:00+00:00,7,-0.27410313901345296,-0.26177130044843044,0.0378250591016549,-0.3637892376681614
2025-07-08 00:00:00+00:00,BROCCOLIF3BUSDT,0.008763,0.4095629350678991,3657776.6469165003,109,2025-07-15 00:00:00+00:00,0.4095629350678991,2025-07-14 00:00:00+00:00,7,-0.23639896373057,-0.20482512953367882,0.12084902430674416,-0.28133095854922285
2025-07-08 00:00:00+00:00,C98USDT,0.0422,0.40047393364928907,5083487.887800001,1919,2025-07-15 00:00:00+00:00,0.40047393364928907,2025-07-10 00:00:00+00:00,7,-0.12182741116751261,-0.11336717428087983,0.2417061611374407,-0.22165820642978007
2025-07-08 00:00:00+00:00,GRIFFAINUSDT,0.04081,0.40676304827248244,20508737.380405,187,2025-07-10 00:00:00+00:00,0.40676304827248244,2025-07-10 00:00:00+00:00,2,-0.26336875108866054,-0.28723218951402196,0.0026954177897573484,-0.4131684375544331
2025-07-08 00:00:00+00:00,BIOUSDT,0.05107,0.4164871744664187,6392194.407845,186,2025-07-15 00:00:00+00:00,0.4164871744664187,2025-07-10 00:00:00+00:00,7,0.008017694221730709,0.4086259330937241,0.995300567848052,-0.21233066076859275
2025-07-08 00:00:00+00:00,CRVUSDT,0.516,0.46899224806201545,113888950.56834999,1919,2025-07-15 00:00:00+00:00,0.46899224806201545,2025-07-11 00:00:00+00:00,7,0.30343007915567277,0.20316622691292885,0.7674418604651163,0.0
2025-07-08 00:00:00+00:00,SUIUSDT,2.8932,0.41753076178625737,646964678.586535,797,2025-07-15 00:00:00+00:00,0.41753076178625737,2025-07-10 00:00:00+00:00,7,-0.07085731005559359,-0.0849019799083196,0.29717959352965573,-0.18728664781039706
2025-07-08 00:00:00+00:00,DOODUSDT,0.0025919,0.7666962459971451,3474325.42741335,60,2025-07-15 00:00:00+00:00,0.7666962459971451,2025-07-10 00:00:00+00:00,7,-0.2112423838745605,-0.24354130724378154,0.33643273274431884,-0.36524644580812826
2025-07-08 00:00:00+00:00,KDAUSDT,0.3783,0.4173936029606131,2727052.0681,293,2025-07-15 00:00:00+00:00,0.4173936029606131,2025-07-13 00:00:00+00:00,7,-0.17903767251025737,-0.23853039910481166,0.0793021411578112,-0.2963446475195822
2025-07-08 00:00:00+00:00,HIPPOUSDT,0.001794,0.5479375696767002,5249964.8854145,237,2025-07-15 00:00:00+00:00,0.5479375696767002,2025-07-13 00:00:00+00:00,7,-0.34893770255671586,-0.3197695354699316,0.052954292084726795,-0.36514223982715155
2025-07-08 00:00:00+00:00,IOTAUSDT,0.1605,0.4006230529595016,7208749.47466,1919,2025-07-15 00:00:00+00:00,0.4006230529595016,2025-07-13 00:00:00+00:00,7,-0.09475088967971534,-0.11254448398576511,0.2429906542056075,-0.2161921708185054
2025-07-08 00:00:00+00:00,AEVOUSDT,0.0839,0.570917759237187,5558318.53115,482,2025-07-15 00:00:00+00:00,0.570917759237187,2025-07-10 00:00:00+00:00,7,-0.2139605462822458,-0.27314112291350534,0.14183551847437426,-0.32928679817905915
2025-07-08 00:00:00+00:00,THEUSDT,0.2326,1.2734307824591578,5979182.533515,223,2025-07-15 00:00:00+00:00,1.2734307824591578,2025-07-11 00:00:00+00:00,7,-0.2390317700453859,-0.2002647503782149,0.8181427343078245,-0.35363086232980345
2025-07-08 00:00:00+00:00,ARUSDT,5.188,0.4508481110254434,16128509.3349,1919,2025-07-15 00:00:00+00:00,0.4508481110254434,2025-07-11 00:00:00+00:00,7,0.009698419024843918,-0.023116779593463588,0.4173091750192752,-0.17271157167530227
2025-07-09 00:00:00+00:00,1000FLOKIUSDT,0.0917,0.42977099236641214,39262058.62386,795,2025-07-16 00:00:00+00:00,0.42977099236641214,2025-07-16 00:00:00+00:00,7,-0.14674700633056215,-0.20517123026466333,0.1364231188658669,-0.2211120433224011
2025-07-10 00:00:00+00:00,FXSUSDT,2.2009,0.48289336180653386,4141776.49835,902,2025-07-17 00:00:00+00:00,0.48289336180653386,2025-07-16 00:00:00+00:00,7,-0.09078653062475106,-0.15084106995128232,0.25921214048798213,-0.2156141802248981
2025-07-11 00:00:00+00:00,EPICUSDT,0.9303,1.5360636353864345,2863289.86606,120,2025-07-18 00:00:00+00:00,1.5360636353864345,2025-07-17 00:00:00+00:00,7,-0.22744034247446288,0.2360022040435723,2.1345802429323877,-0.2560929089136609
2025-07-12 00:00:00+00:00,SUSHIUSDT,0.6968,0.4255166475315728,17391686.7118,1923,2025-07-19 00:00:00+00:00,0.4255166475315728,2025-07-18 00:00:00+00:00,7,-0.25893486358602635,-0.2065841135608577,0.13102755453501724,-0.25893486358602635
2025-07-12 00:00:00+00:00,XTZUSDT,0.621,0.6586151368760065,13214076.3519,1923,2025-07-19 00:00:00+00:00,0.6586151368760065,2025-07-19 00:00:00+00:00,7,-0.28349514563106804,-0.2048543689320389,0.3188405797101448,-0.28349514563106804
2025-07-13 00:00:00+00:00,BANANAUSDT,19.07,0.421185107498689,4846898.8141,332,2025-07-20 00:00:00+00:00,0.421185107498689,2025-07-15 00:00:00+00:00,7,-0.14231422035274144,-0.18345509556490303,0.1604614577871002,-0.1910560106265221
2025-07-13 00:00:00+00:00,OMUSDT,0.22195,0.6099121423744087,41882076.091004506,516,2025-07-20 00:00:00+00:00,0.6099121423744087,2025-07-20 00:00:00+00:00,7,-0.3008507780141051,-0.34047912235531175,0.06177066906961026,-0.342410164558379
2025-07-13 00:00:00+00:00,ENAUSDT,0.3428,0.43407234539089856,227724383.87875,467,2025-07-20 00:00:00+00:00,0.43407234539089856,2025-07-19 00:00:00+00:00,7,0.2074857607811229,0.29454841334418225,0.8564760793465578,-0.06448331977217248
2025-07-13 00:00:00+00:00,LDOUSDT,0.8383,0.42061314565191465,57930033.2351,1924,2025-07-20 00:00:00+00:00,0.42061314565191465,2025-07-17 00:00:00+00:00,7,-0.2286506003862625,0.07061885968595161,0.5209352260527256,-0.26962801242757584
2025-07-13 00:00:00+00:00,CFXUSDT,0.10263,1.1452791581408945,7824299.848695001,874,2025-07-20 00:00:00+00:00,1.1452791581408945,2025-07-20 00:00:00+00:00,7,-0.01576054866693921,-0.25139664804469275,0.6059631686641334,-0.25139664804469275
2025-07-14 00:00:00+00:00,PORT3USDT,0.02198,0.5805277525022747,3067511.33521,40,2025-07-21 00:00:00+00:00,0.5805277525022747,2025-07-20 00:00:00+00:00,7,0.06303972366148525,0.10362694300518127,0.7443130118289354,-0.08520437535981573
2025-07-14 00:00:00+00:00,CKBUSDT,0.004235,0.41629279811097986,2714351.129104,867,2025-07-20 00:00:00+00:00,0.41629279811097986,2025-07-20 00:00:00+00:00,6,-0.08052684228076024,-0.2107369123041013,0.1178276269185361,-0.2107369123041013
2025-07-14 00:00:00+00:00,DRIFTUSDT,0.4671,0.48233782915863843,4645335.27075,248,2025-07-21 00:00:00+00:00,0.48233782915863843,2025-07-21 00:00:00+00:00,7,-0.23353552859618731,-0.22949162333911044,0.14215371440804958,-0.29145002888503757
2025-07-14 00:00:00+00:00,FIDAUSDT,0.08113,0.4454579070627389,8997118.24388,298,2025-07-21 00:00:00+00:00,0.4454579070627389,2025-07-21 00:00:00+00:00,7,-0.14675535089963332,-0.2009891702907819,0.15493652163194893,-0.2402148887183423
2025-07-14 00:00:00+00:00,UMAUSDT,1.173,0.5055413469735719,6454032.051999999,796,2025-07-21 00:00:00+00:00,0.5055413469735719,2025-07-21 00:00:00+00:00,7,-0.29728199320498294,-0.1857304643261608,0.22591645353793677,-0.3369195922989807
2025-07-17 00:00:00+00:00,SPKUSDT,0.0331,4.295166163141995,50216296.85306,30,2025-07-23 00:00:00+00:00,4.295166163141995,2025-07-21 00:00:00+00:00,6,-0.3565926855708337,-0.5649569236035831,1.3036253776435047,-0.5926855708335711
2025-07-17 00:00:00+00:00,VINEUSDT,0.03658,0.5377255330781847,8771395.0091,174,2025-07-24 00:00:00+00:00,0.5377255330781847,2025-07-21 00:00:00+00:00,7,0.24586666666666668,0.2686222222222223,0.9507927829414982,-0.0016000000000000458
2025-07-19 00:00:00+00:00,NEWTUSDT,0.3139,0.8228735266008282,53853098.6945,30,2025-07-24 00:00:00+00:00,0.8228735266008282,2025-07-23 00:00:00+00:00,5,-0.3855295351275778,-0.4648724222299895,-0.024530105129021984,-0.4947570779447745
2025-07-19 00:00:00+00:00,MYXUSDT,0.08065,0.42430254184748906,151520351.565725,31,2025-07-26 00:00:00+00:00,0.42430254184748906,2025-07-23 00:00:00+00:00,7,12.569861582658657,9.45965003917472,13.897706137631742,-0.08984068947505874
2025-07-19 00:00:00+00:00,ASRUSDT,2.293,0.5651984300043609,2690489.79365,74,2025-07-26 00:00:00+00:00,0.5651984300043609,2025-07-25 00:00:00+00:00,7,1.1903037057676231,-0.22290331568682076,0.21631051024858272,-0.22290331568682076
2025-07-24 00:00:00+00:00,OBOLUSDT,0.11004,0.40067248273355127,5332871.16247,78,2025-07-26 00:00:00+00:00,0.40067248273355127,2025-07-26 00:00:00+00:00,2,-0.15954064750535268,-0.31324206838383184,-0.038077062886223145,-0.31324206838383184
2025-07-24 00:00:00+00:00,1000CATUSDT,0.007793,0.4282047991787501,9915394.735275999,276,2025-07-28 00:00:00+00:00,0.4282047991787501,2025-07-27 00:00:00+00:00,4,-0.19658580413297388,-0.3025157232704402,-0.003849608623123224,-0.3293800539083558
2025-07-28 00:00:00+00:00,AGTUSDT,0.005332,0.4292948237059264,11895850.550366499,69,2025-08-01 00:00:00+00:00,0.4292948237059264,2025-08-01 00:00:00+00:00,4,-0.33985041333158383,-0.32935310326728773,-0.04144786196549133,-0.412019420023619
2025-07-28 00:00:00+00:00,FHEUSDT,0.0525,0.46990476190476205,2084256.16136,107,2025-08-03 00:00:00+00:00,0.46990476190476205,2025-07-31 00:00:00+00:00,6,-0.16340546844628734,-0.3357522353246081,-0.02361904761904754,-0.38771543345859794
2025-07-29 00:00:00+00:00,SKATEUSDT,0.04374,0.4636488340192042,7834363.866695,50,2025-08-05 00:00:00+00:00,0.4636488340192042,2025-08-05 00:00:00+00:00,7,-0.3306779131521399,-0.3792564823492658,-0.09144947416552363,-0.3792564823492658
2025-07-29 00:00:00+00:00,ILVUSDT,14.372,0.41309490676315064,3498093.55155,627,2025-08-05 00:00:00+00:00,0.41309490676315064,2025-08-05 00:00:00+00:00,7,-0.25899847358314054,-0.3351715987985622,-0.06053437239075976,-0.34403466443448727
2025-07-30 00:00:00+00:00,DMCUSDT,0.003531,0.6074766355140186,16153292.3222185,36,2025-08-06 00:00:00+00:00,0.6074766355140186,2025-08-06 00:00:00+00:00,7,-0.28840732910500344,-0.3965821000704721,-0.03001982441234774,-0.41966173361522197
2025-07-30 00:00:00+00:00,MEMEFIUSDT,0.001244,1.8665594855305465,2846614.363613,96,2025-08-06 00:00:00+00:00,1.8665594855305465,2025-08-06 00:00:00+00:00,7,-0.3827818283791363,-0.3827818283791363,0.7692926045016075,-0.3827818283791363
2025-07-31 00:00:00+00:00,BBUSDT,0.10034,0.4396053418377517,12096430.367995001,444,2025-08-07 00:00:00+00:00,0.4396053418377517,2025-08-07 00:00:00+00:00,7,-0.12121841467635863,-0.02637590861889938,0.40163444289415984,-0.24769816545517476
2025-07-31 00:00:00+00:00,PUMPUSDT,0.002508,0.42503987240829355,582490201.307265,110,2025-08-07 00:00:00+00:00,0.42503987240829355,2025-08-04 00:00:00+00:00,7,-0.21320649132624514,0.26552881925013994,0.8034290271132378,-0.26385002797985446
2025-08-01 00:00:00+00:00,SOONUSDT,0.15162,0.4103680253264741,7484220.437225,70,2025-08-08 00:00:00+00:00,0.4103680253264741,2025-08-07 00:00:00+00:00,7,0.2641227085671529,0.5198279087167976,1.1435166864529744,0.0
2025-08-01 00:00:00+00:00,SIRENUSDT,0.05503,0.4128657096129382,2398780.2382549997,132,2025-08-07 00:00:00+00:00,0.4128657096129382,2025-08-07 00:00:00+00:00,6,0.22662379421221868,0.10083601286173627,0.5553334544793749,-0.045787781350482226
2025-08-01 00:00:00+00:00,AEROUSDT,0.7667,0.41815573235946246,16678877.2348,240,2025-08-08 00:00:00+00:00,0.41815573235946246,2025-08-08 00:00:00+00:00,7,0.3829669824335511,0.04267451485330631,0.4786748402243379,-0.005334314356663317
2025-08-01 00:00:00+00:00,OGUSDT,5.328,0.8053678678678677,4200648.125,81,2025-08-08 00:00:00+00:00,0.8053678678678677,2025-08-05 00:00:00+00:00,7,0.35648196278199396,0.6954984925667951,2.0609984984984986,0.0
2025-08-02 00:00:00+00:00,RPLUSDT,6.281,0.44722177997134227,9423723.926,327,2025-08-09 00:00:00+00:00,0.44722177997134227,2025-08-06 00:00:00+00:00,7,-0.11991199119911988,-0.2983498349834983,0.015443400732367607,-0.32090209020902094
2025-08-02 00:00:00+00:00,ALPINEUSDT,0.8373,0.6830287829929536,4048400.1112249997,88,2025-08-09 00:00:00+00:00,0.6830287829929536,2025-08-08 00:00:00+00:00,7,0.32784558614816905,0.42435424354243545,1.397229189060074,-0.161581038887312
2025-08-02 00:00:00+00:00,PENDLEUSDT,3.7318,0.5199903531807708,51681214.00505,736,2025-08-09 00:00:00+00:00,0.5199903531807708,2025-08-07 00:00:00+00:00,7,0.07464344269520296,-0.14708319376619705,0.2964253175411331,-0.20827530278722917
2025-08-02 00:00:00+00:00,1000000BOBUSDT,0.05925,0.4987341772151901,19483687.357935004,58,2025-08-09 00:00:00+00:00,0.4987341772151901,2025-08-04 00:00:00+00:00,7,-0.23851351351351358,-0.37545045045045045,-0.06396624472573831,-0.40382882882882887
2025-08-02 00:00:00+00:00,HEIUSDT,0.3981,0.5146948003014318,6266298.7993,170,2025-08-09 00:00:00+00:00,0.5146948003014318,2025-08-08 00:00:00+00:00,7,-0.2240464344941957,-0.27578772802653406,0.09696056267269526,-0.31990049751243776
2025-08-02 00:00:00+00:00,LINKUSDT,15.635,0.40319795330988173,383819483.12597,1944,2025-08-09 00:00:00+00:00,0.40319795330988173,2025-08-08 00:00:00+00:00,7,0.19768448880988188,0.04995669811750769,0.473297089862488,-0.03997447467979387
2025-08-02 00:00:00+00:00,OLUSDT,0.02843,0.63665142455153,3908535.70396,38,2025-08-09 00:00:00+00:00,0.63665142455153,2025-08-07 00:00:00+00:00,7,-0.17279174725983237,-0.13561143348377402,0.4147027787548363,-0.30775843541800985
2025-08-02 00:00:00+00:00,REDUSDT,0.3199,0.40887777430447003,5320199.983200001,149,2025-08-09 00:00:00+00:00,0.40887777430447003,2025-08-04 00:00:00+00:00,7,-0.07987574883514525,0.5174173507876636,1.1378555798687087,-0.19081428888395824
2025-08-02 00:00:00+00:00,HFTUSDT,0.06594,0.7007885956930544,19916471.03616,849,2025-08-09 00:00:00+00:00,0.7007885956930544,2025-08-09 00:00:00+00:00,7,-0.22737405260811405,-0.17351761034329027,0.40567182286927506,-0.3149353544360233
2025-08-02 00:00:00+00:00,GMXUSDT,12.155,0.6162073220896751,5981263.102325,897,2025-08-09 00:00:00+00:00,0.6162073220896751,2025-08-09 00:00:00+00:00,7,-0.20300330872995676,-0.27095953168745235,0.17828054298642537,-0.28388903028760504
2025-08-03 00:00:00+00:00,ICNTUSDT,0.2049,0.4909712054660811,16590823.100049999,31,2025-08-10 00:00:00+00:00,0.4909712054660811,2025-08-05 00:00:00+00:00,7,-0.0219312602291325,-0.26252045826513914,0.09956076134699865,-0.26252045826513914
2025-08-03 00:00:00+00:00,SWARMSUSDT,0.01994,0.4122367101303912,21363816.358544998,208,2025-08-10 00:00:00+00:00,0.4122367101303912,2025-08-10 00:00:00+00:00,7,-0.31676136363636365,-0.2304687500000001,0.08676028084252763,-0.39026988636363635
2025-08-03 00:00:00+00:00,BULLAUSDT,0.0542,1.4474169741697418,12351719.925900001,30,2025-08-09 00:00:00+00:00,1.4474169741697418,2025-08-07 00:00:00+00:00,6,-0.45314738032416135,-0.485638899359216,0.2588560885608857,-0.5362231436110063
2025-08-03 00:00:00+00:00,ZKJUSDT,0.1507,0.9190444591904448,9486766.52098,82,2025-08-10 00:00:00+00:00,0.9190444591904448,2025-08-10 00:00:00+00:00,7,-0.3478561549100969,-0.3934993084370678,0.16390179163901797,-0.3934993084370678
2025-08-03 00:00:00+00:00,ARCUSDT,0.01834,0.5321701199563795,17210301.31319,198,2025-08-10 00:00:00+00:00,0.5321701199563795,2025-08-10 00:00:00+00:00,7,-0.28256227758007113,-0.28967971530249115,0.08833151581243182,-0.4145907473309609
2025-08-04 00:00:00+00:00,MYROUSDT,0.01898,0.40990516332982074,4474611.5478,517,2025-08-11 00:00:00+00:00,0.40990516332982074,2025-08-09 00:00:00+00:00,7,-0.15881913303437967,-0.10351270553064273,0.26396206533192834,-0.20964125560538116
2025-08-04 00:00:00+00:00,IDOLUSDT,0.01139,0.4205443371378401,8951433.886635,31,2025-08-11 00:00:00+00:00,0.4205443371378401,2025-08-09 00:00:00+00:00,7,-0.2169344870210136,0.6563658838071693,1.3529411764705883,-0.28553770086526575
2025-08-05 00:00:00+00:00,BUSDT,0.46854,0.40572843300465267,16456473.81384,75,2025-08-11 00:00:00+00:00,0.40572843300465267,2025-08-08 00:00:00+00:00,6,-0.14756164217174783,-0.08493258836390138,0.2863362786528365,-0.21605125713591644
2025-08-05 00:00:00+00:00,CYBERUSDT,1.574,0.8958068614993646,7616394.1917,715,2025-08-12 00:00:00+00:00,0.8958068614993646,2025-08-10 00:00:00+00:00,7,-0.3190348525469169,-0.3806970509383377,0.1740787801778907,-0.4219168900804289
2025-08-05 00:00:00+00:00,HIFIUSDT,0.07591,0.51482018179423,7887617.661800001,689,2025-08-12 00:00:00+00:00,0.51482018179423,2025-08-12 00:00:00+00:00,7,-0.19488651187059747,-0.24523871641012251,0.1433276248188644,-0.5150882685450908
2025-08-06 00:00:00+00:00,AIOTUSDT,0.42138,0.42009587545683247,10970041.227355,98,2025-08-13 00:00:00+00:00,0.42009587545683247,2025-08-08 00:00:00+00:00,7,1.7575200534759357,1.5561497326203209,2.6299776923442026,0.0
2025-08-06 00:00:00+00:00,GTCUSDT,0.275,0.6327272727272726,4180938.7940499997,1948,2025-08-13 00:00:00+00:00,0.6327272727272726,2025-08-13 00:00:00+00:00,7,-0.267260579064588,-0.18485523385300673,0.3309090909090908,-0.2962138084632516
2025-08-06 00:00:00+00:00,RAYSOLUSDT,2.6635,0.41760840998685933,23880963.237675,239,2025-08-13 00:00:00+00:00,0.41760840998685933,2025-08-10 00:00:00+00:00,7,-0.048360612320567764,-0.022617723396366363,0.3855453350854139,-0.17246676201069966
2025-08-06 00:00:00+00:00,ARBUSDT,0.3887,0.47002829945973756,188835073.96503502,867,2025-08-13 00:00:00+00:00,0.47002829945973756,2025-08-09 00:00:00+00:00,7,-0.11620581029051458,-0.04182709135456775,0.4085412914844353,-0.17255862793139665
2025-08-06 00:00:00+00:00,SKLUSDT,0.01972,0.4802231237322514,5120461.107145,1948,2025-08-13 00:00:00+00:00,0.4802231237322514,2025-08-13 00:00:00+00:00,7,-0.03973963686193904,-0.00582391229873247,0.471602434077079,-0.10140459061322371
2025-08-06 00:00:00+00:00,EIGENUSDT,1.1454,0.45477562423607476,60810367.253705,309,2025-08-13 00:00:00+00:00,0.45477562423607476,2025-08-09 00:00:00+00:00,7,-0.26603852847626464,-0.0789773750225049,0.33988126418718356,-0.31662965852487535
2025-08-06 00:00:00+00:00,MAVUSDT,0.04465,0.4078387458006718,11758777.17343,769,2025-08-13 00:00:00+00:00,0.4078387458006718,2025-08-09 00:00:00+00:00,7,0.09354120267260568,0.13601654470251345,0.5993281075027994,-0.17324212535793826
2025-08-07 00:00:00+00:00,FIOUSDT,0.0167,0.4053892215568864,2585201.6230849996,321,2025-08-08 00:00:00+00:00,0.4053892215568864,2025-08-08 00:00:00+00:00,1,-0.14955262036642536,-0.18917767362590554,0.13952095808383236,-0.24541968470387732
2025-08-11 00:00:00+00:00,CTSIUSDT,0.0679,0.4683357879234167,2937559.5836,1953,2025-08-16 00:00:00+00:00,0.4683357879234167,2025-08-16 00:00:00+00:00,5,-0.2056168505516549,-0.15947843530591777,0.23416789396170845,-0.26880641925777327
2025-08-11 00:00:00+00:00,VVVUSDT,2.815,0.4227353463587922,3119062.94545,194,2025-08-18 00:00:00+00:00,0.4227353463587922,2025-08-16 00:00:00+00:00,7,-0.34332084893882653,-0.34806491885143565,-0.07246891651864995,-0.35880149812734075
2025-08-12 00:00:00+00:00,EPICUSDT,2.059,0.4552695483244291,20256457.405145,152,2025-08-18 00:00:00+00:00,0.4552695483244291,2025-08-16 00:00:00+00:00,6,-0.28200507275397135,-0.26782138566279523,0.06551724137931036,-0.35312374849819783
2025-08-12 00:00:00+00:00,API3USDT,0.769,0.7743823146944084,7588292.086324999,1954,2025-08-19 00:00:00+00:00,0.7743823146944084,2025-08-19 00:00:00+00:00,7,-0.24880908757786746,-0.2987907658482961,0.24421326397919363,-0.3194576768046904
2025-08-13 00:00:00+00:00,MEMEUSDT,0.001939,0.4275399690562145,25308862.741896503,649,2025-08-20 00:00:00+00:00,0.4275399690562145,2025-08-20 00:00:00+00:00,7,-0.07947976878612717,-0.07875722543352592,0.3151108818978856,-0.125
2025-08-14 00:00:00+00:00,BIOUSDT,0.1019,0.6711481844946023,18106762.198285,223,2025-08-21 00:00:00+00:00,0.6711481844946023,2025-08-17 00:00:00+00:00,7,-0.16982794057196549,0.07369780961888539,0.7943081452404317,-0.17188325797169524
2025-08-15 00:00:00+00:00,BANDUSDT,0.6511,0.7141760098295193,3491969.014165,1957,2025-08-22 00:00:00+00:00,0.7141760098295193,2025-08-20 00:00:00+00:00,7,-0.3496102499776006,-0.3482662843831198,0.11718630010751041,-0.3717408834333841
2025-08-16 00:00:00+00:00,BRUSDT,0.05009,0.5200638850069874,2601537.5959050003,148,2025-08-23 00:00:00+00:00,0.5200638850069874,2025-08-23 00:00:00+00:00,7,-0.09022852639873913,0.003677436301549708,0.5256538231183869,-0.12109272392960346
2025-08-16 00:00:00+00:00,DOLOUSDT,0.205613,0.4819004634920945,35502593.1218805,107,2025-08-23 00:00:00+00:00,0.4819004634920945,2025-08-23 00:00:00+00:00,7,-0.34377646062658773,-0.5800103709246534,-0.37761717401137085,-0.5800103709246534
2025-08-16 00:00:00+00:00,PROMPTUSDT,0.134,0.7783582089552239,3726238.5699,127,2025-08-23 00:00:00+00:00,0.7783582089552239,2025-08-23 00:00:00+00:00,7,-0.25262274443978183,-0.41208560637851455,0.045522388059701546,-0.41208560637851455
2025-08-17 00:00:00+00:00,BIDUSDT,0.08137,0.4999385522919997,8078248.034665,150,2025-08-24 00:00:00+00:00,0.4999385522919997,2025-08-24 00:00:00+00:00,7,-0.3655059401884474,-0.3296190086030315,0.005530293720044321,-0.37574764440802955
2025-08-17 00:00:00+00:00,QTUMUSDT,2.158,0.43558850787766445,7232705.01465,1959,2025-08-24 00:00:00+00:00,0.43558850787766445,2025-08-24 00:00:00+00:00,7,-0.1297611362169141,-0.3043899289864429,-0.0013901760889712955,-0.3043899289864429
2025-08-18 00:00:00+00:00,ONTUSDT,0.1338,0.4379671150971598,5184705.786375,1960,2025-08-25 00:00:00+00:00,0.4379671150971598,2025-08-25 00:00:00+00:00,7,-0.2843035343035343,-0.34563409563409553,-0.05904334828101632,-0.357068607068607
2025-08-19 00:00:00+00:00,NMRUSDT,8.004,1.0056221889055474,3413382.9480999997,789,2025-08-26 00:00:00+00:00,1.0056221889055474,2025-08-26 00:00:00+00:00,7,0.011025976452999409,-0.06883448576590045,0.8675662168915543,-0.19977574285180344
2025-08-20 00:00:00+00:00,RLCUSDT,1.037,0.5625843780135007,2801989.3756750003,1962,2025-08-27 00:00:00+00:00,0.5625843780135007,2025-08-27 00:00:00+00:00,7,-0.2362379659343372,-0.38021476178721303,-0.031533269045323054,-0.39601333004196493
2025-08-21 00:00:00+00:00,BANKUSDT,0.054374,0.45041747894214157,3597954.7840315,125,2025-08-28 00:00:00+00:00,0.45041747894214157,2025-08-23 00:00:00+00:00,7,-0.12686235972865023,-0.061687694160908024,0.3609445690955235,-0.24081658530400052
2025-08-21 00:00:00+00:00,PYTHUSDT,0.11755,0.9566142067205445,20156909.48229,638,2025-08-28 00:00:00+00:00,0.9566142067205445,2025-08-28 00:00:00+00:00,7,-0.20934782608695646,-0.36282608695652174,0.2467035304125904,-0.3926956521739131
2025-08-21 00:00:00+00:00,AINUSDT,0.08629,0.4855719086800323,7990164.599505,42,2025-08-28 00:00:00+00:00,0.4855719086800323,2025-08-28 00:00:00+00:00,7,-0.056946719712926086,0.18979639597472486,0.7675281029087957,-0.23387159684842806
2025-08-22 00:00:00+00:00,LEVERUSDT,0.0001495,0.5110367892976588,3555866.2716143997,876,2025-08-29 00:00:00+00:00,0.5110367892976588,2025-08-29 00:00:00+00:00,7,-0.50199203187251,-0.50199203187251,-0.24749163879598668,-0.50199203187251
2025-08-22 00:00:00+00:00,TAUSDT,0.05266,1.6522977592100263,17601099.45151,32,2025-08-29 00:00:00+00:00,1.6522977592100263,2025-08-29 00:00:00+00:00,7,-0.16166678599556095,-0.46008448485716325,0.4320167109760731,-0.5263836185293906
2025-08-24 00:00:00+00:00,MUSDT,0.447,0.5158836689038031,35325803.88125,48,2025-08-31 00:00:00+00:00,0.5158836689038031,2025-08-29 00:00:00+00:00,7,2.6750295159386073,2.5702479338842976,4.412080536912752,0.0
2025-08-25 00:00:00+00:00,IPUSDT,5.5248,0.44005212858384013,42984391.3766045,193,2025-08-31 00:00:00+00:00,0.44005212858384013,2025-08-30 00:00:00+00:00,6,0.22511312217194557,0.1219205630970337,0.6156240949898639,-0.04813976872800407
2025-08-26 00:00:00+00:00,JELLYJELLYUSDT,0.01849,0.5424553812871824,3656701.65958,153,2025-09-02 00:00:00+00:00,0.5424553812871824,2025-09-02 00:00:00+00:00,7,0.759116409537167,0.7924263674614305,1.7647376960519199,0.0
2025-08-27 00:00:00+00:00,MERLUSDT,0.1138,0.4365553602811949,3329032.05461,90,2025-09-03 00:00:00+00:00,0.4365553602811949,2025-09-02 00:00:00+00:00,7,0.12753853682407645,1.131759236603866,2.062390158172232,-0.17659652556887684
2025-08-31 00:00:00+00:00,PUMPUSDT,0.003363,0.4430567945286945,333999641.1760735,141,2025-09-07 00:00:00+00:00,0.4430567945286945,2025-09-03 00:00:00+00:00,7,0.34741397073974856,0.32557181125077284,0.9128754088611359,-0.02534514733154747
2025-08-31 00:00:00+00:00,GPSUSDT,0.01056,0.6250000000000002,4115349.98917,195,2025-09-07 00:00:00+00:00,0.6250000000000002,2025-09-07 00:00:00+00:00,7,-0.2511655011655012,-0.26456876456876466,0.19507575757575757,-0.4055944055944056
2025-08-31 00:00:00+00:00,MYXUSDT,1.2069,1.8900488855746125,372650720.60238004,74,2025-09-07 00:00:00+00:00,1.8900488855746125,2025-09-07 00:00:00+00:00,7,1.8142201834862388,0.5799885321100917,3.5662440964454385,0.0
2025-08-31 00:00:00+00:00,PIPPINUSDT,0.01497,0.40213760855043423,7025335.898794999,219,2025-09-07 00:00:00+00:00,0.40213760855043423,2025-09-05 00:00:00+00:00,7,-0.04430681276798476,-0.026202953787517913,0.3653974615898463,-0.0924249642686994
2025-09-01 00:00:00+00:00,NAORISUSDT,0.02282,0.42199824715162126,12583837.28924,32,2025-09-07 00:00:00+00:00,0.42199824715162126,2025-09-07 00:00:00+00:00,6,1.1771956856702621,1.457627118644068,2.494741454864154,-0.02157164869029271
2025-09-01 00:00:00+00:00,WLDUSDT,0.8548,0.8358680393074402,138699522.10685,770,2025-09-08 00:00:00+00:00,0.8358680393074402,2025-09-07 00:00:00+00:00,7,-0.11285286433441655,-0.18473204613521943,0.4967243799719234,-0.2402344994583573
2025-09-01 00:00:00+00:00,HUSDT,0.0273,0.6512820512820512,10992301.41531,68,2025-09-08 00:00:00+00:00,0.6512820512820512,2025-09-06 00:00:00+00:00,7,0.2544365572315883,0.5119787045252884,1.4967032967032967,-0.17457852706299914
2025-09-01 00:00:00+00:00,ATHUSDT,0.03025,0.5001652892561983,4776049.627285,152,2025-09-08 00:00:00+00:00,0.5001652892561983,2025-09-08 00:00:00+00:00,7,0.34111943587483484,0.14499779638607313,0.7176859504132231,0.0
2025-09-02 00:00:00+00:00,OGUSDT,13.639,0.7096561331475917,38681301.457100004,113,2025-09-09 00:00:00+00:00,0.7096561331475917,2025-09-08 00:00:00+00:00,7,-0.2902049918517884,-0.29286388197958657,0.2089596011437791,-0.4247791405780942
2025-09-03 00:00:00+00:00,AGTUSDT,0.004537,0.541106458011902,13184096.330812499,106,2025-09-10 00:00:00+00:00,0.541106458011902,2025-09-07 00:00:00+00:00,7,-0.13129290617848965,-0.5188787185354691,-0.2585408860480495,-0.5188787185354691
2025-09-03 00:00:00+00:00,PLUMEUSDT,0.08097,0.5159935778683462,15750853.32973,166,2025-09-10 00:00:00+00:00,0.5159935778683462,2025-09-08 00:00:00+00:00,7,-0.16325865580448062,-0.4242769857433809,-0.12720760775595907,-0.4242769857433809
2025-09-03 00:00:00+00:00,VELVETUSDT,0.06527,0.46621725141719006,5349638.213300001,50,2025-09-10 00:00:00+00:00,0.46621725141719006,2025-09-09 00:00:00+00:00,7,1.1704284221525603,0.5915360501567399,1.3335376129921865,-0.0034482758620689724
2025-09-03 00:00:00+00:00,BAKEUSDT,0.0528,1.308712121212121,5685383.6368,1976,2025-09-10 00:00:00+00:00,1.308712121212121,2025-09-10 00:00:00+00:00,7,-0.6694011484823625,-0.7957342083675143,-0.5284090909090909,-0.7957342083675143
2025-09-04 00:00:00+00:00,PUMPBTCUSDT,0.03532,0.6064552661381655,2537406.002045,83,2025-09-11 00:00:00+00:00,0.6064552661381655,2025-09-05 00:00:00+00:00,7,0.17518505463517808,-0.3353894959464222,0.0676670441676106,-0.33891434614028904
2025-09-04 00:00:00+00:00,PLAYUSDT,0.03733,0.4377176533619074,20134085.57716,35,2025-09-09 00:00:00+00:00,0.4377176533619074,2025-09-08 00:00:00+00:00,5,-0.2904788522452021,-0.14048816843674317,0.23573533351192055,-0.3143283025899013
2025-09-04 00:00:00+00:00,ARKMUSDT,0.4587,0.41443209069108367,22611592.4443,769,2025-09-11 00:00:00+00:00,0.41443209069108367,2025-09-08 00:00:00+00:00,7,-0.2116214549938349,-0.4921393341553637,-0.28166557662960534,-0.4921393341553637
2025-09-04 00:00:00+00:00,FUSDT,0.006771,0.5303500221533008,2218878.727007,78,2025-09-11 00:00:00+00:00,0.5303500221533008,2025-09-11 00:00:00+00:00,7,0.24329280061764136,-0.25101331789229875,0.14621178555604786,-0.25101331789229875
2025-09-05 00:00:00+00:00,EPTUSDT,0.004337,0.4452386442241181,5200885.069176501,137,2025-09-12 00:00:00+00:00,0.4452386442241181,2025-09-09 00:00:00+00:00,7,-0.19065092533503503,-0.43554562858966184,-0.184228729536546,-0.49234205488194005
2025-09-05 00:00:00+00:00,BSWUSDT,0.01713,0.9246935201401052,5312416.221585,365,2025-09-12 00:00:00+00:00,0.9246935201401052,2025-09-11 00:00:00+00:00,7,-0.629966636336063,-0.629966636336063,-0.2877991827203735,-0.629966636336063
2025-09-05 00:00:00+00:00,MOODENGUSDT,0.13181,0.4018663227372732,41101759.141835,315,2025-09-12 00:00:00+00:00,0.4018663227372732,2025-09-12 00:00:00+00:00,7,-0.18438142656131606,-0.320922177724862,-0.04802367043471667,-0.42894252624742935
2025-09-05 00:00:00+00:00,HIFIUSDT,0.06433,6.289445048966268,6143175.543605,720,2025-09-12 00:00:00+00:00,6.289445048966268,2025-09-11 00:00:00+00:00,7,-0.8061757618407865,-0.7997568933529524,0.459661122337945,-0.8061757618407865
2025-09-06 00:00:00+00:00,YALAUSDT,0.1175,0.5123404255319151,22574158.46175,30,2025-09-13 00:00:00+00:00,0.5123404255319151,2025-09-08 00:00:00+00:00,7,-0.46088913899831174,-0.49915588069780525,-0.24255319148936172,-0.5368598761958356
2025-09-06 00:00:00+00:00,OBOLUSDT,0.11173,0.6107580775082788,3618742.60771,122,2025-09-13 00:00:00+00:00,0.6107580775082788,2025-09-13 00:00:00+00:00,7,-0.37639606601100184,-0.4294604656331611,-0.08099883648080197,-0.4910262821581375
2025-09-06 00:00:00+00:00,AI16ZUSDT,0.0931,0.4178302900107411,32473642.834905,247,2025-09-13 00:00:00+00:00,0.4178302900107411,2025-09-08 00:00:00+00:00,7,-0.34545454545454546,-0.4727272727272728,-0.2524167561761548,-0.6393939393939394
2025-09-06 00:00:00+00:00,VOXELUSDT,0.05436,0.5320088300220753,2441991.4527249997,382,2025-09-13 00:00:00+00:00,0.5320088300220753,2025-09-12 00:00:00+00:00,7,-0.40549951969260334,-0.5160902977905859,-0.2586460632818248,-0.5728866474543708
2025-09-06 00:00:00+00:00,YGGUSDT,0.1474,0.6682496607869743,6864395.41805,763,2025-09-13 00:00:00+00:00,0.6682496607869743,2025-09-11 00:00:00+00:00,7,-0.3477023180154535,-0.37454249694997976,0.04341926729986434,-0.5445302968686458
2025-09-06 00:00:00+00:00,MBOXUSDT,0.05511,0.41444383959354036,2780713.417265,374,2025-09-13 00:00:00+00:00,0.41444383959354036,2025-09-13 00:00:00+00:00,7,-0.3007055805003207,-0.2874919820397691,0.007802576664852179,-0.4465683130211675
2025-09-06 00:00:00+00:00,ACEUSDT,0.4945,0.4916076845298283,2572935.1405235,628,2025-09-13 00:00:00+00:00,0.4916076845298283,2025-09-11 00:00:00+00:00,7,-0.36822125813449025,-0.5073210412147506,-0.2651162790697674,-0.5962581344902387
2025-09-06 00:00:00+00:00,INUSDT,0.05646,0.518597236981934,15303470.51839,30,2025-09-13 00:00:00+00:00,0.518597236981934,2025-09-11 00:00:00+00:00,7,0.003732213669232598,1.1974574294378355,2.33705278072972,-0.30090972708187536
2025-09-09 00:00:00+00:00,TSTUSDT,0.02502,0.6794564348521184,6002773.20636,212,2025-09-16 00:00:00+00:00,0.6794564348521184,2025-09-16 00:00:00+00:00,7,-0.3143741075678249,-0.4795335554497858,-0.12589928057553956,-0.5209424083769634
2025-09-10 00:00:00+00:00,KMNOUSDT,0.05807,0.5390046495608749,7047744.5369649995,264,2025-09-17 00:00:00+00:00,0.5390046495608749,2025-09-11 00:00:00+00:00,7,-0.19178695311625826,-0.27022490768714336,0.12312726020320319,-0.3674611167058298
2025-09-10 00:00:00+00:00,DRIFTUSDT,0.5929,0.41305447798954287,4373072.30605,306,2025-09-17 00:00:00+00:00,0.41305447798954287,2025-09-17 00:00:00+00:00,7,0.05729291000238734,-0.4086894246836954,-0.16444594366672283,-0.4086894246836954
2025-09-11 00:00:00+00:00,IMXUSDT,0.5909,0.44017600270773394,13373399.965149999,1984,2025-09-18 00:00:00+00:00,0.44017600270773394,2025-09-17 00:00:00+00:00,7,-0.1433607520564042,-0.4149236192714454,-0.15738703672364185,-0.43971797884841357
2025-09-12 00:00:00+00:00,TUTUSDT,0.06828,0.7549794961921503,6835131.155425001,176,2025-09-19 00:00:00+00:00,0.7549794961921503,2025-09-19 00:00:00+00:00,7,-0.2995910873737795,-0.7819410832012017,-0.6173110720562389,-0.7911207544020696
2025-09-12 00:00:00+00:00,TWTUSDT,0.8088,0.455118694362018,2596194.21115,679,2025-09-19 00:00:00+00:00,0.455118694362018,2025-09-19 00:00:00+00:00,7,0.16772877899566652,0.1486107570736679,0.6713649851632046,-0.004163480329679725
2025-09-12 00:00:00+00:00,AIOUSDT,0.10762,0.6151272997584094,18512372.07914,30,2025-09-18 00:00:00+00:00,0.6151272997584094,2025-09-13 00:00:00+00:00,6,-0.13761362328845927,-0.13588769991945693,0.3956513659171159,-0.42095270969968934
2025-09-13 00:00:00+00:00,BROCCOLI714USDT,0.02838,0.5024665257223397,3003979.57281,176,2025-09-20 00:00:00+00:00,0.5024665257223397,2025-09-18 00:00:00+00:00,7,-0.24202626641651026,-0.4090056285178236,-0.11205073995771664,-0.4955440900562851
2025-09-13 00:00:00+00:00,DEXEUSDT,6.983,0.44336245166833765,3263534.52337,263,2025-09-20 00:00:00+00:00,0.44336245166833765,2025-09-19 00:00:00+00:00,7,0.21242186724873502,-0.3530112114297054,-0.06616067592725183,-0.45837880742137127
2025-09-13 00:00:00+00:00,SUNUSDT,0.020885,0.5643763466602825,2499048.4321775,387,2025-09-20 00:00:00+00:00,0.5643763466602825,2025-09-20 00:00:00+00:00,7,-0.24155239960822728,-0.2885651322233105,0.11295187933923878,-0.3068070519098922
2025-09-13 00:00:00+00:00,LISTAUSDT,0.2712,0.47750737463126836,5860879.06085,450,2025-09-20 00:00:00+00:00,0.47750737463126836,2025-09-20 00:00:00+00:00,7,-0.18442725230846024,-0.22285999500873466,0.14823008849557517,-0.3201896680808586
2025-09-14 00:00:00+00:00,THEUSDT,0.3467,0.5762907412748772,5923055.472905,291,2025-09-21 00:00:00+00:00,0.5762907412748772,2025-09-20 00:00:00+00:00,7,-0.2159194876486734,-0.5324794144556266,-0.26305162965099504,-0.5449222323879231
2025-09-14 00:00:00+00:00,PORT3USDT,0.03126,0.4126679462571974,2069057.723785,102,2025-09-21 00:00:00+00:00,0.4126679462571974,2025-09-19 00:00:00+00:00,7,0.6023550724637683,-0.2783061594202898,0.01951375559820856,-0.45176630434782605
2025-09-14 00:00:00+00:00,BBUSDT,0.15717,0.4327161672074822,33242771.009015,489,2025-09-21 00:00:00+00:00,0.4327161672074822,2025-09-18 00:00:00+00:00,7,-0.12745359268141043,-0.46274091837640996,-0.23026022777883814,-0.521316280309086
2025-09-15 00:00:00+00:00,ALPHAUSDT,0.01603,0.45539613225202746,2937141.7186249997,1988,2025-09-22 00:00:00+00:00,0.45539613225202746,2025-09-17 00:00:00+00:00,7,-0.13116159451350196,-0.13116159451350196,0.2645040548970681,-0.13116159451350196
2025-09-16 00:00:00+00:00,SIGNUSDT,0.07615,0.5205515430072227,4286366.281254999,141,2025-09-23 00:00:00+00:00,0.5205515430072227,2025-09-23 00:00:00+00:00,7,-0.4462388807323604,-0.6533379393730028,-0.47288246881155604,-0.6624924432161672
2025-09-17 00:00:00+00:00,AWEUSDT,0.06959,0.5069693921540452,3585069.769419,119,2025-09-24 00:00:00+00:00,0.5069693921540452,2025-09-23 00:00:00+00:00,7,-0.05416229617621826,-0.27672356250595975,0.08995545336973709,-0.32678554400686566
2025-09-17 00:00:00+00:00,DAMUSDT,0.07063,0.9285006371230355,40526494.345065,30,2025-09-18 00:00:00+00:00,0.9285006371230355,2025-09-18 00:00:00+00:00,1,-0.5633213420453711,-0.5769033110637986,-0.1840577658218887,-0.7292416122164305
2025-09-18 00:00:00+00:00,HIPPOUSDT,0.002278,0.4029850746268657,2696002.2035155,309,2025-09-25 00:00:00+00:00,0.4029850746268657,2025-09-21 00:00:00+00:00,7,0.05569461827284106,-0.5181476846057572,-0.3239683933274803,-0.6389236545682102
2025-09-19 00:00:00+00:00,SNXUSDT,0.677,0.5450516986706055,9785584.5671,1992,2025-09-26 00:00:00+00:00,0.5450516986706055,2025-09-24 00:00:00+00:00,7,-0.0621414913957935,0.14627151051625242,0.7710487444608567,-0.10133843212237104
2025-09-19 00:00:00+00:00,SQDUSDT,0.07832,1.349208375893769,2447364.5492249997,100,2025-09-26 00:00:00+00:00,1.349208375893769,2025-09-25 00:00:00+00:00,7,0.07228653731181045,-0.2730583183868688,0.7077374872318694,-0.33436599815207346
2025-09-19 00:00:00+00:00,ALPINEUSDT,2.0076,1.336421597927874,11562343.94876,136,2025-09-26 00:00:00+00:00,1.336421597927874,2025-09-26 00:00:00+00:00,7,-0.8021788257365796,-0.8168251396409841,-0.572026300059773,-0.8313222189058969
2025-09-21 00:00:00+00:00,1000RATSUSDT,0.02089,0.4169459071325994,6260949.696775001,646,2025-09-27 00:00:00+00:00,0.4169459071325994,2025-09-24 00:00:00+00:00,6,-0.5317567567567567,0.08581081081081088,0.5385351842987076,-0.5570945945945946
2025-09-21 00:00:00+00:00,XPLUSDT,0.7138,1.2817315774726814,95522953.5341,30,2025-09-27 00:00:00+00:00,1.2817315774726814,2025-09-25 00:00:00+00:00,6,-0.75692269908516,-0.7851046847178732,-0.5096665732698236,-0.7894639896850248
2025-09-22 00:00:00+00:00,ZECUSDT,48.55,0.4830072090628219,8544460.348395001,1995,2025-09-29 00:00:00+00:00,0.4830072090628219,2025-09-24 00:00:00+00:00,7,2.4608333333333334,3.876388888888889,6.231719876416067,0.0
2025-09-22 00:00:00+00:00,KAITOUSDT,1.0265,0.5176814417924989,22746671.08885,214,2025-09-29 00:00:00+00:00,0.5176814417924989,2025-09-28 00:00:00+00:00,7,-0.22023236407985103,-0.3226137749534631,0.02805650267900628,-0.3529751588677066
2025-09-22 00:00:00+00:00,B2USDT,0.6765,0.47080561714708047,2806249.9873,139,2025-09-29 00:00:00+00:00,0.47080561714708047,2025-09-27 00:00:00+00:00,7,0.60964824120603,0.09487437185929637,0.6103473762010347,-0.1972864321608041
2025-09-22 00:00:00+00:00,1000SATSUSDT,3.46e-05,0.45953757225433534,24995392.44975435,650,2025-09-26 00:00:00+00:00,0.45953757225433534,2025-09-26 00:00:00+00:00,4,-0.5089108910891089,-0.4891089108910891,-0.2543352601156069,-0.5603960396039604
2025-09-24 00:00:00+00:00,DASHUSDT,21.13,0.4756270705158543,5819928.965445,1997,2025-10-01 00:00:00+00:00,0.4756270705158543,2025-10-01 00:00:00+00:00,7,0.4611930724823605,0.6953175112251444,1.5016564126833885,-0.04041051956382291
2025-09-25 00:00:00+00:00,DOODUSDT,0.0036365,0.5715660662725146,2157159.64601125,139,2025-10-02 00:00:00+00:00,0.5715660662725146,2025-09-28 00:00:00+00:00,7,0.18967629046369217,0.3569553805774279,1.1325450295613915,0.0
2025-09-25 00:00:00+00:00,C98USDT,0.0439,0.4965831435079724,4375218.70255,1998,2025-10-02 00:00:00+00:00,0.4965831435079724,2025-10-02 00:00:00+00:00,7,-0.43074581430745806,-0.46118721461187207,-0.193621867881549,-0.4901065449010654
2025-09-25 00:00:00+00:00,USELESSUSDT,0.1438,0.6063977746870652,33610344.245,41,2025-10-02 00:00:00+00:00,0.6063977746870652,2025-09-30 00:00:00+00:00,7,0.3796536796536796,0.003030303030302939,0.6112656467315714,-0.05021645021645016
2025-09-25 00:00:00+00:00,SOONUSDT,0.32359,0.5044037207577492,21407968.550559998,125,2025-10-02 00:00:00+00:00,0.5044037207577492,2025-10-01 00:00:00+00:00,7,0.6749861342207433,0.49483371335839443,1.2488334002904913,-0.012920852077812683
2025-09-25 00:00:00+00:00,ZENUSDT,6.246,0.5749279538904897,6654146.43135,1998,2025-10-02 00:00:00+00:00,0.5749279538904897,2025-09-30 00:00:00+00:00,7,0.1385585036088237,1.039747890617058,2.212455971821966,-0.0379180644505438
2025-09-25 00:00:00+00:00,XVGUSDT,0.00477,0.9756813417190777,2343800.03057905,813,2025-10-02 00:00:00+00:00,0.9756813417190777,2025-10-01 00:00:00+00:00,7,-0.37977504244482174,-0.2630517826825127,0.4559748427672956,-0.43389219015280134
2025-09-26 00:00:00+00:00,AIOTUSDT,0.7578,0.4441805225653206,15139731.56467,149,2025-10-02 00:00:00+00:00,0.4441805225653206,2025-09-27 00:00:00+00:00,6,-0.5713633040935673,-0.4027777777777778,-0.13750329902348912,-0.6389802631578947
2025-09-26 00:00:00+00:00,CELOUSDT,0.253,0.43083003952569165,11379163.2405,1999,2025-10-03 00:00:00+00:00,0.43083003952569165,2025-10-03 00:00:00+00:00,7,-0.29558011049723754,-0.26519337016574585,0.05138339920948631,-0.3646408839779005
2025-09-26 00:00:00+00:00,JELLYJELLYUSDT,0.04625,1.1621621621621623,30931113.244544998,184,2025-10-03 00:00:00+00:00,1.1621621621621623,2025-10-03 00:00:00+00:00,7,-0.2945,-0.3809,0.3385945945945945,-0.4253
2025-09-27 00:00:00+00:00,SPXUSDT,0.9579,0.5315794968159517,38630909.24205,291,2025-10-04 00:00:00+00:00,0.5315794968159517,2025-10-02 00:00:00+00:00,7,-0.34857882898234616,-0.5033740031354372,-0.2393778056164526,-0.5033740031354372
2025-09-28 00:00:00+00:00,ALCHUSDT,0.05272,0.5288315629742033,5611995.711065,264,2025-10-04 00:00:00+00:00,0.5288315629742033,2025-09-30 00:00:00+00:00,6,-0.12071960297766748,-0.15583126550868487,0.2905918057663126,-0.1806451612903226
2025-09-29 00:00:00+00:00,STRKUSDT,0.1249,0.4475580464371496,19346507.095875,587,2025-10-06 00:00:00+00:00,0.4475580464371496,2025-10-01 00:00:00+00:00,7,-0.2870575221238938,-0.4054203539823008,-0.13931144915932747,-0.430862831858407
2025-09-29 00:00:00+00:00,CAKEUSDT,2.5893,0.4569188583787125,21469581.72505,697,2025-10-06 00:00:00+00:00,0.4569188583787125,2025-10-03 00:00:00+00:00,7,-0.23001272399533457,-0.4000636199766727,-0.1259413741165567,-0.42347046972749447
2025-09-29 00:00:00+00:00,MUSDT,1.6753,0.44403987345550044,130250892.74985,84,2025-09-30 00:00:00+00:00,0.44403987345550044,2025-09-30 00:00:00+00:00,1,-0.15517526455026454,0.03530092592592582,0.49501581806243644,-0.2154017857142858
2025-09-29 00:00:00+00:00,STOUSDT,0.08471,0.5842285444457564,4095800.3921649996,170,2025-10-06 00:00:00+00:00,0.5842285444457564,2025-10-05 00:00:00+00:00,7,0.3401639344262295,0.2646795827123696,1.0035414945106838,0.0
2025-09-29 00:00:00+00:00,SKYAIUSDT,0.02521,0.5037683458944864,2018534.9157150001,139,2025-10-06 00:00:00+00:00,0.5037683458944864,2025-10-06 00:00:00+00:00,7,-0.3853864415721445,-0.5647586388815615,-0.3454978183260611,-0.5832234238987074
2025-10-01 00:00:00+00:00,1000CHEEMSUSDT,0.0010753,0.6212219845624476,2388352.36974525,310,2025-10-08 00:00:00+00:00,0.6212219845624476,2025-10-08 00:00:00+00:00,7,-0.20145700682613432,-0.2641541903286869,0.19296940388728734,-0.27522514770836914
2025-10-01 00:00:00+00:00,BANKUSDT,0.07006,0.8682557807593494,5077347.2671955,166,2025-10-08 00:00:00+00:00,0.8682557807593494,2025-10-06 00:00:00+00:00,7,0.10642524257009711,-0.44457177782871116,0.03768198686839863,-0.44457177782871116
2025-10-02 00:00:00+00:00,ALICEUSDT,0.318,0.5440251572327044,6966638.22435,2005,2025-10-09 00:00:00+00:00,0.5440251572327044,2025-10-09 00:00:00+00:00,7,-0.33808553971486754,-0.3462321792260692,0.009433962264151052,-0.5071283095723014
2025-10-02 00:00:00+00:00,ZORAUSDT,0.05811,0.41834451901565983,25749581.697565,69,2025-10-09 00:00:00+00:00,0.41834451901565983,2025-10-09 00:00:00+00:00,7,0.10446493569521964,-0.26692550351856337,0.03975219411461017,-0.27869449162824544
2025-10-02 00:00:00+00:00,QUSDT,0.03078,0.48018193632228745,65460753.82468499,30,2025-10-07 00:00:00+00:00,0.48018193632228745,2025-10-06 00:00:00+00:00,5,-0.34308604038630386,-0.5169446883230905,-0.284990253411306,-0.6191176470588236
2025-10-03 00:00:00+00:00,NAORISUSDT,0.06029,0.5626140321778073,17123621.695565,64,2025-10-06 00:00:00+00:00,0.5626140321778073,2025-10-06 00:00:00+00:00,3,-0.4714998407812334,-0.6526907971552913,-0.45728976613037,-0.6526907971552913
2025-10-03 00:00:00+00:00,TAKEUSDT,0.19261,0.4639426821037329,19191067.692135,30,2025-10-08 00:00:00+00:00,0.4639426821037329,2025-10-08 00:00:00+00:00,5,0.039649608114338486,-0.04975706635457666,0.39110118893100054,-0.20924211795581094
2025-10-04 00:00:00+00:00,ZEREBROUSDT,0.01807,1.2789153292750415,5732313.572245,275,2025-10-11 00:00:00+00:00,1.2789153292750415,2025-10-11 00:00:00+00:00,7,-0.0990772219524041,-0.11389023797960174,1.0193691200885446,-0.2571636716852842
2025-10-06 00:00:00+00:00,BATUSDT,0.1478,0.44451962110960763,2809038.46112,2009,2025-10-13 00:00:00+00:00,0.44451962110960763,2025-10-13 00:00:00+00:00,7,-0.19812646370023423,-0.06978922716627634,0.3437077131258459,-0.25761124121779855
2025-10-06 00:00:00+00:00,BASUSDT,0.019786,1.5797028201758816,15806402.2454025,41,2025-10-13 00:00:00+00:00,1.5797028201758816,2025-10-09 00:00:00+00:00,7,-0.6826143176207828,-0.8450295834802711,-0.6002223794602244,-0.8518866815563654
2025-10-06 00:00:00+00:00,HUSDT,0.06704,1.716139618138425,41957456.46671,103,2025-10-13 00:00:00+00:00,1.716139618138425,2025-10-13 00:00:00+00:00,7,0.7517161843044646,-0.08385962985336926,1.4883651551312647,-0.3978252512493822
2025-10-07 00:00:00+00:00,INUSDT,0.12334,0.5539160045402951,14524509.620494999,61,2025-10-10 00:00:00+00:00,0.5539160045402951,2025-10-10 00:00:00+00:00,3,-0.3023583428988834,-0.4787644787644787,-0.19004378141722067,-0.49446937284775117
2025-10-08 00:00:00+00:00,BROCCOLIF3BUSDT,0.016628,0.7117512629299976,2190973.594947,201,2025-10-14 00:00:00+00:00,0.7117512629299976,2025-10-14 00:00:00+00:00,6,-0.46983803534413093,-0.6958507536099497,-0.47937214337262457,-0.6958507536099497
2025-10-09 00:00:00+00:00,BELUSDT,0.2322,0.4065460809646857,2860861.31245,2012,2025-10-16 00:00:00+00:00,0.4065460809646857,2025-10-13 00:00:00+00:00,7,-0.3579301898346602,-0.4641763625229639,-0.24633936261843237,-0.4764237599510104
2025-10-09 00:00:00+00:00,CUDISUSDT,0.05531,0.4472970529741458,8133044.68334,50,2025-10-16 00:00:00+00:00,0.4472970529741458,2025-10-16 00:00:00+00:00,7,-0.47620237351655215,-0.5217988757026858,-0.30790092207557396,-0.5757651467832605
2025-10-10 00:00:00+00:00,MYROUSDT,0.01066,0.5281425891181988,2044004.224565,584,2025-10-13 00:00:00+00:00,0.5281425891181988,2025-10-12 00:00:00+00:00,3,0.15837937384898737,-0.30386740331491713,0.06378986866791747,-0.30386740331491713
2025-10-10 00:00:00+00:00,PHBUSDT,0.3566,0.4556926528323053,2972100.4820999997,967,2025-10-17 00:00:00+00:00,0.4556926528323053,2025-10-13 00:00:00+00:00,7,-0.19495280292814487,-0.36871508379888274,-0.08104318564217605,-0.36871508379888274
2025-10-10 00:00:00+00:00,UMAUSDT,0.826,0.5460048426150121,5354393.996,884,2025-10-13 00:00:00+00:00,0.5460048426150121,2025-10-12 00:00:00+00:00,3,-0.10493343774471409,-0.24197337509788563,0.1719128329297821,-0.2740798747063429
2025-10-10 00:00:00+00:00,VINEUSDT,0.03786,0.5731642894875859,18528432.537704997,259,2025-10-12 00:00:00+00:00,0.5731642894875859,2025-10-12 00:00:00+00:00,2,-0.1942578912021492,-0.3010409670920081,0.0995773903856314,-0.337642713230356
2025-10-10 00:00:00+00:00,TANSSIUSDT,0.02328,0.4914089347079038,2513717.0809899997,93,2025-10-12 00:00:00+00:00,0.4914089347079038,2025-10-11 00:00:00+00:00,2,-0.0106566820276498,-0.3433179723502304,-0.020618556701030855,-0.3551267281105991
2025-10-10 00:00:00+00:00,EDUUSDT,0.0918,0.8932461873638344,7223191.954150001,894,2025-10-17 00:00:00+00:00,0.8932461873638344,2025-10-12 00:00:00+00:00,7,0.04315304948216325,-0.08112773302646725,0.7396514161220042,-0.14039125431530497
2025-10-10 00:00:00+00:00,RSRUSDT,0.004149,0.5864063629790313,8535758.357877001,2013,2025-10-15 00:00:00+00:00,0.5864063629790313,2025-10-12 00:00:00+00:00,5,-0.16666666666666663,-0.4240352476450927,-0.08628585201253314,-0.4240352476450927
2025-10-10 00:00:00+00:00,BDXNUSDT,0.02061,1.1819505094614264,2989784.68701,129,2025-10-17 00:00:00+00:00,1.1819505094614264,2025-10-11 00:00:00+00:00,7,-0.35267956415388035,0.27173671336446503,1.7748665696263948,-0.37802979764287314
2025-10-10 00:00:00+00:00,ARPAUSDT,0.01518,0.5204216073781289,2096185.469035,2013,2025-10-16 00:00:00+00:00,0.5204216073781289,2025-10-13 00:00:00+00:00,6,-0.24436741767764292,-0.28336221837088393,0.08959156785243727,-0.31369150779896016
2025-10-10 00:00:00+00:00,MORPHOUSDT,1.3595,0.46061051857300495,8391569.247505,317,2025-10-14 00:00:00+00:00,0.46061051857300495,2025-10-12 00:00:00+00:00,4,-0.030568565241476553,0.03766933575061704,0.5156307465980141,-0.18169914891474037
2025-10-10 00:00:00+00:00,RDNTUSDT,0.01439,0.6636553161917997,2991829.4827,919,2025-10-12 00:00:00+00:00,0.6636553161917997,2025-10-11 00:00:00+00:00,2,-0.2777777777777778,-0.42105263157894735,-0.0368311327310632,-0.4398496240601504
2025-10-10 00:00:00+00:00,MYXUSDT,2.653,0.4048247267244629,373732823.99765,114,2025-10-13 00:00:00+00:00,0.4048247267244629,2025-10-11 00:00:00+00:00,3,-0.2825328682586531,-0.3064126643412932,-0.025631360723709085,-0.49235309900724444
2025-10-10 00:00:00+00:00,AI16ZUSDT,0.0476,0.4621848739495795,24422375.760904998,281,2025-10-13 00:00:00+00:00,0.4621848739495795,2025-10-12 00:00:00+00:00,3,-0.06494252873563211,-0.11379310344827587,0.29579831932773093,-0.225574712643678
2025-10-10 00:00:00+00:00,YGGUSDT,0.1138,0.4692442882249559,15158708.81955,797,2025-10-15 00:00:00+00:00,0.4692442882249559,2025-10-13 00:00:00+00:00,5,-0.24043062200956933,-0.39832535885167464,-0.1159929701230229,-0.39832535885167464
2025-10-10 00:00:00+00:00,SKATEUSDT,0.03049,0.4909806493932438,6027993.74794,123,2025-10-13 00:00:00+00:00,0.4909806493932438,2025-10-12 00:00:00+00:00,3,-0.13880334359876823,-0.38891333040035203,-0.08888160052476224,-0.42190937087549496
2025-10-10 00:00:00+00:00,HEIUSDT,0.1727,0.4053271569195136,3508752.84688,239,2025-10-15 00:00:00+00:00,0.4053271569195136,2025-10-12 00:00:00+00:00,5,-0.026370004120313095,-0.13514627111660482,0.2154024319629415,-0.14379892871858257
2025-10-10 00:00:00+00:00,TAUSDT,0.03534,1.3780418788907753,24762766.517334998,81,2025-10-15 00:00:00+00:00,1.3780418788907753,2025-10-12 00:00:00+00:00,5,-0.4149214659685865,-0.5456925273679201,0.08036219581211079,-0.549738219895288
2025-10-10 00:00:00+00:00,TAOUSDT,290.25,0.586046511627907,78840059.33804,547,2025-10-14 00:00:00+00:00,0.586046511627907,2025-10-12 00:00:00+00:00,4,-0.06151840990550683,-0.26127946127946133,0.17164513350559862,-0.26127946127946133
2025-10-10 00:00:00+00:00,PORTALUSDT,0.02277,0.42819499341238476,4876579.9289115,589,2025-10-13 00:00:00+00:00,0.42819499341238476,2025-10-12 00:00:00+00:00,3,-0.18142681426814267,-0.33271832718327177,-0.04699165568730779,-0.3373308733087331
2025-10-10 00:00:00+00:00,FHEUSDT,0.02815,0.8742451154529307,3483611.82932,181,2025-10-17 00:00:00+00:00,0.8742451154529307,2025-10-12 00:00:00+00:00,7,-0.34344200151630033,-0.5231235784685369,-0.10621669626998231,-0.5231235784685369
2025-10-10 00:00:00+00:00,GRIFFAINUSDT,0.01936,0.4225206611570249,7398617.480585,281,2025-10-13 00:00:00+00:00,0.4225206611570249,2025-10-12 00:00:00+00:00,3,-0.26761074800290485,-0.4023238925199709,-0.1497933884297521,-0.4023238925199709
2025-10-10 00:00:00+00:00,SAPIENUSDT,0.09894,0.7488376794016574,9918224.549265001,51,2025-10-14 00:00:00+00:00,0.7488376794016574,2025-10-14 00:00:00+00:00,4,-0.2527307403340461,0.02785644107958163,0.7975540731756621,-0.3152054557013234
2025-10-10 00:00:00+00:00,PIPPINUSDT,0.01004,0.4721115537848606,3317652.139115,259,2025-10-13 00:00:00+00:00,0.4721115537848606,2025-10-11 00:00:00+00:00,3,0.2138024357239514,1.261163734776725,2.328685258964143,-0.07374830852503378
2025-10-10 00:00:00+00:00,XNYUSDT,0.004921,0.4889250152408047,17322029.4808515,58,2025-10-15 00:00:00+00:00,0.4889250152408047,2025-10-15 00:00:00+00:00,5,-0.0009553705472908902,-0.4729084209089669,-0.21520016256858365,-0.4729084209089669
2025-10-10 00:00:00+00:00,PROVEUSDT,0.5668,0.4832392378263939,19154214.92876,66,2025-10-14 00:00:00+00:00,0.4832392378263939,2025-10-11 00:00:00+00:00,4,-0.11312001903175917,-0.37088140835018435,-0.06686661961891305,-0.37088140835018435
2025-10-10 00:00:00+00:00,AGTUSDT,0.003364,0.6114744351961949,7808059.1808765,143,2025-10-17 00:00:00+00:00,0.6114744351961949,2025-10-12 00:00:00+00:00,7,-0.17469101641763507,-0.3895960154952961,-0.01634958382877527,-0.41007194244604317
2025-10-10 00:00:00+00:00,AVAAIUSDT,0.00964,0.6172199170124482,5931682.22078,266,2025-10-13 00:00:00+00:00,0.6172199170124482,2025-10-11 00:00:00+00:00,3,-0.05388069275176399,-0.15137908915971776,0.3724066390041496,-0.20333547145606157
2025-10-10 00:00:00+00:00,ESPORTSUSDT,0.14969,0.509920502371568,4015117.2770950003,73,2025-10-12 00:00:00+00:00,0.509920502371568,2025-10-12 00:00:00+00:00,2,0.0032298026723298623,0.12684718166533937,0.7014496626361149,-0.13476683479338103
2025-10-10 00:00:00+00:00,IPUSDT,4.601,0.4933710063029777,86527204.2814395,239,2025-10-13 00:00:00+00:00,0.4933710063029777,2025-10-12 00:00:00+00:00,3,-0.2526560908164751,-0.4567020812108864,-0.18865464029558787,-0.5102605152088489
2025-10-11 00:00:00+00:00,ARIAUSDT,0.11698,0.433407420071807,15664614.395565001,38,2025-10-15 00:00:00+00:00,0.433407420071807,2025-10-12 00:00:00+00:00,4,-0.0038764312977098703,-0.40982824427480913,-0.15404342622670542,-0.40982824427480913
2025-10-11 00:00:00+00:00,FORMUSDT,0.726,0.5088154269972451,50384654.114765,206,2025-10-14 00:00:00+00:00,0.5088154269972451,2025-10-12 00:00:00+00:00,3,-0.3915464670440022,-0.6277159028665327,-0.4382920110192837,-0.6277159028665327
2025-10-11 00:00:00+00:00,BANANAS31USDT,0.002655,0.4410546139359699,6898812.1608185,203,2025-10-13 00:00:00+00:00,0.4410546139359699,2025-10-12 00:00:00+00:00,2,-0.1811291165708312,-0.39858860428646103,-0.1333333333333332,-0.39858860428646103
2025-10-11 00:00:00+00:00,OMUSDT,0.10152,0.408589440504334,29840965.2115465,606,2025-10-13 00:00:00+00:00,0.408589440504334,2025-10-13 00:00:00+00:00,2,-0.2074125874125874,-0.3575524475524475,-0.09505516154452331,-0.376993006993007
2025-10-12 00:00:00+00:00,XPINUSDT,0.0008529,4.166373549067886,38085265.19973305,30,2025-10-19 00:00:00+00:00,4.166373549067886,2025-10-13 00:00:00+00:00,7,0.3861655773420478,-0.3486746550472041,2.3649900340016417,-0.3486746550472041
2025-10-13 00:00:00+00:00,AUCTIONUSDT,6.729,0.4491009065240006,5823148.31623,668,2025-10-20 00:00:00+00:00,0.4491009065240006,2025-10-20 00:00:00+00:00,7,-0.34273407855604554,-0.4009845144087786,-0.13196611680784665,-0.4009845144087786
2025-10-14 00:00:00+00:00,TAGUSDT,0.0003113,0.5422422100867332,2004179.18268985,81,2025-10-15 00:00:00+00:00,0.5422422100867332,2025-10-15 00:00:00+00:00,1,-0.06082066236200789,0.25869610497812956,0.9412142627690332,-0.3122266194542803
2025-10-14 00:00:00+00:00,PORT3USDT,0.02526,0.4809976247030878,7121632.249025,132,2025-10-16 00:00:00+00:00,0.4809976247030878,2025-10-16 00:00:00+00:00,2,-0.09382518043303922,-0.05720395616145402,0.39627870150435474,-0.18631381983426898
2025-10-14 00:00:00+00:00,DEGOUSDT,0.9723,0.6310809420960608,2168395.918135,305,2025-10-20 00:00:00+00:00,0.6310809420960608,2025-10-15 00:00:00+00:00,6,-0.5514219055425942,-0.6357904029257835,-0.4059446672837602,-0.6414023582823634
2025-10-15 00:00:00+00:00,FUSDT,0.009196,0.4748803827751198,11565844.9412685,119,2025-10-22 00:00:00+00:00,0.4748803827751198,2025-10-21 00:00:00+00:00,7,-0.14760746147607462,-0.33746221337462223,-0.02283601565898219,-0.36356263363562624
2025-10-15 00:00:00+00:00,UBUSDT,0.032115,0.5620426591935235,37425524.256790005,33,2025-10-22 00:00:00+00:00,0.5620426591935235,2025-10-21 00:00:00+00:00,7,0.10834246984949658,-0.1615668294627729,0.30966837926202717,-0.21279776736768674
2025-10-15 00:00:00+00:00,ZKCUSDT,0.1825,0.5358904109589042,63539398.4473,30,2025-10-17 00:00:00+00:00,0.5358904109589042,2025-10-16 00:00:00+00:00,2,-0.23688904744916162,-0.4381020335354977,-0.136986301369863,-0.4381020335354977
2025-10-16 00:00:00+00:00,IDOLUSDT,0.02664,0.44181681681681684,4649675.168455,104,2025-10-22 00:00:00+00:00,0.44181681681681684,2025-10-22 00:00:00+00:00,6,-0.11585524602967989,-0.19890653475657383,0.15503003003003002,-0.19890653475657383
2025-10-17 00:00:00+00:00,PUMPBTCUSDT,0.04124,0.5851115421920465,14678852.345585,126,2025-10-24 00:00:00+00:00,0.5851115421920465,2025-10-24 00:00:00+00:00,7,-0.3351690377849166,-0.49915863545969097,-0.20611057225994178,-0.5614196114425577
2025-10-17 00:00:00+00:00,SOPHUSDT,0.021748,0.41024462019496033,6483519.216814499,142,2025-10-24 00:00:00+00:00,0.41024462019496033,2025-10-21 00:00:00+00:00,7,-0.2356700358656667,-0.46661232474731007,-0.2477929004965974,-0.46661232474731007
2025-10-17 00:00:00+00:00,AVNTUSDT,0.5071,0.540327351607178,329034657.28823996,38,2025-10-24 00:00:00+00:00,0.540327351607178,2025-10-20 00:00:00+00:00,7,-0.25489694021252085,-0.5016003072589937,-0.23230132123841452,-0.5016003072589937
2025-10-17 00:00:00+00:00,EPTUSDT,0.003441,0.7692531240918337,4590315.780836,179,2025-10-24 00:00:00+00:00,0.7692531240918337,2025-10-23 00:00:00+00:00,7,-0.3809132720105124,-0.5898488830486202,-0.2743388549840162,-0.5898488830486202
2025-10-18 00:00:00+00:00,AIAUSDT,0.9887,0.7659552948315971,156914834.18024,30,2025-10-21 00:00:00+00:00,0.7659552948315971,2025-10-20 00:00:00+00:00,3,0.4577319587628865,-0.6884879725085911,-0.44988368564782033,-0.6884879725085911
2025-10-18 00:00:00+00:00,AIXBTUSDT,0.058,0.4679310344827585,20401787.346515,302,2025-10-25 00:00:00+00:00,0.4679310344827585,2025-10-25 00:00:00+00:00,7,-0.2265680056377729,-0.48167723749119096,-0.23913793103448278,-0.4969462062485318
2025-10-18 00:00:00+00:00,VIRTUALUSDT,0.7518,0.7496674647512636,56839997.055769995,312,2025-10-25 00:00:00+00:00,0.7496674647512636,2025-10-24 00:00:00+00:00,7,0.04485327656986482,-0.2885814201003497,0.24474594306996522,-0.33305458415691047
2025-10-19 00:00:00+00:00,DIAUSDT,0.4134,0.40541848089017885,3102338.59565,382,2025-10-26 00:00:00+00:00,0.40541848089017885,2025-10-26 00:00:00+00:00,7,-0.17969018932874348,-0.37349397590361444,-0.11949685534591192,-0.4125645438898451
2025-10-19 00:00:00+00:00,YALAUSDT,0.0841,0.4078478002378123,6279325.65035,73,2025-10-26 00:00:00+00:00,0.4078478002378123,2025-10-26 00:00:00+00:00,7,-0.5321790540540541,-0.7059966216216216,-0.5860879904875148,-0.7836148648648649
2025-10-20 00:00:00+00:00,BIDUSDT,0.04941,0.4019429265330903,2988177.15875,214,2025-10-26 00:00:00+00:00,0.4019429265330903,2025-10-25 00:00:00+00:00,6,-0.26447235455464124,-0.49761801645734083,-0.29568913175470557,-0.5217265771618305
2025-10-22 00:00:00+00:00,HIPPOUSDT,0.001182,0.42639593908629436,7756911.1186045,343,2025-10-27 00:00:00+00:00,0.42639593908629436,2025-10-25 00:00:00+00:00,5,3.2313167259786475,-0.3013048635824437,-0.0033840947546531774,-0.4074733096085409
2025-10-22 00:00:00+00:00,PUMPUSDT,0.003457,0.5108475556841192,479952097.5512935,193,2025-10-29 00:00:00+00:00,0.5108475556841192,2025-10-24 00:00:00+00:00,7,-0.2502393260578212,-0.44093432892973394,-0.15533699739658668,-0.5165613632012254
2025-10-22 00:00:00+00:00,FLOCKUSDT,0.1749,0.46312178387650094,7002104.2699,43,2025-10-28 00:00:00+00:00,0.46312178387650094,2025-10-25 00:00:00+00:00,6,-0.26494724501758504,-0.46189917936694025,-0.21269296740994859,-0.488862837045721
2025-10-22 00:00:00+00:00,ZECUSDT,238.37,0.47292025003146376,533471699.121295,2025,2025-10-29 00:00:00+00:00,0.47292025003146376,2025-10-26 00:00:00+00:00,7,0.43847906579322116,0.2874964397607518,0.896379577967026,-0.01731700370264888
2025-10-22 00:00:00+00:00,TRUMPUSDT,5.709,0.4470134874759151,125984858.550375,277,2025-10-29 00:00:00+00:00,0.4470134874759151,2025-10-27 00:00:00+00:00,7,-0.09502481539765151,-0.2692168018399709,0.05745314415834657,-0.2692168018399709
2025-10-22 00:00:00+00:00,MELANIAUSDT,0.093,0.4096774193548387,6668416.3692055,275,2025-10-27 00:00:00+00:00,0.4096774193548387,2025-10-27 00:00:00+00:00,5,0.2700228832951945,0.012204424103737788,0.42688172043010764,-0.26926010678871093
2025-10-23 00:00:00+00:00,BLESSUSDT,0.03792,0.4256329113924049,158725647.3190225,30,2025-10-25 00:00:00+00:00,0.4256329113924049,2025-10-24 00:00:00+00:00,2,-0.326489086200518,-0.688864224935257,-0.5564345991561181,-0.7267850536440992
2025-10-25 00:00:00+00:00,DASHUSDT,41.99,0.754227196951655,64058696.78066,2028,2025-11-01 00:00:00+00:00,0.754227196951655,2025-10-31 00:00:00+00:00,7,0.253869128427912,-0.34414879174585933,0.15051202667301733,-0.34414879174585933
2025-10-25 00:00:00+00:00,ZENUSDT,11.278,0.7791275048767512,90625261.70365,2028,2025-11-01 00:00:00+00:00,0.7791275048767512,2025-10-27 00:00:00+00:00,7,-0.2860702716172441,-0.5092449538998256,-0.12688419932612172,-0.5092449538998256
2025-10-25 00:00:00+00:00,ZKUSDT,0.03247,0.5943948259932246,14290922.73248,495,2025-11-01 00:00:00+00:00,0.5943948259932246,2025-11-01 00:00:00+00:00,7,-0.012941858219045699,-0.333204558624686,0.06313520172466913,-0.333204558624686
2025-10-26 00:00:00+00:00,ICNTUSDT,0.2166,0.4630655586334258,3349777.0753499996,115,2025-11-02 00:00:00+00:00,0.4630655586334258,2025-10-31 00:00:00+00:00,7,-0.26696118649416223,-0.00631113916061854,0.4538319482917823,-0.4152729567686968
2025-10-27 00:00:00+00:00,ARCUSDT,0.01454,0.6272352132049519,7321023.77097,283,2025-11-03 00:00:00+00:00,0.6272352132049519,2025-11-01 00:00:00+00:00,7,0.2730346576500422,0.8706677937447169,2.0440165061898212,-0.04184277261200342
2025-10-27 00:00:00+00:00,B2USDT,0.978,0.40081799591002065,17811970.9062,174,2025-10-28 00:00:00+00:00,0.40081799591002065,2025-10-28 00:00:00+00:00,1,-0.2627007299270073,-0.5751094890510949,-0.4048057259713702,-0.7017518248175183
2025-10-28 00:00:00+00:00,ICPUSDT,3.073,0.6908558411975267,30176573.707000002,2031,2025-11-04 00:00:00+00:00,0.6908558411975267,2025-11-02 00:00:00+00:00,7,-0.019630484988452546,-0.2994611239414934,0.18451025056947623,-0.2994611239414934
2025-10-29 00:00:00+00:00,MINAUSDT,0.0996,0.5451807228915664,7190591.9026500005,995,2025-11-05 00:00:00+00:00,0.5451807228915664,2025-11-02 00:00:00+00:00,7,-0.1864847303443795,-0.3801169590643275,-0.04216867469879515,-0.3801169590643275
2025-10-29 00:00:00+00:00,SOONUSDT,0.7406,1.1266540642722114,39753683.342355,159,2025-11-05 00:00:00+00:00,1.1266540642722114,2025-11-05 00:00:00+00:00,7,-0.21720634920634907,-0.7226031746031746,-0.4100729138536322,-0.7314285714285714
2025-10-29 00:00:00+00:00,SCRTUSDT,0.1535,0.44885993485342013,2621443.1192,342,2025-11-05 00:00:00+00:00,0.44885993485342013,2025-11-03 00:00:00+00:00,7,-0.19919064748201432,-0.4379496402877697,-0.18566775244299671,-0.44379496402877694
2025-10-29 00:00:00+00:00,FLMUSDT,0.018,0.5111111111111111,4669115.18445,2032,2025-11-01 00:00:00+00:00,0.5111111111111111,2025-10-30 00:00:00+00:00,3,-0.46691176470588225,-0.6985294117647058,-0.5444444444444444,-0.6985294117647058
2025-10-30 00:00:00+00:00,XVGUSDT,0.005372,0.4813849590469099,9976966.10945305,848,2025-11-05 00:00:00+00:00,0.4813849590469099,2025-11-01 00:00:00+00:00,6,-0.07903995978889167,-0.18019602915305344,0.21444527177959793,-0.24315154561447605
2025-10-30 00:00:00+00:00,SWARMSUSDT,0.01348,0.454747774480712,5359567.256395,296,2025-11-05 00:00:00+00:00,0.454747774480712,2025-11-01 00:00:00+00:00,6,-0.4084650688424274,-0.4125446200917898,-0.1454005934718101,-0.4395716471188169
2025-10-30 00:00:00+00:00,RESOLVUSDT,0.05055,0.4096933728981209,8391687.04574,142,2025-11-06 00:00:00+00:00,0.4096933728981209,2025-11-06 00:00:00+00:00,7,0.769435868650014,0.0632893628964355,0.4989119683481702,0.0
2025-10-30 00:00:00+00:00,ARUSDT,3.563,0.6042660679202918,18461512.2639,2033,2025-11-06 00:00:00+00:00,0.6042660679202918,2025-11-01 00:00:00+00:00,7,-0.2998600419874038,-0.2998600419874038,0.12321077743474596,-0.3444716585024493
2025-10-30 00:00:00+00:00,DUSKUSDT,0.04191,0.6828919112383678,2522454.45656,2033,2025-11-06 00:00:00+00:00,0.6828919112383678,2025-11-04 00:00:00+00:00,7,-0.021976463916064004,-0.35573514816390184,0.084228107850155,-0.3768609102509569
2025-10-30 00:00:00+00:00,ROSEUSDT,0.0149,0.4530201342281879,8095009.09243,2033,2025-11-06 00:00:00+00:00,0.4530201342281879,2025-11-05 00:00:00+00:00,7,-0.16443418013856814,-0.3875288683602771,-0.11006711409395975,-0.39030023094688215
2025-10-31 00:00:00+00:00,TRUTHUSDT,0.012781,0.5819575933025585,29279322.8474015,30,2025-11-07 00:00:00+00:00,0.5819575933025585,2025-11-05 00:00:00+00:00,7,0.5122409614718828,-0.24753944309807607,0.19036069165167047,-0.32652455611058906
2025-10-31 00:00:00+00:00,FETUSDT,0.2361,0.5480728504870818,68083307.60985,1018,2025-11-07 00:00:00+00:00,0.5480728504870818,2025-11-07 00:00:00+00:00,7,-0.19288645690834472,-0.3548563611491108,-0.0012706480304954804,-0.3682626538987688
2025-10-31 00:00:00+00:00,FILUSDT,1.515,1.2270627062706274,126262118.6909,2034,2025-11-07 00:00:00+00:00,1.2270627062706274,2025-11-06 00:00:00+00:00,7,-0.5085951393005335,-0.5693538826318909,-0.040924092409240775,-0.5693538826318909
2025-11-02 00:00:00+00:00,COTIUSDT,0.03322,0.7167369054786272,4456999.121565,2036,2025-11-09 00:00:00+00:00,0.7167369054786272,2025-11-09 00:00:00+00:00,7,-0.5188497282132212,-0.5391899000526039,-0.20891029500301017,-0.5618095739084692
2025-11-02 00:00:00+00:00,LUMIAUSDT,0.1403,0.40841054882394867,2184736.9850899996,319,2025-11-07 00:00:00+00:00,0.40841054882394867,2025-11-07 00:00:00+00:00,5,-0.3173076923076923,-0.39726720647773284,-0.151104775481112,-0.40435222672064774
2025-11-02 00:00:00+00:00,0GUSDT,0.975,0.7003076923076923,48347130.122200005,46,2025-11-09 00:00:00+00:00,0.7003076923076923,2025-11-03 00:00:00+00:00,7,-0.21679334057184219,-0.37887561828929905,0.05610256410256409,-0.40583906381951984
2025-11-02 00:00:00+00:00,NEARUSDT,2.189,0.4038373686614891,172881412.06849998,2036,2025-11-09 00:00:00+00:00,0.4038373686614891,2025-11-07 00:00:00+00:00,7,-0.4074194598112594,-0.41099902375528796,-0.1731384193695752,-0.4715261958997722
2025-11-03 00:00:00+00:00,UNIUSDT,5.195,0.7978825794032722,100779460.9815,2037,2025-11-10 00:00:00+00:00,0.7978825794032722,2025-11-09 00:00:00+00:00,7,-0.3264453961456102,-0.40074946466809414,0.07738209817131869,-0.4156316916488222
2025-11-03 00:00:00+00:00,1INCHUSDT,0.1517,0.4765985497692815,6621588.633850001,2037,2025-11-09 00:00:00+00:00,0.4765985497692815,2025-11-05 00:00:00+00:00,6,-0.1852678571428572,-0.1941964285714286,0.18984838497033607,-0.234375
2025-11-03 00:00:00+00:00,SPKUSDT,0.03076,0.4005201560468141,13980727.125149999,139,2025-11-08 00:00:00+00:00,0.4005201560468141,2025-11-08 00:00:00+00:00,5,-0.32219127205199627,-0.43686165273909006,-0.21131339401820548,-0.4554317548746518
2025-11-03 00:00:00+00:00,STRKUSDT,0.1049,0.5853193517635844,32220899.15819,622,2025-11-10 00:00:00+00:00,0.5853193517635844,2025-11-07 00:00:00+00:00,7,-0.14732411304870707,-0.34576067348165973,0.03717826501429933,-0.34576067348165973
2025-11-03 00:00:00+00:00,STBLUSDT,0.06836,0.4442656524283206,82869465.138275,47,2025-11-10 00:00:00+00:00,0.4442656524283206,2025-11-10 00:00:00+00:00,7,-0.37242985921199223,-0.4164894155778385,-0.1572557050906963,-0.4557885141294439
2025-11-03 00:00:00+00:00,PROMPTUSDT,0.06035,0.551781275890638,2983357.14855,206,2025-11-06 00:00:00+00:00,0.551781275890638,2025-11-06 00:00:00+00:00,3,-0.3544046983449012,-0.4259476775226908,-0.10919635459817723,-0.42605445808862785
2025-11-03 00:00:00+00:00,KAVAUSDT,0.1175,0.40510638297872337,13758332.627355,2037,2025-11-10 00:00:00+00:00,0.40510638297872337,2025-11-09 00:00:00+00:00,7,-0.2786190187764991,-0.3434282253179891,-0.07744680851063823,-0.37068443367655957
2025-11-03 00:00:00+00:00,KSMUSDT,9.506,0.4264674942141806,5518600.5035,2037,2025-11-08 00:00:00+00:00,0.4264674942141806,2025-11-08 00:00:00+00:00,5,-0.37411504424778763,-0.3942477876106195,-0.13591415947822427,-0.41408554572271383
2025-11-03 00:00:00+00:00,ALCHUSDT,0.06804,0.8267195767195765,4637685.652015,300,2025-11-10 00:00:00+00:00,0.8267195767195765,2025-11-04 00:00:00+00:00,7,0.27170327459972654,0.523694585244187,1.7833627278071722,-0.09767479282323599
2025-11-04 00:00:00+00:00,STORJUSDT,0.146,0.4034246575342466,3420056.15605,2038,2025-11-07 00:00:00+00:00,0.4034246575342466,2025-11-07 00:00:00+00:00,3,-0.27867252318204006,-0.3103953147877012,-0.03219178082191765,-0.3103953147877012
2025-11-04 00:00:00+00:00,AEROUSDT,0.8035,0.4731798382078407,20003208.162024997,335,2025-11-10 00:00:00+00:00,0.4731798382078407,2025-11-07 00:00:00+00:00,6,-0.4087184252766749,-0.4583086930810172,-0.20199128811449907,-0.49607163977359126
2025-11-04 00:00:00+00:00,USELESSUSDT,0.1538,0.4148244473342002,70152931.38705,81,2025-11-09 00:00:00+00:00,0.4148244473342002,2025-11-09 00:00:00+00:00,5,-0.5703125,-0.5160845588235294,-0.3153446033810142,-0.5703125
2025-11-05 00:00:00+00:00,PARTIUSDT,0.0561,0.8386809269162212,4546143.55185,225,2025-11-12 00:00:00+00:00,0.8386809269162212,2025-11-07 00:00:00+00:00,7,-0.015026660203587117,-0.020649539505574466,0.8007130124777184,-0.4386815317498789
2025-11-05 00:00:00+00:00,BABYUSDT,0.02379,0.424968474148802,4935139.359364999,214,2025-11-12 00:00:00+00:00,0.424968474148802,2025-11-12 00:00:00+00:00,7,-0.40324483775811204,-0.4492625368731563,-0.21521647751155948,-0.46342182890855455
2025-11-06 00:00:00+00:00,HUSDT,0.10965,1.1219334245326036,70952801.04106,134,2025-11-07 00:00:00+00:00,1.1219334245326036,2025-11-07 00:00:00+00:00,1,-0.4728155757080844,-0.795805217690291,-0.5667122663018695,-0.795805217690291
2025-11-06 00:00:00+00:00,PLAYUSDT,0.02123,0.40697126707489417,3153900.4735350003,98,2025-11-13 00:00:00+00:00,0.40697126707489417,2025-11-13 00:00:00+00:00,7,0.045865416806160075,0.1737529293605624,0.6514366462552992,-0.08034817542684969
2025-11-08 00:00:00+00:00,CROSSUSDT,0.12856,0.6563472308649656,2317303.8947799997,121,2025-11-15 00:00:00+00:00,0.6563472308649656,2025-11-15 00:00:00+00:00,7,-0.49544472621395697,-0.38156288156288154,0.024346608587429985,-0.5280360664976049
2025-11-09 00:00:00+00:00,LIGHTUSDT,1.5979,0.43757431629013066,30803258.794265002,43,2025-11-16 00:00:00+00:00,0.43757431629013066,2025-11-16 00:00:00+00:00,7,-0.512907579121501,-0.32184058160289053,-0.02509543776206269,-0.7491184537024944
2025-11-10 00:00:00+00:00,TAKEUSDT,0.2335,0.4135331905781585,8502377.249315,68,2025-11-13 00:00:00+00:00,0.4135331905781585,2025-11-12 00:00:00+00:00,3,-0.07089620069078362,0.006756347330788115,0.42308351177730175,-0.21287038720232698
2025-11-11 00:00:00+00:00,BANANAS31USDT,0.002357,0.5282138311412812,4239325.509588,234,2025-11-16 00:00:00+00:00,0.5282138311412812,2025-11-16 00:00:00+00:00,5,0.08745141588006677,-0.01749028317601331,0.50148493848112,-0.3281510272071072
2025-11-11 00:00:00+00:00,XANUSDT,0.03491,0.5454024634775136,25323640.538875,43,2025-11-18 00:00:00+00:00,0.5454024634775136,2025-11-18 00:00:00+00:00,7,-0.6059314179796107,-0.7338276181649676,-0.5886565454024635,-0.7338276181649676
2025-11-12 00:00:00+00:00,PUFFERUSDT,0.07682,0.40770632647747984,2714313.395565,161,2025-11-16 00:00:00+00:00,0.40770632647747984,2025-11-15 00:00:00+00:00,4,-0.4023488071019049,-0.4342518956907713,-0.20359281437125754,-0.4342518956907713
2025-11-12 00:00:00+00:00,TNSRUSDT,0.04837,0.6030597477775479,2945839.679736,583,2025-11-19 00:00:00+00:00,0.6030597477775479,2025-11-19 00:00:00+00:00,7,0.5380448800619035,0.13296363167397462,0.8162083936324167,0.0
2025-11-13 00:00:00+00:00,WCTUSDT,0.1115,0.43497757847533625,5825539.651149999,212,2025-11-17 00:00:00+00:00,0.43497757847533625,2025-11-17 00:00:00+00:00,4,-0.441875,-0.5765625,-0.3923766816143498,-0.5765625
2025-11-13 00:00:00+00:00,GRASSUSDT,0.2975,0.7747899159663867,7005639.707450001,370,2025-11-20 00:00:00+00:00,0.7747899159663867,2025-11-19 00:00:00+00:00,7,-0.4204545454545455,-0.42613636363636365,0.018487394957983128,-0.4640151515151516
2025-11-13 00:00:00+00:00,DYMUSDT,0.08527,0.6776122903717605,2928396.42574,645,2025-11-20 00:00:00+00:00,0.6776122903717605,2025-11-20 00:00:00+00:00,7,-0.38587906326459287,-0.505907025515554,-0.17110355341855277,-0.5403005941978329
2025-11-14 00:00:00+00:00,NILUSDT,0.1614,0.4169764560099132,4928031.918834999,235,2025-11-18 00:00:00+00:00,0.4169764560099132,2025-11-15 00:00:00+00:00,4,-0.6720594665500657,-0.7582859641451684,-0.6574969021065675,-0.7582859641451684
2025-11-14 00:00:00+00:00,TRADOORUSDT,2.078,0.4076034648700675,5597244.1395,56,2025-11-19 00:00:00+00:00,0.4076034648700675,2025-11-15 00:00:00+00:00,5,-0.5155555555555555,-0.6129914529914531,-0.4552454282964389,-0.6868376068376068
2025-11-16 00:00:00+00:00,MAVUSDT,0.02778,0.4643628509719224,2489222.7443150003,871,2025-11-22 00:00:00+00:00,0.4643628509719224,2025-11-22 00:00:00+00:00,6,-0.23525073746312686,-0.3517699115044247,-0.05075593952483792,-0.38716814159292035
2025-11-17 00:00:00+00:00,XAIUSDT,0.01865,0.41179624664879344,6178266.059994999,678,2025-11-20 00:00:00+00:00,0.41179624664879344,2025-11-20 00:00:00+00:00,3,-0.339156855298139,-0.40068363083934677,-0.15388739946380703,-0.432206608431447
2025-11-17 00:00:00+00:00,BDXNUSDT,0.05149,0.48572538356962514,12834154.213965,167,2025-11-19 00:00:00+00:00,0.48572538356962514,2025-11-19 00:00:00+00:00,2,-0.6401307189542484,-0.8135947712418301,-0.7230530200038843,-0.8299346405228758
2025-11-17 00:00:00+00:00,SAGAUSDT,0.0795,0.43647798742138355,8040899.802815,587,2025-11-20 00:00:00+00:00,0.43647798742138355,2025-11-20 00:00:00+00:00,3,-0.371278458844133,-0.4672504378283713,-0.2347169811320755,-0.5081436077057793
2025-11-17 00:00:00+00:00,PIPPINUSDT,0.02664,1.4057807807807805,28508938.96947,297,2025-11-24 00:00:00+00:00,1.4057807807807805,2025-11-24 00:00:00+00:00,7,1.78764237790607,6.621781869246373,17.336336336336338,-0.06849742549539695
2025-11-19 00:00:00+00:00,USUALUSDT,0.0276,0.40760869565217406,5215334.711465,336,2025-11-25 00:00:00+00:00,0.40760869565217406,2025-11-25 00:00:00+00:00,6,-0.33513513513513526,-0.3678249678249679,-0.11014492753623195,-0.4110682110682111
2025-11-20 00:00:00+00:00,SQDUSDT,0.0516,0.40755813953488373,6440830.921465,162,2025-11-27 00:00:00+00:00,0.40755813953488373,2025-11-27 00:00:00+00:00,7,-0.3769792096929644,0.01115241635687747,0.42325581395348855,-0.45132865207214656
2025-11-20 00:00:00+00:00,CLOUSDT,0.2236,0.4655635062611807,19475395.169595,37,2025-11-27 00:00:00+00:00,0.4655635062611807,2025-11-27 00:00:00+00:00,7,0.014342386328959345,-0.21116875190723217,0.15608228980322014,-0.43210253280439426
2025-11-20 00:00:00+00:00,BATUSDT,0.1699,0.5226603884638021,17869449.416395,2054,2025-11-27 00:00:00+00:00,0.5226603884638021,2025-11-24 00:00:00+00:00,7,0.07962891379976811,-0.13993042133745648,0.30959387875220723,-0.20216466950135292
2025-11-20 00:00:00+00:00,SPXUSDT,0.4998,0.43397358943577435,38778540.0031,345,2025-11-26 00:00:00+00:00,0.43397358943577435,2025-11-25 00:00:00+00:00,6,-0.12180828798660537,-0.314915585321613,-0.017607042817126883,-0.36570392074787217
2025-11-20 00:00:00+00:00,KASUSDT,0.04002,0.45752123938030986,11843771.748885,734,2025-11-27 00:00:00+00:00,0.45752123938030986,2025-11-25 00:00:00+00:00,7,-0.1824104234527687,-0.21909823418481056,0.13818090954522733,-0.3048174181381793
2025-11-20 00:00:00+00:00,TACUSDT,0.004111,0.5108246168815374,2708240.5766845,128,2025-11-26 00:00:00+00:00,0.5108246168815374,2025-11-26 00:00:00+00:00,6,-0.2907744324585413,-0.2738689421993238,0.09705667720749211,-0.34889711801642254
2025-11-20 00:00:00+00:00,MONUSDT,0.03236,0.4480840543881335,5343073.56,41,2025-11-26 00:00:00+00:00,0.4480840543881335,2025-11-25 00:00:00+00:00,6,-0.42530943235168583,-0.5014938113529663,-0.2781211372064277,-0.6393512590695689
2025-11-20 00:00:00+00:00,RVVUSDT,0.004468,0.41942703670546133,22557308.285343,33,2025-11-26 00:00:00+00:00,0.41942703670546133,2025-11-26 00:00:00+00:00,6,-0.37054556922106596,-0.4533270261747083,-0.22403760071620404,-0.5704824976348155
2025-11-20 00:00:00+00:00,YALAUSDT,0.02881,0.5807011454356126,3365080.36125,105,2025-11-27 00:00:00+00:00,0.5807011454356126,2025-11-25 00:00:00+00:00,7,-0.3346508563899868,-0.5990338164251208,-0.3661922943422423,-0.6043039086517347
2025-11-21 00:00:00+00:00,1000RATSUSDT,0.03706,0.5299514301133297,5432618.82484,707,2025-11-23 00:00:00+00:00,0.5299514301133297,2025-11-23 00:00:00+00:00,2,-0.4530864197530864,-0.28042328042328035,0.10091743119266061,-0.5021164021164021
2025-11-21 00:00:00+00:00,FARTCOINUSDT,0.2237,0.5771122038444345,151985162.389485,336,2025-11-26 00:00:00+00:00,0.5771122038444345,2025-11-24 00:00:00+00:00,5,0.0031179138321995037,-0.151077097505669,0.3388466696468484,-0.3081065759637188
2025-11-21 00:00:00+00:00,TURBOUSDT,0.0013939,0.7141832269172823,15897657.1456258,540,2025-11-28 00:00:00+00:00,0.7141832269172823,2025-11-27 00:00:00+00:00,7,-0.17954298150163206,-0.28425546162216453,0.22691728244493858,-0.2955972210596802
2025-11-22 00:00:00+00:00,币安人生USDT,0.09261,0.42813950977216275,140821518.948175,33,2025-11-28 00:00:00+00:00,0.42813950977216275,2025-11-28 00:00:00+00:00,6,-0.10025706940874035,-0.08921820656283075,0.30072346398877015,-0.16890972327234222
2025-11-22 00:00:00+00:00,PORT3USDT,0.00836,0.4138755980861246,5054315.843175,171,2025-11-23 00:00:00+00:00,0.4138755980861246,2025-11-23 00:00:00+00:00,1,0.0,0.0,0.4138755980861246,0.0
2025-11-23 00:00:00+00:00,FUNUSDT,0.001858,0.40850376749192674,3911443.2942305002,237,2025-11-30 00:00:00+00:00,0.40850376749192674,2025-11-26 00:00:00+00:00,7,-0.24188001528467706,-0.29423003439052353,-0.005920344456404769,-0.37600305693542224
2025-11-23 00:00:00+00:00,BANANAUSDT,7.094,0.40795038060332667,5109793.738,465,2025-11-28 00:00:00+00:00,0.40795038060332667,2025-11-27 00:00:00+00:00,5,-0.23718462154585507,-0.28434120945134156,0.007612066535100048,-0.3889667601121346
2025-11-23 00:00:00+00:00,GRIFFAINUSDT,0.01267,0.6653512233622731,4541343.509935,325,2025-11-30 00:00:00+00:00,0.6653512233622731,2025-11-29 00:00:00+00:00,7,-0.18388625592417063,-0.1582938388625592,0.40173638516179966,-0.24644549763033174
2025-11-24 00:00:00+00:00,LSKUSDT,0.1798,0.48832035595105694,2108838.9257,669,2025-11-30 00:00:00+00:00,0.48832035595105694,2025-11-29 00:00:00+00:00,6,-0.24775784753363228,-0.2675635276532138,0.0901001112347053,-0.3314648729446936
2025-11-25 00:00:00+00:00,MERLUSDT,0.2111,1.1846991946944576,21630076.168470003,180,2025-11-26 00:00:00+00:00,1.1846991946944576,2025-11-26 00:00:00+00:00,1,-0.2629935601379041,-0.07736507730002817,1.0156797726196114,-0.3708666710032741
2025-11-26 00:00:00+00:00,ARCUSDT,0.03601,0.4107192446542627,10679197.090125,313,2025-11-30 00:00:00+00:00,0.4107192446542627,2025-11-28 00:00:00+00:00,4,-0.36456692913385813,-0.31062992125984246,-0.027492363232435424,-0.40708661417322833
2025-11-26 00:00:00+00:00,SAPIENUSDT,0.13253,0.4817022560929598,28669389.38967,98,2025-12-03 00:00:00+00:00,0.4817022560929598,2025-12-03 00:00:00+00:00,7,-0.35545144370321335,-0.22289555431073982,0.1514374103976459,-0.4138106635433111
2025-11-26 00:00:00+00:00,ZEREBROUSDT,0.02477,0.5720629794105774,11422921.193455,328,2025-12-03 00:00:00+00:00,0.5720629794105774,2025-12-01 00:00:00+00:00,7,-0.2678479712378018,-0.29070364663585013,0.11505853855470316,-0.37262455059065236
2025-11-27 00:00:00+00:00,BUSDT,0.1605,0.47538940809968855,3488549.59515,189,2025-12-04 00:00:00+00:00,0.47538940809968855,2025-12-02 00:00:00+00:00,7,-0.054476351351351426,-0.12753378378378377,0.28722741433021803,-0.43581081081081086
2025-11-28 00:00:00+00:00,SKYAIUSDT,0.02433,0.4134812988080556,3545020.208275,199,2025-12-05 00:00:00+00:00,0.4134812988080556,2025-12-04 00:00:00+00:00,7,-0.1110788019773189,0.10235533585344592,0.5581586518701191,-0.1619656876999127
2025-11-28 00:00:00+00:00,1000LUNCUSDT,0.02785,1.0136445242369838,7452443.26638,2062,2025-12-05 00:00:00+00:00,1.0136445242369838,2025-12-05 00:00:00+00:00,7,-0.2701497860199714,-0.20381597717546351,0.6032315978456015,-0.33559201141226813
2025-11-29 00:00:00+00:00,LUNA2USDT,0.07259,0.8392340542774486,4335536.972039999,2063,2025-12-06 00:00:00+00:00,0.8392340542774486,2025-12-05 00:00:00+00:00,7,-0.2041045614560707,-0.2805782338401618,0.3231850117096018,-0.3050707812148902
2025-11-29 00:00:00+00:00,B2USDT,0.5277,0.42713663066136065,5148084.8281,207,2025-12-05 00:00:00+00:00,0.42713663066136065,2025-12-03 00:00:00+00:00,6,-0.0772805736290002,-0.04435001991767362,0.3638430926662879,-0.2046209002788475
2025-11-29 00:00:00+00:00,USTCUSDT,0.005973,1.0391762933199398,2108021.227716,733,2025-12-06 00:00:00+00:00,1.0391762933199398,2025-12-06 00:00:00+00:00,7,-0.42791461412151066,-0.42799671592775035,0.1664155365812825,-0.4907224958949097
2025-11-30 00:00:00+00:00,FHEUSDT,0.01759,1.214894826606026,2337056.0450250003,232,2025-12-07 00:00:00+00:00,1.214894826606026,2025-12-07 00:00:00+00:00,7,0.18146817248459968,-0.026180698151950677,1.1569073337123363,-0.15015400410677615
2025-12-01 00:00:00+00:00,MAVIAUSDT,0.04773,0.464487743557511,3369191.239135,649,2025-12-03 00:00:00+00:00,0.464487743557511,2025-12-03 00:00:00+00:00,2,-0.2952789699570816,-0.13190271816881272,0.27131782945736416,-0.2952789699570816
2025-12-01 00:00:00+00:00,XNYUSDT,0.003751,0.4545454545454546,2814173.8239185,110,2025-12-05 00:00:00+00:00,0.4545454545454546,2025-12-04 00:00:00+00:00,4,-0.2752932551319648,-0.314149560117302,-0.0023993601706211454,-0.37023460410557185
2025-12-01 00:00:00+00:00,THEUSDT,0.1316,0.44376899696048633,2475418.68014,369,2025-12-06 00:00:00+00:00,0.44376899696048633,2025-12-03 00:00:00+00:00,5,-0.022631578947368447,0.09631578947368435,0.5828267477203648,-0.1205263157894737
2025-12-01 00:00:00+00:00,LABUSDT,0.07861,0.521943773056863,18512393.665735,45,2025-12-08 00:00:00+00:00,0.521943773056863,2025-12-04 00:00:00+00:00,7,0.3244734202607824,0.11985957873620845,0.7043633125556543,-0.16574724172517552
2025-12-03 00:00:00+00:00,TRUTHUSDT,0.014513,0.5820988079652725,18428991.7653225,63,2025-12-10 00:00:00+00:00,0.5820988079652725,2025-12-10 00:00:00+00:00,7,-0.5153085667000565,-0.5089499586254953,-0.22311031489009847,-0.6121249074517661
2025-12-03 00:00:00+00:00,RIVERUSDT,3.87,0.6175710594315245,16262142.25285,47,2025-12-10 00:00:00+00:00,0.6175710594315245,2025-12-09 00:00:00+00:00,7,-0.45063897763578276,0.9105431309904155,2.0904392764857884,-0.5562300319488818
2025-12-04 00:00:00+00:00,JELLYJELLYUSDT,0.04553,0.405007687239183,46761756.13247,253,2025-12-11 00:00:00+00:00,0.405007687239183,2025-12-11 00:00:00+00:00,7,0.1785211818039707,-0.020322025949663813,0.37645508455963106,-0.044552133812724715
2025-12-06 00:00:00+00:00,BASUSDT,0.00424,0.4219339622641509,5338637.330978,102,2025-12-13 00:00:00+00:00,0.4219339622641509,2025-12-13 00:00:00+00:00,7,-0.08094211311992039,-0.18792502902637243,0.15471698113207566,-0.18792502902637243
2025-12-06 00:00:00+00:00,MUSDT,1.295,0.4691119691119692,7014958.6746,152,2025-12-13 00:00:00+00:00,0.4691119691119692,2025-12-12 00:00:00+00:00,7,-0.2154007884362682,-0.12226018396846261,0.28949806949806955,-0.30622864651773984
2025-12-06 00:00:00+00:00,FOLKSUSDT,10.604,2.0976046774801964,33991062.4167,30,2025-12-13 00:00:00+00:00,2.0976046774801964,2025-12-07 00:00:00+00:00,7,-0.8684811398301214,-0.8953329071148051,-0.6757827235005658,-0.8956677931013487
2025-12-07 00:00:00+00:00,HUSDT,0.04751,0.4215954535887183,30127310.6432,165,2025-12-14 00:00:00+00:00,0.4215954535887183,2025-12-13 00:00:00+00:00,7,1.4064258217352679,1.4452176488007105,2.4761102925699854,0.0
2025-12-07 00:00:00+00:00,ICNTUSDT,0.23,0.6947826086956521,5974919.2782499995,157,2025-12-14 00:00:00+00:00,0.6947826086956521,2025-12-11 00:00:00+00:00,7,0.2901487942534635,0.16829143150333525,0.98,-0.17136993329912764
2025-12-09 00:00:00+00:00,LIGHTUSDT,0.5763,1.7031060211695297,20345247.81225,73,2025-12-16 00:00:00+00:00,1.7031060211695297,2025-12-10 00:00:00+00:00,7,-0.7032353318782899,-0.6308897162665298,-0.0022557695644630504,-0.7130568750802413
2025-12-09 00:00:00+00:00,SWARMSUSDT,0.01353,0.5247597930524759,3223528.112975,336,2025-12-16 00:00:00+00:00,0.5247597930524759,2025-12-16 00:00:00+00:00,7,-0.30634997576345124,-0.3179835191468735,0.039911308203991025,-0.3179835191468735
2025-12-09 00:00:00+00:00,PTBUSDT,0.003861,0.6309246309246308,6713182.89113,97,2025-12-16 00:00:00+00:00,0.6309246309246308,2025-12-16 00:00:00+00:00,7,-0.5742417023979673,-0.5261235508972526,-0.2271432271432271,-0.6066380816261712
2025-12-11 00:00:00+00:00,ACTUSDT,0.02,0.4604999999999999,8556402.463855,395,2025-12-18 00:00:00+00:00,0.4604999999999999,2025-12-17 00:00:00+00:00,7,-0.004792879150975704,-0.11229031153714475,0.2965,-0.16124614857925368
2025-12-11 00:00:00+00:00,FORMUSDT,0.3025,0.4472727272727275,10603909.217345,267,2025-12-16 00:00:00+00:00,0.4472727272727275,2025-12-16 00:00:00+00:00,5,-0.19095477386934678,-0.14938328003654644,0.23107438016528925,-0.2704431247144815
2025-12-12 00:00:00+00:00,BEATUSDT,2.0686,0.46717586773663355,136492927.397265,30,2025-12-15 00:00:00+00:00,0.46717586773663355,2025-12-15 00:00:00+00:00,3,-0.20224052718286667,-0.8717298187808896,-0.8118050855651165,-0.8717298187808896
2025-12-13 00:00:00+00:00,CCUSDT,0.07144,0.41895296752519595,8243625.516925,43,2025-12-20 00:00:00+00:00,0.41895296752519595,2025-12-20 00:00:00+00:00,7,0.5730492256091544,0.1619808621880241,0.6487961926091825,-0.11768767880043396
2025-12-14 00:00:00+00:00,AVAAIUSDT,0.0081,0.4481481481481484,3094390.429965,331,2025-12-16 00:00:00+00:00,0.4481481481481484,2025-12-16 00:00:00+00:00,2,-0.21568627450980404,-0.09633418584825237,0.308641975308642,-0.2412617220801364
2025-12-14 00:00:00+00:00,XPINUSDT,0.001874,0.571504802561366,5134586.5821325,93,2025-12-21 00:00:00+00:00,0.571504802561366,2025-12-21 00:00:00+00:00,7,-0.07028862478777598,-0.16977928692699495,0.3046958377801494,-0.2780984719864178
2025-12-14 00:00:00+00:00,APRUSDT,0.09402,0.48798128057860013,13405383.879725,52,2025-12-20 00:00:00+00:00,0.48798128057860013,2025-12-19 00:00:00+00:00,6,0.01665475339528233,-0.05746962115796994,0.40246756009359697,-0.1711937097927091
2025-12-15 00:00:00+00:00,EPICUSDT,0.4991,0.4898817872169907,3316174.7213899996,277,2025-12-22 00:00:00+00:00,0.4898817872169907,2025-12-19 00:00:00+00:00,7,0.09319526627218933,-0.23292092522861751,0.14285714285714302,-0.23292092522861751
2025-12-15 00:00:00+00:00,ANIMEUSDT,0.005947,0.5047923322683707,2972336.181133,326,2025-12-22 00:00:00+00:00,0.5047923322683707,2025-12-20 00:00:00+00:00,7,-0.17845569337356137,-0.2830483852944463,0.07886329241634438,-0.3195887808693709
2025-12-16 00:00:00+00:00,RESOLVUSDT,0.06957,0.4333764553686934,41539087.15322,189,2025-12-19 00:00:00+00:00,0.4333764553686934,2025-12-19 00:00:00+00:00,3,-0.28429602888086647,-0.23044524669073407,0.10306166451056487,-0.3070597673485761
2025-12-17 00:00:00+00:00,FUSDT,0.005842,0.4135570010270455,3602591.504881,182,2025-12-24 00:00:00+00:00,0.4135570010270455,2025-12-19 00:00:00+00:00,7,-0.1495519496246065,-0.21046258173891985,0.11605614515576845,-0.2737951077742795
2025-12-17 00:00:00+00:00,AVNTUSDT,0.2372,0.5556492411467115,17462706.424905002,99,2025-12-24 00:00:00+00:00,0.5556492411467115,2025-12-23 00:00:00+00:00,7,-0.12411924119241191,-0.2636856368563686,0.14544688026981456,-0.2731707317073171
2025-12-17 00:00:00+00:00,NILUSDT,0.05695,0.40228270412642675,6813018.834525,268,2025-12-22 00:00:00+00:00,0.40228270412642675,2025-12-20 00:00:00+00:00,5,-0.05108940646130733,-0.12797395442023551,0.22282704126426678,-0.17443025294264958
2025-12-18 00:00:00+00:00,ZBTUSDT,0.0712,1.2008426966292136,3689940.6396,62,2025-12-25 00:00:00+00:00,1.2008426966292136,2025-12-24 00:00:00+00:00,7,-0.18953414167198468,-0.3286534779834078,0.4775280898876404,-0.4039566049776644
2025-12-18 00:00:00+00:00,0GUSDT,0.7149,0.43978178766261045,20329510.1698,92,2025-12-25 00:00:00+00:00,0.43978178766261045,2025-12-25 00:00:00+00:00,7,-0.11473817157291366,0.10881181385407546,0.5964470555322423,-0.27474982998154085
2025-12-18 00:00:00+00:00,TSTUSDT,0.01311,0.41800152555301295,2259280.820655,312,2025-12-22 00:00:00+00:00,0.41800152555301295,2025-12-21 00:00:00+00:00,4,-0.06132329209252274,-0.1850457235072619,0.1556064073226544,-0.22646584185045715
2025-12-18 00:00:00+00:00,SOPHUSDT,0.011394,0.5065824117956821,2031361.864952,204,2025-12-19 00:00:00+00:00,0.5065824117956821,2025-12-19 00:00:00+00:00,1,-0.24216474426191315,-0.25364091809390654,0.12445146568369325,-0.2971571711522778
2025-12-19 00:00:00+00:00,ATUSDT,0.0927,0.742610571736785,26099908.295,51,2025-12-26 00:00:00+00:00,0.742610571736785,2025-12-26 00:00:00+00:00,7,-0.008233254921381716,-0.031199702859972644,0.6882416396979503,-0.039680574470719376
2025-12-19 00:00:00+00:00,LYNUSDT,0.08561,0.48580773274150224,4783839.52139,74,2025-12-26 00:00:00+00:00,0.48580773274150224,2025-12-26 00:00:00+00:00,7,0.11611635220125782,-0.20000000000000007,0.18864618619320161,-0.41981132075471694
2025-12-20 00:00:00+00:00,RVVUSDT,0.003057,0.7301275760549559,5296117.078611501,63,2025-12-27 00:00:00+00:00,0.7301275760549559,2025-12-27 00:00:00+00:00,7,-0.2917375685384761,-0.4825108716203441,-0.10467778868171407,-0.5002836074872377
2025-12-20 00:00:00+00:00,BANKUSDT,0.03753,0.4372501998401279,5615536.157575,246,2025-12-27 00:00:00+00:00,0.4372501998401279,2025-12-22 00:00:00+00:00,7,-0.13181312569521697,-0.014460511679644128,0.416466826538769,-0.18705969595847238
2025-12-21 00:00:00+00:00,CLOUSDT,0.1994,0.47943831494483446,11675183.12585,68,2025-12-28 00:00:00+00:00,0.47943831494483446,2025-12-25 00:00:00+00:00,7,1.4793220338983053,0.12983050847457633,0.6715145436308927,-0.04915254237288125
2025-12-21 00:00:00+00:00,EVAAUSDT,0.74,0.41648648648648656,5812043.2122,79,2025-12-28 00:00:00+00:00,0.41648648648648656,2025-12-28 00:00:00+00:00,7,-0.09196718183552766,-0.158271322266743,0.19229729729729717,-0.25701202060675443
2025-12-21 00:00:00+00:00,DOLOUSDT,0.03262,0.4138565297363579,2170531.251175,234,2025-12-26 00:00:00+00:00,0.4138565297363579,2025-12-24 00:00:00+00:00,5,-0.07003469210754565,0.12814397224631402,0.5950337216431636,-0.10819601040763227
2025-12-22 00:00:00+00:00,STBLUSDT,0.03818,0.4669984284965951,7760367.43083,96,2025-12-29 00:00:00+00:00,0.4669984284965951,2025-12-27 00:00:00+00:00,7,0.01963935011605078,-0.26691662203178,0.07543216343635417,-0.28530619532226376
2025-12-22 00:00:00+00:00,PIPPINUSDT,0.35907,0.4205029659954882,702232626.07961,332,2025-12-25 00:00:00+00:00,0.4205029659954882,2025-12-23 00:00:00+00:00,3,-0.2721640591302983,-0.2509900795984785,0.06397081349040579,-0.4525349958828373
2025-12-23 00:00:00+00:00,STABLEUSDT,0.009509,0.4740771900304974,19786255.58222,47,2025-12-27 00:00:00+00:00,0.4740771900304974,2025-12-26 00:00:00+00:00,4,0.035884996789612655,0.456445744453164,1.1469134504153957,-0.058286366554897606
2025-12-23 00:00:00+00:00,PIEVERSEUSDT,0.4487,0.4969913082237576,128980005.01075,39,2025-12-29 00:00:00+00:00,0.4969913082237576,2025-12-29 00:00:00+00:00,6,-0.3130861991960697,-0.14887598630340926,0.2741252507243146,-0.3130861991960697
2025-12-23 00:00:00+00:00,TRADOORUSDT,1.2,0.6858333333333335,36151762.0265,95,2025-12-30 00:00:00+00:00,0.6858333333333335,2025-12-27 00:00:00+00:00,7,-0.17498764211566986,-0.6248146317350469,-0.36749999999999994,-0.6554621848739497
2025-12-23 00:00:00+00:00,RECALLUSDT,0.0879,0.41524459613196796,4329163.2616,69,2025-12-30 00:00:00+00:00,0.41524459613196796,2025-12-30 00:00:00+00:00,7,-0.17524115755627012,-0.430064308681672,-0.19340159271899882,-0.430064308681672
2025-12-23 00:00:00+00:00,ONTUSDT,0.0535,0.405607476635514,2311188.232355,2087,2025-12-29 00:00:00+00:00,0.405607476635514,2025-12-27 00:00:00+00:00,6,-0.17420212765957444,-0.19148936170212771,0.1364485981308412,-0.25930851063829796
2025-12-24 00:00:00+00:00,BROCCOLI714USDT,0.01234,0.4141004862236628,2379818.601975,278,2025-12-31 00:00:00+00:00,0.4141004862236628,2025-12-31 00:00:00+00:00,7,0.3581661891117478,0.019484240687679177,0.44165316045380876,0.0
2025-12-24 00:00:00+00:00,HIPPOUSDT,0.000913,0.4041621029572837,2304804.1264095,406,2025-12-30 00:00:00+00:00,0.4041621029572837,2025-12-28 00:00:00+00:00,6,-0.04758190327613099,-0.32215288611544457,-0.04819277108433728,-0.32215288611544457
2025-12-26 00:00:00+00:00,IPUSDT,1.451,0.45003445899379746,13786164.01465,316,2026-01-02 00:00:00+00:00,0.45003445899379746,2026-01-01 00:00:00+00:00,7,0.32984790874524705,-0.2994296577946769,0.015851137146795313,-0.2994296577946769
2025-12-26 00:00:00+00:00,USELESSUSDT,0.06479,0.5013119308535268,14731564.02,133,2026-01-02 00:00:00+00:00,0.5013119308535268,2026-01-02 00:00:00+00:00,7,0.0690860491415648,-0.559062403618793,-0.3380151257910172,-0.559062403618793
2025-12-26 00:00:00+00:00,1000PEPEUSDT,0.0040325,0.48810911345319297,300645353.870751,966,2026-01-02 00:00:00+00:00,0.48810911345319297,2026-01-01 00:00:00+00:00,7,-0.012731635781895734,-0.30727569657379017,0.030849349039057783,-0.3089921343820823
2025-12-26 00:00:00+00:00,AIXBTUSDT,0.03174,0.4032766225582862,9597534.98779,371,2026-01-02 00:00:00+00:00,0.4032766225582862,2026-01-01 00:00:00+00:00,7,-0.20633138751683888,-0.4678940278401438,-0.2533081285444234,-0.4678940278401438
2025-12-27 00:00:00+00:00,MYXUSDT,3.441,0.7724498692240629,8967596.134599999,192,2026-01-03 00:00:00+00:00,0.7724498692240629,2026-01-03 00:00:00+00:00,7,-0.16084604033448102,-0.013444827020823058,0.7486195873292649,-0.20609936055091005
2025-12-28 00:00:00+00:00,1000BONKUSDT,0.007996,0.49787393696848437,49051483.772097,767,2026-01-04 00:00:00+00:00,0.49787393696848437,2026-01-04 00:00:00+00:00,7,-0.1964598814394255,-0.411538782666778,-0.11855927963981994,-0.414294063621942
2025-12-28 00:00:00+00:00,1000000MOGUSDT,0.2374,0.42417860151642794,5681464.342575,416,2026-01-04 00:00:00+00:00,0.42417860151642794,2026-01-03 00:00:00+00:00,7,-0.17272996154983733,-0.4540076900325348,-0.22240943555181136,-0.4540076900325348
2025-12-28 00:00:00+00:00,RENDERUSDT,1.321,0.5056775170325511,16701160.7807,520,2026-01-04 00:00:00+00:00,0.5056775170325511,2026-01-03 00:00:00+00:00,7,0.041729512317747686,-0.22171945701357465,0.1718395155185466,-0.24786324786324787
2025-12-28 00:00:00+00:00,BOMEUSDT,0.000583,0.45900514579759855,8925610.597852599,652,2026-01-04 00:00:00+00:00,0.45900514579759855,2026-01-04 00:00:00+00:00,7,-0.25805313896073356,-0.4447448859628498,-0.18987993138936532,-0.4503879614389843
2025-12-28 00:00:00+00:00,GRIFFAINUSDT,0.01603,0.4204616344354335,5140538.779689999,360,2026-01-04 00:00:00+00:00,0.4204616344354335,2026-01-01 00:00:00+00:00,7,-0.1497584541062802,-0.5221783047870003,-0.32127261384903294,-0.5287659200702679
2025-12-28 00:00:00+00:00,QUSDT,0.011997,0.5688922230557638,2999482.6367905,117,2026-01-02 00:00:00+00:00,0.5688922230557638,2025-12-31 00:00:00+00:00,5,-0.042078418871533185,0.026989692912549268,0.6112361423689254,-0.11778769525023891
2025-12-28 00:00:00+00:00,1000FLOKIUSDT,0.04071,0.4060427413411938,16466928.740715,967,2026-01-04 00:00:00+00:00,0.4060427413411938,2026-01-03 00:00:00+00:00,7,-0.1839622641509434,-0.39622641509433965,-0.15106853352984528,-0.4075821104122991
2025-12-28 00:00:00+00:00,BRETTUSDT,0.01441,0.41776544066620414,6067400.864415,495,2026-01-04 00:00:00+00:00,0.41776544066620414,2026-01-04 00:00:00+00:00,7,-0.25305922662750857,-0.5526186979931473,-0.36571825121443435,-0.5526186979931473
2025-12-28 00:00:00+00:00,4USDT,0.02016,0.4900793650793651,16151617.531595,81,2026-01-04 00:00:00+00:00,0.4900793650793651,2026-01-02 00:00:00+00:00,7,-0.15346205059920104,-0.6015312916111851,-0.40625,-0.6165113182423435
2025-12-29 00:00:00+00:00,NEIROUSDT,0.0001066,0.41275797373358336,17589746.6894826,469,2026-01-04 00:00:00+00:00,0.41275797373358336,2026-01-02 00:00:00+00:00,6,-0.20385126162018596,-0.4229747675962816,-0.1848030018761726,-0.4382470119521913
2025-12-29 00:00:00+00:00,BUSDT,0.1463,0.43335611756664383,2596429.36565,221,2026-01-05 00:00:00+00:00,0.43335611756664383,2026-01-03 00:00:00+00:00,7,-0.04005722460658079,-0.089175011921793,0.30553656869446333,-0.16165951359084396
2025-12-29 00:00:00+00:00,PENGUUSDT,0.008899,0.470052814923025,94491135.3248975,377,2026-01-05 00:00:00+00:00,0.470052814923025,2026-01-02 00:00:00+00:00,7,-0.20791927839779856,-0.44152270295061913,-0.17900887740195537,-0.44152270295061913
2025-12-29 00:00:00+00:00,HOMEUSDT,0.016306,0.43910217098000737,3155645.141962,202,2026-01-05 00:00:00+00:00,0.43910217098000737,2025-12-31 00:00:00+00:00,7,0.2533878803375096,0.23851529873007737,0.7823500551944067,0.0
2025-12-29 00:00:00+00:00,VIRTUALUSDT,0.6795,0.606475349521707,37985698.100515,384,2026-01-05 00:00:00+00:00,0.606475349521707,2026-01-03 00:00:00+00:00,7,-0.20126419934041762,-0.4203004763649688,-0.06872700515084618,-0.44054598754122387
2025-12-29 00:00:00+00:00,POPCATUSDT,0.0788,0.40862944162436565,7286051.64875,494,2026-01-04 00:00:00+00:00,0.40862944162436565,2026-01-03 00:00:00+00:00,6,-0.22702702702702704,-0.49459459459459465,-0.28807106598984766,-0.5108108108108108
2025-12-29 00:00:00+00:00,CHILLGUYUSDT,0.01587,0.47637051039697553,2036191.74599,397,2026-01-05 00:00:00+00:00,0.47637051039697553,2026-01-02 00:00:00+00:00,7,-0.18992744344857015,-0.5194195475885617,-0.2904851921865155,-0.5194195475885617
2025-12-29 00:00:00+00:00,WIFUSDT,0.2893,0.4134116833736605,77816982.07530999,711,2026-01-05 00:00:00+00:00,0.4134116833736605,2026-01-04 00:00:00+00:00,7,-0.13670824162386896,-0.392761066275373,-0.1417213964742482,-0.40009782342871114
2025-12-29 00:00:00+00:00,FARTCOINUSDT,0.2891,0.4873746108612935,148100676.807455,374,2026-01-05 00:00:00+00:00,0.4873746108612935,2026-01-03 00:00:00+00:00,7,-0.24348837209302332,-0.4858139534883721,-0.23521272915946045,-0.4983720930232558
2025-12-29 00:00:00+00:00,IRYSUSDT,0.027305,0.6664713422450101,13835465.148832,33,2026-01-05 00:00:00+00:00,0.6664713422450101,2026-01-04 00:00:00+00:00,7,-0.012988154627167514,0.036569017427422246,0.7274125618018679,-0.06959980660615794
2025-12-29 00:00:00+00:00,STXUSDT,0.2548,0.4713500784929354,5519302.8887,1042,2026-01-05 00:00:00+00:00,0.4713500784929354,2026-01-04 00:00:00+00:00,7,-0.1381701787143238,-0.2579354494531876,0.09183673469387754,-0.3200853560949586
2025-12-30 00:00:00+00:00,GUNUSDT,0.01131,0.4014146772767462,2732755.97348,274,2026-01-06 00:00:00+00:00,0.4014146772767462,2026-01-03 00:00:00+00:00,7,0.5930599369085174,0.48643533123028404,1.0831122900088417,0.0
2025-12-30 00:00:00+00:00,JASMYUSDT,0.005836,0.6379369431117203,6000642.176266501,2094,2026-01-06 00:00:00+00:00,0.6379369431117203,2026-01-05 00:00:00+00:00,7,-0.26917041531540953,-0.481954179307459,-0.15147361206305687,-0.481954179307459
2025-12-30 00:00:00+00:00,PUMPUSDT,0.001842,0.43919652551574373,112280554.5407925,262,2026-01-06 00:00:00+00:00,0.43919652551574373,2026-01-02 00:00:00+00:00,7,-0.09505846850245192,-0.27235005658242184,0.04723127035830599,-0.27235005658242184
2025-12-30 00:00:00+00:00,FETUSDT,0.2073,0.4249879401833092,42080348.214200005,1078,2026-01-06 00:00:00+00:00,0.4249879401833092,2026-01-04 00:00:00+00:00,7,-0.21496276235612732,-0.499322951929587,-0.2865412445730825,-0.499322951929587
2025-12-31 00:00:00+00:00,AEROUSDT,0.4022,0.5037294878170064,8504099.04154,392,2026-01-05 00:00:00+00:00,0.5037294878170064,2026-01-02 00:00:00+00:00,5,-0.18353174603174605,-0.4045965608465609,-0.10467429139731488,-0.4045965608465609
2025-12-31 00:00:00+00:00,CLANKERUSDT,27.52,0.4785610465116279,3220428.90675,49,2026-01-06 00:00:00+00:00,0.4785610465116279,2026-01-02 00:00:00+00:00,6,-0.2686163676579011,-0.36225116736298846,-0.05704941860465118,-0.4327844679282379
2025-12-31 00:00:00+00:00,PNUTUSDT,0.06872,0.4074505238649593,14899698.503295,415,2026-01-04 00:00:00+00:00,0.4074505238649593,2026-01-02 00:00:00+00:00,4,-0.19323821339950376,-0.4238006617038875,-0.1890279394644936,-0.4238006617038875
2025-12-31 00:00:00+00:00,YALAUSDT,0.01692,0.4143026004728132,2787051.726135,146,2026-01-05 00:00:00+00:00,0.4143026004728132,2026-01-05 00:00:00+00:00,5,-0.36356038445465944,-0.5779356456330966,-0.40307328605200954,-0.5812787296280819
2026-01-02 00:00:00+00:00,TAUSDT,0.0272,0.6875000000000002,2021777.7678399999,165,2026-01-08 00:00:00+00:00,0.6875000000000002,2026-01-06 00:00:00+00:00,6,-0.2030501089324619,-0.19019607843137254,0.36654411764705896,-0.2311546840958606
2026-01-03 00:00:00+00:00,POLUSDT,0.11549,0.5361503160446794,16116446.745465,477,2026-01-10 00:00:00+00:00,0.5361503160446794,2026-01-09 00:00:00+00:00,7,-0.2902880333690323,-0.46823741615467007,-0.18313273876526104,-0.4834000338199651
2026-01-03 00:00:00+00:00,VVVUSDT,1.837,0.5307566684812193,2092395.12955,339,2026-01-10 00:00:00+00:00,0.5307566684812193,2026-01-09 00:00:00+00:00,7,0.06685633001422486,-0.34032716927453766,0.009798584648884168,-0.4100284495021337
2026-01-03 00:00:00+00:00,RIVERUSDT,12.265,0.5209947003668978,82471417.36,78,2026-01-06 00:00:00+00:00,0.5209947003668978,2026-01-05 00:00:00+00:00,3,0.9054409005628516,-0.3164835164835166,0.03962494904198932,-0.3588850174216027
2026-01-04 00:00:00+00:00,TRUTHUSDT,0.009343,0.4942737878625707,36661832.7452005,95,2026-01-11 00:00:00+00:00,0.4942737878625707,2026-01-08 00:00:00+00:00,7,-0.06296110593797,-0.006947926366306145,0.4838916836134002,-0.23228995057660617
2026-01-05 00:00:00+00:00,XMRUSDT,436.59,0.44984997365949764,30543505.95697,2100,2026-01-12 00:00:00+00:00,0.44984997365949764,2026-01-11 00:00:00+00:00,7,-0.2694513341442992,-0.4530719284664845,-0.20703634989349273,-0.5369753076667878
2026-01-06 00:00:00+00:00,1000RATSUSDT,0.04552,0.47100175746924444,3214547.472585,753,2026-01-13 00:00:00+00:00,0.47100175746924444,2026-01-10 00:00:00+00:00,7,-0.12320788530465965,-0.3079450418160097,0.018014059753954426,-0.40203106332138594
2026-01-06 00:00:00+00:00,币安人生USDT,0.13132,0.4194334450197992,22340365.54329,78,2026-01-13 00:00:00+00:00,0.4194334450197992,2026-01-10 00:00:00+00:00,7,-0.1351394849785409,-0.4570815450643777,-0.2293633871459031,-0.5129828326180258
2026-01-06 00:00:00+00:00,ARCUSDT,0.03529,0.9013884953244546,12184205.81808,354,2026-01-13 00:00:00+00:00,0.9013884953244546,2026-01-09 00:00:00+00:00,7,-0.230849478390462,0.12116244411326371,1.1317653726268064,-0.3766020864381521
2026-01-06 00:00:00+00:00,ALCHUSDT,0.11154,0.4526627218934911,7015928.04041,364,2026-01-12 00:00:00+00:00,0.4526627218934911,2026-01-11 00:00:00+00:00,6,-0.3385792754428193,-0.5081157810282046,-0.28545813161197786,-0.5081157810282046
2026-01-07 00:00:00+00:00,DASHUSDT,40.86,0.9537444933920705,38557991.924685,2102,2026-01-14 00:00:00+00:00,0.9537444933920705,2026-01-13 00:00:00+00:00,7,-0.27007390705248646,-0.5361392960040086,-0.09373470386686245,-0.5753476136790681
2026-01-07 00:00:00+00:00,ICPUSDT,3.227,0.405639913232104,44021050.379,2102,2026-01-14 00:00:00+00:00,0.405639913232104,2026-01-14 00:00:00+00:00,7,-0.2929894179894179,-0.4722222222222221,-0.2581344902386117,-0.5059523809523809
2026-01-07 00:00:00+00:00,FHEUSDT,0.03926,0.4780947529291899,20169287.637925,270,2026-01-14 00:00:00+00:00,0.4780947529291899,2026-01-14 00:00:00+00:00,7,1.1695674651042567,-0.2357401344132345,0.12964849719816596,-0.2357401344132345
2026-01-08 00:00:00+00:00,BDXNUSDT,0.0168,0.6892857142857143,2085650.7823899998,219,2026-01-15 00:00:00+00:00,0.6892857142857143,2026-01-14 00:00:00+00:00,7,-0.36997885835095135,-0.5930232558139534,-0.3125,-0.606060606060606
2026-01-10 00:00:00+00:00,KGENUSDT,0.20002,0.42175782421757835,5421836.0511799995,95,2026-01-17 00:00:00+00:00,0.42175782421757835,2026-01-14 00:00:00+00:00,7,-0.22093677473802664,-0.39661720233490405,-0.14213578642135793,-0.43498136296504686
2026-01-10 00:00:00+00:00,AXSUSDT,0.955,1.0157068062827226,7542346.047,2105,2026-01-17 00:00:00+00:00,1.0157068062827226,2026-01-14 00:00:00+00:00,7,-0.05714285714285716,-0.292987012987013,0.42513089005235605,-0.3438961038961039
2026-01-10 00:00:00+00:00,ZENUSDT,8.497,0.4881722961045074,33295941.886650003,2105,2026-01-16 00:00:00+00:00,0.4881722961045074,2026-01-13 00:00:00+00:00,6,-0.3540529853697114,-0.5012257809410834,-0.2577380251853595,-0.5580071174377224
2026-01-11 00:00:00+00:00,LABUSDT,0.13166,0.5516481847182135,8237472.93096,86,2026-01-18 00:00:00+00:00,0.5516481847182135,2026-01-17 00:00:00+00:00,7,-0.3389789025405062,-0.28635762886093297,0.10732188971593493,-0.43222869450291257
2026-01-11 00:00:00+00:00,BERAUSDT,0.5824,0.4575892857142856,8232103.479,339,2026-01-18 00:00:00+00:00,0.4575892857142856,2026-01-14 00:00:00+00:00,7,-0.45682648132877834,-0.2378372010837554,0.11092032967032961,-0.5593120508893863
2026-01-11 00:00:00+00:00,UAIUSDT,0.1487,0.43375924680564903,5973901.4958,66,2026-01-16 00:00:00+00:00,0.43375924680564903,2026-01-13 00:00:00+00:00,5,-0.1468105065666041,0.15619136960600377,0.6577000672494957,-0.20684803001876173
2026-01-12 00:00:00+00:00,ROSEUSDT,0.01191,0.6666666666666665,3706450.88675,2107,2026-01-19 00:00:00+00:00,0.6666666666666665,2026-01-16 00:00:00+00:00,7,-0.15415617128463477,-0.3198992443324937,0.1335012594458438,-0.382367758186398
2026-01-12 00:00:00+00:00,BLUAIUSDT,0.00489,0.4308793456032718,2171639.184055,83,2026-01-19 00:00:00+00:00,0.4308793456032718,2026-01-16 00:00:00+00:00,7,-0.24996427040160063,-0.23395741031870798,0.0961145194274029,-0.3272831213377161
2026-01-14 00:00:00+00:00,HANAUSDT,0.01103,1.030825022665458,3250439.0025549997,110,2026-01-21 00:00:00+00:00,1.030825022665458,2026-01-21 00:00:00+00:00,7,0.39151785714285725,0.5674107142857143,2.1831368993653673,-0.004910714285714213
2026-01-15 00:00:00+00:00,POWERUSDT,0.14629,0.40330849682138226,45293007.74941,40,2026-01-22 00:00:00+00:00,0.40330849682138226,2026-01-21 00:00:00+00:00,7,-0.0453991913877928,1.175848799259584,2.0533871077995762,-0.09318525013395684
2026-01-17 00:00:00+00:00,DUSKUSDT,0.11591,0.9376240186351481,2037794.0802099998,2112,2026-01-20 00:00:00+00:00,0.9376240186351481,2026-01-18 00:00:00+00:00,3,-0.5458836101340221,-0.6201522774834143,-0.2639979294280045,-0.6330201700877154
2026-01-17 00:00:00+00:00,SOMIUSDT,0.2314,0.4537597234226447,7195509.33325,145,2026-01-24 00:00:00+00:00,0.4537597234226447,2026-01-24 00:00:00+00:00,7,-0.4658145065398335,-0.4215219976218787,-0.15903197925669832,-0.49613555291319855
2026-01-17 00:00:00+00:00,ENSOUSDT,0.6624,1.6609299516908211,3853884.319245,95,2026-01-24 00:00:00+00:00,1.6609299516908211,2026-01-24 00:00:00+00:00,7,-0.20832860546919318,0.121411551117667,1.9839975845410627,-0.391637353908998
2026-01-18 00:00:00+00:00,NOMUSDT,0.007736,0.8857290589451914,3972572.009455,109,2026-01-25 00:00:00+00:00,0.8857290589451914,2026-01-25 00:00:00+00:00,7,-0.5817109953386346,-0.700987112695366,-0.436142709410548,-0.700987112695366
2026-01-18 00:00:00+00:00,AUCTIONUSDT,5.35,0.4061682242990654,3222998.84569,765,2026-01-25 00:00:00+00:00,0.4061682242990654,2026-01-25 00:00:00+00:00,7,-0.3632859231689485,-0.3585005981656254,-0.09794392523364492,-0.4212415259869733
2026-01-19 00:00:00+00:00,0GUSDT,0.7979,0.4303797468354429,22778718.899949998,124,2026-01-24 00:00:00+00:00,0.4303797468354429,2026-01-23 00:00:00+00:00,5,-0.5184438797862088,-0.4522912468237974,-0.21656849229226727,-0.5697888372908086
2026-01-19 00:00:00+00:00,ZKCUSDT,0.1039,0.4263715110683348,4499748.6439,126,2026-01-25 00:00:00+00:00,0.4263715110683348,2026-01-25 00:00:00+00:00,6,-0.4190283400809717,-0.4439946018893387,-0.20692974013474497,-0.4439946018893387
2026-01-20 00:00:00+00:00,PTBUSDT,0.001929,0.7719025401762571,10233621.25117,139,2026-01-27 00:00:00+00:00,0.7719025401762571,2026-01-27 00:00:00+00:00,7,-0.5485664131070802,-0.670860152135752,-0.416796267496112,-0.670860152135752
2026-01-20 00:00:00+00:00,HYPEUSDT,20.982,0.4679248879992375,204585061.85458,235,2026-01-27 00:00:00+00:00,0.4679248879992375,2026-01-27 00:00:00+00:00,7,-0.06357142857142861,-0.08740259740259737,0.3396244399961872,-0.14389610389610397
2026-01-21 00:00:00+00:00,PLAYUSDT,0.0779,0.6222079589216947,6374045.839129999,174,2026-01-28 00:00:00+00:00,0.6222079589216947,2026-01-28 00:00:00+00:00,7,-0.38173617155970563,-0.8507557173379758,-0.7578947368421053,-0.8653952678642083
2026-01-22 00:00:00+00:00,BULLAUSDT,0.02769,2.112314915131817,2359384.02388,202,2026-01-29 00:00:00+00:00,2.112314915131817,2026-01-28 00:00:00+00:00,7,-0.7057321884427942,-0.736829890925969,-0.18093174431202608,-0.8331399396611743
2026-01-25 00:00:00+00:00,PIPPINUSDT,0.31754,0.4228128739686339,151093284.039735,366,2026-01-27 00:00:00+00:00,0.4228128739686339,2026-01-27 00:00:00+00:00,2,-0.13855688357680385,0.7915670650730413,1.549064684764124,-0.6407259849490925
2026-01-26 00:00:00+00:00,STABLEUSDT,0.020415,0.48048003918687243,14557262.629794002,81,2026-02-02 00:00:00+00:00,0.48048003918687243,2026-01-28 00:00:00+00:00,7,-0.02041424033880357,-0.07010984647961882,0.3766838109233408,-0.43607728957120173
2026-01-28 00:00:00+00:00,CYSUSDT,0.2359,0.5137770241627808,15339310.67345,47,2026-01-31 00:00:00+00:00,0.5137770241627808,2026-01-31 00:00:00+00:00,3,0.38980677681321785,-0.1554186502380286,0.27850784230606185,-0.17082049845981517
2026-01-28 00:00:00+00:00,SENTUSDT,0.02477,0.8595074687121516,3253088.50899,75,2026-01-31 00:00:00+00:00,0.8595074687121516,2026-01-29 00:00:00+00:00,3,-0.49218410768562737,-0.54776378636561,-0.15906338312474766,-0.5510204081632653
2026-01-30 00:00:00+00:00,C98USDT,0.0196,0.4795918367346941,2032202.3234,2125,2026-02-05 00:00:00+00:00,0.4795918367346941,2026-01-31 00:00:00+00:00,6,-0.05862068965517242,-0.14482758620689662,0.26530612244897966,-0.18620689655172418
2026-01-31 00:00:00+00:00,OGUSDT,2.966,0.4093054619015508,8018771.60545,264,2026-02-03 00:00:00+00:00,0.4093054619015508,2026-02-03 00:00:00+00:00,3,-0.18971291866028706,-0.3301435406698564,-0.055967633175994735,-0.34330143540669844
2026-01-31 00:00:00+00:00,GPSUSDT,0.006694,0.5186734389005079,5761655.1894074995,348,2026-02-07 00:00:00+00:00,0.5186734389005079,2026-02-02 00:00:00+00:00,7,0.30906944717686424,-0.19388156600432827,0.22423065431729894,-0.19388156600432827
2026-01-31 00:00:00+00:00,TRADOORUSDT,0.783,0.6270753512132823,12314630.656,134,2026-02-07 00:00:00+00:00,0.6270753512132823,2026-02-06 00:00:00+00:00,7,0.1295133437990581,0.46624803767660916,1.3856960408684547,-0.0023547880690738543
2026-01-31 00:00:00+00:00,MUSDT,1.2808,0.44878201124297323,4515577.0811,208,2026-02-07 00:00:00+00:00,0.44878201124297323,2026-02-06 00:00:00+00:00,7,-0.2635266221168354,-0.17331321405475308,0.19768894440974405,-0.2954300495796508
2026-01-31 00:00:00+00:00,MYXUSDT,4.842,0.41201982651796776,12628219.4095,227,2026-02-06 00:00:00+00:00,0.41201982651796776,2026-02-02 00:00:00+00:00,6,-0.8500804446394618,-0.9561357320462192,-0.9380627839735647,-0.9566037735849057
2026-02-01 00:00:00+00:00,COLLECTUSDT,0.03829,0.5168451292765737,31316892.13867,32,2026-02-07 00:00:00+00:00,0.5168451292765737,2026-02-06 00:00:00+00:00,6,-0.14221763085399441,-0.06835399449035817,0.4131627056672762,-0.3710399449035813
2026-02-01 00:00:00+00:00,PARTIUSDT,0.07325,0.42484641638225273,4620204.550559999,313,2026-02-08 00:00:00+00:00,0.42484641638225273,2026-02-06 00:00:00+00:00,7,0.053463638976717354,-0.18961387371850147,0.1546757679180888,-0.2102136629299607
2026-02-03 00:00:00+00:00,ZKPUSDT,0.07813,0.47920133111480867,39797303.32051,44,2026-02-09 00:00:00+00:00,0.47920133111480867,2026-02-09 00:00:00+00:00,6,-0.24521934758155228,-0.26667820368607764,0.08473057724305644,-0.291511637968331
2026-02-03 00:00:00+00:00,HUSDT,0.10607,0.4168945036296785,15411313.082845,223,2026-02-09 00:00:00+00:00,0.4168945036296785,2026-02-08 00:00:00+00:00,6,-0.10459777762991562,-0.13846563310932192,0.22070330913547664,-0.19582141193692204
2026-02-03 00:00:00+00:00,LYNUSDT,0.11509,0.5337561908071944,11041926.35197,120,2026-02-10 00:00:00+00:00,0.5337561908071944,2026-02-08 00:00:00+00:00,7,0.7377067754362112,0.745071380013596,1.676514032496307,0.0
2026-02-03 00:00:00+00:00,YALAUSDT,0.01002,0.4401197604790421,2861560.8770049997,180,2026-02-10 00:00:00+00:00,0.4401197604790421,2026-02-10 00:00:00+00:00,7,0.0,0.0,0.4401197604790421,0.0
2026-02-05 00:00:00+00:00,ZROUSDT,1.4667,0.44398990932024285,37625879.313255,595,2026-02-11 00:00:00+00:00,0.44398990932024285,2026-02-09 00:00:00+00:00,6,-0.2813163983190897,-0.08187355399216212,0.32576532351537457,-0.296284054960102
2026-02-05 00:00:00+00:00,TOSHIUSDT,0.0001688,0.43187203791469186,3155044.8656197498,141,2026-02-12 00:00:00+00:00,0.43187203791469186,2026-02-06 00:00:00+00:00,7,-0.13405047579644191,-0.11088125775755064,0.2731042654028435,-0.17376913529168392
2026-02-05 00:00:00+00:00,TAKEUSDT,0.01992,1.1460843373493979,3276785.4940250004,155,2026-02-12 00:00:00+00:00,1.1460843373493979,2026-02-11 00:00:00+00:00,7,-0.5529824561403509,-0.48982456140350883,0.09487951807228923,-0.5871345029239767
2026-02-05 00:00:00+00:00,STGUSDT,0.1272,0.4339622641509433,7978235.085750001,2131,2026-02-11 00:00:00+00:00,0.4339622641509433,2026-02-09 00:00:00+00:00,6,-0.27083333333333337,-0.040570175438596534,0.37578616352201233,-0.2883771929824561
2026-02-05 00:00:00+00:00,KITEUSDT,0.1294,0.4895672333848533,11378394.33855,99,2026-02-12 00:00:00+00:00,0.4895672333848533,2026-02-08 00:00:00+00:00,7,0.3030350194552529,0.15543450064850828,0.7210973724884082,0.0
2026-02-05 00:00:00+00:00,IRUSDT,0.05354,0.44228614120283893,5154529.331295,46,2026-02-11 00:00:00+00:00,0.44228614120283893,2026-02-11 00:00:00+00:00,6,-0.05490805490805484,-0.44224294224294225,-0.19555472543892416,-0.4522144522144522
2026-02-05 00:00:00+00:00,RIVERUSDT,12.751,0.7293545604266332,807602761.4166,111,2026-02-12 00:00:00+00:00,0.7293545604266332,2026-02-10 00:00:00+00:00,7,-0.49204117727087204,-0.002630266201079312,0.7248058975766607,-0.6376581560926942
2026-02-05 00:00:00+00:00,ALLOUSDT,0.052,0.5938461538461539,4482374.486749999,86,2026-02-11 00:00:00+00:00,0.5938461538461539,2026-02-09 00:00:00+00:00,6,0.3673986486486487,0.4419642857142858,1.2982692307692312,-0.07335907335907343
2026-02-05 00:00:00+00:00,BEATUSDT,0.1519,0.7044107965766953,32696973.4141,85,2026-02-12 00:00:00+00:00,0.7044107965766953,2026-02-06 00:00:00+00:00,7,-0.1552723059096176,0.7361915797605252,1.9591836734693877,-0.23831595210505996
2026-02-05 00:00:00+00:00,LAUSDT,0.172,0.6517441860465119,2209755.992175,245,2026-02-07 00:00:00+00:00,0.6517441860465119,2026-02-07 00:00:00+00:00,2,-0.268567405843013,-0.23970432946145726,0.2558139534883721,-0.2882787750791975
2026-02-05 00:00:00+00:00,BREVUSDT,0.1256,0.42914012738853513,33634572.19285,37,2026-02-07 00:00:00+00:00,0.42914012738853513,2026-02-07 00:00:00+00:00,2,-0.24902506963788296,-0.24902506963788296,0.0732484076433122,-0.2908077994428969
2026-02-05 00:00:00+00:00,BTRUSDT,0.07857,0.8302150948199059,12933154.012655001,162,2026-02-12 00:00:00+00:00,0.8302150948199059,2026-02-12 00:00:00+00:00,7,0.36050069541029206,-0.1642559109874827,0.5295914471172203,-0.19151599443671774
2026-02-05 00:00:00+00:00,INUSDT,0.04642,0.4750107712193019,2424353.849025,182,2026-02-11 00:00:00+00:00,0.4750107712193019,2026-02-07 00:00:00+00:00,6,-0.023806046443698103,-0.024390243902439046,0.43903489875053836,-0.1162552942894699
2026-02-05 00:00:00+00:00,BANANAS31USDT,0.003095,0.4420032310177706,3507462.798943,320,2026-02-09 00:00:00+00:00,0.4420032310177706,2026-02-07 00:00:00+00:00,4,0.06990813354246028,0.6486668160430205,1.3773828756058157,-0.03271342146538214
2026-02-05 00:00:00+00:00,CLANKERUSDT,25.95,0.4235067437379576,4620729.4010499995,85,2026-02-10 00:00:00+00:00,0.4235067437379576,2026-02-06 00:00:00+00:00,5,-0.19599350297780183,-0.2883053600433134,0.013102119460500994,-0.2902003248511099
2026-02-05 00:00:00+00:00,ASTERUSDT,0.4672,0.5297517123287672,156773717.8456,139,2026-02-12 00:00:00+00:00,0.5297517123287672,2026-02-07 00:00:00+00:00,7,-0.02504547362529741,-0.0019588638589617124,0.5267551369863015,-0.04169581642647269
2026-02-05 00:00:00+00:00,APRUSDT,0.06697,0.4821561893385098,2015163.99295,105,2026-02-10 00:00:00+00:00,0.4821561893385098,2026-02-06 00:00:00+00:00,5,-0.09449929478138219,0.13600644771307668,0.6837389876063908,-0.2295990328430385
2026-02-06 00:00:00+00:00,RVVUSDT,0.001602,0.4263420724094884,4218679.8964485,111,2026-02-08 00:00:00+00:00,0.4263420724094884,2026-02-08 00:00:00+00:00,2,-0.7781181619256018,-0.7781181619256018,-0.6835205992509363,-0.7781181619256018
2026-02-06 00:00:00+00:00,VVVUSDT,1.988,0.47384305835010077,9411228.524245,373,2026-02-13 00:00:00+00:00,0.47384305835010077,2026-02-13 00:00:00+00:00,7,0.5682593856655289,1.0764505119453922,2.060362173038229,0.0
2026-02-06 00:00:00+00:00,NAORISUSDT,0.02279,0.48705572619570003,2906125.547525,190,2026-02-13 00:00:00+00:00,0.48705572619570003,2026-02-13 00:00:00+00:00,7,-0.0646208321038656,0.9350840956034225,1.8775778850372968,-0.14842136323399235
2026-02-07 00:00:00+00:00,CLOUSDT,0.056,0.6026785714285714,32163541.625725,116,2026-02-13 00:00:00+00:00,0.6026785714285714,2026-02-12 00:00:00+00:00,6,-0.22250696378830082,-0.23487465181058498,0.22624999999999984,-0.24178272980501392
2026-02-08 00:00:00+00:00,COAIUSDT,0.2989,0.4208765473402476,4526606.7676,136,2026-02-14 00:00:00+00:00,0.4208765473402476,2026-02-13 00:00:00+00:00,6,-0.23287026136096078,-0.22557099128796798,0.10036801605888268,-0.2971509300682835
2026-02-08 00:00:00+00:00,INITUSDT,0.0674,0.6063798219584571,3182326.5349000003,298,2026-02-15 00:00:00+00:00,0.6063798219584571,2026-02-15 00:00:00+00:00,7,-0.30433176318463107,-0.14205227671561838,0.3781899109792284,-0.30433176318463107
2026-02-08 00:00:00+00:00,FHEUSDT,0.08427,0.5086032989201377,36714964.53057,302,2026-02-10 00:00:00+00:00,0.5086032989201377,2026-02-10 00:00:00+00:00,2,-0.7718870447573349,-0.8426807205223,-0.7626676159962027,-0.8456697868323764
2026-02-09 00:00:00+00:00,MOODENGUSDT,0.04508,0.4103815439219165,9931467.711185,472,2026-02-16 00:00:00+00:00,0.4103815439219165,2026-02-12 00:00:00+00:00,7,-0.22569990563070141,-0.18748033972947464,0.14596273291925455,-0.2731991192198804
2026-02-09 00:00:00+00:00,MUBARAKUSDT,0.01387,0.45926459985580403,4288622.6389649995,329,2026-02-16 00:00:00+00:00,0.45926459985580403,2026-02-13 00:00:00+00:00,7,-0.325592885375494,-0.2712450592885376,0.06344628695025234,-0.34980237154150207
2026-02-09 00:00:00+00:00,USELESSUSDT,0.03316,0.574487334137515,13865832.148589998,178,2026-02-16 00:00:00+00:00,0.574487334137515,2026-02-14 00:00:00+00:00,7,-0.21643363340356248,-0.25359126604098836,0.17521109770808185,-0.31545680904041373
2026-02-10 00:00:00+00:00,OMUSDT,0.04436,0.40419296663660953,9432707.4469545,728,2026-02-16 00:00:00+00:00,0.40419296663660953,2026-02-13 00:00:00+00:00,6,0.08733344035960822,0.08733344035960822,0.5268259693417494,-0.10868518221223311
2026-02-10 00:00:00+00:00,ORCAUSDT,0.758,0.5369393139841689,2766076.4153,431,2026-02-17 00:00:00+00:00,0.5369393139841689,2026-02-17 00:00:00+00:00,7,-0.2600858369098713,-0.20686695278969958,0.21899736147757265,-0.2600858369098713
2026-02-11 00:00:00+00:00,BASUSDT,0.004694,0.4965913932680017,2042564.0414180001,169,2026-02-18 00:00:00+00:00,0.4965913932680017,2026-02-13 00:00:00+00:00,7,-0.09523131672597873,0.38491103202846966,1.0726459309757135,-0.2885409252669039
2026-02-11 00:00:00+00:00,BANUSDT,0.08141,0.45338410514678795,3048262.90257,450,2026-02-18 00:00:00+00:00,0.45338410514678795,2026-02-15 00:00:00+00:00,7,-0.07090939824205544,-0.5492731575388776,-0.34492077140400434,-0.5492731575388776
2026-02-13 00:00:00+00:00,RAVEUSDT,0.37139,0.5612698241740488,4882572.322265,61,2026-02-20 00:00:00+00:00,0.5612698241740488,2026-02-19 00:00:00+00:00,7,-0.49160113134657835,-0.5548427152317881,-0.3049893642801368,-0.6318294701986755
2026-02-15 00:00:00+00:00,SNXUSDT,0.289,0.48096885813148793,10334027.4307,2141,2026-02-22 00:00:00+00:00,0.48096885813148793,2026-02-20 00:00:00+00:00,7,-0.29439252336448596,-0.30140186915887857,0.03460207612456756,-0.33644859813084116
2026-02-15 00:00:00+00:00,AGLDUSDT,0.2287,0.690424136423262,2401253.0674,932,2026-02-22 00:00:00+00:00,0.690424136423262,2026-02-22 00:00:00+00:00,7,-0.31324366270046555,-0.37092602172788414,0.06340183646698727,-0.4428349715468184
2026-02-17 00:00:00+00:00,SPORTFUNUSDT,0.0336,0.412797619047619,5697826.383995,32,2026-02-23 00:00:00+00:00,0.412797619047619,2026-02-22 00:00:00+00:00,6,-0.19485991152306725,-0.26522013903518005,0.03809523809523818,-0.37139245839477564
2026-02-17 00:00:00+00:00,SIRENUSDT,0.21962,0.5007740642928695,2746148.733385,332,2026-02-24 00:00:00+00:00,0.5007740642928695,2026-02-21 00:00:00+00:00,7,0.4679004854368931,3.9826152912621353,6.4777798014752745,-0.2403519417475729
2026-02-18 00:00:00+00:00,GUAUSDT,0.15023,0.5683285628702657,2843259.666735,59,2026-02-25 00:00:00+00:00,0.5683285628702657,2026-02-24 00:00:00+00:00,7,0.18696150418063762,0.31955349942701927,1.0694934433868069,-0.08085395356733593
2026-02-19 00:00:00+00:00,BIOUSDT,0.02258,0.40212577502214364,12345550.728645,412,2026-02-20 00:00:00+00:00,0.40212577502214364,2026-02-20 00:00:00+00:00,1,-0.35849652558433354,-0.4235628553379659,-0.191762621789194,-0.4235628553379659
2026-02-20 00:00:00+00:00,SAHARAUSDT,0.01566,0.4061302681992338,3884270.7943599997,239,2026-02-27 00:00:00+00:00,0.4061302681992338,2026-02-27 00:00:00+00:00,7,0.009082652134423164,0.09945504087193457,0.5459770114942528,-0.0999091734786558
2026-02-20 00:00:00+00:00,ARCUSDT,0.07339,0.40959258754598715,25884604.74386,399,2026-02-24 00:00:00+00:00,0.40959258754598715,2026-02-22 00:00:00+00:00,4,-0.5870468825519575,-0.586466892218463,-0.41708679656628966,-0.7284678588690188
2026-02-21 00:00:00+00:00,WETUSDT,0.08351,0.4103700155669978,6172344.842445,73,2026-02-27 00:00:00+00:00,0.4103700155669978,2026-02-26 00:00:00+00:00,6,-0.08762098828323994,-0.13873323144846317,0.2147048257693689,-0.18814739344540665
2026-02-21 00:00:00+00:00,GRASSUSDT,0.1883,0.4758364312267658,2968399.057655,470,2026-02-28 00:00:00+00:00,0.4758364312267658,2026-02-28 00:00:00+00:00,7,0.30946383591219884,0.008276358402303119,0.4880509824747743,-0.07268801727240015
2026-02-22 00:00:00+00:00,ALICEUSDT,0.105,0.4285714285714286,5027162.95505,2148,2026-03-01 00:00:00+00:00,0.4285714285714286,2026-02-27 00:00:00+00:00,7,-0.19999999999999996,-0.28,0.028571428571428692,-0.31333333333333335
2026-02-23 00:00:00+00:00,FORMUSDT,0.1918,0.4301355578727841,2997767.23437,341,2026-03-02 00:00:00+00:00,0.4301355578727841,2026-03-02 00:00:00+00:00,7,0.014218009478673022,-0.17900109369303674,0.17413972888425455,-0.17900109369303674
2026-02-24 00:00:00+00:00,NEARUSDT,0.965,0.40621761658031086,73880599.862,2150,2026-03-02 00:00:00+00:00,0.40621761658031086,2026-02-25 00:00:00+00:00,6,0.09801031687546069,-0.12306558585114225,0.23316062176165797,-0.14517317612380254
2026-02-24 00:00:00+00:00,BARDUSDT,0.7724,0.40328845157949256,6874171.837850001,159,2026-03-03 00:00:00+00:00,0.40328845157949256,2026-02-28 00:00:00+00:00,7,-0.013193098994372154,-0.7204539164129533,-0.6077162092180217,-0.7204539164129533
2026-02-24 00:00:00+00:00,AIXBTUSDT,0.01849,0.5278528934559221,5075508.409325,431,2026-03-03 00:00:00+00:00,0.5278528934559221,2026-03-02 00:00:00+00:00,7,-0.07256637168141589,-0.24176991150442473,0.1584640346133046,-0.24176991150442473
2026-02-25 00:00:00+00:00,BULLAUSDT,0.01737,0.4795624640184226,20896416.876675002,236,2026-03-04 00:00:00+00:00,0.4795624640184226,2026-02-28 00:00:00+00:00,7,-0.7303501945525293,-0.7775875486381323,-0.6709268854346575,-0.811284046692607
2026-02-26 00:00:00+00:00,SIGNUSDT,0.02368,0.45565878378378377,2426308.709055,304,2026-03-05 00:00:00+00:00,0.45565878378378377,2026-03-04 00:00:00+00:00,7,0.2918479837539889,0.05250942848854079,0.5320945945945945,-0.07687844502465913
2026-02-26 00:00:00+00:00,JELLYJELLYUSDT,0.06297,0.4063839923773225,4465563.29533,337,2026-03-05 00:00:00+00:00,0.4063839923773225,2026-03-02 00:00:00+00:00,7,-0.3900180668473352,-0.5380532971996386,-0.3503255518500873,-0.5380532971996386
2026-02-26 00:00:00+00:00,HUMAUSDT,0.011334,0.49417681312863926,5283333.461914,276,2026-03-05 00:00:00+00:00,0.49417681312863926,2026-03-04 00:00:00+00:00,7,0.040862119870091584,-0.18376144080307044,0.2196047291335803,-0.24162976085030996
2026-02-27 00:00:00+00:00,UAIUSDT,0.1855,0.909433962264151,3700702.72545,113,2026-03-06 00:00:00+00:00,0.909433962264151,2026-03-06 00:00:00+00:00,7,0.22106154714850357,-0.4311123658949746,0.08625336927223737,-0.4774138904573688
2026-02-28 00:00:00+00:00,RESOLVUSDT,0.06002,0.41186271242919026,11270375.929499999,263,2026-03-07 00:00:00+00:00,0.41186271242919026,2026-03-06 00:00:00+00:00,7,-0.2952560774132641,-0.5497993863582723,-0.3643785404865044,-0.5734009912674061
2026-03-01 00:00:00+00:00,PLUMEUSDT,0.00894,0.5011185682326622,3598329.479925,345,2026-03-08 00:00:00+00:00,0.5011185682326622,2026-03-06 00:00:00+00:00,7,-0.24217585692995525,-0.2585692995529061,0.11297539149888158,-0.31892697466467956
2026-03-01 00:00:00+00:00,1000RATSUSDT,0.0313,0.598402555910543,3341003.7090600003,807,2026-03-04 00:00:00+00:00,0.598402555910543,2026-03-02 00:00:00+00:00,3,-0.02158704777133713,-0.27403557865280836,0.16038338658146944,-0.27403557865280836
2026-03-02 00:00:00+00:00,FLOWUSDT,0.03519,0.4617789144643365,6954290.864990929,2156,2026-03-09 00:00:00+00:00,0.4617789144643365,2026-03-06 00:00:00+00:00,7,-0.32484447900466573,-0.37111197511664085,-0.08070474566638253,-0.44653965785381033
2026-03-02 00:00:00+00:00,CYSUSDT,0.3016,0.614058355437666,8700159.19135,80,2026-03-09 00:00:00+00:00,0.614058355437666,2026-03-04 00:00:00+00:00,7,0.4698027937551357,-0.5359490550534101,-0.2509946949602122,-0.5630649137222679
2026-03-03 00:00:00+00:00,PLAYUSDT,0.01976,0.790991902834008,6202395.570225,215,2026-03-10 00:00:00+00:00,0.790991902834008,2026-03-10 00:00:00+00:00,7,0.22633512291607816,0.9321842328341339,2.4605263157894735,-0.08703023452952807
2026-03-05 00:00:00+00:00,COLLECTUSDT,0.03749,0.8124833288877031,12241256.126375,64,2026-03-12 00:00:00+00:00,0.8124833288877031,2026-03-09 00:00:00+00:00,7,-0.22398822663723328,-0.4459161147902869,0.0042678047479327574,-0.47726269315673286
2026-03-07 00:00:00+00:00,APRUSDT,0.11627,0.4956566612195752,2656289.97833,135,2026-03-14 00:00:00+00:00,0.4956566612195752,2026-03-14 00:00:00+00:00,7,-0.11880391029327209,0.12432432432432439,0.6816031650468737,-0.3124209315698677
2026-03-07 00:00:00+00:00,TAOUSDT,175.7,0.41713147410358586,100829662.57829499,695,2026-03-14 00:00:00+00:00,0.41713147410358586,2026-03-12 00:00:00+00:00,7,0.26575364472468777,0.047030001204867666,0.4837791690381332,0.0
2026-03-07 00:00:00+00:00,DEXEUSDT,3.639,0.44710085188238535,2372185.918675,438,2026-03-14 00:00:00+00:00,0.44710085188238535,2026-03-09 00:00:00+00:00,7,0.3581466008355487,0.850740600075959,1.6782082989832374,-0.013672616786935099
2026-03-08 00:00:00+00:00,RENDERUSDT,1.351,0.4026646928201332,19575968.8547,590,2026-03-15 00:00:00+00:00,0.4026646928201332,2026-03-12 00:00:00+00:00,7,-0.12928759894459108,-0.03377308707124016,0.35529237601776464,-0.15145118733509233
2026-03-08 00:00:00+00:00,TRIAUSDT,0.02254,0.482253771073647,26806397.63029,30,2026-03-12 00:00:00+00:00,0.482253771073647,2026-03-10 00:00:00+00:00,4,-0.18317868901526502,-0.3151750972762646,0.015084294587400127,-0.38611194253217607
2026-03-08 00:00:00+00:00,XNYUSDT,0.004115,0.4976913730255166,3842399.581126,207,2026-03-13 00:00:00+00:00,0.4976913730255166,2026-03-09 00:00:00+00:00,5,0.023365244199253565,-0.2970955703391206,0.05273390036452019,-0.47087457407106925
2026-03-08 00:00:00+00:00,RIVERUSDT,14.339,0.5958574517051398,300706740.5431,142,2026-03-15 00:00:00+00:00,0.5958574517051398,2026-03-12 00:00:00+00:00,7,-0.38771140147707905,-0.5913560284927675,-0.3478624729758002,-0.6430100948302233
2026-03-09 00:00:00+00:00,TRUMPUSDT,2.88,0.40416666666666656,44491255.080225,415,2026-03-15 00:00:00+00:00,0.40416666666666656,2026-03-13 00:00:00+00:00,6,-0.2920375865479722,-0.3076162215628091,-0.02777777777777779,-0.31008902077151324
2026-03-09 00:00:00+00:00,FETUSDT,0.1434,0.6582984658298467,18867312.6372,1147,2026-03-16 00:00:00+00:00,0.6582984658298467,2026-03-12 00:00:00+00:00,7,-0.03616484440706491,-0.03616484440706491,0.5983263598326358,-0.13582842724978983
2026-03-11 00:00:00+00:00,BEATUSDT,0.3961,0.4188336278717497,18698336.142449997,119,2026-03-18 00:00:00+00:00,0.4188336278717497,2026-03-17 00:00:00+00:00,7,-0.25373665480427054,-0.14074733096085423,0.21913658167129513,-0.5080071174377224
2026-03-11 00:00:00+00:00,LYNUSDT,0.20462,0.5054246896686541,15823164.283835,156,2026-03-12 00:00:00+00:00,0.5054246896686541,2026-03-12 00:00:00+00:00,1,-0.8374886378392417,-0.8355733021685495,-0.7524679894438471,-0.859758472925594
2026-03-14 00:00:00+00:00,JCTUSDT,0.001739,0.4864864864864864,2231256.7856215,124,2026-03-20 00:00:00+00:00,0.4864864864864864,2026-03-19 00:00:00+00:00,6,-0.05338491295938108,0.39961315280464227,1.0805060379528464,-0.1253384912959381
2026-03-15 00:00:00+00:00,BANANAS31USDT,0.009645,0.4144116122343182,6609665.544503,358,2026-03-22 00:00:00+00:00,0.4144116122343182,2026-03-22 00:00:00+00:00,7,-0.22489371059961882,-0.2985632605189855,-0.0078797304302749,-0.3360944143087523
2026-03-15 00:00:00+00:00,BTRUSDT,0.12027,0.5821900723372411,8799208.792595,200,2026-03-22 00:00:00+00:00,0.5821900723372411,2026-03-21 00:00:00+00:00,7,-0.8548005675547848,-0.8291029481317989,-0.7296083811424295,-0.8695675022334332
2026-03-15 00:00:00+00:00,LIGHTUSDT,0.1871,0.5077498663816142,4604974.3544499995,169,2026-03-22 00:00:00+00:00,0.5077498663816142,2026-03-20 00:00:00+00:00,7,-0.414037575327898,-0.4345976604041121,-0.14751469802244788,-0.4750088621056363
2026-03-15 00:00:00+00:00,GUNUSDT,0.01524,0.7093175853018372,6048341.122385,349,2026-03-22 00:00:00+00:00,0.7093175853018372,2026-03-20 00:00:00+00:00,7,-0.46449136276391556,-0.26257197696737045,0.26049868766404205,-0.46449136276391556
2026-03-17 00:00:00+00:00,4USDT,0.00721,0.568515950069348,2213748.47465,160,2026-03-24 00:00:00+00:00,0.568515950069348,2026-03-22 00:00:00+00:00,7,0.4873109912459106,0.04660005305508874,0.6416088765603327,-0.1419223627199575
2026-03-17 00:00:00+00:00,PTBUSDT,0.001155,0.445887445887446,3914639.4552475,195,2026-03-23 00:00:00+00:00,0.445887445887446,2026-03-20 00:00:00+00:00,6,-0.4252095808383234,-0.5279041916167665,-0.31740259740259746,-0.6233532934131736
2026-03-18 00:00:00+00:00,DUSKUSDT,0.08665,0.47709174841315627,12002444.651689999,2172,2026-03-24 00:00:00+00:00,0.47709174841315627,2026-03-23 00:00:00+00:00,6,-0.09313227595905915,0.06102039221814204,0.5672244662435084,-0.190718024845691
2026-03-18 00:00:00+00:00,BASUSDT,0.008586,0.40065222455159577,5702004.5877025,204,2026-03-25 00:00:00+00:00,0.40065222455159577,2026-03-22 00:00:00+00:00,7,-0.537335772492932,0.3605521370364211,0.9056603773584908,-0.6036088474970895
2026-03-19 00:00:00+00:00,ONTUSDT,0.0422,0.4146919431279621,2093039.2653649999,2173,2026-03-24 00:00:00+00:00,0.4146919431279621,2026-03-24 00:00:00+00:00,5,0.40201005025125625,0.33668341708542693,0.890995260663507,-0.13567839195979903
2026-03-20 00:00:00+00:00,MUSDT,1.6551,0.4741707449700925,4622587.355250001,256,2026-03-25 00:00:00+00:00,0.4741707449700925,2026-03-25 00:00:00+00:00,5,0.1079142587810975,0.7682282060740193,1.6066702918252673,-0.10959465551866887
2026-03-21 00:00:00+00:00,ICNTUSDT,0.3138,0.4467813894200128,2077665.5137,261,2026-03-28 00:00:00+00:00,0.4467813894200128,2026-03-25 00:00:00+00:00,7,-0.42004405286343616,-0.1693832599118943,0.2017208413001912,-0.42995594713656393
2026-03-21 00:00:00+00:00,TRADOORUSDT,2.004,0.4161676646706587,2678186.455,183,2026-03-27 00:00:00+00:00,0.4161676646706587,2026-03-26 00:00:00+00:00,6,0.49436222692036624,-0.7135306553911205,-0.5943113772455091,-0.7135306553911205
2026-03-22 00:00:00+00:00,AIAUSDT,0.09079,0.5448837977750853,2710305.9977949997,185,2026-03-29 00:00:00+00:00,0.5448837977750853,2026-03-29 00:00:00+00:00,7,-0.07322116070155427,-0.6381006701839441,-0.4409075889415134,-0.6405960359332667
2026-03-23 00:00:00+00:00,NOMUSDT,0.002349,0.5048957002979992,2707231.6199455,173,2026-03-30 00:00:00+00:00,0.5048957002979992,2026-03-28 00:00:00+00:00,7,-0.0011315417256011484,-0.15360678925035365,0.2737335036185611,-0.271004243281471
2026-03-23 00:00:00+00:00,STOUSDT,0.08265,0.8123411978221415,2035702.548825,345,2026-03-30 00:00:00+00:00,0.8123411978221415,2026-03-27 00:00:00+00:00,7,-0.2122972161025436,-0.39975966352894055,0.08784029038112529,-0.4378796982442086
2026-03-24 00:00:00+00:00,SIRENUSDT,1.01138,1.0259842986810104,153717899.80412,367,2026-03-25 00:00:00+00:00,1.0259842986810104,2026-03-25 00:00:00+00:00,1,-0.7264963104673408,-0.677214695662359,-0.34604204156696783,-0.9331687033928083
2026-03-25 00:00:00+00:00,ARIAUSDT,0.27981,0.488724491619313,10816762.85966,203,2026-04-01 00:00:00+00:00,0.488724491619313,2026-03-28 00:00:00+00:00,7,-0.7820241981947378,-0.8502016516228155,-0.7769915299667631,-0.8571634338390628
2026-03-25 00:00:00+00:00,GUAUSDT,0.30798,0.5643223585947139,4430790.884165,94,2026-04-01 00:00:00+00:00,0.5643223585947139,2026-03-31 00:00:00+00:00,7,0.1179376478890779,0.5430279380630163,1.4137931034482758,-0.021980987172568356
2026-03-26 00:00:00+00:00,ZBTUSDT,0.06758,0.5686593666765314,2232517.22748,160,2026-04-02 00:00:00+00:00,0.5686593666765314,2026-03-31 00:00:00+00:00,7,0.07970946137156876,0.8446372983680785,1.8936075762059779,-0.09536836147533245
2026-03-27 00:00:00+00:00,ALGOUSDT,0.0814,0.5110565110565111,13816595.104425,2181,2026-04-03 00:00:00+00:00,0.5110565110565111,2026-04-01 00:00:00+00:00,7,-0.09837398373983741,-0.07967479674796751,0.3906633906633905,-0.17642276422764225
2026-03-27 00:00:00+00:00,KERNELUSDT,0.07979,0.41496428123825035,3943217.80815,347,2026-04-03 00:00:00+00:00,0.41496428123825035,2026-03-31 00:00:00+00:00,7,-0.26961913197519927,-0.46297608503100085,-0.24013034214813878,-0.46297608503100085
2026-03-27 00:00:00+00:00,GWEIUSDT,0.038155,0.47715895688638454,10965740.644448001,57,2026-04-01 00:00:00+00:00,0.47715895688638454,2026-04-01 00:00:00+00:00,5,0.16286084349106655,0.9187026489948722,1.8342288035644083,-0.09841911960398153
2026-03-29 00:00:00+00:00,币安人生USDT,0.04296,0.5966014897579144,16715582.800765,160,2026-04-05 00:00:00+00:00,0.5966014897579144,2026-04-03 00:00:00+00:00,7,5.49584487534626,4.402828400641494,7.626163873370578,0.0
2026-03-29 00:00:00+00:00,BULLAUSDT,0.00491,0.6826883910386965,7237558.591475001,268,2026-04-05 00:00:00+00:00,0.6826883910386965,2026-03-31 00:00:00+00:00,7,0.25950133139675624,-0.15662067296054227,0.4191446028513237,-0.17550229968530617
2026-03-29 00:00:00+00:00,CLOUSDT,0.07024,0.4209851936218678,2474351.23938,166,2026-04-05 00:00:00+00:00,0.4209851936218678,2026-04-04 00:00:00+00:00,7,0.1875563570784491,0.14407374010620178,0.6257118451025057,-0.25558561266406166
2026-03-29 00:00:00+00:00,XPLUSDT,0.0864,0.40740740740740744,47602596.58825,219,2026-04-05 00:00:00+00:00,0.40740740740740744,2026-04-01 00:00:00+00:00,7,-0.14720394736842102,-0.24013157894736847,0.06944444444444442,-0.2713815789473685
2026-03-30 00:00:00+00:00,BLUAIUSDT,0.00509,0.4497053045186641,4083003.7239365,160,2026-04-06 00:00:00+00:00,0.4497053045186641,2026-04-01 00:00:00+00:00,7,0.4328499796720424,1.127524054749966,2.084282907662083,0.0
2026-03-31 00:00:00+00:00,LABUSDT,0.2123,0.8371172868582195,3102821.816865,165,2026-04-07 00:00:00+00:00,0.8371172868582195,2026-04-06 00:00:00+00:00,7,0.48812881390697926,10.537357058612379,20.1954780970325,-0.04679247218091376
2026-04-01 00:00:00+00:00,SOLVUSDT,0.003875,0.44025806451612914,2005016.5945455,439,2026-04-02 00:00:00+00:00,0.44025806451612914,2026-04-02 00:00:00+00:00,1,-0.2424296721017739,-0.19154273427701118,0.1643870967741936,-0.38129367496864364
2026-04-01 00:00:00+00:00,AIOTUSDT,0.01446,1.4260027662517287,2054779.20438,336,2026-04-03 00:00:00+00:00,1.4260027662517287,2026-04-02 00:00:00+00:00,2,0.9666476624857467,1.8474914481185865,5.908022130013832,-0.22833523375142528
2026-04-02 00:00:00+00:00,RAVEUSDT,0.25331,2.9383759030437018,5395347.027125,109,2026-04-09 00:00:00+00:00,2.9383759030437018,2026-04-08 00:00:00+00:00,7,0.06302937962972255,-0.1999037719394966,2.1510797047096446,-0.3741166564758478
2026-04-02 00:00:00+00:00,ZECUSDT,240.64,0.5231050531914894,364771981.07723,2187,2026-04-09 00:00:00+00:00,0.5231050531914894,2026-04-07 00:00:00+00:00,7,-0.06586270871985156,0.6214667685255919,1.469664228723404,-0.17769835206809992
2026-04-02 00:00:00+00:00,ENJUSDT,0.02021,0.4522513607125187,5761415.94465,2187,2026-04-09 00:00:00+00:00,0.4522513607125187,2026-04-08 00:00:00+00:00,7,1.0695059625212946,0.7056218057921635,1.4769915883226128,-0.03679727427597956
2026-04-02 00:00:00+00:00,MAGMAUSDT,0.10679,1.1787620563723196,2865921.99426,92,2026-04-09 00:00:00+00:00,1.1787620563723196,2026-04-08 00:00:00+00:00,7,-0.15257661065027717,-0.07173249666910209,1.0224740144208262,-0.34310396699187684
2026-04-03 00:00:00+00:00,FFUSDT,0.06913,0.5622739765658904,3777340.509025,186,2026-04-10 00:00:00+00:00,0.5622739765658904,2026-04-10 00:00:00+00:00,7,-0.332037037037037,-0.395,-0.054824244177636317,-0.4272222222222223
2026-04-03 00:00:00+00:00,PIPPINUSDT,0.02852,0.5869565217391304,177080889.92585498,434,2026-04-05 00:00:00+00:00,0.5869565217391304,2026-04-04 00:00:00+00:00,2,-0.4571365444100751,-0.4414494034467521,-0.1136044880785414,-0.46752098983650026
2026-04-03 00:00:00+00:00,DASHUSDT,29.84,0.5308310991957104,23330012.690245003,2188,2026-04-10 00:00:00+00:00,0.5308310991957104,2026-04-09 00:00:00+00:00,7,-0.19943082311733795,0.041812609457092975,0.594839142091153,-0.2666374781085814
2026-04-04 00:00:00+00:00,TNSRUSDT,0.03599,0.4109474854126145,2294896.4146149997,726,2026-04-09 00:00:00+00:00,0.4109474854126145,2026-04-09 00:00:00+00:00,5,-0.2174084285151635,-0.13154785348562426,0.22534037232564597,-0.26014178810555333
2026-04-04 00:00:00+00:00,GIGGLEUSDT,22.28,0.48294434470377,9533375.54225,177,2026-04-11 00:00:00+00:00,0.48294434470377,2026-04-08 00:00:00+00:00,7,-0.011501210653753091,0.10895883777239712,0.644524236983842,-0.10472154963680391
2026-04-04 00:00:00+00:00,AINUSDT,0.05862,0.7784032753326509,2024037.643625,268,2026-04-11 00:00:00+00:00,0.7784032753326509,2026-04-11 00:00:00+00:00,7,-0.3905035971223021,-0.06609112709832132,0.6608665984305699,-0.479136690647482
2026-04-04 00:00:00+00:00,SKYAIUSDT,0.07867,0.4586246345493834,2292669.779875,326,2026-04-11 00:00:00+00:00,0.4586246345493834,2026-04-11 00:00:00+00:00,7,0.7113725490196077,2.8446187363834423,4.607855599339011,-0.03389978213507627
2026-04-05 00:00:00+00:00,ARCUSDT,0.05375,0.4271627906976745,11591067.6983,443,2026-04-11 00:00:00+00:00,0.4271627906976745,2026-04-09 00:00:00+00:00,6,-0.1269717116412462,-0.16164776430713068,0.19646511627906982,-0.17650892973536692
2026-04-05 00:00:00+00:00,BLESSUSDT,0.005664,0.5107697740112995,2513643.744942,194,2026-04-12 00:00:00+00:00,0.5107697740112995,2026-04-11 00:00:00+00:00,7,-0.24763351641930587,-0.24307584433796892,0.14353813559322037,-0.3748977445366367
2026-04-05 00:00:00+00:00,FIGHTUSDT,0.002716,0.43593519882179654,2353200.8942299997,72,2026-04-12 00:00:00+00:00,0.43593519882179654,2026-04-11 00:00:00+00:00,7,0.02538461538461534,0.21461538461538465,0.7441089837997052,-0.23564102564102551
2026-04-06 00:00:00+00:00,BROCCOLI714USDT,0.01223,0.4210956663941128,2219688.38582,381,2026-04-13 00:00:00+00:00,0.4210956663941128,2026-04-13 00:00:00+00:00,7,-0.06789413118527043,-0.0972382048331416,0.2829108748977922,-0.19850402761795172
2026-04-06 00:00:00+00:00,WETUSDT,0.10364,0.6281358548822848,2770347.588055,117,2026-04-13 00:00:00+00:00,0.6281358548822848,2026-04-13 00:00:00+00:00,7,-0.4636126585279128,-0.469005570700486,-0.1354689309147047,-0.469005570700486
2026-04-06 00:00:00+00:00,USELESSUSDT,0.03053,0.44186046511627897,4207864.1979,234,2026-04-13 00:00:00+00:00,0.44186046511627897,2026-04-10 00:00:00+00:00,7,-0.08064516129032251,0.4259427532939575,1.056010481493613,-0.1394820536119945
2026-04-06 00:00:00+00:00,BANUSDT,0.05812,0.4986235375086028,10036134.54375,504,2026-04-13 00:00:00+00:00,0.4986235375086028,2026-04-12 00:00:00+00:00,7,-0.18071182548794473,-0.1326061997703788,0.29989676531314546,-0.2265212399540758
2026-04-06 00:00:00+00:00,ONUSDT,0.08177,1.0459826342179284,2302222.22561,164,2026-04-13 00:00:00+00:00,1.0459826342179284,2026-04-13 00:00:00+00:00,7,-0.21494321578003583,-0.14566646742378964,0.7479515714809835,-0.384578601315003
2026-04-07 00:00:00+00:00,我踏马来了USDT,0.007345,0.4315861130020422,3421974.560733,76,2026-04-14 00:00:00+00:00,0.4315861130020422,2026-04-10 00:00:00+00:00,7,-0.014740846409890707,-0.0697099381835472,0.33179033356024523,-0.13000475511174514
2026-04-07 00:00:00+00:00,FOLKSUSDT,0.915,0.5344262295081965,3199403.6386,152,2026-04-14 00:00:00+00:00,0.5344262295081965,2026-04-13 00:00:00+00:00,7,0.01638176638176647,0.05769230769230793,0.6229508196721312,-0.15598290598290587
2026-04-07 00:00:00+00:00,APRUSDT,0.21561,0.5099948981958167,11491043.01358,166,2026-04-14 00:00:00+00:00,0.5099948981958167,2026-04-14 00:00:00+00:00,7,-0.44939644316122496,-0.5320514789446202,-0.29340012058809883,-0.5528764935344166
2026-04-07 00:00:00+00:00,ZAMAUSDT,0.02165,0.4775981524249422,6176403.236535,88,2026-04-14 00:00:00+00:00,0.4775981524249422,2026-04-10 00:00:00+00:00,7,-0.15098468271334786,-0.16036261331666146,0.2406466512702079,-0.2038136917786808
2026-04-07 00:00:00+00:00,XANUSDT,0.00762,0.46627296587926526,3366383.5051410003,190,2026-04-14 00:00:00+00:00,0.46627296587926526,2026-04-14 00:00:00+00:00,7,-0.21426653539783402,-0.06256153226528238,0.3745406824146982,-0.337957576300009
2026-04-08 00:00:00+00:00,BRUSDT,0.11738,1.0253876299199183,17701181.904600002,383,2026-04-15 00:00:00+00:00,1.0253876299199183,2026-04-14 00:00:00+00:00,7,-0.63182468242618,-0.42723142929250435,0.1600783779178736,-0.63182468242618
2026-04-08 00:00:00+00:00,ORDIUSDT,2.397,0.4317897371714645,7481487.86865,883,2026-04-15 00:00:00+00:00,0.4317897371714645,2026-04-15 00:00:00+00:00,7,0.247960372960373,0.247960372960373,0.7868168544013352,0.0
2026-04-08 00:00:00+00:00,PLAYUSDT,0.07873,1.1306998602819767,11839298.686745,251,2026-04-15 00:00:00+00:00,1.1306998602819767,2026-04-13 00:00:00+00:00,7,-0.41549925484351713,-0.4081073025335321,0.2611456877937255,-0.6072131147540983
2026-04-08 00:00:00+00:00,CYSUSDT,0.2259,0.8911022576361223,15622907.083999999,117,2026-04-15 00:00:00+00:00,0.8911022576361223,2026-04-13 00:00:00+00:00,7,0.1804775280898876,0.20107677902621712,1.2713590084108013,-0.051966292134831504
2026-04-08 00:00:00+00:00,DEXEUSDT,7.99,0.5056320400500625,12596260.2797,470,2026-04-15 00:00:00+00:00,0.5056320400500625,2026-04-11 00:00:00+00:00,7,0.029010806317539606,0.10473815461346625,0.6633291614518146,-0.15045719035743965
2026-04-08 00:00:00+00:00,XNYUSDT,0.003792,0.614451476793249,4476004.201416999,238,2026-04-15 00:00:00+00:00,0.614451476793249,2026-04-13 00:00:00+00:00,7,-0.0870630512904279,0.5739954263312643,1.5411392405063293,-0.17396275726886634
2026-04-08 00:00:00+00:00,BIOUSDT,0.01813,0.6833976833976834,6316057.070660001,460,2026-04-15 00:00:00+00:00,0.6833976833976834,2026-04-15 00:00:00+00:00,7,0.10550458715596323,0.36926605504587173,1.305019305019305,-0.10058977719528173
2026-04-08 00:00:00+00:00,MERLUSDT,0.02263,0.5240830755634114,3218822.95768,314,2026-04-15 00:00:00+00:00,0.5240830755634114,2026-04-14 00:00:00+00:00,7,-0.04928964917367351,-0.053058857639895596,0.44321696862571813,-0.07567410843722822
2026-04-09 00:00:00+00:00,AXLUSDT,0.04635,0.43085221143473573,2497866.974681,769,2026-04-16 00:00:00+00:00,0.43085221143473573,2026-04-16 00:00:00+00:00,7,-0.07629674306393253,-0.09107358262967435,0.30053937432578204,-0.18380579010856457
2026-04-09 00:00:00+00:00,BOMEUSDT,0.0003977,0.40859944681921023,4251943.3053383995,754,2026-04-16 00:00:00+00:00,0.40859944681921023,2026-04-16 00:00:00+00:00,7,-0.06961799357372367,0.008746876115673041,0.4209202916771435,-0.12102820421278104
2026-04-09 00:00:00+00:00,NEIROUSDT,5.858e-05,0.9870262888357801,7667332.003145,570,2026-04-16 00:00:00+00:00,0.9870262888357801,2026-04-15 00:00:00+00:00,7,-0.2412371134020619,-0.2412371134020619,0.507681802663025,-0.2883161512027491
2026-04-09 00:00:00+00:00,SPACEUSDT,0.005238,0.6132111492936234,5125715.232564,76,2026-04-16 00:00:00+00:00,0.6132111492936234,2026-04-16 00:00:00+00:00,7,-0.21562130177514782,-0.17810650887573964,0.32588774341351656,-0.32863905325443776
2026-04-09 00:00:00+00:00,TRBUSDT,14.919,0.5680005362289697,5045342.9264,2194,2026-04-16 00:00:00+00:00,0.5680005362289697,2026-04-16 00:00:00+00:00,7,-0.18184927114948923,-0.2609755054930962,0.15879080367316845,-0.2609755054930962
2026-04-09 00:00:00+00:00,UBUSDT,0.01871,0.8717263495456975,2883976.10225,209,2026-04-16 00:00:00+00:00,0.8717263495456975,2026-04-11 00:00:00+00:00,7,0.9583095374071957,3.9051970302684174,8.181186531266702,0.0
2026-04-09 00:00:00+00:00,PNUTUSDT,0.0426,0.6718309859154932,5590868.909165001,514,2026-04-16 00:00:00+00:00,0.6718309859154932,2026-04-16 00:00:00+00:00,7,-0.25540578489188437,-0.17607413647851733,0.37746478873239453,-0.26986801460263976
2026-04-09 00:00:00+00:00,1000SATSUSDT,1.1e-05,0.6818181818181819,2732999.4339830503,849,2026-04-16 00:00:00+00:00,0.6818181818181819,2026-04-15 00:00:00+00:00,7,-0.2518918918918919,-0.2659459459459459,0.2345454545454546,-0.2735135135135135
2026-04-10 00:00:00+00:00,DYDXUSDT,0.098,0.42040816326530606,9190989.6098,2195,2026-04-17 00:00:00+00:00,0.42040816326530606,2026-04-16 00:00:00+00:00,7,0.03735632183908044,-0.027298850574712596,0.3816326530612244,-0.04022988505747127
2026-04-10 00:00:00+00:00,EULUSDT,1.0877,0.44626275627470813,2775026.54295,179,2026-04-17 00:00:00+00:00,0.44626275627470813,2026-04-16 00:00:00+00:00,7,-0.15002224906236095,-0.22452482359671988,0.1215408660476236,-0.24270548598309072
2026-04-10 00:00:00+00:00,TRIAUSDT,0.02051,0.499756216479766,20565697.354275,63,2026-04-15 00:00:00+00:00,0.499756216479766,2026-04-12 00:00:00+00:00,5,0.13263979193758146,0.618660598179454,1.4275962944904923,-0.14759427828348504
2026-04-11 00:00:00+00:00,INXUSDT,0.012632,0.5675269157694742,2116770.5483045,71,2026-04-12 00:00:00+00:00,0.5675269157694742,2026-04-12 00:00:00+00:00,1,-0.5250239886874399,-0.36043634159890914,0.002533248891703588,-0.5711832735720418
2026-04-11 00:00:00+00:00,ALICEUSDT,0.114,0.4359649122807019,3552406.44085,2196,2026-04-18 00:00:00+00:00,0.4359649122807019,2026-04-18 00:00:00+00:00,7,-0.08674404398289559,-0.1582162492364081,0.2087719298245614,-0.23274282223579734
2026-04-11 00:00:00+00:00,龙虾USDT,0.0072,0.46597222222222223,6598662.6896655,31,2026-04-18 00:00:00+00:00,0.46597222222222223,2026-04-14 00:00:00+00:00,7,-0.2287067740407389,-0.35660824253908097,-0.056805555555555554,-0.40312648034107057
2026-04-11 00:00:00+00:00,HUSDT,0.09362,0.4089938047425765,12267192.42662,290,2026-04-17 00:00:00+00:00,0.4089938047425765,2026-04-16 00:00:00+00:00,6,0.4792661663255249,0.8254870745205063,1.5720999786370435,-0.23265863088469407
2026-04-11 00:00:00+00:00,MYXUSDT,0.2274,0.40105540897097636,7689429.30215,297,2026-04-15 00:00:00+00:00,0.40105540897097636,2026-04-14 00:00:00+00:00,4,-0.20025109855618317,-0.37131198995605774,-0.11917326297273523,-0.37131198995605774
2026-04-12 00:00:00+00:00,DUSDT,0.00834,0.46067146282973614,4698552.7202985,458,2026-04-15 00:00:00+00:00,0.46067146282973614,2026-04-14 00:00:00+00:00,3,-0.031029387621080318,0.1561319980298801,0.6887290167865707,-0.2596453784271877
2026-04-12 00:00:00+00:00,TIAUSDT,0.2911,0.47475094469254553,14671364.841850001,894,2026-04-17 00:00:00+00:00,0.47475094469254553,2026-04-16 00:00:00+00:00,5,-0.18448637316561844,-0.11344048450966693,0.30745448299553413,-0.1917074307011415
2026-04-12 00:00:00+00:00,PIEVERSEUSDT,0.4165,1.8420168067226892,2209270.0818,149,2026-04-19 00:00:00+00:00,1.8420168067226892,2026-04-18 00:00:00+00:00,7,-0.40576159499873277,-0.3908929627439385,0.73109243697479,-0.4300076032778576
2026-04-13 00:00:00+00:00,BLURUSDT,0.02147,0.5905915230554262,2033290.5328250001,1081,2026-04-20 00:00:00+00:00,0.5905915230554262,2026-04-19 00:00:00+00:00,7,-0.20819912152269393,-0.32562225475841877,0.07265952491849093,-0.35929721815519766
2026-04-13 00:00:00+00:00,EDUUSDT,0.04951,0.44799030498889136,2255084.419175,1079,2026-04-20 00:00:00+00:00,0.44799030498889136,2026-04-20 00:00:00+00:00,7,-0.3512344817966243,-0.348584181894267,-0.05675621086649163,-0.3939182591714325
2026-04-14 00:00:00+00:00,UAIUSDT,0.2544,0.457940251572327,8396586.6172,159,2026-04-21 00:00:00+00:00,0.457940251572327,2026-04-21 00:00:00+00:00,7,-0.13534645456996497,-0.28282555944998644,0.045597484276729494,-0.3936370989485036
2026-04-14 00:00:00+00:00,SWARMSUSDT,0.014536,0.4119427627958172,3374157.880504,462,2026-04-20 00:00:00+00:00,0.4119427627958172,2026-04-16 00:00:00+00:00,6,0.647193529526408,-0.2748002338725395,0.023940561364887092,-0.4145390762034691
2026-04-14 00:00:00+00:00,BEATUSDT,0.3667,0.5170439050995363,41897492.898049995,153,2026-04-21 00:00:00+00:00,0.5170439050995363,2026-04-16 00:00:00+00:00,7,-0.021031817364731364,0.34765414344778,1.0444505044995909,-0.1213374078734496
2026-04-15 00:00:00+00:00,CETUSUSDT,0.02002,0.48601398601398604,2221951.14219,525,2026-04-22 00:00:00+00:00,0.48601398601398604,2026-04-20 00:00:00+00:00,7,-0.047394957983193264,-0.1428571428571429,0.27372627372627356,-0.1428571428571429
2026-04-15 00:00:00+00:00,HUMAUSDT,0.017349,0.41460602916594635,15468653.7426975,324,2026-04-22 00:00:00+00:00,0.41460602916594635,2026-04-22 00:00:00+00:00,7,-0.10325156873930408,-0.04632874256376829,0.34906911061156265,-0.16693830983619917
2026-04-15 00:00:00+00:00,GRIFFAINUSDT,0.013065,0.41232300038270187,2688775.758178,468,2026-04-20 00:00:00+00:00,0.41232300038270187,2026-04-16 00:00:00+00:00,5,-0.024387600260134312,-0.371287665293735,-0.11205510907003446,-0.4122046390635161
2026-04-16 00:00:00+00:00,KATUSDT,0.00858,0.6386946386946384,20224870.736735,45,2026-04-23 00:00:00+00:00,0.6386946386946384,2026-04-23 00:00:00+00:00,7,-0.3314366998577525,-0.403271692745377,-0.022144522144522227,-0.426031294452347
2026-04-17 00:00:00+00:00,STABLEUSDT,0.02573,0.40031092110376987,5783677.534223,162,2026-04-23 00:00:00+00:00,0.40031092110376987,2026-04-23 00:00:00+00:00,6,-0.09630863169580905,-0.080766028309742,0.2872133696074619,-0.10074937552039975
2026-04-17 00:00:00+00:00,APEUSDT,0.1061,0.700282752120641,7272809.9231,2202,2026-04-24 00:00:00+00:00,0.700282752120641,2026-04-24 00:00:00+00:00,7,-0.08702882483370289,-0.2555432372505543,0.2657869934024506,-0.2555432372505543
2026-04-18 00:00:00+00:00,HYPERUSDT,0.09885,0.5808801213960546,2027026.3843,361,2026-04-25 00:00:00+00:00,0.5808801213960546,2026-04-25 00:00:00+00:00,7,-0.27612465604402636,-0.3627055736865681,0.0074860900354072335,-0.3627055736865681
2026-04-18 00:00:00+00:00,AXSUSDT,1.122,0.4028520499108734,14867254.803,2203,2026-04-25 00:00:00+00:00,0.4028520499108734,2026-04-25 00:00:00+00:00,7,-0.08958068614993653,-0.27191867852604834,0.021390374331550666,-0.2846251588310039
2026-04-19 00:00:00+00:00,ORCAUSDT,0.879,0.5153583617747441,2241114.4463,499,2026-04-26 00:00:00+00:00,0.5153583617747441,2026-04-25 00:00:00+00:00,7,0.24099099099099086,0.008258258258258211,0.527872582480091,0.0
2026-04-19 00:00:00+00:00,DENTUSDT,8.14e-05,0.4570024570024569,3411389.63179765,2204,2026-04-21 00:00:00+00:00,0.4570024570024569,2026-04-21 00:00:00+00:00,2,0.0,0.0,0.4570024570024569,0.0
2026-04-19 00:00:00+00:00,1000LUNCUSDT,0.04117,0.5020646101530242,4048113.09714,2204,2026-04-26 00:00:00+00:00,0.5020646101530242,2026-04-23 00:00:00+00:00,7,0.6161060802069858,0.45003234152652016,1.178042263784309,0.0
2026-04-19 00:00:00+00:00,AGTUSDT,0.015703,0.6524231038655031,2478785.4754665,334,2026-04-26 00:00:00+00:00,0.6524231038655031,2026-04-26 00:00:00+00:00,7,-0.4132495760752273,-0.33416833667334667,0.10023562376615924,-0.6299907507322337
2026-04-19 00:00:00+00:00,NAORISUSDT,0.05207,0.6203188016132131,3996422.354545,262,2026-04-26 00:00:00+00:00,0.6203188016132131,2026-04-20 00:00:00+00:00,7,0.08190114969775997,-0.5528031290743155,-0.27539850201651617,-0.6035320611591798
2026-04-19 00:00:00+00:00,OPNUSDT,0.1582,0.43426042983565094,10658243.11365,57,2026-04-24 00:00:00+00:00,0.43426042983565094,2026-04-24 00:00:00+00:00,5,-0.11811370647862496,-0.257382106654914,0.0651074589127687,-0.3036579991185544
2026-04-19 00:00:00+00:00,GRASSUSDT,0.3133,0.43951484200446855,3953633.626555,527,2026-04-23 00:00:00+00:00,0.43951484200446855,2026-04-22 00:00:00+00:00,4,-0.17804878048780493,0.18713968957871385,0.7089052026811362,-0.34368070953436813
2026-04-21 00:00:00+00:00,JCTUSDT,0.002439,0.48708487084870833,6660072.5531225,162,2026-04-28 00:00:00+00:00,0.48708487084870833,2026-04-28 00:00:00+00:00,7,-0.0011028398125172423,0.053487730907085806,0.5666256662566624,-0.2329749103942652
2026-04-21 00:00:00+00:00,ZKPUSDT,0.0709,0.4076163610719321,2395834.17405,121,2026-04-28 00:00:00+00:00,0.4076163610719321,2026-04-26 00:00:00+00:00,7,-0.20671342685370742,-0.3102204408817636,-0.02905500705218622,-0.3102204408817636
2026-04-21 00:00:00+00:00,LYNUSDT,0.05737,0.5319853582011504,10322661.391635,197,2026-04-28 00:00:00+00:00,0.5319853582011504,2026-04-28 00:00:00+00:00,7,-0.38798498122653313,-0.6106496757310274,-0.403521004009064,-0.6106496757310274
2026-04-22 00:00:00+00:00,BASUSDT,0.012914,0.44455629549326314,9965386.793429,239,2026-04-23 00:00:00+00:00,0.44455629549326314,2026-04-23 00:00:00+00:00,1,-0.18054140980970257,0.17705708925221098,0.7003252284342572,-0.26898954703832756
2026-04-23 00:00:00+00:00,ZEREBROUSDT,0.015882,0.7160936909709106,2111093.9068885,476,2026-04-29 00:00:00+00:00,0.7160936909709106,2026-04-28 00:00:00+00:00,6,0.25224729407448176,-0.14727572922399557,0.4633547412164716,-0.21522656393322337
2026-04-24 00:00:00+00:00,BSBUSDT,0.45494,0.8403965358069194,24866373.389785,30,2026-04-28 00:00:00+00:00,0.8403965358069194,2026-04-25 00:00:00+00:00,4,-0.401137028676532,-0.508187323085743,-0.09486965314107365,-0.508187323085743
2026-04-27 00:00:00+00:00,PENDLEUSDT,1.3188,0.4303912647861694,9322878.0276,1004,2026-05-04 00:00:00+00:00,0.4303912647861694,2026-05-02 00:00:00+00:00,7,-0.025816369804919526,-0.2878498727735369,0.018653321201091977,-0.30433630195080574
2026-04-27 00:00:00+00:00,4USDT,0.010625,0.4493176470588234,11623358.846248,201,2026-05-04 00:00:00+00:00,0.4493176470588234,2026-05-04 00:00:00+00:00,7,-0.31326709526592633,-0.4633417754399636,-0.22221176470588233,-0.47197869991557895
2026-04-27 00:00:00+00:00,CHILLGUYUSDT,0.011076,0.5353918382087395,2199585.22146,516,2026-05-04 00:00:00+00:00,0.5353918382087395,2026-05-01 00:00:00+00:00,7,-0.15265200517464428,-0.4558391156062567,-0.16449981942939695,-0.4670704457250382
2026-04-28 00:00:00+00:00,FHEUSDT,0.01879,1.0670569451836083,2769637.0686149998,381,2026-05-05 00:00:00+00:00,1.0670569451836083,2026-05-02 00:00:00+00:00,7,-0.3012358393408856,-0.48918640576725025,0.05588078765300675,-0.48918640576725025
2026-04-28 00:00:00+00:00,TONUSDT,1.3019,0.4982717566633381,21938869.49514,788,2026-05-05 00:00:00+00:00,0.4982717566633381,2026-05-04 00:00:00+00:00,7,0.015226084281759533,-0.15005639290474726,0.27344650126737835,-0.15005639290474726
2026-04-29 00:00:00+00:00,VVVUSDT,8.735,0.4089295935890098,25085380.253909998,455,2026-05-06 00:00:00+00:00,0.4089295935890098,2026-05-06 00:00:00+00:00,7,0.3004794019663606,0.44267490046315094,1.0326273611906127,0.0
2026-04-29 00:00:00+00:00,NOTUSDT,0.0003858,0.4162778641783309,2953106.8043891,713,2026-05-06 00:00:00+00:00,0.4162778641783309,2026-05-05 00:00:00+00:00,7,-0.09937774524158138,-0.3178989751098097,-0.03395541731467078,-0.3178989751098097
2026-04-29 00:00:00+00:00,ARUSDT,1.845,0.4254742547425474,5235712.61605,2214,2026-05-06 00:00:00+00:00,0.4254742547425474,2026-05-05 00:00:00+00:00,7,-0.1726235741444866,-0.2551330798479087,0.06178861788617884,-0.2551330798479087
2026-04-29 00:00:00+00:00,GWEIUSDT,0.09236,0.4470550021654396,6987410.3758930005,90,2026-05-06 00:00:00+00:00,0.4470550021654396,2026-05-03 00:00:00+00:00,7,-0.019977553310886464,-0.2126449682005237,0.13934603724556083,-0.2594837261503927
2026-04-30 00:00:00+00:00,TAGUSDT,0.0006595,1.3161485974222895,2111151.66790905,279,2026-05-03 00:00:00+00:00,1.3161485974222895,2026-05-01 00:00:00+00:00,3,-0.28700490998363337,-0.20451718494271687,0.8424564063684608,-0.3176432078559739
2026-04-30 00:00:00+00:00,NILUSDT,0.03844,1.4016649323621229,2892727.9468925,402,2026-05-07 00:00:00+00:00,1.4016649323621229,2026-05-07 00:00:00+00:00,7,-0.3498700173310225,-0.574523396880416,0.02185223725286156,-0.574523396880416
2026-04-30 00:00:00+00:00,TSTUSDT,0.010635,1.4420310296191818,2095478.9128315002,445,2026-05-04 00:00:00+00:00,1.4420310296191818,2026-05-03 00:00:00+00:00,4,-0.36563859689653844,-0.3924762234800354,0.483591913493183,-0.3924762234800354
2026-04-30 00:00:00+00:00,CFGUSDT,0.201,0.4422885572139301,15094299.282850001,45,2026-05-07 00:00:00+00:00,0.4422885572139301,2026-05-06 00:00:00+00:00,7,0.07002414625733011,-0.34598137288720254,-0.0567164179104479,-0.34598137288720254
2026-04-30 00:00:00+00:00,JTOUSDT,0.3551,0.6662911855815261,6236011.710750001,874,2026-05-07 00:00:00+00:00,0.6662911855815261,2026-05-07 00:00:00+00:00,7,-0.10765590670948111,-0.15497718438397834,0.4080540692762602,-0.30927835051546393
2026-05-01 00:00:00+00:00,IOUSDT,0.1178,0.4151103565365024,2556357.302145,689,2026-05-08 00:00:00+00:00,0.4151103565365024,2026-05-06 00:00:00+00:00,7,-0.12597480503899217,-0.17336532693461293,0.16977928692699495,-0.217756448710258
2026-05-01 00:00:00+00:00,STRKUSDT,0.0393,0.4269720101781169,8120522.6144035,801,2026-05-08 00:00:00+00:00,0.4269720101781169,2026-05-08 00:00:00+00:00,7,-0.2833452211126962,-0.39889443651925827,-0.1422391857506362,-0.43651925820256765
2026-05-01 00:00:00+00:00,ICPUSDT,2.346,0.5417732310315431,15457181.655000001,2216,2026-05-08 00:00:00+00:00,0.5417732310315431,2026-05-06 00:00:00+00:00,7,-0.314625380149295,-0.3425490738180812,0.01364023870417741,-0.3643903787669339
2026-05-01 00:00:00+00:00,COLLECTUSDT,0.0294,0.4860544217687075,4412234.424790001,121,2026-05-08 00:00:00+00:00,0.4860544217687075,2026-05-08 00:00:00+00:00,7,0.2394140535591669,0.007553215838864702,0.4972789115646259,-0.018081940947585196
2026-05-01 00:00:00+00:00,OPUSDT,0.121,0.41983471074380185,24605300.50843,2216,2026-05-08 00:00:00+00:00,0.41983471074380185,2026-05-07 00:00:00+00:00,7,-0.26251455180442373,-0.4330616996507567,-0.19504132231404958,-0.45518044237485444
2026-05-01 00:00:00+00:00,SIRENUSDT,0.7083,0.5552731893265563,129997561.85942,405,2026-05-08 00:00:00+00:00,0.5552731893265563,2026-05-07 00:00:00+00:00,7,-0.5383079157588961,0.18373275236020348,0.8410278130735565,-0.5908678286129266
2026-05-01 00:00:00+00:00,ONDOUSDT,0.2677,0.6858423608516997,25645162.388035,832,2026-05-08 00:00:00+00:00,0.6858423608516997,2026-05-06 00:00:00+00:00,7,-0.14978949700864175,-0.22645690228229554,0.304071722076952,-0.2816308442277864
2026-05-01 00:00:00+00:00,AKTUSDT,0.5183,0.42677985722554523,2209986.0747950003,529,2026-05-08 00:00:00+00:00,0.42677985722554523,2026-05-03 00:00:00+00:00,7,0.04002704530087886,-0.1480730223123733,0.21551225159174225,-0.22839756592292093
2026-05-02 00:00:00+00:00,QUSDT,0.010235,0.6815828041035663,2613301.344372,242,2026-05-09 00:00:00+00:00,0.6815828041035663,2026-05-08 00:00:00+00:00,7,0.05664981697751448,0.007204694672012124,0.6936980947728384,-0.16814827726454018
2026-05-02 00:00:00+00:00,SAHARAUSDT,0.02416,0.5794701986754967,7160332.996850001,310,2026-05-09 00:00:00+00:00,0.5794701986754967,2026-05-08 00:00:00+00:00,7,-0.10822851153039836,-0.09669811320754718,0.42673841059602635,-0.16299790356394117
2026-05-03 00:00:00+00:00,EVAAUSDT,0.5446,0.45134043334557483,3799582.6746650003,212,2026-05-07 00:00:00+00:00,0.45134043334557483,2026-05-07 00:00:00+00:00,4,-0.3551366396761133,-0.5847672064777327,-0.39735585751009916,-0.6175354251012146
2026-05-03 00:00:00+00:00,SUIUSDT,0.9195,0.4486133768352367,128393501.81981,1096,2026-05-10 00:00:00+00:00,0.4486133768352367,2026-05-10 00:00:00+00:00,7,-0.22507507507507507,-0.43761261261261264,-0.18531810766721046,-0.4723723723723724
2026-05-03 00:00:00+00:00,LAYERUSDT,0.0835,0.48083832335329335,2360914.6675965004,446,2026-05-10 00:00:00+00:00,0.48083832335329335,2026-05-10 00:00:00+00:00,7,-0.2917913465426607,-0.45822887181560856,-0.19772455089820373,-0.49114435907804277
2026-05-03 00:00:00+00:00,JUPUSDT,0.177,0.49435028248587587,7193469.5024,823,2026-05-10 00:00:00+00:00,0.49435028248587587,2026-05-08 00:00:00+00:00,7,-0.2404536862003781,-0.4151228733459358,-0.1259887005649717,-0.4234404536862004
2026-05-04 00:00:00+00:00,SAGAUSDT,0.01751,0.48486579097658455,3707573.3131205,755,2026-05-11 00:00:00+00:00,0.48486579097658455,2026-05-11 00:00:00+00:00,7,-0.0988461538461538,-0.5384615384615384,-0.31467732724157627,-0.5384615384615384
2026-05-04 00:00:00+00:00,MUSDT,2.721,0.41348768834987126,29935032.1452,301,2026-05-07 00:00:00+00:00,0.41348768834987126,2026-05-05 00:00:00+00:00,3,-0.24549543693611708,-0.21718104053456744,0.10650496141124588,-0.28228595200332796
2026-05-04 00:00:00+00:00,SPORTFUNUSDT,0.05621,0.43782245152108157,2102359.196565,108,2026-05-08 00:00:00+00:00,0.43782245152108157,2026-05-08 00:00:00+00:00,4,-0.34669636228656275,-0.47154169759960407,-0.24017078811599368,-0.4828012868101955
2026-05-04 00:00:00+00:00,BUSDT,0.3699,0.7120843471208433,2568458.46325,347,2026-05-11 00:00:00+00:00,0.7120843471208433,2026-05-05 00:00:00+00:00,7,-0.6118743091741671,-0.6530870045791883,-0.4060556907272236,-0.6530870045791883
2026-05-05 00:00:00+00:00,GUAUSDT,0.8524,0.5414124824026278,6594853.949475,135,2026-05-12 00:00:00+00:00,0.5414124824026278,2026-05-12 00:00:00+00:00,7,-0.10876017961793139,-0.5861937742598371,-0.36215391834819344,-0.7558413882335033
2026-05-05 00:00:00+00:00,IRYSUSDT,0.03488,0.5120412844036697,4163264.7621094994,160,2026-05-12 00:00:00+00:00,0.5120412844036697,2026-05-11 00:00:00+00:00,7,-0.4423587409935533,-0.6604095563139932,-0.4865252293577982,-0.6681835419036783
2026-05-05 00:00:00+00:00,ESPORTSUSDT,0.3966,0.40595057992939987,2049375.25223,280,2026-05-12 00:00:00+00:00,0.40595057992939987,2026-05-12 00:00:00+00:00,7,-0.9273672883787661,-0.6100251076040172,-0.45171457387796266,-0.9345408895265424
2026-05-05 00:00:00+00:00,DYMUSDT,0.02033,0.5361534677816036,4316288.0450595,818,2026-05-12 00:00:00+00:00,0.5361534677816036,2026-05-09 00:00:00+00:00,7,-0.2151777137367915,-0.45597182196605823,-0.16428922774225274,-0.5206532180595581
2026-05-06 00:00:00+00:00,PTBUSDT,0.0007201,0.5125676989307042,2774939.2830927502,245,2026-05-09 00:00:00+00:00,0.5125676989307042,2026-05-09 00:00:00+00:00,3,-0.2912229159015791,-0.45326845391112747,-0.17303152339952788,-0.48990084465662875
2026-05-08 00:00:00+00:00,LABUSDT,3.9865,0.519929762949956,55549474.407385,203,2026-05-13 00:00:00+00:00,0.519929762949956,2026-05-11 00:00:00+00:00,5,-0.2620973065751254,0.6307433324531293,1.4786153267277062,-0.3001386321626618
2026-05-09 00:00:00+00:00,VELVETUSDT,0.09073,0.40141077923509316,3175762.123885,298,2026-05-16 00:00:00+00:00,0.40141077923509316,2026-05-13 00:00:00+00:00,7,-0.2763664962642549,1.9138812426268186,3.0835445828281713,-0.2771529689343296
2026-05-11 00:00:00+00:00,BLUAIUSDT,0.011072,0.45213150289017334,5435536.788303,202,2026-05-18 00:00:00+00:00,0.45213150289017334,2026-05-15 00:00:00+00:00,7,-0.19604428411493957,-0.05236969772359745,0.37608381502890165,-0.4596964796616494
2026-05-12 00:00:00+00:00,PLAYUSDT,0.0871,0.5609644087256027,20756327.777484998,285,2026-05-19 00:00:00+00:00,0.5609644087256027,2026-05-14 00:00:00+00:00,7,-0.2828773168578993,-0.7018976169461606,-0.5346727898966706,-0.7866284201235657
2026-05-13 00:00:00+00:00,HYPEUSDT,38.821,0.41165863836583294,306856935.60308504,348,2026-05-20 00:00:00+00:00,0.41165863836583294,2026-05-18 00:00:00+00:00,7,0.36080799970804,0.2825809277033684,0.810566445995724,-0.027261778767198264
2026-05-13 00:00:00+00:00,FIDAUSDT,0.01813,0.9051296194153338,2251502.04863,601,2026-05-20 00:00:00+00:00,0.9051296194153338,2026-05-17 00:00:00+00:00,7,-0.3674001158077591,-0.3526346265199768,0.23331494760066196,-0.46496815286624205
2026-05-13 00:00:00+00:00,LITUSDT,0.8951,0.4259859233605183,13948643.411445,2228,2026-05-20 00:00:00+00:00,0.4259859233605183,2026-05-19 00:00:00+00:00,7,0.3971325603259168,0.2097304920087748,0.7250586526645069,-0.11657787527420871
2026-05-15 00:00:00+00:00,BEATUSDT,0.6391,0.9347519949929588,15491220.99715,184,2026-05-22 00:00:00+00:00,0.9347519949929588,2026-05-22 00:00:00+00:00,7,0.2872624342903356,0.4379296401132229,1.7820372398685653,-0.20485240598463406
2026-05-15 00:00:00+00:00,FIGHTUSDT,0.003891,0.4163454124903625,3303042.2085415,112,2026-05-20 00:00:00+00:00,0.4163454124903625,2026-05-19 00:00:00+00:00,5,-0.2823444021048811,-0.24750499001996018,0.06579285530711898,-0.42115768463073855
2026-05-16 00:00:00+00:00,NEARUSDT,1.496,0.6383689839572193,91452104.022,2231,2026-05-23 00:00:00+00:00,0.6383689839572193,2026-05-21 00:00:00+00:00,7,-0.24194206446348432,-0.15707874337005312,0.3810160427807485,-0.24194206446348432
2026-05-16 00:00:00+00:00,INUSDT,0.05809,0.5219487002926493,2156222.043015,282,2026-05-23 00:00:00+00:00,0.5219487002926493,2026-05-22 00:00:00+00:00,7,-0.17678995588734314,-0.11933039248953747,0.3403339645377861,-0.1969234249519286
2026-05-16 00:00:00+00:00,HOMEUSDT,0.016099,0.43207652649232875,2042910.714187,340,2026-05-22 00:00:00+00:00,0.43207652649232875,2026-05-19 00:00:00+00:00,6,1.1455649533723706,-0.0648449360225547,0.3392136157525312,-0.08826718716113635
2026-05-17 00:00:00+00:00,BANANAS31USDT,0.009391,0.46086678734958997,8267514.7771865,421,2026-05-20 00:00:00+00:00,0.46086678734958997,2026-05-20 00:00:00+00:00,3,-0.3148917559588892,-0.2585465412930972,0.083164732190395,-0.4954442743640207
2026-05-17 00:00:00+00:00,GENIUSUSDT,0.4373,0.6553853190029726,21009157.57475,31,2026-05-24 00:00:00+00:00,0.6553853190029726,2026-05-22 00:00:00+00:00,7,-0.35184417737256524,-0.45862688216604497,-0.10381888863480448,-0.45862688216604497
2026-05-18 00:00:00+00:00,PHAUSDT,0.03298,0.47998787143723454,2813846.689285,504,2026-05-25 00:00:00+00:00,0.47998787143723454,2026-05-25 00:00:00+00:00,7,-0.3497234173325139,-0.27945093218602746,0.06640388114008489,-0.37369391518131534
2026-05-19 00:00:00+00:00,WLDUSDT,0.2383,0.5761644985312631,62849479.93485,1030,2026-05-26 00:00:00+00:00,0.5761644985312631,2026-05-23 00:00:00+00:00,7,0.35303514376996814,0.32055378061767836,1.0814099874108267,-0.25239616613418525
2026-05-19 00:00:00+00:00,UBUSDT,0.12106,0.6942012225342806,65631333.22185001,249,2026-05-26 00:00:00+00:00,0.6942012225342806,2026-05-24 00:00:00+00:00,7,-0.321647976596782,-0.6599707459775719,-0.42392202213778296,-0.6599707459775719
2026-05-20 00:00:00+00:00,DRIFTUSDT,0.02769,0.4106175514626218,2341222.91851,558,2026-05-26 00:00:00+00:00,0.4106175514626218,2026-05-25 00:00:00+00:00,6,-0.58678955453149,-0.5954941116231438,-0.42939689418562654,-0.6098310291858678
2026-05-21 00:00:00+00:00,ALLOUSDT,0.09142,0.7704003500328156,2911244.403995,191,2026-05-28 00:00:00+00:00,0.7704003500328156,2026-05-28 00:00:00+00:00,7,1.4601791782514675,0.9005251776336114,2.3646904397287245,0.0
2026-05-22 00:00:00+00:00,XLMUSDT,0.14344,0.8069576129392078,37366213.927935004,2237,2026-05-29 00:00:00+00:00,0.8069576129392078,2026-05-28 00:00:00+00:00,7,-0.2750106099772367,-0.3331918669701762,0.20489403234801995,-0.3331918669701762
2026-05-22 00:00:00+00:00,HUSDT,0.20063,0.42112346109754273,26489211.560539998,331,2026-05-29 00:00:00+00:00,0.42112346109754273,2026-05-25 00:00:00+00:00,7,-0.06523569023569031,-0.7826178451178452,-0.69107311967303,-0.7976290684624018
2026-05-22 00:00:00+00:00,RIFUSDT,0.04765,0.5550891920251837,2422820.5133100003,944,2026-05-28 00:00:00+00:00,0.5550891920251837,2026-05-25 00:00:00+00:00,6,-0.14844804318488525,-0.19999999999999996,0.24407135362014687,-0.2045883940620783
2026-05-24 00:00:00+00:00,币安人生USDT,0.45603,0.4120562243712036,38826800.048075,216,2026-05-31 00:00:00+00:00,0.4120562243712036,2026-05-31 00:00:00+00:00,7,0.02913314905115394,0.04155666677019609,0.47073657434817884,-0.0814516880454701
2026-05-24 00:00:00+00:00,TAUSDT,0.05501,0.4771859661879656,3068157.214775,307,2026-05-30 00:00:00+00:00,0.4771859661879656,2026-05-30 00:00:00+00:00,6,-0.08380507014521288,-0.08860447944868322,0.3463006726049809,-0.18090081220772836
2026-05-24 00:00:00+00:00,STGUSDT,0.1662,1.282190132370638,2102352.8412,2239,2026-05-31 00:00:00+00:00,1.282190132370638,2026-05-30 00:00:00+00:00,7,-0.34827313472185606,-0.5599789085156868,0.004211793020457266,-0.5750065910888479
2026-05-25 00:00:00+00:00,CLOUSDT,0.07006,0.5134170710819299,3476252.4741899995,223,2026-06-01 00:00:00+00:00,0.5134170710819299,2026-05-28 00:00:00+00:00,7,0.9302084315759691,0.2762425728567386,0.9314872966029117,0.0
2026-05-25 00:00:00+00:00,MYXUSDT,0.2051,0.6465138956606533,5729250.95765,341,2026-06-01 00:00:00+00:00,0.6465138956606533,2026-05-31 00:00:00+00:00,7,-0.5075510808409831,-0.7323067811667161,-0.5592393954168698,-0.7713947290494522
2026-05-25 00:00:00+00:00,USUSDT,0.005664,0.4526836158192089,2728090.430001,164,2026-06-01 00:00:00+00:00,0.4526836158192089,2026-05-27 00:00:00+00:00,7,0.7597228974234325,0.5466699076324746,1.246822033898305,0.0
2026-05-26 00:00:00+00:00,PIEVERSEUSDT,0.7019,0.5147456902692691,13259567.32915,193,2026-06-02 00:00:00+00:00,0.5147456902692691,2026-06-01 00:00:00+00:00,7,-0.3464070729872084,-0.35929270127915713,-0.02949138053853817,-0.4516553799849511
2026-05-27 00:00:00+00:00,MAGMAUSDT,0.25657,0.7192189266087226,3817552.964485,147,2026-06-03 00:00:00+00:00,0.7192189266087226,2026-06-03 00:00:00+00:00,7,0.13536613012922238,0.8222398549081842,2.132829247378883,-0.27474495579233726
2026-05-27 00:00:00+00:00,APRUSDT,0.17238,0.41420118343195256,2680736.956365,216,2026-06-02 00:00:00+00:00,0.41420118343195256,2026-06-02 00:00:00+00:00,6,-0.1451308556895562,-0.16769218147510045,0.17705070193757977,-0.25752727869390435
2026-05-27 00:00:00+00:00,EPICUSDT,0.2046,1.3137829912023458,2030029.4637799999,440,2026-06-03 00:00:00+00:00,1.3137829912023458,2026-05-31 00:00:00+00:00,7,0.3886776510350656,0.1508238276299112,1.662756598240469,-0.15758343895226024
2026-05-27 00:00:00+00:00,OPNUSDT,0.1617,0.4106369820655533,4393897.61155,95,2026-06-03 00:00:00+00:00,0.4106369820655533,2026-06-03 00:00:00+00:00,7,-0.6819815870232355,-0.7174484875054801,-0.6014223871366728,-0.7419114423498465
2026-05-27 00:00:00+00:00,龙虾USDT,0.005676,0.5480972515856237,2905811.2595475,77,2026-06-03 00:00:00+00:00,0.5480972515856237,2026-06-02 00:00:00+00:00,7,0.18493228633208147,0.5095026744053717,1.3368569415081044,0.0
2026-05-28 00:00:00+00:00,AIAUSDT,0.05299,0.47310813361011506,7378886.996789999,252,2026-06-03 00:00:00+00:00,0.47310813361011506,2026-05-31 00:00:00+00:00,6,-0.25147322572380226,-0.31872918267998984,0.0035855821853179037,-0.353317960543172
2026-05-28 00:00:00+00:00,USELESSUSDT,0.06894,0.4371917609515521,8455383.65852,286,2026-06-03 00:00:00+00:00,0.4371917609515521,2026-06-02 00:00:00+00:00,6,-0.25050464271295914,-0.10779168348809043,0.2822744415433711,-0.4230924505450141
2026-05-28 00:00:00+00:00,IDUSDT,0.02653,0.460233697700716,3023443.34177,1162,2026-05-31 00:00:00+00:00,0.460233697700716,2026-05-29 00:00:00+00:00,3,-0.2689726381001548,-0.10505937016004119,0.30682246513381073,-0.38435725348477023
2026-05-29 00:00:00+00:00,VICUSDT,0.03943,0.45244737509510524,3933929.31797,443,2026-06-01 00:00:00+00:00,0.45244737509510524,2026-06-01 00:00:00+00:00,3,-0.41574995634712775,-0.28531517373843196,0.03804209992391594,-0.4185437401781037
2026-05-30 00:00:00+00:00,SKYAIUSDT,0.18682,0.8714805695321699,115223173.579155,382,2026-06-06 00:00:00+00:00,0.8714805695321699,2026-06-06 00:00:00+00:00,7,0.0400137287990161,-0.851099734004519,-0.7213360453912858,-0.851099734004519
2026-05-31 00:00:00+00:00,GWEIUSDT,0.10226,0.40397027185605316,6632177.915149501,122,2026-06-06 00:00:00+00:00,0.40397027185605316,2026-06-06 00:00:00+00:00,6,-0.2470571846486035,-0.060388660583687526,0.3191863876393506,-0.30695827819182275
2026-05-31 00:00:00+00:00,BLESSUSDT,0.005054,0.7354570637119111,3551911.6644765,250,2026-06-07 00:00:00+00:00,0.7354570637119111,2026-06-06 00:00:00+00:00,7,-0.06247862273400984,-0.14673355375669817,0.480807281361298,-0.3974461292897047
2026-06-01 00:00:00+00:00,BASUSDT,0.023694,0.4331898370895586,13026102.6435775,279,2026-06-08 00:00:00+00:00,0.4331898370895586,2026-06-05 00:00:00+00:00,7,-0.13104423110901708,-0.19226691795747697,0.1576348442643707,-0.2216561634960834
2026-06-02 00:00:00+00:00,4USDT,0.008131,0.5363423933095561,4419906.1867285,237,2026-06-08 00:00:00+00:00,0.5363423933095561,2026-06-08 00:00:00+00:00,6,-0.30611591418507844,-0.30971821966058266,0.060509162464641664,-0.36119116234390014
2026-06-02 00:00:00+00:00,PIPPINUSDT,0.01626,0.5854858548585486,10988077.178089999,494,2026-06-08 00:00:00+00:00,0.5854858548585486,2026-06-08 00:00:00+00:00,6,-0.36152055857253695,-0.3390224980605121,0.047970479704797064,-0.3983708301008534
2026-06-02 00:00:00+00:00,JCTUSDT,0.004029,0.660709853561678,4668967.362544,204,2026-06-09 00:00:00+00:00,0.660709853561678,2026-06-08 00:00:00+00:00,7,-0.1549843072784337,-0.4827380062770886,-0.14097791015140226,-0.5108354506052907
2026-06-03 00:00:00+00:00,HMSTRUSDT,0.0001491,0.76056338028169,3072803.889066,615,2026-06-10 00:00:00+00:00,0.76056338028169,2026-06-07 00:00:00+00:00,7,-0.42780952380952375,-0.19619047619047614,0.415157612340711,-0.42780952380952375
2026-06-03 00:00:00+00:00,FOLKSUSDT,1.326,0.696078431372549,2889757.36925,209,2026-06-10 00:00:00+00:00,0.696078431372549,2026-06-08 00:00:00+00:00,7,-0.00489106269453099,-0.14228546020453536,0.4547511312217194,-0.2294353045798132
2026-06-04 00:00:00+00:00,EVAAUSDT,0.3247,0.4323991376655376,3201902.7925899997,244,2026-06-09 00:00:00+00:00,0.4323991376655376,2026-06-09 00:00:00+00:00,5,0.7512362932702643,3.799397978929263,5.874653526332,-0.20533218662653197
2026-06-04 00:00:00+00:00,UAIUSDT,0.2423,0.5509698720594307,3992074.24505,210,2026-06-10 00:00:00+00:00,0.5509698720594307,2026-06-09 00:00:00+00:00,6,-0.2182011708355509,0.05321979776476837,0.6335121749896822,-0.292176689728579
2026-06-04 00:00:00+00:00,POWERUSDT,0.06328,0.4792983565107458,2781490.788245,180,2026-06-11 00:00:00+00:00,0.4792983565107458,2026-06-08 00:00:00+00:00,7,-0.15639354769789549,-0.1829932699497916,0.20859671302149185,-0.22625787843179157
2026-06-04 00:00:00+00:00,BSBUSDT,0.23233,0.4246545861490121,111112078.430555,71,2026-06-07 00:00:00+00:00,0.4246545861490121,2026-06-07 00:00:00+00:00,3,-0.012598567932565974,-0.5475996253663252,-0.355485731502604,-0.5475996253663252
2026-06-05 00:00:00+00:00,COAIUSDT,0.2271,0.62703654777631,2511813.7256,253,2026-06-12 00:00:00+00:00,0.62703654777631,2026-06-11 00:00:00+00:00,7,-0.2316644113667118,-0.16075778078484437,0.36547776309995594,-0.28227334235453316
2026-06-05 00:00:00+00:00,SQDUSDT,0.02973,0.4248234106962665,2285302.229845,359,2026-06-12 00:00:00+00:00,0.4248234106962665,2026-06-10 00:00:00+00:00,7,-0.18602455146364505,-0.28234183191690276,0.02253615876219306,-0.29107648725212465
2026-06-05 00:00:00+00:00,BANKUSDT,0.02415,0.9631469979296066,2028491.720325,413,2026-06-11 00:00:00+00:00,0.9631469979296066,2026-06-06 00:00:00+00:00,6,-0.21577726218097448,-0.1271883568867328,0.7134575569358177,-0.26893060535751945
2026-06-05 00:00:00+00:00,CRVUSDT,0.182,0.40604395604395616,19857426.7117035,2251,2026-06-11 00:00:00+00:00,0.40604395604395616,2026-06-11 00:00:00+00:00,6,-0.245408362641657,-0.18757327080890973,0.14230769230769225,-0.2801875732708089
2026-06-05 00:00:00+00:00,COLLECTUSDT,0.04312,0.40723562152133574,4375756.07592,156,2026-06-11 00:00:00+00:00,0.40723562152133574,2026-06-10 00:00:00+00:00,6,-0.3332234673698088,-0.32778510217534607,-0.05403525046382185,-0.3829927488464073
2026-06-05 00:00:00+00:00,BRUSDT,0.10145,0.4684080827994086,2237588.0272150002,441,2026-06-11 00:00:00+00:00,0.4684080827994086,2026-06-10 00:00:00+00:00,6,-0.022957642478351192,-0.01355977713633616,0.4484967964514539,-0.24696247566624152
2026-06-05 00:00:00+00:00,FHEUSDT,0.01714,0.4428238039673278,6532640.7057799995,419,2026-06-12 00:00:00+00:00,0.4428238039673278,2026-06-09 00:00:00+00:00,7,-0.2264456126162555,-0.11847957945814791,0.2718786464410736,-0.33158107561665995
2026-06-05 00:00:00+00:00,TSTUSDT,0.013093,0.40472007943175736,4585156.872723,481,2026-06-12 00:00:00+00:00,0.40472007943175736,2026-06-09 00:00:00+00:00,7,-0.4101239669421488,-0.4198564593301435,-0.18506071946841818,-0.4576446280991735
2026-06-06 00:00:00+00:00,NAORISUSDT,0.02987,0.4884499497823902,5509224.67169,310,2026-06-12 00:00:00+00:00,0.4884499497823902,2026-06-11 00:00:00+00:00,6,-0.12190733243364826,-0.24179037336932074,0.12855708068295946,-0.31466486729644627
2026-06-06 00:00:00+00:00,AIOTUSDT,0.05024,0.410828025477707,5126169.70098,402,2026-06-13 00:00:00+00:00,0.410828025477707,2026-06-08 00:00:00+00:00,7,-0.2938769751693002,-0.46247178329571104,-0.24164012738853502,-0.46247178329571104
2026-06-06 00:00:00+00:00,MEGAUSDT,0.04457,0.4049809288759254,15697307.589655,127,2026-06-13 00:00:00+00:00,0.4049809288759254,2026-06-13 00:00:00+00:00,7,-0.24480996486745443,-0.24528904503353555,0.060354498541620005,-0.2786649632705205
2026-06-07 00:00:00+00:00,OPGUSDT,0.1641,0.8555758683729433,27715544.0664,46,2026-06-14 00:00:00+00:00,0.8555758683729433,2026-06-14 00:00:00+00:00,7,-0.580952380952381,-0.6423645320197044,-0.3363802559414991,-0.6423645320197044
2026-06-07 00:00:00+00:00,CATIUSDT,0.04201,0.4394191859081171,2139021.97457,625,2026-06-13 00:00:00+00:00,0.4394191859081171,2026-06-11 00:00:00+00:00,6,0.04977674880105831,-0.3782040681329585,-0.10497500595096398,-0.3782040681329585
2026-06-09 00:00:00+00:00,GUAUSDT,0.5907,0.5166751312002709,41649773.490535,170,2026-06-16 00:00:00+00:00,0.5166751312002709,2026-06-15 00:00:00+00:00,7,-0.7961826096662574,-0.9383859805781896,-0.9065515490096496,-0.9460207612456747
2026-06-09 00:00:00+00:00,LABUSDT,9.276,0.438658904700302,430751019.80190504,235,2026-06-16 00:00:00+00:00,0.438658904700302,2026-06-14 00:00:00+00:00,7,-0.018883476957662126,-0.983446983889097,-0.9761858559724019,-0.983446983889097
2026-06-09 00:00:00+00:00,AEROUSDT,0.3307,0.4221348654369519,7984981.49712,552,2026-06-16 00:00:00+00:00,0.4221348654369519,2026-06-15 00:00:00+00:00,7,0.014246225813310698,0.009993621092919458,0.4363471424251588,-0.06463959174994682
2026-06-10 00:00:00+00:00,JELLYJELLYUSDT,0.05481,0.421091041780697,6275432.09538,441,2026-06-14 00:00:00+00:00,0.421091041780697,2026-06-14 00:00:00+00:00,4,-0.2774425471819233,-0.32070869174476824,-0.034665207079000115,-0.33406085505199645
2026-06-10 00:00:00+00:00,AGTUSDT,0.016576,0.6933518339768339,2408739.0236075,386,2026-06-17 00:00:00+00:00,0.6933518339768339,2026-06-17 00:00:00+00:00,7,-0.29099718550714315,-0.4974527058320567,-0.14901061776061775,-0.6024083508496918
2026-06-10 00:00:00+00:00,XANUSDT,0.007533,0.4095313951944777,4442639.115999499,254,2026-06-17 00:00:00+00:00,0.4095313951944777,2026-06-14 00:00:00+00:00,7,-0.01732906385383315,0.05707289508381974,0.48997743262976234,-0.15370126200791123
2026-06-10 00:00:00+00:00,AKTUSDT,0.5777,0.4246148519993076,7072962.394035,569,2026-06-15 00:00:00+00:00,0.4246148519993076,2026-06-13 00:00:00+00:00,5,-0.2373025516403401,-0.29720534629404616,0.0012117015752119986,-0.321142162818955
2026-06-10 00:00:00+00:00,TRADOORUSDT,0.3621,0.4310963822148579,4750669.425100001,264,2026-06-15 00:00:00+00:00,0.4310963822148579,2026-06-13 00:00:00+00:00,5,-0.20629100733307604,-0.1586260131223466,0.20408726871030103,-0.2435353145503666
2026-06-10 00:00:00+00:00,XPLUSDT,0.06113,0.8423032880745951,34130079.054000005,292,2026-06-17 00:00:00+00:00,0.8423032880745951,2026-06-11 00:00:00+00:00,7,-0.19339371337240274,-0.24338483395489263,0.3939146082120071,-0.24631504173326235
2026-06-10 00:00:00+00:00,MITOUSDT,0.01877,0.5386254661694194,2956506.52754,286,2026-06-17 00:00:00+00:00,0.5386254661694194,2026-06-17 00:00:00+00:00,7,-0.16689750692520766,-0.25242382271468133,0.15023974427277587,-0.27008310249307477
2026-06-10 00:00:00+00:00,SPXUSDT,0.3028,0.41083223249669754,7044109.0717,547,2026-06-17 00:00:00+00:00,0.41083223249669754,2026-06-16 00:00:00+00:00,7,-0.17954119850187278,-0.1657303370786517,0.1770145310435931,-0.24040262172284643
2026-06-11 00:00:00+00:00,ZEREBROUSDT,0.026992,0.5967694131594548,5141810.369632499,525,2026-06-18 00:00:00+00:00,0.5967694131594548,2026-06-18 00:00:00+00:00,7,-0.01828306264501156,-0.21433874709976786,0.2545198577356256,-0.2263805104408353
2026-06-11 00:00:00+00:00,JTOUSDT,0.5332,0.4904351087771943,36227240.5952,916,2026-06-16 00:00:00+00:00,0.4904351087771943,2026-06-15 00:00:00+00:00,5,-0.10393859317981624,-0.2853907134767837,0.0650787696924231,-0.2853907134767837
2026-06-12 00:00:00+00:00,TRUTHUSDT,0.011385,0.4005270092226616,3660259.7744835,254,2026-06-18 00:00:00+00:00,0.4005270092226616,2026-06-15 00:00:00+00:00,6,-0.13502665412354975,-0.16199435559736597,0.17364953886693035,-0.3195359046723111
2026-06-12 00:00:00+00:00,EIGENUSDT,0.1756,0.4123006833712983,17041735.018600002,619,2026-06-19 00:00:00+00:00,0.4123006833712983,2026-06-15 00:00:00+00:00,7,-0.1435483870967742,-0.0786290322580645,0.3012528473804099,-0.21209677419354844
2026-06-12 00:00:00+00:00,BABYUSDT,0.01377,0.4197530864197532,6195829.832289999,433,2026-06-15 00:00:00+00:00,0.4197530864197532,2026-06-14 00:00:00+00:00,3,-0.3207161125319693,-0.31867007672634273,-0.03267973856209139,-0.36930946291560107
2026-06-13 00:00:00+00:00,METUSDT,0.1051,0.5223596574690772,2554412.5413499996,245,2026-06-20 00:00:00+00:00,0.5223596574690772,2026-06-19 00:00:00+00:00,7,0.10562500000000008,0.055625000000000036,0.6070409134157944,-0.1931250000000001
2026-06-13 00:00:00+00:00,ESPORTSUSDT,0.06187,2.008404719573299,54386330.02194,319,2026-06-17 00:00:00+00:00,2.008404719573299,2026-06-17 00:00:00+00:00,4,-0.8628378015365604,-0.8331811099768979,-0.4981412639405204,-0.9258045452103368
2026-06-13 00:00:00+00:00,TRIAUSDT,0.02182,0.41934005499541716,3619494.216055,127,2026-06-16 00:00:00+00:00,0.41934005499541716,2026-06-16 00:00:00+00:00,3,-0.3290280917016468,-0.7058443655150146,-0.5824931255728689,-0.7462060058120762
2026-06-13 00:00:00+00:00,BASEDUSDT,0.06913,0.41747432373788507,14082695.88558,75,2026-06-19 00:00:00+00:00,0.41747432373788507,2026-06-18 00:00:00+00:00,6,-0.031533829982651196,-0.0780691907337483,0.3068132503978014,-0.3162567608939687
2026-06-14 00:00:00+00:00,TNSRUSDT,0.02992,0.507687165775401,2099532.0270335,797,2026-06-21 00:00:00+00:00,0.507687165775401,2026-06-21 00:00:00+00:00,7,-0.23808468188871645,-0.29306140545333625,0.06584224598930488,-0.3105741520727111
2026-06-15 00:00:00+00:00,MMTUSDT,0.1278,0.49139280125195617,2137578.6757,223,2026-06-22 00:00:00+00:00,0.49139280125195617,2026-06-21 00:00:00+00:00,7,-0.24816369359916046,-0.08604407135362013,0.36306729264475734,-0.24816369359916046
2026-06-15 00:00:00+00:00,SYNUSDT,0.04971,4.668276000804668,2056960.5222,668,2026-06-22 00:00:00+00:00,4.668276000804668,2026-06-17 00:00:00+00:00,7,0.331476026546474,-0.35656741313837537,2.647153490243412,-0.3753770805976506
2026-06-15 00:00:00+00:00,PORTALUSDT,0.01185,0.40675105485232077,6863984.1257795,837,2026-06-19 00:00:00+00:00,0.40675105485232077,2026-06-16 00:00:00+00:00,4,-0.2429514097180565,-0.36592681463707266,-0.10801687763713075,-0.36592681463707266
2026-06-15 00:00:00+00:00,HEIUSDT,0.07175,0.4871080139372823,9534303.863764,487,2026-06-19 00:00:00+00:00,0.4871080139372823,2026-06-18 00:00:00+00:00,4,-0.01630740393626995,0.009559512652296043,0.5013240418118468,-0.20328022492970943
2026-06-15 00:00:00+00:00,VELVETUSDT,0.3705,0.4083670715249663,2951367.443415,335,2026-06-22 00:00:00+00:00,0.4083670715249663,2026-06-16 00:00:00+00:00,7,-0.08968953622077436,-0.016864699118436244,0.3846153846153846,-0.225756995017248
2026-06-16 00:00:00+00:00,ALICEUSDT,0.1067,0.527647610121837,2078854.45267765,2262,2026-06-20 00:00:00+00:00,0.527647610121837,2026-06-20 00:00:00+00:00,4,-0.21901840490797553,-0.23190184049079754,0.1733833177132147,-0.3006134969325154
2026-06-17 00:00:00+00:00,DEXEUSDT,14.51,0.6106133700895935,13848466.057635,540,2026-06-23 00:00:00+00:00,0.6106133700895935,2026-06-22 00:00:00+00:00,6,0.20496362858365424,-0.9361146769362431,-0.89710544452102,-0.9361146769362431
2026-06-17 00:00:00+00:00,RESOLVUSDT,0.01717,0.4111822947000583,2698752.777335,372,2026-06-23 00:00:00+00:00,0.4111822947000583,2026-06-21 00:00:00+00:00,6,-0.11019397441188616,-0.21791167973586456,0.10366919044845657,-0.2257531985142387
2026-06-18 00:00:00+00:00,BEATUSDT,1.656,0.4245169082125604,178254246.51035,218,2026-06-23 00:00:00+00:00,0.4245169082125604,2026-06-23 00:00:00+00:00,5,0.033488766426452043,0.2763883001271725,0.8182367149758456,-0.2776600254345062
2026-06-19 00:00:00+00:00,UBUSDT,0.07899,0.4125838713761234,37477936.90031999,280,2026-06-21 00:00:00+00:00,0.4125838713761234,2026-06-21 00:00:00+00:00,2,-0.06605126366732395,-0.097508514070622,0.2748449170781111,-0.3749775945509948
2026-06-20 00:00:00+00:00,INUSDT,0.07396,0.44956733369388857,9646406.557625,317,2026-06-27 00:00:00+00:00,0.44956733369388857,2026-06-25 00:00:00+00:00,7,-0.551720921555825,-0.6598265087212014,-0.5068956192536506,-0.6598265087212014
2026-06-22 00:00:00+00:00,RAVEUSDT,0.2668,0.48463268365817114,15514765.401105002,190,2026-06-29 00:00:00+00:00,0.48463268365817114,2026-06-28 00:00:00+00:00,7,-0.3822267104266599,-0.24766473112850296,0.11694152923538237,-0.3822267104266599
2026-06-23 00:00:00+00:00,AIGENSYNUSDT,0.02409,0.4503943545039435,15088417.501205001,55,2026-06-30 00:00:00+00:00,0.4503943545039435,2026-06-29 00:00:00+00:00,7,-0.3299942759015455,-0.34630795649685175,-0.05188875051888753,-0.3551803091013165
2026-06-24 00:00:00+00:00,KAITOUSDT,0.431,0.4338747099767981,4372281.606070001,489,2026-07-01 00:00:00+00:00,0.4338747099767981,2026-06-26 00:00:00+00:00,7,0.2349514563106796,0.7203883495145631,1.4668213457076567,-0.08430420711974118
2026-06-24 00:00:00+00:00,RIFUSDT,0.08278,0.4060159458806474,14604411.469615001,977,2026-07-01 00:00:00+00:00,0.4060159458806474,2026-07-01 00:00:00+00:00,7,0.13592233009708732,-0.24057049574705724,0.06776999275187223,-0.42443508892516546
2026-06-24 00:00:00+00:00,NFPUSDT,0.007058,2.5134599036554266,3310831.21557595,910,2026-07-01 00:00:00+00:00,2.5134599036554266,2026-07-01 00:00:00+00:00,7,-0.6948140979111219,-0.6948140979111219,0.0722584301501843,-0.6948140979111219
2026-06-25 00:00:00+00:00,HUSDT,0.0577,0.46516464471403807,143425485.44289,365,2026-06-30 00:00:00+00:00,0.46516464471403807,2026-06-29 00:00:00+00:00,5,-0.19008753252898036,-0.23101490418736703,0.12668977469670706,-0.3152353915306364
2026-06-25 00:00:00+00:00,MYXUSDT,0.0772,0.4507772020725389,14807192.32545,372,2026-06-27 00:00:00+00:00,0.4507772020725389,2026-06-27 00:00:00+00:00,2,-0.3246428571428571,-0.3849107142857142,-0.10764248704663204,-0.3860714285714286
2026-06-25 00:00:00+00:00,MUSDT,1.0105,0.5909945571499258,3952684.2322500004,353,2026-07-02 00:00:00+00:00,0.5909945571499258,2026-07-01 00:00:00+00:00,7,-0.2412763575293898,-0.32363003047832306,0.07610094012864921,-0.39304596628724264
2026-06-26 00:00:00+00:00,MAGMAUSDT,0.50585,0.5889888306810318,9575713.71197,177,2026-07-03 00:00:00+00:00,0.5889888306810318,2026-07-03 00:00:00+00:00,7,-0.6543748989163836,-0.6728374326627602,-0.480142334684195,-0.6728374326627602
2026-06-26 00:00:00+00:00,龙虾USDT,0.009294,0.42715730578868083,6364752.535393,107,2026-07-03 00:00:00+00:00,0.42715730578868083,2026-06-29 00:00:00+00:00,7,0.23024728588661025,0.5075392038600723,1.1514955885517537,-0.028573582629674243
2026-06-26 00:00:00+00:00,ZBTUSDT,0.10685,0.41272812353766963,5574789.325985,252,2026-07-01 00:00:00+00:00,0.41272812353766963,2026-07-01 00:00:00+00:00,5,-0.4033786021861544,-0.22139781384564428,0.09995320542817021,-0.4084796290162306
2026-06-26 00:00:00+00:00,NOMUSDT,0.00142,0.569718309859155,4232567.3953990005,268,2026-07-03 00:00:00+00:00,0.569718309859155,2026-07-01 00:00:00+00:00,7,-0.3234634365186182,-0.35621354867653654,0.010563380281690238,-0.3678779721848362
2026-06-27 00:00:00+00:00,EPICUSDT,0.4563,0.594345825115056,22986551.34824,471,2026-07-04 00:00:00+00:00,0.594345825115056,2026-07-04 00:00:00+00:00,7,-0.3898281786941581,0.2823367697594501,1.044488275257506,-0.5685223367697594
2026-06-27 00:00:00+00:00,BILLUSDT,0.03924,0.40621814475025486,13643101.193535,51,2026-06-29 00:00:00+00:00,0.40621814475025486,2026-06-29 00:00:00+00:00,2,0.08535701341065605,-0.5757520840884378,-0.4034148827726809,-0.5900688655309895
2026-06-28 00:00:00+00:00,USUSDT,0.012065,0.4756734355573975,6281611.501166999,198,2026-07-04 00:00:00+00:00,0.4756734355573975,2026-07-02 00:00:00+00:00,6,1.63193664345091,2.0527409570882944,3.504848736013262,-0.06807458997977989
2026-06-28 00:00:00+00:00,LITUSDT,1.7317,0.41895247444707495,47337533.201749995,2274,2026-07-05 00:00:00+00:00,0.41895247444707495,2026-07-03 00:00:00+00:00,7,-0.1002767377502849,-0.1614032231808562,0.18992897153086563,-0.1830945791958326
2026-06-29 00:00:00+00:00,ALLOUSDT,0.28188,0.497658578118348,80677258.75036001,230,2026-07-06 00:00:00+00:00,0.497658578118348,2026-07-02 00:00:00+00:00,7,0.13288800454803873,-0.37274966837218115,-0.06059316021001859,-0.40614932726928177
2026-06-29 00:00:00+00:00,BLURUSDT,0.01474,0.4274084124830393,2278544.5793399997,1158,2026-07-06 00:00:00+00:00,0.4274084124830393,2026-07-06 00:00:00+00:00,7,-0.2519011406844106,-0.35361216730038025,-0.07734056987788329,-0.363593155893536
2026-07-01 00:00:00+00:00,EDGEUSDT,0.2581,0.5734211545912438,11791950.1591,104,2026-07-08 00:00:00+00:00,0.5734211545912438,2026-07-06 00:00:00+00:00,7,-0.026840679635557807,-0.04333907904457035,0.5052305308020149,-0.13912829352376255
2026-07-01 00:00:00+00:00,CLOUSDT,0.13532,0.49201891812001186,32173983.67215,260,2026-07-07 00:00:00+00:00,0.49201891812001186,2026-07-07 00:00:00+00:00,6,-0.40713224368499257,-0.39623576027736507,-0.09917233224948274,-0.48365527488855875
2026-07-07 00:00:00+00:00,BUSDT,0.154,0.4616883116883117,3599618.07975,411,2026-07-10 00:00:00+00:00,0.4616883116883117,2026-07-10 00:00:00+00:00,3,-0.23500666370502,-0.35095513105286535,-0.05129870129870129,-0.5184362505553087
2026-07-07 00:00:00+00:00,SXTUSDT,0.006588,0.42152398299939287,2273995.206297,431,2026-07-11 00:00:00+00:00,0.42152398299939287,2026-07-11 00:00:00+00:00,4,-0.2943940202883075,-0.16390816871329417,0.18852459016393452,-0.3156433529097704
2026-07-08 00:00:00+00:00,TACUSDT,0.002731,0.7425851336506775,3258388.949532,358,2026-07-09 00:00:00+00:00,0.7425851336506775,2026-07-09 00:00:00+00:00,1,-0.2866148350493801,-0.3420886740911956,0.1464664957890882,-0.4179449464173146
2026-07-08 00:00:00+00:00,BANKUSDT,0.03466,0.4746105020196192,2022639.75198,446,2026-07-15 00:00:00+00:00,0.4746105020196192,2026-07-13 00:00:00+00:00,7,2.3684210526315788,-0.25239679123459213,0.10242354298903633,-0.2891801995695559
2026-07-09 00:00:00+00:00,AKEUSDT,0.0001938,4.281733746130031,2027957.0673991,286,2026-07-16 00:00:00+00:00,4.281733746130031,2026-07-15 00:00:00+00:00,7,3.3946854239937476,8.900351699882767,51.29102167182663,0.0
2026-07-10 00:00:00+00:00,BULLAUSDT,0.006162,0.46332359623498887,2231885.7455515,371,2026-07-17 00:00:00+00:00,0.46332359623498887,2026-07-16 00:00:00+00:00,7,0.7469224797604521,0.971387379394477,1.884777669587796,-0.01452811356326944
2026-07-13 00:00:00+00:00,HEMIUSDT,0.004247,0.6124323051565812,2353406.12742,318,2026-07-20 00:00:00+00:00,0.6124323051565812,2026-07-20 00:00:00+00:00,7,-0.3200934579439252,0.2752628504672896,1.0562750176595244,-0.36711448598130836
2026-07-16 00:00:00+00:00,ZAMAUSDT,0.03508,0.5133979475484607,4420328.86758,188,2026-07-23 00:00:00+00:00,0.5133979475484607,2026-07-22 00:00:00+00:00,7,-0.010924844603503403,-0.006404219250329635,0.5037058152793614,-0.23959314371821427
2026-07-16 00:00:00+00:00,TLMUSDT,0.001475,0.5077966101694915,8348913.2419945,2292,2026-07-19 00:00:00+00:00,0.5077966101694915,2026-07-19 00:00:00+00:00,3,-0.2801258992805755,-0.38848920863309344,-0.07796610169491514,-0.38848920863309344
2026-07-18 00:00:00+00:00,REUSDT,0.3945,0.4742712294043092,111729266.60635,30,2026-07-24 00:00:00+00:00,0.4742712294043092,2026-07-22 00:00:00+00:00,6,-0.33012379642365886,-0.07066712517193952,0.3700887198986058,-0.3397524071526823
2026-07-18 00:00:00+00:00,BEATUSDT,2.355,0.4229299363057324,48006916.4562,248,2026-07-25 00:00:00+00:00,0.4229299363057324,2026-07-23 00:00:00+00:00,7,-0.14801551775589372,-0.9610862429125634,-0.9446284501061571,-0.9610862429125634
2026-07-19 00:00:00+00:00,ESPUSDT,0.07006,0.5648015986297461,2253794.90648,159,2026-07-26 00:00:00+00:00,0.5648015986297461,2026-07-26 00:00:00+00:00,7,-0.34680288242269464,-0.1865365319711758,0.2729089351984013,-0.4475052449147132
2026-07-19 00:00:00+00:00,LAUSDT,0.0503,0.5053677932405567,2989577.4663255,409,2026-07-26 00:00:00+00:00,0.5053677932405567,2026-07-23 00:00:00+00:00,7,-0.29054410987849977,-0.29186476492340196,0.06600397614314124,-0.40253565768621224
2026-07-23 00:00:00+00:00,MMTUSDT,0.1812,0.4034216335540841,6178323.126250001,261,2026-07-30 00:00:00+00:00,0.4034216335540841,2026-07-30 00:00:00+00:00,7,-0.34368855682265054,-0.35548564687377127,-0.09547461368653432,-0.39874164372788046
2026-07-23 00:00:00+00:00,DEXEUSDT,1.493,2.042866711319491,44024504.540115,576,2026-07-25 00:00:00+00:00,2.042866711319491,2026-07-24 00:00:00+00:00,2,-0.5007704160246533,-0.5866167730574511,0.25787006028131265,-0.6031256878714506
2026-07-24 00:00:00+00:00,GIGGLEUSDT,25.53,0.8844496670583626,5353665.50935,288,2026-07-31 00:00:00+00:00,0.8844496670583626,2026-07-31 00:00:00+00:00,7,-0.33444190397006857,-0.2078569943878612,0.49275362318840576,-0.3662440241114113
2026-07-24 00:00:00+00:00,BTWUSDT,0.06705,0.5169276659209545,13247629.142072,50,2026-07-31 00:00:00+00:00,0.5169276659209545,2026-07-28 00:00:00+00:00,7,2.057516468390522,2.9457280503392,4.985384041759881,-0.20912397994297516
2026-07-25 00:00:00+00:00,UAIUSDT,0.3294,0.648755312689739,4554243.47035,261,2026-08-01 00:00:00+00:00,0.648755312689739,2026-07-29 00:00:00+00:00,7,-0.5317621064260725,-0.30620511876265877,0.14389799635701284,-0.5580924323329037
2026-07-25 00:00:00+00:00,IDOLUSDT,0.01507,0.6177836761778366,4057406.00723,386,2026-08-01 00:00:00+00:00,0.6177836761778366,2026-08-01 00:00:00+00:00,7,-0.30270713699753893,-0.3913043478260869,-0.015262110152621022,-0.3913043478260869
2026-07-25 00:00:00+00:00,BLESSUSDT,0.008148,0.402675503190967,4116608.0535105,305,2026-08-01 00:00:00+00:00,0.402675503190967,2026-08-01 00:00:00+00:00,7,-0.2227666462507656,-0.09335899903753608,0.2717231222385861,-0.33651238078572054
2026-07-27 00:00:00+00:00,UBUSDT,0.11994,0.54285476071369,19615507.102045,318,2026-08-03 00:00:00+00:00,0.54285476071369,2026-07-30 00:00:00+00:00,7,-0.3846527965414752,,,-0.38978654417724934
2026-07-27 00:00:00+00:00,PTBUSDT,0.0006018,0.6342638750415421,2505136.0880415505,327,2026-08-03 00:00:00+00:00,0.6342638750415421,2026-07-31 00:00:00+00:00,7,-0.12862226741230298,,,-0.25144890696492117
2026-07-27 00:00:00+00:00,SKYAIUSDT,0.02337,0.7270004278990159,18330658.42072,440,2026-08-03 00:00:00+00:00,0.7270004278990159,2026-08-02 00:00:00+00:00,7,0.8805748265609512,,,0.0
2026-07-27 00:00:00+00:00,CAPUSDT,0.02411,0.6300290335960184,15080389.316939998,30,2026-07-31 00:00:00+00:00,0.6300290335960184,2026-07-30 00:00:00+00:00,4,0.6366412213740458,0.7315521628498727,1.8224802986312731,-0.35470737913486006
2026-07-28 00:00:00+00:00,BICOUSDT,0.01198,0.7621035058430718,3647166.6515349997,1034,2026-08-04 00:00:00+00:00,0.7621035058430718,2026-08-02 00:00:00+00:00,7,-0.11084793936522985,,,-0.19327333017527237
2026-07-28 00:00:00+00:00,HOMEUSDT,0.00561,0.580392156862745,9006014.069937,413,2026-08-04 00:00:00+00:00,0.580392156862745,2026-08-02 00:00:00+00:00,7,-0.31660275208662314,,,-0.3194225129709001
2026-07-28 00:00:00+00:00,EPICUSDT,0.7181,0.4308592118089405,16406710.940595001,502,2026-08-04 00:00:00+00:00,0.4308592118089405,2026-08-01 00:00:00+00:00,7,-0.6491484184914842,,,-0.6782481751824818
2026-07-28 00:00:00+00:00,HEIUSDT,0.08326,0.5506846024501562,10840185.74444,530,2026-08-04 00:00:00+00:00,0.5506846024501562,2026-08-04 00:00:00+00:00,7,0.0556114940748198,,,-0.05158392068778561
2026-07-30 00:00:00+00:00,GWEIUSDT,0.0151,0.4225165562913906,15435921.245503,182,2026-08-06 00:00:00+00:00,0.4225165562913906,2026-08-04 00:00:00+00:00,7,0.02281191806331484,,,-0.029795158286778367
2026-07-30 00:00:00+00:00,ONUSDT,0.2282,0.6497370727432079,2803819.77338,279,2026-08-06 00:00:00+00:00,0.6497370727432079,2026-08-06 00:00:00+00:00,7,-0.2650144765851197,,,-0.3773740271469175
2026-07-30 00:00:00+00:00,ZBTUSDT,0.11775,0.5933757961783441,10121858.91578,286,2026-08-06 00:00:00+00:00,0.5933757961783441,2026-08-06 00:00:00+00:00,7,-0.5821874000639591,,,-0.606811640550048
2026-07-30 00:00:00+00:00,TRADOORUSDT,0.5041,0.4798651061297361,2147161.5179000003,314,2026-08-06 00:00:00+00:00,0.4798651061297361,2026-08-06 00:00:00+00:00,7,-0.12640750670241296,,,-0.2714477211796247
2026-07-30 00:00:00+00:00,DODOXUSDT,0.018186,0.4728912350159462,7076120.3518085,1087,2026-08-05 00:00:00+00:00,0.4728912350159462,2026-08-05 00:00:00+00:00,6,-0.237362801463451,,,-0.29526618382737246
2026-07-31 00:00:00+00:00,ACEUSDT,0.06692,0.6350866706515244,2033567.5209041499,956,2026-08-06 00:00:00+00:00,0.6350866706515244,2026-08-06 00:00:00+00:00,6,1.2913544141838784,,,-0.049716687991226416
2026-07-31 00:00:00+00:00,龙虾USDT,0.017852,0.4414071252520726,2711045.935541,142,2026-08-05 00:00:00+00:00,0.4414071252520726,2026-08-05 00:00:00+00:00,5,-0.1891807865692523,,,-0.2849759054873311
2026-07-31 00:00:00+00:00,SYNUSDT,0.1013,0.40276406712734447,35062057.680185,714,2026-08-05 00:00:00+00:00,0.40276406712734447,2026-08-05 00:00:00+00:00,5,-0.22308233638282904,,,-0.330752990851513
2026-08-01 00:00:00+00:00,BLUAIUSDT,0.011521,0.7689436680843675,2832687.655295,284,2026-08-08 00:00:00+00:00,0.7689436680843675,2026-08-08 00:00:00+00:00,7,-0.37409224730127577,,,-0.41805691854759564
2026-08-02 00:00:00+00:00,4USDT,0.009505,0.4520778537611785,2238356.652162,298,2026-08-09 00:00:00+00:00,0.4520778537611785,2026-08-08 00:00:00+00:00,7,-0.19859440660773808,,,-0.26930879582669176
2026-08-02 00:00:00+00:00,BOMEUSDT,0.0005974,0.41864747238031463,2896076.3183115,869,2026-08-09 00:00:00+00:00,0.41864747238031463,2026-08-09 00:00:00+00:00,7,0.40648967551622417,,,-0.12377581120943937
2026-08-02 00:00:00+00:00,XANUSDT,0.012938,0.7232184263410109,2411748.734767,307,2026-08-09 00:00:00+00:00,0.7232184263410109,2026-08-09 00:00:00+00:00,7,-0.4337743888764297,,,-0.5447858264184795
2026-08-04 00:00:00+00:00,GUAUSDT,0.04309,0.4773729403573912,2105294.91194,226,2026-08-10 00:00:00+00:00,0.4773729403573912,2026-08-10 00:00:00+00:00,6,-0.396167137920201,,,-0.40087967326421614
2026-08-04 00:00:00+00:00,VELVETUSDT,0.4363,0.40064176025670406,21821308.57941,385,2026-08-11 00:00:00+00:00,0.40064176025670406,2026-08-11 00:00:00+00:00,7,-0.7952871870397644,,,-0.8448699067255768
2026-08-04 00:00:00+00:00,TUTUSDT,0.02157,8.361149745016226,2064640.39867,502,2026-08-09 00:00:00+00:00,8.361149745016226,2026-08-05 00:00:00+00:00,5,-0.6846770998415214,,,-0.8530110935023771
2026-08-05 00:00:00+00:00,MUBARAKUSDT,0.01343,0.8957557706626955,2060429.067,506,2026-08-09 00:00:00+00:00,0.8957557706626955,2026-08-09 00:00:00+00:00,4,-0.04909662215239596,,,-0.3790259230164964
2026-08-05 00:00:00+00:00,APRUSDT,0.1953,2.110087045570917,3062405.7795900004,286,2026-08-12 00:00:00+00:00,2.110087045570917,2026-08-12 00:00:00+00:00,7,-0.6359894632861377,,,-0.7332894303589068
2026-08-06 00:00:00+00:00,AVAAIUSDT,0.008305,0.7723058398555087,2576052.3760605,566,2026-08-13 00:00:00+00:00,0.7723058398555087,2026-08-12 00:00:00+00:00,7,-0.41157687342890137,,,-0.42285481350635223
2026-08-06 00:00:00+00:00,EDENUSDT,0.04166,0.71387421987518,2348061.26815,310,2026-08-13 00:00:00+00:00,0.71387421987518,2026-08-13 00:00:00+00:00,7,-0.1557422969187675,,,-0.392577030812325
2026-08-07 00:00:00+00:00,HUSDT,0.07991,0.47153047178075336,4911654.364435,408,2026-08-14 00:00:00+00:00,0.47153047178075336,2026-08-13 00:00:00+00:00,7,-0.32120078237945404,,,-0.4137256569436176
2026-08-08 00:00:00+00:00,AIOUSDT,0.04383,0.42687656856034684,2715593.230635,360,2026-08-15 00:00:00+00:00,0.42687656856034684,2026-08-15 00:00:00+00:00,7,-0.2580748321074513,,,-0.372241765270227
2026-08-09 00:00:00+00:00,PRLUSDT,0.2756,0.4477503628447024,2230835.545,130,2026-08-16 00:00:00+00:00,0.4477503628447024,2026-08-11 00:00:00+00:00,7,-0.5644110275689223,,,-0.6037593984962406
2026-08-10 00:00:00+00:00,STARUSDT,0.09486,0.5014758591608686,3726510.97274,88,2026-08-17 00:00:00+00:00,0.5014758591608686,2026-08-17 00:00:00+00:00,7,-0.18191392262865969,,,-0.2516323808186477
2026-08-11 00:00:00+00:00,PROMUSDT,1.854,0.43365695792880254,5023778.440649999,573,2026-08-12 00:00:00+00:00,0.43365695792880254,2026-08-12 00:00:00+00:00,1,0.610609480812641,,,-0.28743416102332586
2026-08-14 00:00:00+00:00,MAGMAUSDT,0.1742,0.8790470723306545,2615349.03921,226,2026-08-21 00:00:00+00:00,0.8790470723306545,2026-08-19 00:00:00+00:00,7,,,,-0.3529771178932576
2026-08-14 00:00:00+00:00,SPXUSDT,0.3177,0.4611268492288323,2913039.6195,612,2026-08-21 00:00:00+00:00,0.4611268492288323,2026-08-20 00:00:00+00:00,7,,,,-0.03532959931064206
2026-08-14 00:00:00+00:00,1000FLOKIUSDT,0.0203,0.4349753694581282,3729980.5178,1196,2026-08-21 00:00:00+00:00,0.4349753694581282,2026-08-21 00:00:00+00:00,7,,,,-0.18091314795743219
2026-08-14 00:00:00+00:00,1000PEPEUSDT,0.0026621,0.5481011231734345,112036074.83641696,1197,2026-08-21 00:00:00+00:00,0.5481011231734345,2026-08-20 00:00:00+00:00,7,,,,-0.17473066097253231
2026-08-14 00:00:00+00:00,CRVUSDT,0.2385,0.44067085953878427,10484876.613710001,2321,2026-08-21 00:00:00+00:00,0.44067085953878427,2026-08-21 00:00:00+00:00,7,,,,-0.14202561117578583
2026-08-14 00:00:00+00:00,ENAUSDT,0.08462,0.6810446702907114,67683677.969915,864,2026-08-21 00:00:00+00:00,0.6810446702907114,2026-08-20 00:00:00+00:00,7,,,,0.0
2026-08-14 00:00:00+00:00,AAVEUSDT,86.43,0.4205715608006477,61712226.913499996,2321,2026-08-21 00:00:00+00:00,0.4205715608006477,2026-08-21 00:00:00+00:00,7,,,,-0.0051311288483465445
2026-08-14 00:00:00+00:00,NEIROUSDT,6.523e-05,0.5984976237927335,3191022.1464275653,697,2026-08-21 00:00:00+00:00,0.5984976237927335,2026-08-20 00:00:00+00:00,7,,,,-0.22336242447492094
2026-08-14 00:00:00+00:00,USELESSUSDT,0.04012,0.6146560319042871,5069867.696204999,364,2026-08-21 00:00:00+00:00,0.6146560319042871,2026-08-20 00:00:00+00:00,7,,,,-0.07131830811979012
2026-08-14 00:00:00+00:00,WIFUSDT,0.1385,0.4389891696750903,13762311.97099,939,2026-08-21 00:00:00+00:00,0.4389891696750903,2026-08-21 00:00:00+00:00,7,,,,-0.05017561465127951
2026-08-14 00:00:00+00:00,PUMPUSDT,0.00284,0.4309859154929576,85209853.823618,489,2026-08-21 00:00:00+00:00,0.4309859154929576,2026-08-20 00:00:00+00:00,7,,,,0.0
2026-08-14 00:00:00+00:00,BCHUSDT,204.8,0.4094238281249998,35709854.54985,2321,2026-08-21 00:00:00+00:00,0.4094238281249998,2026-08-21 00:00:00+00:00,7,,,,-0.1576303481725272
2026-08-14 00:00:00+00:00,CHIPUSDT,0.02309,0.40537029016890425,4288817.646515001,120,2026-08-21 00:00:00+00:00,0.40537029016890425,2026-08-16 00:00:00+00:00,7,,,,-0.06964560862865943
2026-08-14 00:00:00+00:00,XRPUSDT,0.9988,0.4555466559871846,391833513.99856496,2321,2026-08-21 00:00:00+00:00,0.4555466559871846,2026-08-20 00:00:00+00:00,7,,,,-0.06685926537350384
2026-08-14 00:00:00+00:00,ENSUSDT,4.059,0.4579945799457994,2989357.97465,2321,2026-08-21 00:00:00+00:00,0.4579945799457994,2026-08-21 00:00:00+00:00,7,,,,-0.05643798580601567
2026-08-14 00:00:00+00:00,USUSDT,0.016873,0.4249985183429148,26586094.909325,245,2026-08-21 00:00:00+00:00,0.4249985183429148,2026-08-21 00:00:00+00:00,7,,,,-0.37618532690068207
2026-08-14 00:00:00+00:00,PEOPLEUSDT,0.007604,0.4938190426091531,5841202.9478395,2321,2026-08-21 00:00:00+00:00,0.4938190426091531,2026-08-20 00:00:00+00:00,7,,,,-0.3268773659653138
2026-08-14 00:00:00+00:00,PENGUUSDT,0.006111,0.4599901816396661,26859114.9014905,605,2026-08-21 00:00:00+00:00,0.4599901816396661,2026-08-21 00:00:00+00:00,7,,,,-0.057610401255323795
2026-08-14 00:00:00+00:00,STXUSDT,0.1221,0.5544635544635543,3416320.1512,1270,2026-08-21 00:00:00+00:00,0.5544635544635543,2026-08-21 00:00:00+00:00,7,,,,0.0
2026-08-14 00:00:00+00:00,ZECUSDT,493.12,0.489170992861778,377121058.454635,2321,2026-08-21 00:00:00+00:00,0.489170992861778,2026-08-21 00:00:00+00:00,7,,,,0.0
2026-08-15 00:00:00+00:00,POLUSDT,0.07527,0.42340906071476003,6418549.172505001,701,2026-08-22 00:00:00+00:00,0.42340906071476003,2026-08-21 00:00:00+00:00,7,,,,-0.15521747246593243
2026-08-15 00:00:00+00:00,LITUSDT,2.263,0.40972160848431294,25176362.00247,2322,2026-08-22 00:00:00+00:00,0.40972160848431294,2026-08-21 00:00:00+00:00,7,,,,0.0
2026-08-15 00:00:00+00:00,ZROUSDT,0.7766,0.4929178470254958,7440045.249665,786,2026-08-22 00:00:00+00:00,0.4929178470254958,2026-08-21 00:00:00+00:00,7,,,,-0.11419699844747289
2026-08-15 00:00:00+00:00,TRBUSDT,13.13,0.43259710586443245,2848649.4321,2322,2026-08-22 00:00:00+00:00,0.43259710586443245,2026-08-21 00:00:00+00:00,7,,,,-0.12009569377990437
2026-08-15 00:00:00+00:00,TRUMPUSDT,1.403,0.6963649322879544,27748466.03305,574,2026-08-22 00:00:00+00:00,0.6963649322879544,2026-08-19 00:00:00+00:00,7,,,,-0.08739495798319319
2026-08-16 00:00:00+00:00,PENDLEUSDT,1.2552,0.4859783301465901,7101990.84355,1115,2026-08-23 00:00:00+00:00,0.4859783301465901,2026-08-20 00:00:00+00:00,7,,,,-0.08910572592751442
2026-08-16 00:00:00+00:00,DASHUSDT,29.97,0.4154154154154155,10653987.970525,2323,2026-08-23 00:00:00+00:00,0.4154154154154155,2026-08-21 00:00:00+00:00,7,,,,-0.10702498821310702
2026-08-16 00:00:00+00:00,VVVUSDT,11.803,0.4225196983817672,13012054.463425,564,2026-08-23 00:00:00+00:00,0.4225196983817672,2026-08-19 00:00:00+00:00,7,,,,-0.04329958308516979
2026-08-16 00:00:00+00:00,FETUSDT,0.1215,0.41234567901234565,17843248.51445,1307,2026-08-21 00:00:00+00:00,0.41234567901234565,2026-08-21 00:00:00+00:00,5,,,,-0.13636363636363635
2026-08-16 00:00:00+00:00,1000BONKUSDT,0.002308,0.4189774696707105,21043609.014549002,998,2026-08-23 00:00:00+00:00,0.4189774696707105,2026-08-21 00:00:00+00:00,7,,,,-0.1505343511450381
2026-08-16 00:00:00+00:00,ZENUSDT,3.977,0.4460648730198644,3713212.62775,2323,2026-08-23 00:00:00+00:00,0.4460648730198644,2026-08-21 00:00:00+00:00,7,,,,-0.1380629455746828
2026-08-16 00:00:00+00:00,MORPHOUSDT,1.9915,0.46010544815465715,4813860.791625001,627,2026-08-23 00:00:00+00:00,0.46010544815465715,2026-08-23 00:00:00+00:00,7,,,,-0.17343008460004117
2026-08-16 00:00:00+00:00,MONUSDT,0.02026,0.5004935834155972,3361269.506105,310,2026-08-23 00:00:00+00:00,0.5004935834155972,2026-08-20 00:00:00+00:00,7,,,,-0.13092105263157894
2026-08-16 00:00:00+00:00,HYPEUSDT,57.136,0.44080789694763367,350942469.53106,443,2026-08-23 00:00:00+00:00,0.44080789694763367,2026-08-19 00:00:00+00:00,7,,,,-0.04086392458880983
2026-08-16 00:00:00+00:00,METUSDT,0.1615,0.5188854489164085,3073433.6563999997,309,2026-08-23 00:00:00+00:00,0.5188854489164085,2026-08-19 00:00:00+00:00,7,,,,-0.23929881777415407
2026-08-17 00:00:00+00:00,ZAMAUSDT,0.04037,0.47956403269754744,16589866.816435002,220,2026-08-24 00:00:00+00:00,0.47956403269754744,2026-08-21 00:00:00+00:00,7,,,,-0.16223003515821188
2026-08-17 00:00:00+00:00,EDGEUSDT,0.2844,0.40787623066104084,4433519.9638,151,2026-08-24 00:00:00+00:00,0.40787623066104084,2026-08-21 00:00:00+00:00,7,,,,-0.11188811188811176
2026-08-18 00:00:00+00:00,GALAUSDT,0.001392,0.579022988505747,6196245.257358501,2325,2026-08-21 00:00:00+00:00,0.579022988505747,2026-08-21 00:00:00+00:00,3,,,,-0.2534121929026387
2026-08-18 00:00:00+00:00,JASMYUSDT,0.00349,0.415186246418338,2702807.598919,2325,2026-08-25 00:00:00+00:00,0.415186246418338,2026-08-21 00:00:00+00:00,7,,,,-0.12573395424174938
2026-08-18 00:00:00+00:00,FFUSDT,0.06327,0.601548917338391,2722814.65379,323,2026-08-25 00:00:00+00:00,0.601548917338391,2026-08-22 00:00:00+00:00,7,,,,-0.1550379946708773
2026-08-18 00:00:00+00:00,MOVEUSDT,0.005857,0.4143759603892776,2869745.687173,617,2026-08-23 00:00:00+00:00,0.4143759603892776,2026-08-21 00:00:00+00:00,5,,,,-0.042129406084017385
2026-08-19 00:00:00+00:00,PORTALUSDT,0.01037,0.636451301832208,2079553.7916724999,902,2026-08-24 00:00:00+00:00,0.636451301832208,2026-08-22 00:00:00+00:00,5,,,,-0.15733647613435464
2026-08-19 00:00:00+00:00,FARTCOINUSDT,0.1547,0.40206851971557866,15528643.510359999,607,2026-08-26 00:00:00+00:00,0.40206851971557866,2026-08-21 00:00:00+00:00,7,,,,-0.194098662978331
2026-08-20 00:00:00+00:00,CYSUSDT,0.5499,0.45208219676304773,115634633.07454999,251,2026-08-26 00:00:00+00:00,0.45208219676304773,2026-08-26 00:00:00+00:00,6,,,,-0.27326236693800876
2026-08-22 00:00:00+00:00,LIGHTUSDT,0.1445,0.44913494809688603,3243388.3978500003,329,2026-08-29 00:00:00+00:00,0.44913494809688603,2026-08-26 00:00:00+00:00,7,,,,-0.19579751671442225
2026-08-23 00:00:00+00:00,HEMIUSDT,0.008866,0.5541394089781184,4552111.970538,359,2026-08-30 00:00:00+00:00,0.5541394089781184,2026-08-28 00:00:00+00:00,7,,,,0.0
2026-08-24 00:00:00+00:00,CLOUSDT,0.08948,0.5717478766204735,3411866.28847,314,2026-08-31 00:00:00+00:00,0.5717478766204735,2026-08-27 00:00:00+00:00,7,,,,0.0
2026-08-24 00:00:00+00:00,BMTUSDT,0.01511,0.786896095301125,2740875.789705,525,2026-08-27 00:00:00+00:00,0.786896095301125,2026-08-25 00:00:00+00:00,3,,,,-0.2581481481481481
2026-08-25 00:00:00+00:00,0GUSDT,0.158,0.42341772151898716,4224797.9166,342,2026-08-31 00:00:00+00:00,0.42341772151898716,2026-08-31 00:00:00+00:00,6,,,,0.0
2026-08-26 00:00:00+00:00,MOVRUSDT,0.7021,0.4016521862982483,2972068.4996065004,974,2026-08-27 00:00:00+00:00,0.4016521862982483,2026-08-27 00:00:00+00:00,1,,,,-0.1981505944517833
2026-08-26 00:00:00+00:00,AKEUSDT,0.007659,0.4576315445880663,78275025.1918698,334,2026-08-28 00:00:00+00:00,0.4576315445880663,2026-08-28 00:00:00+00:00,2,,,,-0.2892332497312792
2026-08-28 00:00:00+00:00,UAIUSDT,0.2737,0.4165144318597003,10602526.9649,295,2026-08-30 00:00:00+00:00,0.4165144318597003,2026-08-30 00:00:00+00:00,2,,,,-0.02811452153727101
