date,symbol,ret1,peer_corr_mean,self_abn1,peer_abn1,low_abn1,rnd_abn1,self_abn3,peer_abn3,low_abn3,rnd_abn3,self_abn7,peer_abn7,low_abn7,rnd_abn7,peer_ret_day0
2025-11-03 00:00:00+00:00,0GUSDT,0.24748717948717935,0.47619956117193507,0.07337492676096444,0.010732564530742027,0.03553720950063056,-0.02832681097262854,-0.12914480642793139,-0.05570241214242825,0.036345303937683766,-0.03403262732558726,0.14498690824918006,-0.04958770580367052,-0.004041834436282465,-0.025830619363984657,-0.09671509930227222
2025-12-25 00:00:00+00:00,0GUSDT,0.2867858482310288,0.4191349653234642,-0.09199446120707028,-0.012135806361595664,0.13107659629839588,0.05554978345073477,-0.18147682376270333,-0.0160111275625745,0.14800569370128397,0.06039155117503435,-0.16567290601156592,-0.015066781664848084,-0.03311404208021342,0.1082535532340017,0.010034296087646055
2026-01-23 00:00:00+00:00,0GUSDT,0.24694973157637867,0.6319295156152883,-0.023725646272241437,0.1315203005775209,0.007088999178383031,0.021576513152777633,-0.1624947346083397,0.1214334094878479,0.023271588475324057,0.04847024725843871,-0.17367834104863192,0.11018852299643803,0.022727496203687525,0.05058704893323418,0.044102760335663495
2025-01-03 00:00:00+00:00,1000000MOGUSDT,0.20595976687347228,0.6213162584183058,0.11541219536982138,0.030838778989983585,-0.019431071360659163,-0.0021855762891875583,0.05046500518267007,-0.02356531977013212,-0.036770927728037923,-0.00624734936393076,-0.09015493562113748,-0.17461784951146314,-0.04648604887028682,-0.027014775742525938,0.09849962355639726
2025-03-24 00:00:00+00:00,1000000MOGUSDT,0.20707618840894293,0.873589119446045,-0.01850129025716725,-0.0036255594014274447,0.011983380245778576,0.007876547610092002,-0.04570372398442728,0.02246797915285785,-0.03972919955584058,0.013305572261999429,-0.18658450318628533,0.06999760053262777,0.17623396902817262,-0.02044674806143456,0.07308830904550141
2025-04-07 00:00:00+00:00,1000000MOGUSDT,0.2418419144307471,0.9087022604958198,-0.029984920679521673,0.0024539728830628494,0.008205715695490695,0.027856492674974087,0.07650096401418378,0.028992359881871745,-0.041461697147903175,-0.009669323420078275,0.28180616247918716,0.03498981699714223,-0.09245767015649309,-0.013805832890054706,0.014174318655108365
2025-04-22 00:00:00+00:00,1000000MOGUSDT,0.202020202020202,0.886378413408093,-0.012191972778706515,0.0009185200913874013,-0.020282750602430816,0.1106532544087003,0.11581268379938739,0.053916530526757586,-0.04394260807327151,0.12524946388383945,0.036322852487012586,0.04179693187921429,-0.09025853255238973,0.12090585641865921,0.09569457610085386
2025-05-07 00:00:00+00:00,1000000MOGUSDT,0.22731425091351998,0.8550839023550418,0.04616230748994027,0.049347988224518226,-0.06468595488356385,-0.005843105856171632,0.1148782324628054,0.023312051165584945,-0.13444506114596952,-0.028214901554140536,-0.03468198251005504,0.018117884648570354,-0.13313962162562343,-0.04820396214499349,0.010735758075925871
2025-06-09 00:00:00+00:00,1000000MOGUSDT,0.2785372122911556,0.8209457942242195,0.0020133504777439075,0.00905822930382898,-0.02192324118924883,-0.010878141227224445,-0.044275448221820043,0.019149421697710244,0.003129214438765032,-0.012246978313153844,-0.020990239386462443,0.012358659572634694,0.06453470608861142,-0.011682417429389675,0.04869983637522944
2025-06-23 00:00:00+00:00,1000000MOGUSDT,0.2576586433260395,0.8348444429740646,0.0163593097815072,0.0059352112619492775,0.004547406955635659,-0.0018155088782831,0.013111591017272212,-0.013295733299496784,0.03140377922213248,0.025418008489874466,0.11085042089606337,-0.0001929302708355285,-0.009456768303812198,0.009824973136246588,0.12444157512763354
2025-07-10 00:00:00+00:00,1000000MOGUSDT,0.2164802137251629,0.8865379729879571,0.10062552642108732,-0.005275636507046734,0.024481820058208058,0.012114962347905366,0.276929353138753,0.0017743745226831808,0.0003399026410712727,0.02170711737575421,0.02855048882725089,0.034984678192126875,0.017560155336728483,0.0026489145235354295,0.0869021464922984
2025-11-01 00:00:00+00:00,1000000MOGUSDT,0.365206508135169,0.9269070098648362,-0.12737275179068702,0.013064475653310498,-0.006942477986101666,-0.0011915182288043495,-0.2828277709523854,-0.026203414197915297,0.019516667891247914,-0.032270880122144886,-0.2563089163492174,-0.03253824201832691,-0.0440310376990143,-0.07379318831719699,0.029360581508086958
2024-02-28 00:00:00+00:00,1000BONKUSDT,0.29037893039505525,0.7438066237879999,0.0945500486457144,0.031219463851691637,0.07985718385325236,0.02900643558994772,0.07663088620243406,0.15273645176099881,0.061527444401391795,0.05650379555897713,0.25866686610426604,0.23087342242175515,0.008554920649253056,0.04324965258256615,0.10028809305975121
2024-04-20 00:00:00+00:00,1000BONKUSDT,0.32016772622751244,0.8079488731357488,0.10501097484971825,0.0049410883527817116,0.0022924612430513308,0.008645610834087058,0.2941848445055273,0.03589042967223242,0.030727020383104615,0.002379990219542895,0.3178008236322739,-0.009298083484861386,0.04332987929403405,0.0035590660017469854,0.12153700522038072
2024-05-20 00:00:00+00:00,1000BONKUSDT,0.21285810783963122,0.8052471307986899,0.04431520674600305,0.03751768708313673,-0.006631430347694325,-0.015152108043574336,0.1103812855598391,0.013795344200990229,-0.02409452755690209,-0.023011707588609383,0.19513040079789512,0.070962773810089,-0.08952569648548662,-0.022502643377917995,0.09888997731741385
2024-11-12 00:00:00+00:00,1000BONKUSDT,0.3943440691280442,0.8144111184068998,0.1067789903002721,0.18711643139941472,-0.012782700166739963,-0.014529315092757806,0.21747301130871283,0.17313701371312823,-0.031152277848345573,-0.026741367043789616,0.36674735972937667,0.07537912671106642,-0.06097788236092484,-0.05468832136883064,0.01823019249826041
2025-04-22 00:00:00+00:00,1000BONKUSDT,0.23610096583069562,0.8953511853313681,-0.0421785609789426,0.003822395547705599,-0.06624405701237508,-0.008709462008133311,0.18304568105998856,0.012554699681686982,-0.12512408834549485,-0.03651835339464628,0.24758332239085898,0.00273024389122255,-0.15258356386817878,-0.053458831787250194,0.08004911670222511
2025-07-16 00:00:00+00:00,1000BONKUSDT,0.30057258336140125,0.8225039006641607,-0.12980971192616825,-0.0199970796626105,-0.00729019186722066,0.0012842378969633935,-0.14412438641856903,0.006672484229801009,-0.043000007964902776,-0.0041998283371060905,-0.12293172047716915,-0.06228223864702952,-0.01462642631219672,0.008834204820855476,0.1209620188589188
2026-01-04 00:00:00+00:00,1000BONKUSDT,0.2835708927231806,0.9149115614300507,0.0201195791918429,-0.004376441667796648,-0.023406117811320015,0.0032382421341128364,-0.030611249089020652,-0.03112441941391601,-0.03289927358560148,0.013629875855168944,-0.07128004824829406,-0.09246306226610355,0.031080234141011832,-0.01702351954096279,0.13047705571532311
2024-12-16 00:00:00+00:00,1000CATUSDT,0.48630136986301364,0.4768770544890142,-0.25603715537641986,0.006202239659206248,0.049275380983300414,-0.013242184307523958,-0.3098831680733749,-0.029823653172297793,0.10346191051271166,-0.030375888699607917,-0.2681961003653631,-0.035086032916054354,0.10987496305332725,-0.055325264583425696,-0.03955050774933562
2025-02-12 00:00:00+00:00,1000CATUSDT,0.35910652920962205,0.7655034391369714,-0.13559595402007438,-0.0006181012573191591,0.015556722100275042,0.011438730107063247,-0.20186127791930267,-0.004162558812068659,0.08589580942945163,0.024208302535523616,-0.2463690936035803,-0.0223309251311956,0.04448081462376444,0.044358788740387116,0.05484826445107893
2025-05-09 00:00:00+00:00,1000CATUSDT,0.49232081911262804,0.8934193294393011,-0.12106936105876612,0.007524957489766315,-0.06317363696916027,8.462700528542728e-05,-0.0926427370301713,0.06087674220326621,-0.052468465010917655,-0.014096358633351524,-0.14953508594057427,0.05324769065174515,-0.1596571639389912,-0.006709601489797758,0.12245277605024837
2025-06-28 00:00:00+00:00,1000CATUSDT,0.2075197676294982,0.9135850606382048,0.024411387641902337,0.01734021082394515,-0.030830564609540034,-0.01794898343928739,0.00909076315978427,-0.01962435528949235,0.0015952401329816194,-0.014449010425197533,-0.038477634146014586,0.0006109743284971041,-0.11690163985451218,0.006825756657725201,0.05714845831550162
2025-07-16 00:00:00+00:00,1000CATUSDT,0.20317806889859313,0.9132314033743277,-0.08858035745274348,0.01238995900420653,0.07101624552486806,-0.007099128324389001,-0.12290017946065848,-0.007334490835372976,0.11681614089438377,-0.008431009055348129,-0.18921488936588038,-0.05256384756614667,0.20123227044740596,-0.029935238768895873,0.04734715532919439
2025-07-27 00:00:00+00:00,1000CATUSDT,0.241729649361913,0.8742132236670956,0.19953242906432545,-0.022105496772528595,0.02133307671457842,-0.019195066833443606,0.16123509708794215,-0.052294097404846106,0.05085534737749779,-0.033099531236128577,0.07884284212283121,-0.0038826242833374046,0.06724343786267802,-0.027753517742835094,0.05135426742723572
2025-02-10 00:00:00+00:00,1000CHEEMSUSDT,0.30113024757804085,0.44049097151655275,-0.07769246172728933,-0.015047408891286307,0.02762406765744769,-0.01369804961245084,-0.051809925601087936,-0.008591544109470928,-0.003512114713711914,-0.041908603482995216,-0.17914225150673624,-0.03004058053566732,0.09116997653016227,-0.032335768396218635,0.01201163665348175
2025-03-17 00:00:00+00:00,1000CHEEMSUSDT,0.3166248116524357,0.6035183531468237,0.020881611285840516,0.0009507849184954918,0.0007140680533762968,0.005407424077275581,0.09501151440536856,-0.011812206354298471,-0.018678993803779808,-0.009668745274325782,0.23484385400445476,-0.0014076673405886391,-0.010695071458024341,0.03847377913291415,0.09060901064568339
2025-10-08 00:00:00+00:00,1000CHEEMSUSDT,0.447442710063102,0.6402962285539179,0.1697263365353677,-0.08285481603212583,-0.03309641458745878,-0.012330091774179937,0.21555539357659614,-0.07462628690750103,-0.22490283613116463,-0.054443462200071104,0.12060877953100048,-0.059365409295699424,-0.15766872678620636,-0.007954634027625451,-0.0021846822629206565
2023-10-26 00:00:00+00:00,1000FLOKIUSDT,0.26969996702934407,0.67397916575748,-0.16572666871979058,-0.02564512244798984,0.00959141137474177,-0.012980862650230551,-0.1999878549187341,-0.04357194911092823,-0.004633767951404549,-0.03896872078897462,-0.3527779489723872,-0.021427959994614304,-0.07544790414139367,-0.031760335977731084,0.012486638063158906
2024-03-01 00:00:00+00:00,1000FLOKIUSDT,0.6327631089624395,0.790517665768054,0.3298959696324287,-0.005483158705723695,-0.042548072333577866,0.001749774275254043,0.4615183383183499,0.32252030798704434,-0.032532093325523585,0.0013410888956063099,0.9790237106694332,0.29622560516622637,-0.013270345692690727,-0.007336378633325112,0.1960115237774704
2024-03-20 00:00:00+00:00,1000FLOKIUSDT,0.3144469525959368,0.6864069144574207,-0.11042573369067611,-0.013989783663294392,0.00814704779172789,0.0347584885212545,-0.0344277170130524,0.07616572422408582,-0.02547998695934007,0.0011256288456871163,-0.12385318538334761,-0.01367851273359696,-0.036756543820134754,-0.004944410322006583,0.1382515396794332
2024-05-27 00:00:00+00:00,1000FLOKIUSDT,0.23136178501859406,0.8628954516954153,0.05450664563137587,0.021153889486692674,0.018414020260433213,-0.011538597619747034,-0.08020437873504482,-0.04525360051494426,-0.004730564282269462,-0.023154534403380982,-0.02000964451409263,-0.08175551569031517,-0.03545274200399372,-0.03730956275087498,0.06983555598485695
2024-07-15 00:00:00+00:00,1000FLOKIUSDT,0.20803377085944197,0.7858001276951982,0.006955878409147912,0.01086972007343619,-0.06383763604383261,-0.005899942669807616,-0.07342025131581734,0.0035190046968536044,-0.04380715190202074,-0.040633843620678706,0.032269367618243734,0.014168097587545087,-0.04113001301244681,-0.02959259455078072,0.08584841241473903
2024-11-10 00:00:00+00:00,1000FLOKIUSDT,0.2363237010089918,0.8899105037828411,-0.028385716781789624,-0.0003207526721939642,-0.028627867841430104,-0.0069904074002046625,0.3022962544573551,0.10861416161479745,0.03432723083918963,-0.038954429759662935,0.33908726960609675,0.0707511859010707,0.025511975654445684,-0.06688668252036273,0.06621364712617535
2025-07-16 00:00:00+00:00,1000FLOKIUSDT,0.308221911794053,0.903955873283491,-0.024537937805315924,0.013595184907576214,0.012528860819454252,0.017213073910859585,0.03580349025956736,-0.0015755316264605807,-0.03440603388916575,0.009602495235562381,-0.0010360906397132719,-0.04306444792089153,0.010998927346542625,0.07363039482481323,0.05286488179818507
2026-08-21 00:00:00+00:00,1000FLOKIUSDT,0.2448717948717949,0.8024373726059316,-0.047467657257762585,0.011716483410854813,-0.014755043905298418,0.014565179724992439,-0.050535077251463945,0.009057968156046698,-0.060654278096239043,-0.004392901686784028,-0.10484138931965742,-0.06294539162147109,-0.042240151005143056,0.07862945924612233,0.14169700640217106
2023-06-04 00:00:00+00:00,1000LUNCUSDT,0.2946745562130175,0.8357759573975476,-0.041282172811143686,-0.02780635904204278,0.0028936839997498382,0.010035590234342182,-0.014322981272080176,-0.036790289581867565,0.007021346787731422,0.021297419104063197,0.08381100842359869,-0.07596383259168231,0.11380582232584831,0.05775109742314971,0.018015969388512777
2023-11-10 00:00:00+00:00,1000LUNCUSDT,0.351191357111144,0.6716610779743459,-0.0970600309490583,-0.03327724171515779,-0.03106558960419801,-0.019153300053736246,-0.11743035545171927,-0.03175592939194671,-0.07595205377479405,0.010509288091063584,-0.10241804913254249,-0.025942252166712663,-0.05782653616037471,-0.009996797575773268,0.1347497092360694
2023-11-26 00:00:00+00:00,1000LUNCUSDT,0.2842835130970722,0.7738195154407337,0.05854362394827654,-0.003662298328394785,0.011042738808033829,0.04866412970645527,0.20713462513237013,-0.011553536716306417,-0.004653245938375457,0.05010518689893849,0.6672529564068851,0.04995975943990884,-0.026493019520664286,0.026240037596110967,0.025943708604324295
2024-03-02 00:00:00+00:00,1000LUNCUSDT,0.2104454685099848,0.7964760413930905,-0.06824600318928842,-0.03895082754322061,-0.012060393168037333,0.004374162773985163,0.09655374335738903,0.0709171862452463,0.0015535895243218912,-0.02871281436726587,-0.03455289434460834,-0.025689063154063933,-0.04208878828389532,-0.05713334396714227,0.09466805291662084
2024-08-10 00:00:00+00:00,1000LUNCUSDT,0.2317176870748301,0.8099849312545896,-0.018629951356565283,-0.01636492894460883,0.024136609558356302,0.005930189830043499,-0.06300907063339185,-0.08345485017452522,0.017941453048692303,-0.003794703968884964,-0.0327998461811414,-0.0433891385066271,0.07033301701256664,0.0005847332774824903,0.05221228174994028
2025-12-05 00:00:00+00:00,1000LUNCUSDT,0.8113695090439275,0.9189632356311961,0.05916099137809403,0.06591238970137471,-0.0022891250185748434,-0.02041635976003292,-0.042275226737904674,0.0730121360867708,0.02678717328138867,-0.009979864840314542,-0.22045967608865844,0.13428908284213772,0.18861717031128777,0.00945804099395442,0.022426055659417445
2026-04-26 00:00:00+00:00,1000LUNCUSDT,0.20124320124320128,0.626096506278399,0.15131950194337895,0.02847793272937581,0.04283297879610003,-0.018529296216003556,0.12504955395157238,-0.010280546475273567,0.042369011071648525,-0.05987132321603124,0.29915064288882653,-0.009227441499714254,0.023200685072784468,-0.048938828783801645,0.0388691435284075
2023-06-21 00:00:00+00:00,1000PEPEUSDT,0.29136657001215993,0.7570379011621492,0.1368472628101455,-0.0042292398400520315,0.02242029640597078,0.0059676132939326994,0.0712582483965903,-0.04573626752019526,0.020643058167003826,0.020472555082958543,0.05546791572873805,0.00929734519138703,0.07514301327438558,-0.01302000830570492,0.04424968250052809
2023-10-23 00:00:00+00:00,1000PEPEUSDT,0.34551050448280485,0.6923230379763432,-0.06845912078630112,-0.010950542702146552,0.03584952925592199,0.008849352031265564,0.20580199243120212,-0.02394777804953764,0.06927957787598729,0.018990988532920777,0.09364382092271234,-0.03891747949986464,0.04274572600912509,0.013389966042564524,0.045250614686836464
2023-12-22 00:00:00+00:00,1000PEPEUSDT,0.21024031838359103,0.7372262494233812,-0.052977646483724605,-0.012185587640278115,-0.003942910957685208,0.006780261613530398,-0.13879326607756481,0.038899927359048334,-0.056097198710473105,0.02642030882843561,-0.15263473577570227,0.035747295019917726,-0.07530693997698816,0.026795181898683934,0.030564371226320563
2024-02-26 00:00:00+00:00,1000PEPEUSDT,0.31361590942081574,0.8328864934723038,0.46664619510334576,0.04016033104216537,-0.001151908252062983,0.019944485017664375,0.39267670636241836,0.02283005210599544,0.04574647542303604,0.010697566517562299,1.3034738546121265,0.09057784480220671,0.018090419644228327,-0.030484717688249296,0.0609787169523463
2024-03-20 00:00:00+00:00,1000PEPEUSDT,0.27024202586859714,0.7210408622305381,-0.04709755874217632,-0.060429178820703734,-0.037823219251902615,-0.08901731936008281,-0.12130765447476292,-0.03188187474139249,-0.04719599889499221,-0.09811236322310772,-0.16306841210568412,0.023809146427123305,-0.018270562330369146,-0.0835792542480611,0.16145436580055797
2024-05-20 00:00:00+00:00,1000PEPEUSDT,0.2487508883179359,0.7932228284210372,0.22856605215743567,0.03772521210671702,-0.0019527890950187283,-0.0030102686569779503,0.3032898840834225,0.024007742437877684,0.009555025077000507,-0.025360000438875385,0.39685847922266526,0.04603666343494796,-0.03942215699021631,-0.012645721275739846,0.07957045106441077
2024-07-15 00:00:00+00:00,1000PEPEUSDT,0.2300158699102155,0.7478368721735013,0.022363739617893334,-0.015947874939965953,-0.06789682035543361,-0.01934837271648112,-0.028377650446032056,-0.011451011578089748,-0.06016356233088591,-0.005802847240350351,-0.012564975488911258,0.011546057602441196,-0.09596983951178012,-0.006009632195244734,0.08274352006474775
2024-11-13 00:00:00+00:00,1000PEPEUSDT,0.4733502627837394,0.832684573481916,-0.011606986002594563,-0.0261930028743561,-0.007914199175006565,-0.013886207377839748,-0.11692025836710435,0.025563504325290098,-0.0764895003871945,-0.015787723775862593,-0.16014348303763476,0.09508634217451273,-0.06706532205411574,-0.033848415421432215,0.02295014572128016
2025-05-08 00:00:00+00:00,1000PEPEUSDT,0.3485963742193656,0.8402541324225407,0.04469580728620545,-0.01521053138235206,0.0074420702538837095,-0.023433921025970608,0.12793790743832467,0.018407773664837517,-0.06494275172481548,-0.03140537718289258,0.13545000578554028,0.0021989420370017733,-0.07162083287137097,-0.08650263347370364,0.14221484366118106
2026-01-01 00:00:00+00:00,1000PEPEUSDT,0.2205331680099194,0.9307314234984361,0.17777721045448408,0.03682975156501585,-0.20635428017496035,-0.020031348490061312,0.2768381854766741,0.11681075915321038,-0.27364893997336787,-0.041184217147514385,0.15867797747963558,0.07415932120964262,-0.4083797176682812,-0.06037507536436182,0.11462204987491884
2026-02-14 00:00:00+00:00,1000PEPEUSDT,0.28066550098023635,0.9207954266536648,-0.03569304075745555,-0.04145362832496893,-0.03581900431865021,0.04022675115484674,-0.053844376855114576,-0.045580181581590176,-0.05010660778227195,-0.022234041938112577,-0.07661646231187523,-0.06005416772338329,-0.09994102803405826,-0.007533940972772044,0.13631524816726123
2026-08-21 00:00:00+00:00,1000PEPEUSDT,0.28490366028558967,0.8088684487338256,0.05826990178478835,0.009672059429191965,-0.01563266813680361,-0.016884997589113132,0.05336490458469703,-0.013655236143560446,-0.03180958458219681,0.011619944086937728,-0.04439849077970866,-0.06439208335262658,-0.028752135087053838,0.03109210287891051,0.17513856977259795
2024-03-04 00:00:00+00:00,1000RATSUSDT,0.42426217045423686,0.6618807573405429,-0.30638133185970434,0.05178777528027121,-0.06638516156637571,-0.006050227724104867,-0.393740966471507,-0.020339279781746766,-0.12795498124204166,-0.038216659591940746,-0.4419648687916303,-0.0922211270371812,-0.12516113214710123,-0.09353953553607394,0.04604496858886838
2024-04-06 00:00:00+00:00,1000RATSUSDT,0.20410252036334176,0.8021308453540751,-0.034334064923530694,-0.0004957734372280874,-0.013646060760425339,-0.013201183137860163,-0.15868345345857848,-0.0005692633987065335,-0.0326078995996034,-0.015377653133611826,-0.4157731094053243,-0.026667189963852277,0.039065811293102284,0.020843301383631992,0.06748763421279111
2024-04-20 00:00:00+00:00,1000RATSUSDT,0.303626864541531,0.8477499996077619,0.001731614725750102,-0.021675179545075633,0.011863041281788689,0.0029989570634273003,-0.029536136398879576,-0.03646147743219805,0.03439650054406739,-0.02241093918512044,-0.1413992948169085,-0.0819714047815668,0.04447815728292816,-0.023526501415808525,0.13356362469455257
2024-05-30 00:00:00+00:00,1000RATSUSDT,0.21399264289756648,0.8933015412733398,-0.04436852096485632,-0.014824951826367661,0.0077006945921667975,-0.0069725351067425004,-0.11614367708971288,-0.05176510930082975,-0.001600104823279619,-0.022964476272702972,-0.031423109030183985,-0.0014455158227957496,0.02170581734970102,-0.027066356293532566,0.05185128513920647
2024-06-22 00:00:00+00:00,1000RATSUSDT,0.5294936004451865,0.7930987969541092,-0.0005689585201288094,-0.010588269653624556,-0.005001820221356668,0.0016134133927398395,0.03522760362646074,-0.06648441740706626,-0.0002899977178815058,0.004310933009104216,0.32470170467106596,-0.015035747993258328,0.034271911771090104,-0.03530313111625916,0.035580158388069695
2024-07-26 00:00:00+00:00,1000RATSUSDT,0.30143821543880245,0.6203972789726544,-0.011500855784647419,0.008179583668089347,-0.01562956432794731,0.005338783369461264,-0.011600422531360774,-0.009170832856000002,-4.3508907280956353e-07,0.007293982104483008,-0.15604203197209332,-0.05601787581985018,0.057910712583313526,0.00850617319667927,0.0600231078648827
2024-12-03 00:00:00+00:00,1000RATSUSDT,0.22563053851397408,0.8110511757510143,-0.03547121644544187,-0.03918517049582885,-0.07329508082459393,-0.023093923767011117,-0.0895136047528933,-0.04716738431072957,-0.08117935063061639,-0.014608121191116218,-0.23673836654712951,-0.11055667411911192,0.020753413400363074,-0.057402137077209835,0.10674042101634491
2025-02-25 00:00:00+00:00,1000RATSUSDT,0.26160990712074295,0.8540522224300053,0.011046611752598457,0.020135004534463187,-0.016462542238673224,-0.015515295566145943,0.12754795884104173,0.04577345476595266,-0.051463252051892436,-0.013536210051740527,0.35860649280962237,0.028134848408705115,0.004486855026194112,-0.05111908288226791,0.0904361767702528
2025-03-17 00:00:00+00:00,1000RATSUSDT,0.23676323676323685,0.6816389398942964,0.09817326193739007,-0.022721095319982076,0.023513863235993318,-0.0027506898228684402,0.08124920495845843,0.012564546017963429,0.10186428383523145,-0.02135803084680389,0.2146057300477695,-0.00364709422813148,-0.0658033783944049,0.037369940720553274,0.06372438222245247
2025-09-23 00:00:00+00:00,1000RATSUSDT,0.2026175472612699,0.686283585348355,0.07610978749581368,-0.002051353442242259,0.021699762324218868,0.009034285321360549,0.11077851388940885,-0.0006109677455953739,0.05233270216861992,0.06744364020071969,0.16833809921957077,0.02748620831555195,0.06674721805991761,-0.01172590317294652,-0.0036306092342140326
2025-10-12 00:00:00+00:00,1000RATSUSDT,0.9098124098124096,0.808756111880083,0.029808026268886345,-0.021519214730520073,-0.03393364185294569,0.013934778368639772,0.039728637088963153,-0.029318917945708168,0.02821413079309547,0.02564616557250334,0.20631311923228127,-0.04789623484508675,-0.036613409768180095,0.04809310825583885,0.08752033368584274
2025-11-23 00:00:00+00:00,1000RATSUSDT,0.758139534883721,0.7510836694844276,-0.20069497590235397,-0.007442720476888008,-0.04552028001446024,-0.02672302716564533,-0.29954538062279074,-0.023584767037774606,0.03189834278855652,-0.026498843397999128,-0.3317250060799174,-0.06617533093410238,-0.08824496443017718,-0.06578377199137349,0.0075617580430572765
2026-01-13 00:00:00+00:00,1000RATSUSDT,0.24855491329479795,0.3551065646603283,-0.05217988951491567,0.0015691623030531661,-0.023195824141341546,0.007327466864983169,-0.11661855856051193,-0.06514658797063286,-0.06804163067594547,-0.0521449974805024,-0.08667792239282146,-0.10425594160968046,0.0029824185054495465,-0.08983159200739307,0.05724793082873969
2026-01-27 00:00:00+00:00,1000RATSUSDT,0.27381210674766754,0.5034979689043579,0.016387226105853418,-0.00440297990062314,0.04344706502176296,-0.011790356301035398,0.18698146151634398,-0.037919728449097814,0.07526400316203899,-0.03315658514848714,0.25780903866571697,-0.005505883555458365,0.07831244141408705,0.1273898719737047,0.019865223206322002
2026-03-02 00:00:00+00:00,1000RATSUSDT,0.2392971246006388,0.3262254018148184,0.1809513528567136,0.00248432845100324,0.0029705195249687746,-0.007106913006480383,0.2188125664694155,0.0013878899387354967,-0.01687728379550451,0.06500020398132508,0.1391256530851444,0.03659787099458371,-0.10594542169875047,0.04521744594542659,0.005443162783923922
2026-04-15 00:00:00+00:00,1000RATSUSDT,0.21748693978553746,0.3046142577185954,-0.032436283854481884,-0.013398516701117877,-0.0010238574228731991,0.10440519237200822,-0.22513975308421927,0.029671497845321658,0.0628581874586168,0.011438730028770005,-0.2280877250763369,0.0036718313631363686,0.026918281545367635,-0.02360404980700942,-0.01572904517377314
2024-01-26 00:00:00+00:00,1000SATSUSDT,0.278481012658228,0.702753924227313,-0.0003743471703279849,-0.004140181112319087,-0.01220326687947473,0.00998795530813298,0.0006202016088994143,0.0035501084434210834,-0.020438018427264375,-0.016080108405086332,-0.08142120217205882,-0.03352775931445174,-0.0423793178728463,0.0246080122987085,0.08219242656078087
2024-04-20 00:00:00+00:00,1000SATSUSDT,0.37312887915297543,0.8673875842883882,-0.07427199524306244,0.006856506729986789,0.004127745365490363,-0.00047300080659637146,-0.10344168172957724,-0.014532846368663543,0.017081448034212115,-0.020688683580555985,-0.1924925454905359,-0.06263529149339082,0.06968171425178493,0.006138351516812782,0.1251182250961593
2024-06-27 00:00:00+00:00,1000SATSUSDT,0.20956316410861864,0.7881927033861065,-0.02039974252355673,0.03493186568957249,0.029126300434582336,0.007625831443384155,-0.041162779317278214,0.017422063542941978,0.04288715737346517,0.025598923829011293,-0.1549609017433651,-0.02119666352018077,0.056124055121366534,0.027986025309765506,0.014288818121771518
2024-07-07 00:00:00+00:00,1000SATSUSDT,0.23431594860166305,0.7484134902983278,-0.08155150817262465,-0.008936657762942422,-0.01148974931473611,0.0028754056277545724,0.11685073153812521,0.014361450784256663,-0.01353574292532631,-0.012227884688474156,0.14190561906271346,0.02890273721371701,-0.04642684718121574,0.014916581309954977,-0.058424184967894054
2024-08-12 00:00:00+00:00,1000SATSUSDT,0.2487388436166087,0.6177569823125652,0.06449365516765179,-0.004580017088031962,-0.009932606462966847,-0.001758897815549687,-0.06083585866964272,-0.03781775016111967,0.009000920884222071,-0.0023048626676823595,-0.0891799577056169,-0.029208970005250613,-0.007043950290772744,0.0007615611156311438,0.11819372002217618
2024-08-23 00:00:00+00:00,1000SATSUSDT,0.23495883470550982,0.6149454668156504,0.026440935217061288,0.01361458260218637,0.0008586545818870673,-0.005059658019945677,-0.002267061621072892,-0.010039908809855145,0.05229389044464531,-0.020050768057562115,-0.12699684499460867,-0.04186620475492582,0.08661125561460534,-0.032227120617333634,0.13726308919129931
2025-09-26 00:00:00+00:00,1000SATSUSDT,0.2531017369727049,0.8489927558818801,-0.19609154800519368,-0.0032541049317030674,0.02926525659944066,-0.012332628221366571,-0.364698546677458,-0.00446055120885104,-0.03077826893627573,0.004847182699064649,-0.29048056359546287,-0.00941118385088853,-0.046398401320365365,0.058157628195814784,0.05485368928535733
2025-11-07 00:00:00+00:00,1000SATSUSDT,0.27941176470588225,0.8312768234089342,-0.08295111094346114,-0.026895415544423307,-0.014121656898369278,-0.0036762305895806854,-0.1083768485833296,-0.025561005235802514,-0.09832007590182737,0.01539361083066948,-0.10298465163248004,-0.022704068871556574,-0.1319536186020206,-0.021019770123217263,0.17407543480702894
2026-01-13 00:00:00+00:00,1000SATSUSDT,0.30000000000000004,0.8142694040804942,-0.033394242369356855,-0.02101151479042141,0.0766343091474538,-0.019367249705425853,0.02309405628657673,-0.01886812840747463,0.1724785640555768,8.74992502019719e-05,-0.09767682356948783,-0.016953094691915704,0.16895642575307773,0.07127492288753234,0.11351768042202544
2026-04-16 00:00:00+00:00,1000SATSUSDT,0.39097744360902253,0.791132105539789,-0.2704395966557422,-0.14367276816319385,0.04755339420586831,-0.06861651711879203,-0.3417531934376882,-0.16445875000271198,0.13336484338487403,-0.09646361596849315,-0.40954614560422264,-0.2167264658796626,0.027185988200179,-0.08231668318387012,0.3112415896228974
2023-12-16 00:00:00+00:00,1000SHIBUSDT,0.20990099009900987,0.7754783796807516,-0.05408859735145308,-0.005697311732633413,0.03011030834363364,-0.0014103896541824614,-0.0789620735387041,-0.0239544896798947,0.016414978157675612,0.041502756885197965,-0.0976912544379352,-0.05160924786788994,0.0676138731804179,0.04562876165526238,0.031077001173166342
2024-03-01 00:00:00+00:00,1000SHIBUSDT,0.3429025844930418,0.8269689197485167,0.07519520546935356,-0.015606840821563916,-0.07147837210905328,0.014301079130302952,0.697524091816678,0.1399863005340633,-0.0733070176278446,0.09087874350174205,0.47713564415984017,0.050994819740492345,-0.1118845859405784,0.058932005994669336,0.054339307260172144
2024-09-26 00:00:00+00:00,1000SHIBUSDT,0.22212017843085796,0.9028494917825143,0.06480404679600472,-0.005234585984850165,0.026562351311846432,-0.0018728786663067356,-0.01683336442925437,0.0021266869907536844,0.01002423204632506,0.000131725709236305,0.011949875918246346,0.009802782734185125,0.11428584989881899,0.006225543023148158,0.0409862777689165
2024-11-10 00:00:00+00:00,1000SHIBUSDT,0.2706679008135626,0.814220422648104,-0.008011745721959874,0.0011691521878579082,-0.023437585834827468,-0.025015243964270812,-0.0017337587483031089,0.20462900592039798,-0.0013498992953535835,-0.012088252799834612,-0.09458662033312976,0.16389810210017042,-0.012839142151016947,-0.018301269475354234,0.09699176915299304
2025-01-19 00:00:00+00:00,1000WHYUSDT,0.22174840085287828,0.7703179600213849,-0.253834802324424,-0.08108280017875333,-0.043018377489279225,-0.0020834061734534984,-0.32460604595423853,-0.04012509598359552,-0.034927158105416606,-0.01377752081041094,-0.4748684166843601,-0.11172717240417122,-0.015246846228980393,0.002784213895362729,-0.1259832582618527
2025-02-08 00:00:00+00:00,1000WHYUSDT,0.25725338491295924,0.6161534409653515,-0.07679474713680479,-0.010722013116598473,-0.009861742837815251,-0.022766357783538728,0.16155188313364227,-0.04756817582923948,-0.04800408435167443,-0.06624608799708367,0.04999788321586701,-0.044525476507689746,-0.054562270328319507,-0.10982795497544892,0.07680215237228505
2025-03-19 00:00:00+00:00,1000WHYUSDT,0.24,0.6115190898426971,-0.042101569776739796,-0.0073914510273084865,0.03956496728728427,0.005814515528755026,-0.096994957271269,1.9981642015817758e-05,-0.050965566422047005,0.02404371367443075,-0.097141662545638,0.022005444507736643,-0.1657623560844778,0.06403344722750398,0.047283993523827395
2023-06-30 00:00:00+00:00,1000XECUSDT,0.7217465753424659,0.8670978406910042,-0.15048920203360533,-0.008248000424122012,-0.005946724889795097,-0.014703405786972263,-0.24909399966637336,-0.03173700089575754,-0.005547993964342589,-0.04082359664588829,-0.12134062545116725,-0.027322832943369853,0.027922260365223328,-0.030036614925379644,0.07673117461460315
2023-12-27 00:00:00+00:00,1000XECUSDT,0.23150431565967944,0.6363300877970576,0.0758338337659762,0.06278561254192896,0.01677656371966856,0.006890797298659958,0.056938960733410225,0.0782476784519325,0.12247413487517629,-0.027480838465838514,-0.004212577460084854,0.03758089516880179,0.038073345560074925,0.014830541851213635,0.09861372136848359
2024-03-04 00:00:00+00:00,1000XECUSDT,0.5072431468687317,0.8758915421395749,-0.1316075882917367,-0.07296205971213479,-0.08415131590590157,-0.0036485369391305866,-0.2877409383830356,-0.0702805810539103,-0.1288200791799158,-0.013372443440651619,-0.3150383908310824,-0.12981665467435546,-0.0997462928952634,0.013485790170139381,0.06537303071758731
2024-03-23 00:00:00+00:00,1000XECUSDT,0.26436335403726696,0.7705898484788337,0.08807005199029808,-0.0009125090841843861,-0.008121586037958943,-0.02348067152822226,-0.05113860178082036,-0.019556422129699914,0.004269140017906611,0.06606572431285936,-0.046415825454410115,0.004239776891407016,-0.0016074166639441167,0.07458402053538327,0.01611255498294235
2025-03-17 00:00:00+00:00,1000XUSDT,0.9544473747302806,0.9140153783733955,-0.056392903851186754,-0.023579456258431438,-0.012997865900876832,-0.0038399641098662536,0.24246206017020763,-0.05100986607726904,0.0018460727996532146,-0.015974759519546244,-0.21625480741127645,-0.05853472571871153,-0.014222928074298546,0.006499416234319955,0.09465761581561156
2025-03-30 00:00:00+00:00,1000XUSDT,0.24342405351984198,0.6427234565756624,0.0012937375739428165,-0.00204321463417294,-0.0016805332531342498,-0.013639618264843828,-0.06528573257731496,-0.055391504052816155,-0.033766037596576697,-0.021865589855402733,-0.08090523379341232,-0.0945722016432585,-0.036910537711328475,-0.013036411160766991,0.0015540604928949236
2025-05-10 00:00:00+00:00,1000XUSDT,0.2334414080592866,0.6471099798302072,0.0813070113476936,0.011327508407953745,-0.016060711007147628,-0.022521811317868366,-0.0219714815206781,-0.008469457189429989,-0.08503678422549885,0.07480827924905505,-0.07345100887232417,0.018257586195888013,-0.0353526252060973,0.0632788008860447,0.03302226890308344
2024-09-04 00:00:00+00:00,1INCHUSDT,0.24482448244824484,0.9076579246287265,-0.05066691895659414,-0.0014393541839888596,-0.007459990655684839,0.0016144839980159636,-0.05281067687905011,-0.010282774446736058,0.07976903746615364,-0.013703182772412142,-0.14061159861853909,-0.010074867310198752,-0.014062936072869524,-0.0008179437736175209,0.02328686215939262
2025-07-11 00:00:00+00:00,1INCHUSDT,0.2576660988074957,0.9241940495419945,0.10921734900152187,-0.0001852293831203243,-0.019624089449412494,0.005513577879647263,0.19037363995401757,0.0104579086408952,-0.006425610249085015,0.05202438559595733,0.03244035447669166,0.11771590468347341,0.02091093193225793,0.16207372941763146,-0.00439562425725194
2025-11-05 00:00:00+00:00,1INCHUSDT,0.30790378006872854,0.9607077275333019,0.05516472018703987,-0.004325995814570311,-0.2159169821848968,-0.0066950463420515334,0.025696321612705672,0.01857271386409013,-0.22300043851152776,-0.07038830710136366,0.12759616079075128,0.03490226815615607,-0.283215827402704,-0.07327785805574444,0.029817474170065573
2024-11-06 00:00:00+00:00,1MBABYDOGEUSDT,0.21449803432735637,0.5958960423317532,-0.005211549100659067,-0.02213255644002926,-0.02574875975926143,-0.003993439026290965,-0.03643969958805683,-0.009562264982775433,-0.034465628343639254,-0.012092684753815615,0.008610400917237263,-0.08326007374771446,-0.053714637721700945,0.04763454807468917,0.19398222917953026
2024-12-07 00:00:00+00:00,1MBABYDOGEUSDT,0.7524909512383586,0.6178966956223713,0.01577898708644059,0.031202331505015984,-0.011793812374613986,0.010690377172871905,0.40975689315220537,0.1223721849527454,0.10362437470784898,0.0025336397626859546,0.2382945739557724,0.14691252316468367,0.06800119828006153,-0.024572350369983276,0.046327311237166865
2025-02-12 00:00:00+00:00,1MBABYDOGEUSDT,0.23313953488372108,0.9082043979848674,-0.1267958801012206,-0.013787685000135313,0.009198987499204874,-9.397187713665323e-06,-0.08654158744808638,-0.010168875786718162,0.06876083886599857,-0.004177036660641486,-0.06478412887435268,-0.03415631550378927,-0.02047408003741988,0.00812470053797657,0.06939742060509592
2026-01-02 00:00:00+00:00,4USDT,0.23084068741291208,0.712285027965097,-0.05821861774048608,-0.004958373737540571,-0.017086571569891303,-4.4353401071135776e-05,0.06311102911841401,0.02864271838398188,-0.060685870916852916,-0.04994376388605763,-0.21010534710988715,0.033278086122871066,-0.032824550362262415,0.0008676572661605372,0.05557631319340448
2026-02-06 00:00:00+00:00,4USDT,0.30533484676503964,0.7399546376148647,-0.09582771142743345,0.005576981481426012,-0.010285673359537895,-0.004247593584977864,-0.14538816585358322,-0.0190330200452121,0.026862369549245414,-0.033162183571484864,-0.08980693059141594,-0.04413908950144781,-0.157387888393084,-0.032913577462478666,0.11168269335692123
2026-04-06 00:00:00+00:00,4USDT,0.2685158910329173,0.6373510059804625,-0.08608536080636776,0.011217500090458615,0.023679875199886773,-0.023606987685395382,0.0011276288764836412,0.015149385686172962,0.010798125558072549,-0.04455607718711345,-0.37610623224990286,0.008223671077140112,0.1315664024796259,-0.1446926857227471,-0.010496572050654707
2026-05-04 00:00:00+00:00,4USDT,0.25634331402463895,0.3980905362057741,-0.056427213869492475,-0.026568785441584843,-0.07450778732816683,-0.003549813004991771,-0.17459833295333227,-0.05153505087806702,-0.05384280812481675,0.006194555152005619,-0.23705214697092108,-0.045021527181420815,-0.019853195662359668,0.007476149174572252,0.0031071046978171425
2026-06-08 00:00:00+00:00,4USDT,0.378351539225422,0.4751978577265218,-0.37612406900204937,0.006421289443514671,-0.012407926401898256,-0.04091227367759827,-0.4077805467836898,-0.0007568203426945225,-0.0847693795160985,0.06671323713141077,-0.3915685617605229,-0.09790570452368223,-0.09202568848327772,-0.09549687567862056,0.03541673460480608
2026-07-05 00:00:00+00:00,4USDT,0.27768244675482,0.4969376096040157,-0.3466049856055002,-0.01678106274167146,0.001422183879474282,0.027969850161898773,-0.3293959620388151,-0.01945419144990396,-0.011228312210383567,0.06336384215258714,-0.2712997412895728,-0.019673503242822157,0.03684409744313209,0.03990992227246644,-0.015887794299818746
2026-08-27 00:00:00+00:00,4USDT,0.23537341601509842,0.47755979245909386,-0.14434901943007858,-0.0008267947614669473,0.01163683827640311,0.035672657178631564,0.09531646988405487,-0.04193960791513669,0.02003914365235314,0.06413446614030244,,,,,-0.00395377923652882
2023-06-25 00:00:00+00:00,AAVEUSDT,0.20526315789473681,0.8790181192056803,-0.03240494760265006,-0.0035906291547633563,-0.018035629649395195,-0.0015526438912685432,-0.05351656020728253,-0.0006537489541515683,0.00728142283343781,-0.02074352635302578,0.03634753515735417,0.0012719835111323166,-0.04826598203972124,0.0015422509683926887,0.023382466130347224
2024-03-06 00:00:00+00:00,AAVEUSDT,0.20765957446808514,0.8636465373597189,0.005530476183564503,-0.0021129060872560625,-0.01803353631101213,-0.017507818017841063,-0.033675572119068325,0.017165828362547354,-0.01640517794611351,-0.06310060541346577,-0.013829905173062242,-0.00897722982330678,-0.1218439967224072,-0.06735087309758836,0.08038522965114403
2024-11-06 00:00:00+00:00,AAVEUSDT,0.2796728799823178,0.7041113537843369,-0.0038403873159467885,-0.017686045060889014,-0.012654297877449932,0.018628760614010562,0.027328439380040856,0.08008338157957062,-0.010543142228916943,-0.05215646867116623,-0.12494862640309475,-0.0022745044437061323,0.012645930884206924,-0.014242127315582276,0.15540985447067035
2024-12-12 00:00:00+00:00,AAVEUSDT,0.21264367816091956,0.8076050927409243,0.04003435433382611,-0.008100312050567724,-0.0401692807128128,-0.006558838881583637,-0.003594209192212365,0.01288168471701121,-0.050720858680959956,-0.00991679524589005,0.12866569009113477,0.013593888729936218,0.14092744238778976,-0.02264015909150741,0.04200472126073964
2024-12-23 00:00:00+00:00,AAVEUSDT,0.20242724535875567,0.7861932992616273,-0.07538847757887185,-0.010948019751308454,0.019917215487692902,-0.007189755732427755,-0.08039121279937136,0.002425243151685813,0.034112778262292365,0.0007739287871885159,-0.13958919659345564,0.008207264153883592,0.043607254741275095,-0.01918292731185662,0.05570335691153585
2026-08-21 00:00:00+00:00,AAVEUSDT,0.2377016129032259,0.6201760587662228,0.06932743519123985,0.01935473161166615,-0.055763453211289914,0.012517293927934395,0.11363392426909392,0.03382648393735248,-0.0737326885973941,0.006821991021509507,0.041051495908396046,-0.023297741468039868,-0.043353993366643376,-0.03756795226178684,0.11669332969664295
2024-11-21 00:00:00+00:00,ACEUSDT,0.21499552583243076,0.8856901696310822,-0.025106556767095466,0.0032915702368117236,-0.02471875436898745,-0.003731093604265086,-0.037305356960848954,0.049801567653948615,-0.10579888335103864,0.0017252982861197474,-0.0491198963432052,-0.03715289780452524,-0.11513604941116688,0.010224954876527349,0.08591577196427921
2025-12-15 00:00:00+00:00,ACEUSDT,0.2780026990553308,0.7190007282159019,-0.1827081863222696,0.02352882291851673,-0.04384127483370419,0.0004431888806560605,-0.1425523066294967,0.038403233276061856,0.04983574783925034,0.022361589005762583,-0.062301934888656665,0.04912106692661924,-0.13549841527888995,0.023582125243592406,-0.014494518634664355
2026-08-06 00:00:00+00:00,ACEUSDT,0.5478851322676475,0.5067476275677517,-0.011978741328177056,0.011096366863954226,-0.1314872005337816,0.016431659657611182,0.09496472237233616,0.008237104435139647,-0.17237252697477456,0.012792481007028947,0.17475628035847302,0.01572866969374438,-0.16730988559550114,0.008530868503129091,0.013819877457757146
2023-11-01 00:00:00+00:00,ACHUSDT,0.21343377275580666,0.6500408705281123,-0.021940907174094408,0.03373247500710873,-0.004004486555377038,0.006855503808977201,-0.0449999975702972,0.045601016767838135,0.059642735915997246,0.02344163581826961,-0.027577077774951504,0.021956701994305345,0.04010417155079651,0.0005779805950320502,0.0745085811405021
2024-03-14 00:00:00+00:00,ACHUSDT,0.2318691518450693,0.7439049675860936,0.013117199150387462,-0.0003331909389931331,-0.009991935888215953,0.03110636702629311,-0.06689304279218886,0.03056832936034266,0.0010678971043494912,0.06544077787046147,-0.12240675532507916,0.007677614222758572,-0.008148202392151117,0.043162035386759834,-0.03928327982175592
2025-01-27 00:00:00+00:00,ACHUSDT,0.6924660534384581,0.9132724426208341,-0.06151711226640853,0.05888775266283537,0.018349239797783072,0.006244595341561017,0.22395836663102975,0.04784529710122641,0.04528483268116518,0.01968630916716861,0.3894244151458099,0.15545758962445053,0.020045187374655018,0.018565658329270696,-0.009527079973827846
2025-02-18 00:00:00+00:00,ACHUSDT,0.22134080475290285,0.6176874405996394,-0.07727704584368937,0.0017610393407981734,0.011314208057497855,0.0020141545127960432,-0.09641324888466515,0.01243211700064536,0.026205447581416907,-0.014844230154351584,-0.14472596742016183,-0.005153776601809188,0.03344626083928272,-0.02301660030657981,-0.05537343741747659
2025-04-14 00:00:00+00:00,ACHUSDT,0.29736917086143033,0.7129743565600649,0.06525235318041048,-0.003640911011962801,0.03599272494507922,-0.008235089034235544,-0.10782626117549483,-0.009632800082294214,0.0685996592650853,-0.01400474944159053,-0.12308818064255844,0.08398452651843778,0.03742744306622784,0.007991595381357741,0.01592551787571525
2025-01-29 00:00:00+00:00,ACTUSDT,0.23562384595093655,0.7312372917797189,-0.03922689546486895,-0.019074028954178257,0.04933785695089074,-0.00025743953854943935,0.07036654490714789,-0.05788400891591365,-0.00802381816931463,0.005607531316349495,0.3207511745466706,-0.10839071678092065,0.028686614819376493,-0.06004355365946912,0.08371942425009574
2025-05-12 00:00:00+00:00,ACTUSDT,0.276841448189763,0.5991686395174682,-0.03321974083545811,-0.03592609791098693,-0.01332290386201988,0.018672016893517406,-0.13551200562834442,0.017228203850837696,0.039332153544248176,0.0035307396991576118,-0.1626816616750567,0.07268038827738399,0.04911329699953766,0.0028836155274045926,-0.0060010256387710405
2025-12-20 00:00:00+00:00,ACTUSDT,0.344391244870041,0.5719423422712653,-0.17827578672826924,-0.01738914913474505,-0.021619785586574083,0.006025396047289503,-0.06368773597524492,0.0018657341210393647,0.025855301388266926,0.002129950195240601,0.07343657711419202,0.005608344215744206,0.004718084598518612,-0.01861760074341579,0.01927106857707974
2025-07-10 00:00:00+00:00,ACXUSDT,0.2092862092862091,0.845416594358597,-0.04243272555162901,-0.003292204528877028,0.024481820058208058,0.016339714033399302,-0.08250212312819735,0.00371241751672218,0.0003399026410712727,0.020900834012601264,-0.10451794606059238,0.007154446818964248,0.017560155336728483,0.022412552087150376,0.055335633832407714
2023-07-13 00:00:00+00:00,ADAUSDT,0.2344182825484764,0.8085339424571479,-0.0724867191967627,-0.009013848543344017,-0.0167755185314377,0.005340486842027585,-0.09291356818837158,-0.014578478216400084,-0.011460008153613109,0.008363113933354824,-0.08543436888095306,-0.017517342717745504,0.010435246492047487,0.020187461060826754,0.1052859734316923
2024-11-15 00:00:00+00:00,ADAUSDT,0.2210526315789474,0.7977690909705621,-0.004183779613240637,0.07015162317881526,-0.05032080004563054,0.0025471239645610847,-0.046197902871359435,0.03985942753063407,-0.07014452207829522,0.010826177463110195,0.3450471242040518,0.14467462895511846,-0.09268422444833893,-0.0010403360103781955,0.09078332813339832
2025-03-02 00:00:00+00:00,ADAUSDT,0.7204431628471692,0.8259058083662805,-0.10980487307018802,-0.016400001162941248,0.04334168985325039,0.0061708720159565685,0.019497075207359382,0.008187607309715983,-0.042723114423781426,0.015140403271296853,-0.09530989088169883,0.01119421008253702,-0.03754983136749888,-0.019468479822333212,0.14381291041804073
2024-12-11 00:00:00+00:00,AERGOUSDT,0.2015669515669516,0.8352078483207265,-0.07081018355260314,0.0031044918983122336,-0.04251743068965337,0.004759188902311696,-0.021599540988984187,-0.0025404934018910287,-0.08234368322716112,-0.0047371203187427215,0.007761684073765152,-0.0007546247466473074,0.02228286877646794,-0.04879796166784722,0.0659800384281208
2025-05-03 00:00:00+00:00,AERGOUSDT,0.20641452344931932,0.3409469912994302,-0.1023742239162685,-0.00013079197968195454,-0.01330624069884967,-0.02691442145834593,-0.1774224534978912,-0.008144691916401825,-0.00669608811908734,-0.05204757372663893,-0.38546819392231485,-0.09547911633555424,0.0037427536174006806,-0.03190926908307133,-0.033824447219131325
2025-06-20 00:00:00+00:00,AERGOUSDT,0.29817364977048566,0.4661433811853106,-0.035264930813097506,-0.01003301413384197,-0.01378375805416201,-0.01632901857361465,0.026568469034777796,0.006451850778324622,0.014789448082953701,-0.007667257324144161,-0.04902372723558505,-0.012134889237308624,0.017340620199692097,-0.008534328848446002,-0.03314179432725335
2025-04-09 00:00:00+00:00,AEROUSDT,0.23712,0.8783879779266103,-0.04044579960757068,-0.017651870796579,-0.006246586897964308,0.016559116283871196,0.13894554965754718,-0.006247512753336883,-0.05787371177710334,0.03728843119831854,0.06731466185636126,0.027179302037151964,-0.023499776868041493,0.08023636617240897,0.12758736309223762
2025-05-08 00:00:00+00:00,AEROUSDT,0.2164325383861485,0.8078795173098868,-0.06843315908682958,-0.012598958610254049,-0.014906406648413117,0.00325314944724929,-0.11218924753399406,-0.011847927931344837,-0.11162205062114956,-0.03293529472977348,-0.12968910059161004,0.008017560624023725,-0.16477962655925124,0.02118605309493675,0.1610977890594116
2025-06-12 00:00:00+00:00,AEROUSDT,0.2181092360733079,0.8379859564625317,0.18306949836119923,-0.012665630246601852,-0.011260383691392022,-0.01829629599005726,0.16166680279885154,-0.012769852226412618,0.08803935571286385,-0.0021472750839544837,0.39029233515243744,0.015472554148234124,0.06227292310901925,-0.014166849871263413,-0.061280668915268
2025-08-08 00:00:00+00:00,AEROUSDT,0.24036048368697216,0.5669912460624026,0.12455628358047967,0.04040490643600765,-0.06580007692789673,0.020454124753687332,0.06790393935980443,0.05642914220897912,0.039752257656444176,-0.011322896941993985,0.3018261150276963,0.011908766901083986,0.029948372593656993,-0.017121995889309276,0.06661090003364664
2026-01-02 00:00:00+00:00,AEROUSDT,0.20765143464399594,0.8208732383536195,0.020373994586282924,0.02397494076041456,-0.02178580222972537,0.011070373325887523,0.03302336107129287,0.07648077730996308,-0.07420195118166141,0.06911369812361448,-0.022160034065638278,0.12138639311125472,-0.12344341797047968,0.052077373866556,0.0787430837926588
2024-07-06 00:00:00+00:00,AEVOUSDT,0.20308924485125845,0.7061406816395223,0.07605019764670193,0.06821566332921469,-0.02896627611025827,0.004242679141074406,0.04367825610385294,0.1292084848722911,0.027151215670416045,0.009982304925032617,0.06516534045897845,0.058975307534477696,-0.012649672158170954,-0.0016091198371567506,0.12917233177269405
2024-11-23 00:00:00+00:00,AEVOUSDT,0.20153340635268346,0.929057549388998,-0.02655414282631251,0.02520459692141385,-0.048605780182568045,-0.03307838009760357,-0.0018857757690919595,-0.012847308509054656,-0.04912109377624756,-0.007913133292791974,0.0070689011885358664,0.008078075582806175,-0.1337777121453722,-0.0969460515455111,0.10477667581584246
2025-07-15 00:00:00+00:00,AEVOUSDT,0.25763358778625944,0.9535055484017629,-0.08354679745517625,0.002933792892401199,0.02914080132835875,0.013296906053221258,-0.13263977364900775,-0.018666056962517073,0.0756129231634839,-0.008542573755281922,-0.1720018039249817,-0.01466451562266009,0.0005363426850188924,-0.046517195013251175,0.06293341408648283
2025-09-27 00:00:00+00:00,AEVOUSDT,0.30105725949963347,0.8790161975299554,-0.09136286504440543,-0.0011918127184699131,-0.042641915597434875,0.0029422646699705673,-0.1558327431950392,-0.033247773955395396,0.024642503013383353,-0.002815848832644636,-0.21884139709099576,-0.019248781880395343,0.04343511335299923,-0.028427513160510075,0.011660934399309385
2023-11-19 00:00:00+00:00,AGIXUSDT,0.2085192697768763,0.7965620589418915,-0.015747543287013274,0.004709805376869281,-0.0017067790986519198,0.0041166030115992154,-0.02358653770837116,-0.02106255128663933,0.04075997610661845,0.005981455442272349,0.00434908095202036,-0.02626370381828307,-0.002835099890808504,-0.024771788499532082,0.0524197566370981
2024-02-17 00:00:00+00:00,AGIXUSDT,0.20820271682340663,0.8015150072621122,0.003134352362286763,0.016913745629446687,-0.0033881104252473835,-0.006029265094340003,0.21842457966192474,0.052083613390398256,-0.04915113453122584,-0.0063318036949035015,0.4521532132935092,0.08684392518694782,-0.04637943948652474,0.016989939820515422,0.06288907819501503
2024-03-01 00:00:00+00:00,AGIXUSDT,0.291891891891892,0.6815212174509411,0.028894277110983732,-0.027490466146709257,-0.04651894888013,-0.022848594549461913,-0.05592643246539345,-0.07563640249845487,0.041830215619202415,-0.09255629278805617,0.2019147995175037,0.14277759652751615,0.02532468063175351,-0.06810317578225547,0.14413009590591605
2024-04-14 00:00:00+00:00,AGIXUSDT,0.20136239782016352,0.8317163661649444,-0.007722978062681261,-0.0069638840328533,0.018553499637143447,0.0014339749568486604,-0.012341276461106141,-0.022707612983146754,-0.003034924707036757,-0.0010021306047394009,0.06424889130777064,0.025772327553971002,0.028089958542773324,-0.00710371282567532,0.13181062342336275
2024-06-19 00:00:00+00:00,AGIXUSDT,0.2356218905472638,0.9287276534553959,0.05167837683553093,0.025301858159478698,-0.008159938314753297,0.004491117238625589,0.01352406435590639,-0.002731834637986737,0.009097096162362681,0.0070511380133239055,0.13985637463852624,0.050124367994212285,0.028289505396181847,0.00728155356518954,0.11767036982709536
2023-10-21 00:00:00+00:00,AGLDUSDT,0.21858325666973322,0.3968152464460732,0.10528744611901585,-0.0030233719201808113,-0.0022051128213321112,-0.003506633167596679,0.2495651902292778,-0.015874177695212637,-0.005469322236899629,-0.008096360464248217,0.02740410172753617,0.024521864445293362,-0.0038090880480995855,-0.028166475698155204,0.02404268265826754
2023-12-04 00:00:00+00:00,AGLDUSDT,0.2129968156622244,0.5225227154604623,0.1779178977962507,0.0027038552762472744,0.012990773050369369,-0.010367228326009064,-0.031561958031562254,0.01882137229597929,-0.02732966285278856,-0.02466886047644234,-0.07968768186418229,0.012790090973516082,-0.029701323596866273,-0.038360781682644486,0.014577142228506012
2023-12-25 00:00:00+00:00,AGLDUSDT,0.26310687454560155,0.5566899257567874,-0.03308626980892558,-0.01030098034614517,-0.03392848665763912,-0.03846527543535676,-0.16674042308919235,-0.0657588578520428,-0.013819656440669995,-0.04971238762662645,0.008336522733790278,-0.012370075508165513,-0.042401678801501294,-0.036759043518727906,0.1155910310764656
2024-11-13 00:00:00+00:00,AGLDUSDT,0.5080957810718358,0.5851764234416266,-0.17773636043324081,0.00983161547108316,0.05887027491484055,-0.011579073883521165,-0.26225541285234333,-0.0033181923183344176,0.19561026435736278,-0.048928792841770485,-0.2732792267479592,-0.03969576911653627,0.24728040842503002,-0.08682620010351212,-0.02471377940184728
2024-12-21 00:00:00+00:00,AGLDUSDT,0.5620671283963772,0.6019132175392059,-0.2646110414814857,0.01701945580895174,0.008874530125261524,-0.013965103130810407,-0.0777215569644675,-0.0134329086419335,-0.043313100463503056,-0.023859884749305792,-0.16783761647758544,-0.010405055311573716,-0.06876866151494913,-0.06889192606047134,-0.061319459244502994
2025-07-24 00:00:00+00:00,AGTUSDT,0.21278421278421278,0.4405568045339094,0.026739394114505766,0.03197656633995099,0.05423388338818517,0.0057438896206951345,-0.1431159209634412,0.10989418104588011,-0.004143166640930925,0.007018732884279904,-0.1753563666591061,0.20497702483354902,0.03286151063808747,0.03626388909190287,0.011675638424293356
2025-08-01 00:00:00+00:00,AGTUSDT,0.6301604278074866,0.4302063165697267,-0.39374361333457747,-0.009731702089366755,0.008771744928495001,0.004768128697738243,-0.543089183207544,-0.05515866075700228,0.08371268553595038,-0.006574325998132856,-0.3200499566394929,-0.1577544263275665,0.08135363996403693,-0.05058278582779259,0.002032762790981124
2025-09-07 00:00:00+00:00,AGTUSDT,0.22920759659462986,0.35380170273772926,0.04446313354878737,0.026391381066794124,-0.010134227082330386,0.008177368726774669,0.20840431340491214,0.009087291106305895,-0.055323161744535644,-0.004681944128244784,0.0583000108411405,-0.022391677562896662,-0.034211009528524614,-0.029533186808308888,0.01798446705548058
2025-10-17 00:00:00+00:00,AGTUSDT,0.23485193621867873,0.8011721187227705,-0.11192387313742119,0.012112366591247833,0.1088464521423151,0.004136781172237424,-0.23400877703176878,-0.005747112032632703,-0.31628511089476896,0.0021304835474839135,-0.15945914419045706,0.008368268733303267,-0.3022160421839371,-0.012558363610986778,-0.026666351721434813
2026-04-18 00:00:00+00:00,AGTUSDT,0.21233391827525705,0.3515222278489137,0.09068441399373967,0.06088637529627679,0.005362618960770087,0.0035895638005188106,-0.09251532059733976,-0.021253723770201037,-0.005799729996586418,0.00023922386183374139,-0.015837236662523083,-0.024327535647745875,-0.04434396841467399,-0.04622069638897275,-0.06732908256254336
2026-05-08 00:00:00+00:00,AGTUSDT,0.3210950594620481,0.28401367406630135,-0.08806552297621645,0.012095799722057484,0.034416187255422025,-0.012224746015486367,-0.14139892618161745,0.017008218870979187,0.01993560260930362,0.007969263010230498,-0.2699040803444386,0.08892584946267064,-0.023079515780058596,0.017672723860086594,0.0325688125719608
2026-05-23 00:00:00+00:00,AGTUSDT,0.2580145199445305,0.2725361462697426,0.35039754318971755,-0.00022221194238037644,-0.008855918774195195,-0.00895524149997175,0.16319073276614315,-0.022164668359354205,-0.0004474226222960176,-0.01340366154574891,0.037021025622193726,-0.03967216785854734,0.0455976156250818,-0.04505925063338464,0.011264789720039215
2026-06-17 00:00:00+00:00,AGTUSDT,1.116657868938994,0.268038001709063,0.08733825546381412,0.018756643435904517,0.021822004577358962,-0.006680125495894031,0.03916060313740627,-0.0177336370269631,0.033543552818212426,-0.0150663882426648,-0.10818007463859838,-0.04029704784906668,0.06411911749861893,0.021811643670069852,-0.0032206746202368295
2025-03-02 00:00:00+00:00,AI16ZUSDT,0.22616407982261633,0.726784780662024,-0.11942997566809191,0.03591280853256847,-0.017577856773133855,-0.011504637071840618,-0.22764631492902615,-0.04318434128069524,-0.00724893960394102,0.026513179775557304,-0.4611315926169403,-0.20559395862110433,-0.01168045301604485,0.011473152040558213,0.20966095587874634
2025-04-09 00:00:00+00:00,AI16ZUSDT,0.2225405921680994,0.7372884536800448,0.08043470010609627,-0.00303536740104226,-0.0006467642891376302,-0.002483448536664364,0.17800882256825631,0.09398746942559898,-0.05413447448984445,-0.039794976991057204,0.10817350200193737,0.036963785737431316,-0.019390042977728804,-0.1137035693593321,0.11568924970448305
2025-04-22 00:00:00+00:00,AI16ZUSDT,0.3290758827948912,0.7782810763868854,-0.0009485725686169573,0.0036531274888132494,-0.06497678701565028,0.027401746276989686,0.20659228614208414,0.09251227865755915,-0.12292105894110616,0.006229867412395182,0.45660247916149277,0.25562009968682275,-0.16385529931425943,-0.06188229155677292,0.14571228897207342
2025-05-08 00:00:00+00:00,AI16ZUSDT,0.21999999999999975,0.7191154188345286,-0.024509122785092118,0.08071138311315357,-0.08114971678639646,0.015595733539704245,-0.04568936981536052,0.13157509929969802,-0.15036628447684186,0.01937771222756516,-0.1252853183177731,0.06223149946594223,-0.13410089289792526,0.0713333072275751,0.17816261948809636
2025-09-08 00:00:00+00:00,AI16ZUSDT,0.2552301255230125,0.9090994807407983,-0.15793830073746518,-0.028440803561849887,0.006307910370724754,-0.0024600887002187654,-0.146773569595827,-0.013127281220917348,-0.04349583064042384,0.00465684978014814,-0.18695353132359124,-0.06180162691032152,0.09921781951436286,0.02005041632266536,0.07895968239600784
2025-10-31 00:00:00+00:00,AI16ZUSDT,0.2951755144388726,0.9282285942280855,0.17667643661327587,0.020472178038808672,-0.16715927829138313,0.010159535259479371,-0.002576702626031574,-0.0402487950589191,0.1419365472550421,-0.00373362723598234,-0.19208567322224016,-0.036585662180845184,-0.13105164980658343,0.031796846702541806,0.04578038740206836
2025-11-04 00:00:00+00:00,AIAUSDT,1.1469422184732179,0.6020640662289132,-0.5518497056453083,0.046904622521965936,-0.09927535263427777,0.010022634654274052,0.911150297694498,0.002789329953073863,-0.32042918438177065,0.0018416319396002579,-0.5592669791604623,0.0026928172463052237,-0.3407808328431094,-0.02691936217922783,0.029479632651927545
2025-11-22 00:00:00+00:00,AIAUSDT,0.37248459958932245,0.5216330533864464,-0.3437544225525363,-0.010128014081844277,-0.02833385793246105,-0.0052918123087293285,-0.362477741737579,-0.008389414332507932,-0.054485231055342954,-0.01954727867802448,-0.47541741459818926,-0.039285396246909174,-0.083785136835912,-0.008195543075474748,-0.02297967736794444
2026-02-13 00:00:00+00:00,AIAUSDT,0.26213592233009697,0.4424106911234986,-0.18966775175390688,-0.04232166399879821,-0.010589502055042646,0.00828903794674736,-0.2647451611547429,-0.05792032466251482,0.03487650598110079,-0.014111960958228142,-0.2536788954160372,0.06047416325235956,-0.009186543509247063,-0.016521347182525615,0.10031702785244567
2026-03-19 00:00:00+00:00,AIAUSDT,0.296069103655483,0.5005637577168022,0.0035227203585969,0.009817223018963886,0.015344496086247123,0.028111630756651455,-0.10377784566063938,-0.008275091494682344,0.04875429760729784,0.018927765840746277,0.007483159285807268,0.05241136778572564,-0.08151364363675487,0.0706176593339194,-0.003698883260832542
2026-03-29 00:00:00+00:00,AIAUSDT,0.3432292664240566,0.5754457384464233,-0.09590344474631177,0.005289655514263599,0.019747043372400984,-0.025251556019606193,-0.32206312335977244,0.022714597884911467,-0.021245522569741326,0.02375897477760967,-0.2541894023101883,0.018081171744198446,-0.03827770798838905,0.015478565370008746,-0.03362908890686474
2026-05-16 00:00:00+00:00,AIAUSDT,0.2851456486339785,0.3047406319061326,-0.031372705577195945,-0.026454253586498194,0.016144809789984043,-0.0014532778104513907,-0.1611979643481113,-0.0033711423998743382,-0.10022364852633794,-0.009877603300540192,-0.14842760407564531,-0.018028679460886654,-0.18917093741677865,-0.023221490084754555,-0.04861068133441422
2026-05-31 00:00:00+00:00,AIAUSDT,0.43311981914091935,0.3118608165402485,-0.08509917524433513,-0.02689118968299347,0.07973136216271251,0.006948126392526474,0.020694553159033166,-0.01948888941662152,-0.03260327114158414,0.015643669421090745,-0.202361481866752,-0.0791452052296628,-0.06780631885542633,-0.05524384816746908,0.040624325227426185
2026-06-29 00:00:00+00:00,AIGENSYNUSDT,0.35377150419056025,0.37687391889738636,0.23483389822525205,-0.0004027649889217791,-0.015381976506799792,0.0444475577252511,-0.015039696863113766,0.06265006546191222,-0.09527463453548361,0.20959882655307963,-0.14381565547368344,0.1290777151227759,-0.19901108162579356,0.1469511046812269,0.0013212631181756863
2025-08-28 00:00:00+00:00,AINUSDT,0.2902868646200303,0.49383560121997727,0.054953158016353566,0.026006159853617455,0.04685223694596388,-0.010594575511471811,-0.0310055738388698,0.019921516385032926,0.07662512760411203,-0.014017062847857756,-0.13444126306115753,0.09126902026844494,0.19331980254248687,-0.03815338195253719,0.018191913589268145
2025-07-12 00:00:00+00:00,AIOTUSDT,0.3107821163147342,0.42826200835012196,0.02752289660769119,-0.01422519869066619,-0.021486722084092403,0.009007617553346352,-0.44681977196732253,0.00676581338042013,-0.0670909464182407,-0.007443199017880453,0.22067248158314112,-0.0052423400671717055,-0.09012513363980824,-0.015836717341314605,-0.015862811794766694
2025-08-17 00:00:00+00:00,AIOTUSDT,0.2350832361624533,0.362913372652992,0.26825457592068447,0.020205798507102045,-0.0062084117051042,0.011812641117390804,0.5388204664916904,-0.0033356833721495853,-0.026596568550760626,0.011168611503399229,0.5341983888808435,-0.03167906728638647,-0.039397432717037,-0.027422223718323945,0.029250186377707176
2025-09-03 00:00:00+00:00,AIOTUSDT,0.2137641071033416,0.3270246465982122,-0.04174740543709299,0.0021718944053651075,-0.010734046629391258,-0.0033131573999026997,0.0457856422676888,0.020008236968021186,0.0022909737009637727,-0.02092502603340529,-0.2112044850306077,0.008433398026566863,-0.04063672273363245,-0.039925587650564816,0.02787345445917433
2025-09-27 00:00:00+00:00,AIOTUSDT,0.21219319081551857,0.3784695754109955,-0.01686091816871065,-0.007742285845917828,-0.03557627651666819,-0.004116020925077237,0.038595394417613185,0.010998232684219168,0.021735464626727395,-0.042453359543157626,0.016897105794889036,-0.03089437974042709,-0.2568620039133879,-0.05553210108747223,-0.008212965132895456
2025-10-21 00:00:00+00:00,AIOTUSDT,0.22818791946308714,0.4490613563656357,-0.02357745380292911,0.006947185840873381,0.0008436690070531619,0.004815492019270661,-0.019475206856561775,-0.021438828749024155,-0.02446545626847819,-0.021401063223575885,-0.01924642886431842,-0.024636617770794456,-0.14698830356475284,0.012822254420942356,-0.05392740705503296
2025-10-31 00:00:00+00:00,AIOTUSDT,0.20932986028889422,0.3874707484928578,0.2495236982031771,-0.01560734928644943,-0.07108947324975508,-0.12786049562923366,0.20613111145161578,-0.025337678675159687,-0.005169220703650451,0.1497262028298068,0.13395730575690978,-0.003363901522130941,0.15818127425168632,-0.007329188704232775,0.05845839086717706
2026-04-02 00:00:00+00:00,AIOTUSDT,1.1410788381742738,0.5144722304520906,-0.12980933053926594,0.0034104051163577473,-0.07558350736437128,0.007774370825361092,-0.26537638553153053,-0.027853007962306366,0.13057668751590285,0.02036650120459306,-0.1533850821885514,-0.04337011780831179,0.16083078728195604,-0.001327734204169559,0.0551737710376887
2026-04-19 00:00:00+00:00,AIOTUSDT,0.21573546180159653,0.42932839977205595,-0.29808566293707167,0.0017993467016693854,0.062402352926651014,-0.026509382381614034,-0.2869972479594356,0.014506305142109899,0.07449046546610001,-0.009176977702859784,0.2741024031761309,0.006410285808832681,-0.375227540535075,-0.029625838605624743,-0.03602750515743395
2026-03-02 00:00:00+00:00,AIOUSDT,0.20523954262556088,0.18750510516216506,0.061591398726121876,0.045498356810374854,-0.004621615329530651,0.014126174277334086,0.00526267988072892,0.06258959147531926,-0.035517834320749134,-0.016114840459314713,0.17131976054775616,0.044929437744033074,-0.031887348889168936,0.010592991033508563,0.03140470176331134
2026-08-14 00:00:00+00:00,AIOUSDT,0.25212740092389985,0.31703588640661545,0.10769680399618703,0.00644467822922667,0.015444279908293126,-0.001512632213281594,0.002869615607503276,0.0005482881056469553,0.034593971184492076,0.0037950767144160928,-0.31291261106629054,0.003960549034898325,-0.08576113505284969,0.027214053292792185,0.004859284980087553
2024-03-06 00:00:00+00:00,AIUSDT,0.21685667644365414,0.5988073888904193,0.001984674525079437,0.04057951801221758,-0.05036553252410705,-0.025630445484586095,0.08850466082710581,0.07009890819825784,-0.05282046761934818,-0.051840660172903986,-0.11717519789162528,-0.00961659631264072,-0.10903832299443808,-0.013272959657345696,0.06954793854621102
2025-01-02 00:00:00+00:00,AIUSDT,0.28756712939507545,0.9065780190832111,-0.0667049129312462,-0.004363602357555658,0.010248422327329771,0.06448139718085757,-0.031090626344746637,-0.004965234533497083,-0.023294179799324348,0.024397860158547367,-0.009073665739751768,-0.0584072755321264,-0.06678819128693862,0.01996369363625284,0.0608680304058558
2025-04-22 00:00:00+00:00,AIXBTUSDT,0.2062153697904121,0.8483481337960754,0.04633532584308068,5.3925935755837207e-05,0.0003819297253396456,-0.00444985238414009,0.12862273856977333,0.05131177888322123,-0.03950211383891926,-0.024389470797071853,0.3402771872762024,0.11778437422272267,-0.0685446248820216,-0.016638773387060303,0.14243636677480037
2025-06-23 00:00:00+00:00,AIXBTUSDT,0.2084217675524236,0.8200650291070319,-0.015007103237058176,0.014371092104809963,-0.031563212416510014,0.0038257252123688203,-0.04258042548672525,-0.022689253867049553,-0.012093118346911064,-0.0027769438101265544,-0.08033357810204136,0.10028307325731349,-0.06227766830432757,-0.0385532599621427,0.1288242557778762
2025-10-25 00:00:00+00:00,AIXBTUSDT,0.3583280153158901,0.9575684311544389,0.000899653257894234,0.042125727060574214,-0.041227616807809536,-0.014339222537864005,-0.0821859658015831,0.036419302436961926,0.0004911679137389657,0.030185926393638568,-0.0492691986269817,0.10728645212925587,-0.044240135692194774,0.06969864546952796,0.0580228028877194
2026-03-03 00:00:00+00:00,AIXBTUSDT,0.23201046663759284,0.8492635425070544,0.0015655796938045079,0.019641156923866532,0.012031484704427808,0.011874028200428752,-0.07391054582366853,0.008964518885705194,0.07029512420765822,0.017979765193042334,-0.14343251652195876,0.03710777445240482,0.20372703038495277,0.02005765295032493,-0.01336565705853312
2026-04-16 00:00:00+00:00,AIXBTUSDT,0.23959548813691178,0.7105720220141885,-0.09312630290367709,-0.03910577036212777,-0.04735631031094296,-0.054271113020783676,-0.1473681866280494,0.010779510173603788,-0.16056751958284923,-0.046106182500805816,-0.12206654328878842,-0.010619314669539599,-0.10382822388329412,-0.09336391584787121,0.12586498170703606
2026-07-15 00:00:00+00:00,AKEUSDT,2.570600632244468,0.4580317583594581,0.203896848236447,0.03497456610505192,0.02418588176432051,0.003126362645446712,1.0620588927643528,-0.0010356039492809943,0.007930095056391372,0.0031669001257380717,0.8755929380292375,-0.01489736920650236,-0.021897214957618705,0.049458915955247054,-0.00628509341417414
2026-08-13 00:00:00+00:00,AKEUSDT,0.6627615679339818,0.2957205657782091,0.4387982486987312,-0.10548422198316491,0.010363428621698366,-0.025639296143247566,0.3934195462367098,-0.08214118343729632,-0.0005297650500970472,-0.031648811068228366,0.18344543410577369,-0.12012319450947029,0.0012242024513888215,-0.03271479951780079,-0.003648075486463842
2026-08-28 00:00:00+00:00,AKEUSDT,0.6285922684172138,0.24771161811409187,-0.32432107235760255,0.001317513927181025,0.01356971382915784,-0.015431048134504433,-0.30193983230099225,0.10596605847457494,0.0940103191666529,0.027087793010666095,,,,,-0.021742312918202257
2025-11-07 00:00:00+00:00,AKTUSDT,0.2163402152814542,0.8473402801548955,-0.00922341116090077,0.0025139924954103486,-0.056845243404486066,0.00142297068410992,0.021179563965039762,0.12397199371789018,-0.13069411731568398,0.008239734802059006,-0.01720165701041268,0.0944667637011846,-0.12268628176867222,0.01642560924123816,0.12552230257506775
2025-02-22 00:00:00+00:00,ALCHUSDT,0.27030456852791884,0.7048236725753713,-0.12972542395429823,-0.03293599006290403,0.019944362614923782,0.00923431804934941,0.3526740411885704,-0.004120071350820339,0.06376792103920136,0.0031925627005024645,0.900389383942809,0.029101900268959036,0.08272277863153851,-0.025440875765961678,0.10896724755668932
2025-03-17 00:00:00+00:00,ALCHUSDT,0.30964368706429113,0.6512261825619342,-0.02233087974329072,-0.10640938990132857,0.0039159863048367684,0.007754896621389567,-0.20847640886029428,-0.05645453772383965,-0.031099143489919545,-0.013359025326462926,0.3001000172930311,-0.03939388554531298,-0.030058226217355606,0.010306201346875283,0.04543036535951783
2025-04-01 00:00:00+00:00,ALCHUSDT,0.24329017998105473,0.6465824506642208,0.19173899885870568,-0.014631641613965884,0.033938766825983006,0.0062584392323891515,-0.01688859459567657,-0.015752840703439373,0.05576063755089607,-0.025799978911953708,0.05265611078955812,-0.08622568662643315,0.14633083663166851,-0.0204960398082236,0.00989148300739906
2025-04-09 00:00:00+00:00,ALCHUSDT,0.30216256524981366,0.5675011961582773,-0.03535975301170445,0.0031114390979712194,0.020938834952908256,-0.018897667093183627,0.2293117787448804,-0.010136614264389448,-0.06532242539930018,-0.031096476344027367,0.5768219156638064,-0.10106151861195396,-0.0010091905344305706,-0.019598464904671382,0.08316649611659992
2025-04-22 00:00:00+00:00,ALCHUSDT,0.35157648354674387,0.5536486872730976,-7.19440353000346e-05,0.03283598248551241,-0.0729240991658203,-0.010666669076141092,-0.2970221133632999,-0.042644714597369196,-0.13633579824420777,-0.02263087075307559,-0.1940923591944522,-0.024971674098654854,-0.171709918851949,0.024879955212107528,0.212237311483723
2025-06-03 00:00:00+00:00,ALCHUSDT,0.2258369911352096,0.4052712524322032,-0.00010659053613926162,0.0028369724347532517,-0.00026820862646962024,-0.0224794174418275,-0.00033998431187098974,0.02044248591800328,0.03726785609819121,-0.027141412836345784,-0.07830854808253465,-0.0031836774769441467,0.012918992210017069,-0.030647084239232063,-0.003777275093451893
2025-11-04 00:00:00+00:00,ALCHUSDT,0.2210464432686654,0.2533182765635656,0.07348149105771326,-0.031242132976089892,0.0096182090625789,0.010952215789024871,-0.07950122757249609,-0.11528205148403965,-0.020846046726589646,0.07055447971409892,0.36284663268079015,-0.1286280723018742,0.0026210513757879915,0.03227692510751404,-0.04538501345682895
2025-11-29 00:00:00+00:00,ALCHUSDT,0.48221132411948275,0.30056282710956295,0.056252167359725234,0.08533710150946158,0.024402363911537047,-0.0003400044935660762,0.15926827481353098,0.006345228475553061,0.037167313163785146,0.024174807978901387,0.28004799441955097,-0.010295155652173916,0.0708551590826896,0.11045909997326171,-0.00923618271033087
2025-12-17 00:00:00+00:00,ALCHUSDT,0.2520297115218517,0.2917067819879179,0.009746706145198916,0.01852517581729733,0.023983461696195463,0.009774377077322136,-0.17750351168675632,0.06723740775248474,0.00787799899489735,-0.002262962383814722,-0.43114070398905513,0.06135521635867577,-0.003723286549921937,-0.0012210350318995096,-0.0455533804991171
2026-01-21 00:00:00+00:00,ALCHUSDT,0.2458711582631521,0.29487991396969576,0.07842901999137593,0.012113121483665648,0.005034051612671944,0.006927617813610657,-0.04762060717734072,-0.012678155809858033,-0.04352367261089056,-0.006288244290412763,-0.06702287306676678,0.005101298647176891,-0.003469783923143699,0.03039296671731768,0.019398656425394605
2024-11-15 00:00:00+00:00,ALGOUSDT,0.2729766803840876,0.9026501376247665,-0.024109380445118685,0.053040539763481,-0.054754570442306694,0.030169934218368877,0.04665117121658315,0.12785814963990386,-0.06238055483538071,0.04016557759703139,0.2899866154330472,0.18329354162711795,-0.13830151834998355,0.039157310169037486,0.08338823353494143
2025-07-13 00:00:00+00:00,ALGOUSDT,0.204566210045662,0.9435672715530636,0.06673049795809038,-0.010877236154717588,0.01335845290123282,-0.006337618367577827,0.008153784623047527,-0.03478090680875147,0.005186557948048606,0.02651779450094967,-0.004619540328726038,0.01540251880239582,-0.025815041314419827,-0.00824684762399984,0.08883445667933239
2024-05-31 00:00:00+00:00,ALICEUSDT,0.2490302560124129,0.958563793653299,-0.029637993176876088,-0.014542850108980303,0.0005285346545112681,0.021726793168164102,0.36433885439513825,-0.07528256264091633,0.011178518782725766,0.03987660682985282,0.17599437079548666,-0.09194179242418916,0.06275732597081903,0.09556549047373555,0.007178698250245308
2024-07-17 00:00:00+00:00,ALICEUSDT,0.22805429864253401,0.7238884744998411,-0.05597234218489006,-0.029408335661130547,0.01048522297746262,-0.0024892479488907355,-0.13567376498880793,-0.041368919987132755,-0.02980467823782403,-0.00023455664759942598,-0.18854181409183965,-0.08128289042276206,0.002086139717013308,0.08462813294341356,0.025492936030583013
2025-10-09 00:00:00+00:00,ALICEUSDT,0.36388888888888893,0.9187763852176667,-0.08525279505415972,-0.05234105755751668,0.047292821010574235,0.023554069414413088,-0.21897104179930144,0.027561169059102535,-0.052901150434675845,0.011202272235827863,0.038470352864809085,-0.013454095524421786,-0.12688806229473676,0.0019340687051671245,0.010851936097809194
2026-02-27 00:00:00+00:00,ALICEUSDT,0.39423076923076916,0.8754355593908898,-0.09958258061863898,-0.006985884456776802,0.07472305150239231,-0.008869760089294586,-0.006746830536115883,-0.013031860184486533,0.08616346447301196,-0.024229168454420285,-0.14740725443614233,-0.0002352693543728447,0.1809940770400629,0.00927350555314794,-0.022514149235107483
2026-04-18 00:00:00+00:00,ALICEUSDT,0.2981760507533706,0.4890623176495696,-0.014056495675197702,-0.019395508359247072,0.017501378851850664,-0.019133308199205695,-0.09829593003255052,-0.03982609077094308,0.11889404317428565,0.005207104090967543,-0.045754288804339266,0.053519531014291945,0.07774483045754772,0.00823026835599196,-0.05071760843598243
2026-02-20 00:00:00+00:00,ALLOUSDT,0.2704724036731989,0.6482750120871111,-0.0681737863317683,-0.0009262143195971518,-0.014364032395526787,0.015311002945698055,-0.21172695925838006,0.03898362975978402,0.15227217790148895,0.04413732186261339,-0.1344670827570238,0.07968116583267101,-0.1362332914932406,-0.017189830420583994,0.021898715957351177
2026-05-28 00:00:00+00:00,ALLOUSDT,0.7680795280751584,0.4010836011845081,0.48305416118036654,0.10393023761636513,0.01939911168623439,0.00246756491290548,0.47516926521246683,0.09038048647718819,0.032338995817455064,0.1259074865117507,0.1292350876150618,0.019776582860746544,0.17636756414507718,0.15985498145136084,0.023793106921994545
2026-07-02 00:00:00+00:00,ALLOUSDT,0.5015901060070671,0.39376790708863324,0.0005751703996865684,0.010569629242854045,-0.014399388149257392,-0.04187663517378059,0.04238728870770869,-0.0408259284661824,-0.019395563829029613,-0.03551157488120992,0.2701556560296039,-0.2523881561970661,-0.008202012249227317,-0.009961075199049768,-0.02820123282343987
2026-07-13 00:00:00+00:00,ALLOUSDT,0.2667274042712826,0.39085386128137534,-0.28767575748460483,-0.009581531822812964,0.035121039752233345,-0.0013241168190896635,-0.15928636988484937,-0.06505485901063623,0.03913586621592286,-0.014916371030489864,0.001992104704444886,-0.108055730515308,0.058153679756521526,-0.017257352923556995,-0.04224252998773466
2024-11-10 00:00:00+00:00,ALPACAUSDT,0.31788770611563355,0.7700411063872025,-0.07704691351727105,-0.02178759270627052,-0.02862786784143011,-0.00798449061868695,-0.08900520301443578,-0.062022481836768464,0.03432723083918963,0.013905336548639926,-0.11005751033344593,-0.05888905923601455,0.025511975654445684,-0.017047605533985547,0.07050706508058094
2025-02-12 00:00:00+00:00,ALPACAUSDT,0.4764453961456101,0.9292088886008134,0.02946262164152772,-0.003779862911720054,-0.00474791320506846,-0.015292142716714452,-0.00020510447176751503,-0.04966502621842324,0.04654708698010832,-0.03085184412611853,-0.05325346511390439,-0.06522207537104753,0.09492312737112778,0.00922724801092044,0.22932138865782745
2025-04-19 00:00:00+00:00,ALPACAUSDT,0.36819172113289755,0.6572949393162102,0.11231516759703214,0.027489615768077895,-0.011428318112964256,-0.001527836337669755,-0.20435601487536081,0.11737317916566858,0.0824310075704289,0.033918192702411275,1.6121529927985874,0.1699883318312822,0.059088072326961026,0.017629828027767434,0.0461342621643356
2023-04-29 00:00:00+00:00,ALPHAUSDT,0.21822955123471988,0.8694334726239255,-0.09391687272933855,-0.0030565230824637483,-0.0219638067310792,0.005438654910184033,-0.13154804637286896,-0.0020871617188215376,-0.010934344431423923,0.017256228131936408,-0.1941614187530563,-0.024320425665518293,-0.05012172121385359,0.050519571174727315,0.0027108706925143113
2023-12-17 00:00:00+00:00,ALPHAUSDT,0.2366038049347845,0.7407874686583619,-0.06472086855883209,-0.013867171118862612,-0.014900445090048111,-0.005840367443661292,-0.14786618912599464,-0.007320171317670853,-0.023214150026536172,-0.011637850151895805,-0.23155228224856028,0.039163797672557024,-0.09563768716562146,-0.0872286466847765,-0.01813146827332222
2024-10-21 00:00:00+00:00,ALPHAUSDT,0.21826554105909435,0.918161486440483,0.17408382165315486,-0.0020982318218869473,0.013600749319900652,-0.013625369356541434,0.04437719134167145,-0.0033274397601938156,0.013461390531165787,-0.0026811280300490523,-0.036365308464189644,0.006892629710341938,0.015327957677704679,0.023803507905566477,-0.026704397956172087
2025-05-01 00:00:00+00:00,ALPHAUSDT,0.23054755043227648,0.9166952042425667,-0.039820722878842765,0.0029724991701486165,-0.021017499662407735,0.010759484081321363,-0.06892202449172588,-0.011107951003699917,0.025698084890571227,0.02111889242357684,-0.28215540686217777,0.012173981622549753,-0.13057026196524274,-0.006070705704576689,0.012372778014613627
2025-07-05 00:00:00+00:00,ALPHAUSDT,0.34554455445544563,0.6558025994163825,-0.1335249553738702,0.019407627039617032,-0.005873637308597905,-0.009576220820536541,-0.09469897115041716,0.03536055408417689,-0.025356571728772752,-0.0041810691311874116,0.04741097936317057,0.14178823646422384,-0.113615124213863,-0.0038105479056000048,-0.0058533349151479895
2025-09-17 00:00:00+00:00,ALPHAUSDT,0.27863961813842475,0.7988749691322189,-0.10800538640794882,0.0033687055593754405,-0.041291866115422834,0.0339940380103471,-0.1487147628965374,-0.013992578149752587,0.01691134053389416,0.058484243786736737,0.003107106760293646,-0.024046780212967304,-0.026786010967769402,0.04050403005461857,0.02418018913590107
2025-08-09 00:00:00+00:00,ALPINEUSDT,0.23375941166170544,0.7836433631967188,-0.009000992431029423,0.02027156454092822,0.05532208145536292,-0.013295319348443663,-0.18311893746262123,0.024782631494104083,0.07404316147591197,-0.0029923617350899796,0.5464933613441432,0.012214183501088011,0.05574623370040559,-0.007905759733286782,0.031097176799303617
2025-09-26 00:00:00+00:00,ALPINEUSDT,1.2102535105079637,0.3977608742593245,0.2228088774805544,0.000686954145709995,0.0077235508887353475,-0.0037514631222734735,0.30198055353518666,0.037603689310338376,0.01072977121169141,-0.05123920457248656,-1.3304404459329051,0.008707288966645417,-0.008951782127529997,-0.001015224031155619,0.0645739288926829
2025-10-06 00:00:00+00:00,ALPINEUSDT,0.2240412979351032,0.3559097377283102,-0.05654811224021593,0.007729116251423367,-0.06464323081071735,0.0023016040035650333,-0.12397051243287054,0.0894987980231033,0.15040483868572596,0.0717715936072256,-0.24353932063374378,-0.2678306740242095,0.38283602200677525,0.060654825501302835,0.006439821311079274
2024-09-19 00:00:00+00:00,ALTUSDT,0.32690926502274364,0.8386539472979063,-0.060556112696615,-0.006662657464589804,-0.010026253448804446,-0.004852031385797031,-0.08555140229251273,0.009400843824280594,-0.08413474794258377,0.0043787056691697735,0.056333859994391895,0.09711942514227001,-0.11355905217700442,0.0005929749501989656,0.03430844882583761
2025-06-16 00:00:00+00:00,ALTUSDT,0.3580246913580245,0.9380342877586502,0.10369191240452469,-0.008793425413365225,0.01845237271987864,-0.006697357225092135,0.05677053690718837,-0.020561702007397445,0.004002903934043245,-0.010560959293643434,-0.1176980235409544,-0.032192805163251834,0.01836361009362473,-0.017967804286367815,0.0008785867507360212
2025-07-27 00:00:00+00:00,ALTUSDT,0.2070072992700729,0.7176033358999167,-0.16069683560078457,-0.012487007920568474,0.006543495622554076,-0.0026696946989315947,-0.17152839880551862,0.004310439168644454,0.05796491203886398,-0.0004891716754767045,-0.16891154766534033,-0.023026252320574682,0.051969690783230015,-0.006625055985910277,0.04670110881858251
2023-06-02 00:00:00+00:00,AMBUSDT,0.5080091533180779,0.7564299437359563,-0.08303200694697557,-0.009709191106688145,-0.011463706539040252,-0.008606586660707212,-0.11260033316846026,-0.05453946055089994,0.004544799820926962,-0.042410713739268406,-0.2374077813458588,-0.06862863312940368,0.06639071586026454,-0.06452397025508672,0.032334079779708605
2023-08-27 00:00:00+00:00,AMBUSDT,0.33018867924528306,0.8305405381034291,-0.2013460606104238,0.0028598250326666258,-0.007858420208086542,-0.0017420659807350363,-0.23742720580561885,0.026938578253674884,0.007918064011838458,0.008484325792729105,-0.19619750258026394,0.09792946781082627,0.07266407019576769,0.03651475293258653,0.030807439945793984
2024-02-23 00:00:00+00:00,AMBUSDT,0.2002922333370798,0.7157035702569456,-0.10276386090296681,0.004744766328646832,0.00642136171296317,0.009378679037628877,-0.08213716009108826,0.02789407513500381,-0.019278022519479025,0.014148180776129005,-0.205573577543101,0.0869645173357865,0.02064186947069947,0.024183676069435688,-0.018561559719978634
2024-03-07 00:00:00+00:00,AMBUSDT,0.30355997434252724,0.6337773385269168,-0.09019600691820692,-0.008666012829403952,-0.010277373125665176,-0.033385139921463414,-0.21582047861836293,0.017823344349566825,-0.08117801173687164,-0.03451786033738595,-0.2770079950125469,0.028558141768841083,-0.18268983106049788,-0.07752422635754883,0.06962380782449058
2024-07-26 00:00:00+00:00,AMBUSDT,0.2462121212121211,0.8784605873221398,-0.03251222452203136,-0.002785132593505063,-0.025210397591749183,-0.0018909273444986212,0.0535425924031162,-0.0012623602653338989,0.02223902744272951,0.007536570869961415,0.3891646829343089,-0.02095172244757268,0.17640357508860122,0.008033613214617982,0.0655866054775505
2024-08-06 00:00:00+00:00,AMBUSDT,0.32486631016042766,0.7574062282305108,0.002869583260049678,-0.003606497210177119,0.011065928807460611,-0.012132589001590244,0.13932667056672346,-0.013202241670967372,-0.029721417015322393,-0.01738641250050397,-0.05434058574843322,-0.020075363945591285,-0.050109974757955734,-0.010500633413864544,0.08900915516842081
2024-12-06 00:00:00+00:00,AMBUSDT,0.28570057581573893,0.9006996069534635,0.004572665222108434,-0.01655007886438286,0.04271862258487066,0.01550882647453537,-0.02691534538199286,-0.007335130309888258,0.10890121707293998,0.007617133873517827,-0.039266205469515376,0.02604950741676122,0.051058670796767194,-0.007970123903931193,0.025513795857675013
2025-02-20 00:00:00+00:00,AMBUSDT,0.2178913738019168,0.6338169864973608,-0.4339310249121919,0.005314769392814201,0.031093156506452762,0.0005902688285201283,-0.45733159343154534,-0.0003838566009626579,0.20467226106032613,-0.004193410575705837,-0.36639917287192425,-0.08338324212283685,0.08397565949526728,0.009392718507970025,0.038387832377300556
2025-05-22 00:00:00+00:00,ANIMEUSDT,0.24351464435146442,0.6686537834126189,0.02700159908638415,-0.002778979602976561,0.046898038891156214,-0.00686428300867885,0.029453859733122468,0.0008735256754431823,0.11235768608679716,-0.006194935977085302,0.0467011272419763,0.012918095098029358,0.18157850798251246,0.009100611341190052,0.0861845736883076
2025-06-09 00:00:00+00:00,ANIMEUSDT,0.23281162660704324,0.6295178256158134,-0.3778072817888623,0.017355128536762892,-0.025544611886638185,-0.008721445533869731,-0.4256425186920007,-0.0060778473283129636,0.034518153615603404,-0.004192713841726532,-0.5187827083750163,-0.014014164627861267,-0.018503828814140446,0.030753622956007087,0.05421851563772673
2025-12-20 00:00:00+00:00,ANIMEUSDT,0.39407540394973073,0.7873670022917854,-0.08701772435081108,0.0031077903198810652,-0.014862151493594164,-0.011684477957770181,0.19348249952931995,0.00603706073805368,0.005075441997726794,-0.05815230385011618,0.02234594378457755,0.013721909947348742,0.03779286297781671,-0.09776354509634767,0.014490040885519483
2024-10-20 00:00:00+00:00,APEUSDT,0.7102996899758871,0.7206168697877737,0.1616267257606684,0.005166199983780363,0.004433024830549534,-0.016576096416569968,-0.1476568589121061,-0.003502311301034318,0.02796564458720845,-0.030068807120221003,-0.11585679086951667,0.0006734152595189432,0.06790153597578959,-0.0340295737023605,0.05142465483950763
2026-04-24 00:00:00+00:00,APEUSDT,0.7703631010794896,0.8505006871185783,-0.19461485841984108,0.006821965579043215,0.017448762115864207,-0.009414623000146461,-0.22996496463829963,-0.006849255570531626,0.008206702317149294,0.0197828992748587,-0.023491003003134947,-0.04170704341989079,0.13381165718606458,0.04232100372891979,0.022334142543818335
2023-08-06 00:00:00+00:00,API3USDT,0.6322505800464038,0.8885605769784484,-0.1946208991678995,0.008902552566120093,0.00906301180529329,-0.0023293900478987546,-0.2534536177643366,-0.008402362056915186,-0.004310657927558062,0.005816314256027824,-0.17251410336788411,0.0447021178469178,-0.017712680502981106,-0.026454546673494526,0.03146585209151953
2024-01-20 00:00:00+00:00,API3USDT,0.6056075888568686,0.7430054665040943,-0.051248529309347916,-0.0015067045582316107,-0.010281002965708039,0.0039770577294776675,-0.06832700902382541,-0.011827397417382193,-0.020403089096728003,-0.0008068921578449295,0.14657085135497278,0.010200006185164553,-0.04614018668548708,0.009478902781978374,0.026646429071373906
2024-02-14 00:00:00+00:00,API3USDT,0.2877966007399373,0.5352816036248519,-0.05555719699461314,-0.01030586334898411,-0.024507219606119422,0.012182301771066786,-0.1654188751143443,-0.014480507214184776,-0.0689215828824529,0.014937590917097027,-0.19971743373765613,-0.020981597288428414,-0.06850279753136901,0.04203683138382412,0.0440116664135035
2024-03-20 00:00:00+00:00,API3USDT,0.2738739325989179,0.540850047165504,-0.026776873503973744,0.013733004861852005,0.002739250406716991,-0.008619329772781232,-0.05154363366718441,-0.01647552779427641,-0.016835635556664712,-0.01559806121151669,-0.07098296046635408,-0.009704616674075729,0.021993629104628473,0.0006305337200982891,0.07589427313328853
2024-10-20 00:00:00+00:00,API3USDT,0.249316192560175,0.8771027925853708,0.0526643334833086,-0.0074107535184586276,0.003583147968279017,-0.0022541018097360617,-0.01305106773653774,-0.014852422156854927,0.0220362261907062,-0.012428947134442725,0.07871046459779843,-0.022976958265773197,0.038000537941483684,-0.01453025572401925,0.07151311042257866
2025-03-17 00:00:00+00:00,API3USDT,0.4485568760611205,0.9344978465147445,0.0414368519959568,0.0025845537309899364,-0.07959012418736681,0.0013522422322235523,0.15280499153480548,-0.004240889286092181,-0.014761584065712052,0.014305802551935507,0.3854883879039715,-0.005752448113318364,0.01732486805985458,0.0017392959576214297,0.05815429011251351
2025-04-12 00:00:00+00:00,API3USDT,0.23089632383312697,0.7062893029012723,-0.038248501521755,0.00513953055182044,0.043976244856709014,0.021269941049379175,-0.01881155201644362,0.02876522436284048,0.06521852866363897,0.07307137446799619,-0.1504703760516441,0.12291288899260686,0.026713662377643853,-0.026707038497859336,0.03588141383301561
2025-08-19 00:00:00+00:00,API3USDT,0.5734547970479706,0.8738954726320337,0.09986463651763813,-0.005698984507378934,-0.02552708501388574,0.007349203353130921,0.0768793213654106,-0.009932876526854373,-0.03777936799433905,0.014728389151163795,-0.04998705412909912,-0.0009668789563768001,0.01574200931273447,-0.0013391530668875064,-0.04381640931157069
2025-10-12 00:00:00+00:00,API3USDT,0.2321913161465401,0.6081237098247192,-0.06004112975741378,0.036075998963002155,0.10510022736999998,0.03133350298289943,-0.10505682693628088,0.026022795322062087,0.24053283919459098,0.0668615900543403,0.006609011902690046,0.04658346264192846,0.01771759128448387,0.03436796359864274,0.08421039653937479
2025-12-19 00:00:00+00:00,APRUSDT,0.26033706688998204,0.24737811566170603,0.10699701055809374,0.10827302735189112,-0.024348126814504288,-0.012840465546063337,0.0192833429440028,0.13783879225463963,-0.056129254794348785,-0.009079505600778507,-0.044613875198301345,0.036179619146714866,-0.020539712177811715,-0.029824417336239695,0.02315748113299674
2026-03-14 00:00:00+00:00,APRUSDT,0.2900593471810089,0.5259051901983078,-0.053877403580448666,-0.0018912191860974126,-0.03962446114562639,0.015428073290894545,-0.042410116197480384,0.0077648021151614285,-0.12175697936077252,0.022024614249241764,-0.3292668668418899,-0.03179187482253991,0.035067376945969085,0.03640507800212076,-0.008591120967156174
2026-04-14 00:00:00+00:00,APRUSDT,0.6651493453355157,0.2835055722632848,-0.33511870346396466,0.021501459498628528,-0.04967977457859281,-0.015519073109068332,-0.5283403433289606,0.04751738500321123,0.00856869807629054,-0.023948592243613905,-0.5924479205711733,0.21896803439180687,0.12931943056214412,0.14133100387415562,-0.018810002893198674
2026-06-02 00:00:00+00:00,APRUSDT,0.4101926303002257,0.5079805453697729,0.0003083043439602198,0.03580675674262061,0.08730377980607242,0.008624654216815,0.1317526539732079,-0.025014920756795476,0.08356630989806482,0.018250390738512,0.05449909814765168,0.020423815014853804,0.08627100067915641,0.015577077653577392,-0.008147543128865653
2026-08-12 00:00:00+00:00,APRUSDT,1.923002887391723,0.3129622556014055,0.017276946039858628,-0.0003471673649745639,-0.0073305146988745075,-0.11756071271160828,-1.1134707426391872,0.05015657084200792,0.03588304068716676,-0.0983911807286463,-0.8633761722089086,-0.0792295400468154,0.061752264280513634,-0.09393186221958247,0.029107676442928165
2024-02-28 00:00:00+00:00,APTUSDT,0.24389998995883122,0.7600968417884247,-0.0594318836752726,0.01712389498905619,0.06631357325425759,0.008646031570488193,-0.11483112112003697,0.01939528132530572,0.01147133345918897,0.01161363489521002,-0.04338602649538671,0.09057171330404783,-0.10146915838189936,-0.035393522032909096,0.002664732476245768
2024-11-11 00:00:00+00:00,APTUSDT,0.2584230540156687,0.6986267955270622,-0.011887177085804487,0.05219111692673369,0.008854631610202005,0.01889094563654114,-0.030113655653737522,0.058436116943078466,0.03981966990824708,0.05174225774901239,-0.09962608041011495,0.16449818993927184,-0.002648671366700374,0.062333025939220035,0.06681504138300678
2026-02-25 00:00:00+00:00,APTUSDT,0.21975218658892115,0.9266160883785435,9.056248679280635e-06,-0.012352656580491053,-0.015985004141218496,0.0022324768540362195,-0.007143015576358904,-0.009290292110901094,0.019497668645600177,-0.007263530399389239,0.03949631877149304,0.018476665085485573,0.04810690188240725,0.0533881191502138,0.1652598974723307
2023-12-22 00:00:00+00:00,ARBUSDT,0.22525008623663334,0.7195102666934643,-0.017366520176398323,-0.02403969909681053,-0.04851429023661246,-0.0009365893767683247,-0.049731119913473676,-0.05998046475634668,0.03611319205833888,-0.01795108049534296,0.050767549882705675,0.022541560836883627,0.023314562025794072,0.03276854628048572,0.12159570401337458
2024-01-10 00:00:00+00:00,ARBUSDT,0.2092644825341723,0.7228006769431,-0.08389896375850255,-0.037174853044316204,-0.015641000773358144,0.0010385346478598346,-0.08387961050106621,-0.03441038119589976,-0.0012443361986116067,-0.01086894834831734,-0.15337113585938367,-0.05231869493028707,0.03834051455209847,0.023723402881793514,0.10841378458634994
2025-05-10 00:00:00+00:00,ARBUSDT,0.2786582144743792,0.945425206352339,-0.03134575389983219,-0.003950419358087337,-0.04979779997858841,-0.011580360366320245,-0.07662301068897334,-0.01115513113056536,-0.07181323570327632,-0.0397035323226778,-0.08530914637824238,-0.029473123617289276,-0.10834906107714351,-0.06308073705763115,0.09827500798459873
2025-03-16 00:00:00+00:00,ARCUSDT,0.3027127003699137,0.6609938798390671,-0.07623332411085762,-0.042844234973182745,-0.0393535492073379,-0.012120840257752053,-0.2831258065621022,-0.033402533125695265,-0.021773687304432656,0.005251083815559637,-0.2257717860940864,0.07530516162320708,-0.13760310376457438,0.0006953082041600694,-0.045424209223356195
2025-04-22 00:00:00+00:00,ARCUSDT,0.5766381766381767,0.6518547673769595,-0.13541621690581582,0.04417205163292838,-0.04527283851212392,0.05274676965318479,0.0012035176264498793,0.024843822962697003,-0.1355398163899184,0.06398906731351316,0.07985091930584928,0.11988745456481227,-0.12044079041159288,0.03802229491710761,0.3543753666891529
2025-05-08 00:00:00+00:00,ARCUSDT,0.20091743119266048,0.6416894331189621,0.1615082241529976,0.0440303883168378,-0.07202943111612463,-0.01658061320755082,0.16121348736830432,0.13954046493076236,-0.12659005517606473,0.009318698890078409,0.021678830804273297,0.09621900982364488,-0.10731683756637307,0.031114167160866013,0.22566787085748818
2025-07-02 00:00:00+00:00,ARCUSDT,0.22917481423543218,0.8911404907146314,-0.06998026341630384,-0.003737557023858816,-0.004159028620621303,-0.0675420540911303,-0.10455349439799702,-0.01329532246836046,-0.10130058095855984,-0.051150970807273176,-0.07696802309487254,0.010411459154788557,-0.11944685583688727,-0.025155371186741094,0.11670438219289388
2025-07-10 00:00:00+00:00,ARCUSDT,0.202522775052558,0.8869327440420955,-0.11806769083255936,0.002970982451194525,0.024481820058208058,-0.012684346198670874,-0.1118758981596997,0.030036407392157523,0.0003399026410712713,-0.029814803645024823,-0.130868479866162,0.03727363230417261,0.017560155336728483,-0.049041583704318506,0.07691177350998894
2025-08-10 00:00:00+00:00,ARCUSDT,0.27727272727272734,0.8779737389281956,-0.08197143066081111,-0.06734151649745794,0.03323149929865882,-0.006999734991540088,-0.1375834525671579,-0.04696419060451389,0.03684622368838393,0.024959352751456085,-0.183313844666626,-0.11024868788630475,0.011231188592332955,0.03633876510051523,0.07619355694856829
2025-10-31 00:00:00+00:00,ARCUSDT,0.24212144504227506,0.8427941176068471,0.056194758830726985,0.027164467931022028,0.001034824233373461,-0.07174950452080345,0.5525878784720415,-0.01160999479965045,-0.019396338805489157,-0.054122467807365474,0.4269441542004196,-0.002909074933940861,-0.014290548825080934,-0.09010121796904035,0.06315190944596352
2025-11-24 00:00:00+00:00,ARCUSDT,0.2769400514895184,0.6322935639071772,0.04205188179013619,0.008053304046987727,0.007507724932025038,0.01806916985002473,0.08045347960363229,0.03869247508438965,0.05943854642010747,0.11594269398673011,0.34565736980372924,0.09668646996544292,0.07045597272937563,0.03085941950874192,0.05001564933454827
2025-12-15 00:00:00+00:00,ARCUSDT,0.23822800495662944,0.34761496191553043,0.1588706434711395,-0.03184902291869991,-0.025446435964275503,-0.0048974975419422305,0.04862013282474649,0.04883334384707902,-0.05122092094527052,0.007796128630051957,0.09349651785495643,0.010765608576557988,-0.12209927020833619,-0.02513120938355683,0.07016651774507968
2026-01-13 00:00:00+00:00,ARCUSDT,0.36743427756266556,0.4359897003174121,-0.11691686770053338,-0.014373406274200098,-0.03139142795346804,0.0090057951302635,-0.22359237765832396,-0.014755071747359627,-0.0464614617061317,0.008593348028964326,0.38645808440206186,-0.13250893357960272,-0.07964861628862561,0.08283897157528954,0.024479468038068043
2026-02-03 00:00:00+00:00,ARCUSDT,0.5097451274362816,0.31922880838424106,-0.08486934101014057,-0.003927260335833295,-0.04266543636384603,0.00972404581743314,0.16478937300829605,0.03360763192723874,0.030675041820782643,0.00878765820189698,0.11147954281277256,0.02061779819137564,-0.0070384560681065215,0.04904289481997004,0.007803634133098614
2026-02-22 00:00:00+00:00,ARCUSDT,0.22901385493072524,0.29724669834404105,0.013568544480954807,-0.00925120739024858,0.025325822683937398,0.003464955037192011,-0.492781937653107,-0.049760661514618526,0.05224229314607667,-0.008649451300325467,-0.7625084235326021,0.010844910219833774,-0.02276352158460503,-0.03398776895863968,-0.014974979061220518
2026-05-15 00:00:00+00:00,ARCUSDT,0.22533576521306564,0.272346942203975,-0.13455519812024602,-0.013230335638110362,0.012510720240162379,0.01634363759056639,-0.05317682406464905,-0.11229652847106282,0.006225734760613947,0.11203704886174212,-0.06825746921845703,-0.037963459221425674,0.026144927681959897,0.23757860630016317,-0.011447973588152905
2026-04-01 00:00:00+00:00,ARIAUSDT,0.2370007423904974,0.34321283352922133,0.14007966006496064,-0.03345992803409649,0.007361696159042408,0.03151139668933994,0.2930594892234997,0.07956986355779298,-0.03344746461705267,-0.014733116199250388,0.4686341435965576,0.15145514812041444,-0.024577390962364547,-0.01621192712039408,-0.008587662558856745
2026-05-30 00:00:00+00:00,ARIAUSDT,0.21563342318059298,0.36472989518551296,0.014222567652948971,-0.027593116878501855,-0.03067302012844917,0.06091154261320769,-0.15439824660805826,-0.08429535177578983,0.04693409290394734,0.029208928936610805,-0.2879240865551203,0.03449553782782026,0.024411809442513498,0.0020264415288498505,0.03143144999589529
2023-12-20 00:00:00+00:00,ARKMUSDT,0.25041792042795064,0.7041460423524908,-0.049769620507165664,-0.04574935203012775,-0.04239280154852357,-0.02431519594307463,-0.17308326418136571,-0.04894504569199565,-0.06398496713298049,-0.017090481244189618,-0.24606186713288397,-0.046594698940318965,-0.08340899539520026,-0.08153251687656012,0.07736224864712878
2024-02-18 00:00:00+00:00,ARKMUSDT,0.20566885585896988,0.7472510937158796,-0.0551960012612369,-0.03483808131336698,0.011935434370585248,0.047799503166886415,0.1161206819957365,-0.02641554616290872,-0.02863873831572411,0.21147123840213364,0.3687334123279806,-0.05662488777566495,-0.08977130591003928,0.2342293657152168,0.07269314218645603
2024-02-28 00:00:00+00:00,ARKMUSDT,0.5173083593479013,0.704429039828735,-0.007616006492058416,0.0038498572901068005,0.0750185244074788,0.0175766108133779,-0.051170556462730554,0.003842329923043325,0.10991132210019702,-0.0010114760538543876,0.08021513181673581,0.05371763684383798,0.05445051651752061,0.03140702530392303,0.0651707687078895
2024-09-23 00:00:00+00:00,ARKMUSDT,0.22251486830926082,0.8691574733394354,0.002564732791213685,0.041336041524763285,-0.035904807279575915,-0.014400989574346226,0.0015678878078541902,0.05200466253881477,-0.07029317121888859,0.001860829258109109,0.03231829681763844,0.0429899452406735,-0.0842383376164707,0.01129914403857643,0.05514171675206103
2024-11-06 00:00:00+00:00,ARKMUSDT,0.2612954936768985,0.720051853084497,0.03985400236531815,0.01306471992308925,-0.013145016495503486,-0.017379705615902574,-0.034046234878117615,0.015532570805921197,-0.031024708155715154,-0.022162703145805963,-0.13244466718377101,0.021466004186436693,-0.03549904678727288,-0.058914149506309785,0.12114120937453858
2024-09-20 00:00:00+00:00,ARKUSDT,0.5226532425229493,0.9162462491254175,0.07088964303922675,0.006701225188451515,-0.08344477824333432,-0.004658695377371509,-0.12893452886813583,0.00553664987938478,-0.09106022112815856,0.01824968382263876,-0.234464889076691,-0.02617960141848278,-0.19842036125227666,-0.006980213704640999,0.04299625334635526
2024-11-05 00:00:00+00:00,ARKUSDT,0.2200288878189698,0.650799911217819,0.006235726913112444,-0.018720390239206602,-0.003152075181920358,-0.014500736347408182,-0.1140722894870993,-0.01801793040282506,-0.0460556947028113,-0.03000715784674197,-0.05569715913086201,0.019576970578798238,-0.05424992191351928,-0.06500768886222212,0.03808424093476308
2025-04-12 00:00:00+00:00,ARKUSDT,0.4053030303030303,0.6823852617219268,-0.07556186283609906,0.00653281856079437,-0.013132147059455724,-0.030687703993591747,0.0952693815061349,0.033926740670871286,-0.005194299750753556,-0.031467248225412234,0.13088809695791498,0.061861931563732694,-0.07814172276480753,-0.03235528373891053,0.03620559808784655
2023-05-12 00:00:00+00:00,ARPAUSDT,0.2012195121951219,0.7580742688328928,0.010059306242370853,-0.006759210716727704,-0.0027280447361671253,0.0037475777738934304,-0.10463610430644132,-0.007459875022722567,-0.01660751975246553,0.0133406219758992,-0.14465660564228486,-0.02195781439088914,-0.012731510989347489,0.005254452305341388,0.01802376017756447
2023-05-24 00:00:00+00:00,ARPAUSDT,0.6093795942369891,0.6217518671576394,0.016879668594217946,0.010992090072780136,-0.006483217752846051,0.016505684257479288,-0.34588222257731777,0.013468214184278095,-0.013174712339253034,0.008745379879085283,-0.5268061588052803,0.0067929945891323324,0.005880301910774202,0.0038621187020577083,-0.0469110678495455
2024-03-12 00:00:00+00:00,ARPAUSDT,0.35203070827142136,0.7538613381863256,-0.10824884214076481,-0.017850374531768676,-0.03426869714164298,0.015303002366368506,-0.023718735155223644,-0.04074076038649765,-0.01656833168070537,-0.014410147017493952,-0.1337043796550602,-0.11021127777967384,0.02905709102274165,0.029583758767429625,0.03634436304154813
2024-10-20 00:00:00+00:00,ARPAUSDT,0.4518232311035981,0.864319776222238,-0.021412451493387878,0.004223837361009359,-0.001232908641988914,-0.0199714413216504,-0.13285720225318146,-0.004052533760685735,-0.005041871273828895,-0.010242838074053972,-0.10195301221984243,-0.009164797551658657,0.029448405756192352,-0.024185867065441128,0.04925508932342584
2025-07-01 00:00:00+00:00,ARPAUSDT,0.213254943880278,0.9293428157278376,-0.17117807656164433,0.009333860109017864,-0.055389187882017056,0.005215363984296673,-0.1989016266368591,0.011136666916547867,-0.06874669628249712,-0.024359944096912313,-0.22324038075797564,0.03473153172245673,-0.14872029007025156,-0.06316925651435545,-0.05105040612175238
2024-02-15 00:00:00+00:00,ARUSDT,0.23080818310715,0.7618045548876554,-0.06411633311076304,-0.010176587136756936,0.03042010793533606,-0.021104596822487477,-0.08054607763393698,-0.025461928176079684,0.029952386523478276,-0.050231384605151155,0.05324926716595327,-0.0699937975611245,-0.036537360226758374,-0.10247627510166331,0.0163356193502469
2024-02-28 00:00:00+00:00,ARUSDT,0.5088324448625483,0.6933678941113971,-0.04173781407138491,0.011726913153528496,0.06497224228416801,-0.017692813226229197,-0.1521061202197223,-0.0008816932112002407,-0.0018485506662813899,-0.004899712800544618,0.09817446054993736,0.060142524573250464,-0.08587277638362559,-0.05469819520905811,0.01474675815879547
2024-05-02 00:00:00+00:00,ARUSDT,0.20181627663290258,0.7045949080690062,-0.0260411640941317,0.015587570382842895,0.00016421065483450403,0.027723218657021976,0.09458804009296527,0.041435630843352333,-0.011610265657698581,0.013397791520922275,0.16385562306707768,-0.007219735753152908,0.017795716470005902,-0.029153499278567148,0.016683927319984204
2025-01-30 00:00:00+00:00,ARUSDT,0.2556985579159561,0.8909628546320937,-0.04727747961977805,0.0011829830853775857,-0.021058360498640794,-0.010857029501250776,-0.05399145305302689,-0.011723998625306325,-0.026600963609725775,-7.973677690533628e-05,-0.18154977985362666,-0.011265202659903124,0.008635935439109094,0.0040185455937581166,0.05236700438052083
2025-11-01 00:00:00+00:00,ARUSDT,0.2550070521861776,0.945697100349378,-0.05272475060312139,0.0033329399769256767,-0.02752677775548481,-0.005696942959353006,0.11452497967090086,-0.05497817798613445,0.013475617744220337,-0.013646828678673163,0.3734147747838978,-0.015941380924174166,-0.0477618912856926,-0.029551834233675876,0.03153650928188238
2025-07-25 00:00:00+00:00,ASRUSDT,0.3134517766497462,0.42869343477793487,0.1956198537148039,0.061119103220457105,-0.008328968060652512,0.02625700719433908,0.6828783889540884,0.024521141189696307,0.012122381705068028,0.021176207366510505,0.6122052946633034,0.06418596247008135,0.057543258277433854,-0.016551580142085638,0.030101500676602666
2025-08-07 00:00:00+00:00,ASRUSDT,0.5742302825811894,0.47772298917907385,0.0019300003932661326,0.035439580512731314,0.006761404733331454,-0.0009650593536761068,-0.09205614600872618,0.09570868443459205,0.022746217835091585,0.04468822888750853,-0.35822186605393974,0.03868150094427725,0.021046063617420518,0.016422841039498,0.05950687464288107
2025-10-31 00:00:00+00:00,ASRUSDT,0.31006612784717125,0.8887383763411165,-0.0759544022766598,-0.0025953944944519312,-0.023711335407475366,-0.008956585717370144,-0.09352734994341402,-0.01606873747511684,0.025530001026280773,-0.02396493923685956,-0.11796781944508773,0.019295183639306383,0.015273279110884951,-0.012751730656076335,0.00787880056117628
2025-11-02 00:00:00+00:00,ASTERUSDT,0.27013874508179736,0.6773991154504405,-0.1778994839102347,-0.015302751443695792,0.0438585671781629,-0.025608079307487742,-0.010813131203000537,0.009457623967737524,0.06009685943649519,-0.04635684980984101,-0.07624686880232538,-0.011734781447397218,0.0624697464734411,-0.04773310173224578,-0.017522342764983
2023-12-18 00:00:00+00:00,ASTRUSDT,0.28997704667176727,0.6473785633099668,-0.03150725275185799,-0.015901958412265868,-0.009109610366111914,0.019329856641342014,-0.11318713122370157,0.0005508373622345353,0.04110416299450527,0.018344110583720492,-0.05134947027312721,-0.007539695804220879,0.1182196510920113,0.13098200382644518,-0.0027448689855035235
2024-04-04 00:00:00+00:00,ATAUSDT,0.40736543909348466,0.7002808847894031,-0.26375369893958645,0.0026923646446177603,0.02102568375544408,0.004105711053991957,-0.26139310611576694,-0.00511957165436636,-0.001029460063751378,-0.015280955426894666,0.027825670376140144,0.025506167599101813,0.051043949943823594,0.0070402012856877055,0.020436924092312726
2024-12-28 00:00:00+00:00,ATAUSDT,0.9990262901655307,0.9502812960977016,-0.027608415751037063,0.01587076911946885,0.014913007030977815,-0.0018191294882583871,0.04648719676626503,-0.008164121466161377,0.07321434459641914,0.010674306192890243,0.06187988615855897,-0.03318447527249184,-0.047260091879651356,0.05881423445852557,0.07833664460099161
2025-09-08 00:00:00+00:00,ATHUSDT,0.49768976897689754,0.7620017847050868,0.02483963542516824,-0.0049025460309176,0.05604484236175368,-0.003915419161050216,0.14491561997852492,-0.00041520726816018374,0.033339351505691395,-0.0038445233728201635,0.36649325385817894,-0.00491032374857339,0.05528139491258599,-0.010980800686127414,0.036874005459698635
2025-12-26 00:00:00+00:00,ATUSDT,0.5235310761105347,0.34870286727428673,-0.04008360508504012,-0.0075687091499588525,-0.06450191640187794,-0.015619984427030808,-0.00550724312264507,0.008698752847774799,-0.13151877592097203,-0.012989133419456882,0.00027585969381615366,0.0002488803748318761,-0.15738852724891297,-0.03103197796464786,0.013084190179649579
2026-06-12 00:00:00+00:00,ATUSDT,0.24634204845286645,0.3341747469487303,-0.17830450534636455,0.033249667526646556,0.012181566299674387,0.048916208078584884,-0.19856293098190306,0.11170095046310449,0.02724821358563736,0.024673716380209244,-0.07222165792874964,0.08373230698433538,-0.02853873798383421,0.04830684745299439,-0.0317938034759352
2024-05-29 00:00:00+00:00,AUCTIONUSDT,0.350050206404106,0.7374069418451952,-0.037084555239398166,-5.8457556028953044e-05,0.009621477334021458,-0.005972003012492375,-0.018531585609545785,0.0400135875796647,0.02627676298564402,-0.01184906348156764,-0.11778391358559359,0.026246041178994706,0.03379092532406328,0.006035075564492237,-0.018870822791696294
2025-03-07 00:00:00+00:00,AUCTIONUSDT,0.20219225613121994,0.6604002619586499,0.08434871806701043,0.00039892542056721854,0.03299652456971789,-0.012565057772018167,0.4045338984107119,-0.023607904100003463,0.06749353329311172,-0.05046484855182708,0.6375107466416755,-0.016526452289940926,0.0645201544346214,-0.037094871516631794,-0.017725007795499393
2025-10-20 00:00:00+00:00,AUCTIONUSDT,0.3546818560711307,0.9322183002108677,-0.18637062006468003,-0.009162301432875981,-0.07136846489149276,-0.012411502861606874,-0.152251982319836,-0.00020902623641205209,0.03506223364771486,0.005318187908576397,-0.2515603444705849,-0.03406602068537319,-0.015284440739654234,0.014708193874855613,-0.022664157718961
2026-01-25 00:00:00+00:00,AUCTIONUSDT,0.48734677738236454,0.6994554029151272,-0.11112870711584356,-0.029484514115161835,0.03621208942755842,0.04238000868336277,-0.1650152305675937,-0.04656834879608003,-0.06132397074348215,0.008195992385505118,-0.2508758963611538,-0.0772497523312142,0.18493759655831812,0.09483034536491933,-0.05578482670429069
2023-12-04 00:00:00+00:00,AUDIOUSDT,0.2186192468619248,0.827791308938741,-0.08689870597748839,-0.001577710992999449,-0.024900157111178593,-0.01384110125488611,-0.0785086136635546,0.013571525242056539,-0.05217161708247338,0.013266116256020522,-0.12299117330571788,0.04900883258891499,-0.07417316473298843,0.002124883957370854,0.03136781280021482
2025-03-02 00:00:00+00:00,AVAAIUSDT,0.37472118959107803,0.6824785674844824,0.14410492479321915,-0.02929959762503518,0.07849588896367324,0.036629704961114284,0.12476952953661746,-0.021199306908607007,0.047330124351599646,0.0585212227790771,-0.06911494740108556,-0.2444878205497681,0.03463150622161753,0.0751504382797531,0.16183858661489964
2025-04-12 00:00:00+00:00,AVAAIUSDT,0.27763496143958877,0.679932945280698,0.08938561746906143,-0.05792638327878369,-0.33369295223033707,0.00835121104743697,0.24035775966203982,-0.08442755848184039,-0.3281039615156928,0.01385651741878762,0.06628936810160685,-0.0993059844973063,-0.46113161737277764,0.007609649420507188,0.11368067613805755
2025-04-22 00:00:00+00:00,AVAAIUSDT,0.35216637781629134,0.6560689409851761,-0.06638519614686228,-0.08163964853424546,-0.02631036661072244,0.004129459530830976,0.09562123730011213,-0.01784769176901217,-0.07085429174323177,-0.0398602467943452,0.2602441216837204,0.18817344606753506,-0.08372712721326614,-0.004272504315858431,0.2875973323233679
2025-05-21 00:00:00+00:00,AVAAIUSDT,0.20285474391267844,0.6438372709914213,-0.01561360572792004,-0.020757751769593918,-0.03414311583816188,-0.002322552169696614,-0.3448551182374485,-0.015628677231532627,0.0511083920141112,0.04443193887767237,-0.2650255412942614,0.017119913003330385,0.0537382695028026,0.007627573647926511,0.052968548070339495
2025-07-02 00:00:00+00:00,AVAAIUSDT,0.22885771543086175,0.6580453872865197,0.021611236252413287,-0.00879133304020779,-0.008350061257201027,0.03493823753198367,0.07635090396466807,0.0013657970063332531,-0.11510941613254608,0.04070551134884452,0.0617381950781299,0.03658731498287277,-0.13269981833913636,0.012984831478019768,0.09890377999150882
2025-07-14 00:00:00+00:00,AVAAIUSDT,0.40161104718066754,0.7778140030732404,0.1237107235327469,0.008350994648124273,-0.04016174434934685,0.004544050255075422,-0.04753797239183355,-0.008780437607110777,-0.023508281305621347,0.04031824497890881,-0.2503302329083239,-0.0014403513081504686,-0.016973571006924912,0.05420910149579568,-0.00861221879880778
2025-08-10 00:00:00+00:00,AVAAIUSDT,0.7341561040693796,0.7998655631996415,-0.13794441499988924,-0.03309337768665306,0.08688258417000835,-0.01072850891451933,-0.2384915856476018,0.04167471633273587,0.07292270035403846,-0.007163221281377158,-0.33080619714726767,0.06801983978234154,0.12820912893914566,-0.033958317402688634,0.050170354747952485
2025-10-11 00:00:00+00:00,AVAAIUSDT,0.29460580912863077,0.9362629705823217,0.03192591368991049,0.005991979031373365,-0.07005432638288078,-0.12312988990981104,0.04807878711169795,0.04253950201265393,-0.09480800795314034,-0.10999308616694545,0.04976981885381617,0.027310506502807908,-0.13301112622220512,-0.09473124998159058,0.03695342192324813
2025-12-16 00:00:00+00:00,AVAAIUSDT,0.23603793466807166,0.6057815268452348,-0.060836459724417216,-0.06770021709683383,0.019916103777537487,0.02722509810493724,-0.10639967910965814,-0.06940025823693471,0.0007618128489519982,-0.03218288520442547,-0.14681612815568404,-0.0624431436383901,0.11892630617277722,-0.1411267715510431,0.07551305369051473
2026-08-12 00:00:00+00:00,AVAAIUSDT,0.33412266161496573,0.35808276842070635,0.2703715003910568,0.002032093478248961,0.029590008476809027,0.01462612943371865,0.24419366718912897,0.016830788717675748,0.012617500202729743,0.015043752491137884,0.25746598126174586,0.03749871277769304,0.06604594655121905,0.054715266612245884,-0.01367020660266285
2023-11-15 00:00:00+00:00,AVAXUSDT,0.21433178912801254,0.7455701702889306,0.15149389932655033,0.01105626262032093,0.002261738551946556,0.011229521939527655,0.13195023509919881,-0.004222603391182933,0.027026101637084937,-0.00197108185506384,0.07231885015833077,-0.04707532247833747,0.06671988121159036,-0.0035041293179958162,0.08566520543330972
2024-11-22 00:00:00+00:00,AVAXUSDT,0.20447132941209278,0.881631228635982,-0.09768417349559555,0.03705621450337806,-0.06198018700466429,0.0004467107712516225,-0.12582771904956508,0.0736096427477746,-0.10625820818166136,-0.05120904143308484,-0.14891309205128583,0.07336944536329823,-0.1334115325338356,-0.04497415113991392,0.06072321506276253
2025-10-20 00:00:00+00:00,AVNTUSDT,0.3064021272243813,0.5580090299655278,-0.02216140674402005,-0.004148494570318974,-0.010572453867424067,0.010954108500412573,0.025788411312583234,0.008960160529487959,-0.04537440244429142,0.017690493050732344,0.054338542320361255,-0.011170311226741097,-0.08372785766737259,-0.002651005878076075,-0.03513816440979327
2025-12-23 00:00:00+00:00,AVNTUSDT,0.20325510976532946,0.7560867879827702,0.09273810019323955,0.015071504457321819,-0.033426689453155134,0.0031045975662200667,0.13463238011004067,0.009191005858217865,0.05579720197350663,-0.016701245846569575,0.072209263284683,0.00028081671711585875,0.06879330260171501,-0.006976748147957751,0.005623759461239675
2026-04-26 00:00:00+00:00,AVNTUSDT,0.20717670954637768,0.6883082351684151,-0.05635604600267838,0.018450810093943223,-0.022467106801850417,-0.0040728808218161395,-0.07883862720975508,0.02472046636377474,-0.024039460153366103,0.03339022328299328,-0.13915193879409446,-0.04466655646557617,0.11464809300263276,0.14743548808753731,0.03511798128428025
2024-07-06 00:00:00+00:00,AXLUSDT,0.3712292222450235,0.7382199524675188,0.05372352037500916,0.04102090133792904,-0.024570991011211435,-0.003176484301712723,-0.03668412050393052,0.01593908823378607,-0.0676959170056678,-0.014431517950064227,0.007237733941625468,-0.0013085123504448341,-0.08675319627365911,-0.024525329943317343,0.10710823412371617
2024-09-26 00:00:00+00:00,AXLUSDT,0.2038422305338321,0.8825528055224643,-0.014712483543634355,0.02531447690945443,0.02899590256820015,-0.020422429659335307,-0.039222848803538476,0.01802272159636663,0.0054445298391471095,-0.013980903447699205,0.07469315037766155,-0.079843298777508,0.08077175917228673,-0.04517657581299887,0.06708706339636943
2024-10-11 00:00:00+00:00,AXLUSDT,0.2691451087887613,0.7949734868275986,0.030418929593750775,-0.005327839231530166,-0.022917439397800155,0.0005165565959769109,-0.057759840600915074,0.006387119484600516,-0.06619506946674285,0.0054978103885179545,-0.03560289218099906,0.024225497431625175,-0.04913038244222129,-0.001565172964649837,0.03675634043176621
2025-06-10 00:00:00+00:00,AXLUSDT,0.5126525751711819,0.8513727023754469,0.0047507617272233155,0.00607421232959419,-0.00153451292760887,-0.008939678971470192,-0.0533616274278288,0.010925768718460216,0.028575345605379075,0.04916225560195854,-0.06778468503812297,0.012193600734570788,0.1844996705858072,0.030095588150878406,0.03709445085615246
2025-11-07 00:00:00+00:00,AXLUSDT,0.20025923525599487,0.9433060069370824,-0.030475544700292935,0.00581268875321434,-0.0017274512699808893,-0.012616368688597196,-0.05271356774780821,-0.009925521783938927,-0.09922989464631385,0.0018094348255070364,-0.07488322152160515,0.006076881670174684,-0.04724508121971072,-0.0076509285332343,0.14978081303800145
2026-04-16 00:00:00+00:00,AXLUSDT,0.4290023701788408,0.8283585872837298,-0.03848818489497651,0.0039676353775998045,-0.017051197619263075,0.024770887135080626,-0.0258786249685026,0.021413768199712212,0.00033283559284529306,0.024566621267413064,-0.0661318470877276,-0.011307538324770102,0.041621177027434265,0.06523192844840105,0.06162960196880256
2024-11-24 00:00:00+00:00,AXSUSDT,0.2073719344071978,0.8986060816011949,-0.04054206156575964,-0.01034326645569934,-0.02233591378293969,0.006968711391028384,-0.0672812129169166,-0.02354823811930685,-0.07159771011215277,-0.005091203524972214,-0.06852129959537914,0.014045363048728502,-0.13563663241672558,0.020686276287715275,0.06498417972405479
2025-11-07 00:00:00+00:00,AXSUSDT,0.22014622258326555,0.9759422911150931,-0.011147348618368545,0.00772494672507099,-0.014421271133528379,-0.012606357419942949,-0.024621681569687595,0.0165953214817625,-0.09278250043299019,-0.011051776852975214,-0.022280903001978263,0.017498668366236887,-0.1031969764082143,-0.03918378652941853,0.15207370785253435
2026-01-16 00:00:00+00:00,AXSUSDT,0.21863468634686334,0.8512921738481791,0.411947401991164,0.0882974740311713,-0.04017564196816509,0.011038729207298165,0.3280149973313028,0.04626743786727769,-0.05450066979151624,-0.010285513751516883,0.8483759770921906,0.07919747353177474,-0.06121462011724792,0.04723489981225916,0.02537451879559858
2026-04-25 00:00:00+00:00,AXSUSDT,0.3892321270962049,0.7658760662975701,-0.06601387876727727,0.0360008066811763,0.01786651082144891,-0.025236974506340177,0.010007372253659622,0.003923045868133377,0.022425551467012854,0.013769796035256182,-0.10245933576668342,-0.01069759738856857,0.07501226635970486,-0.036937890284636274,-0.008036564699385384
2026-06-20 00:00:00+00:00,AXSUSDT,0.22421052631578964,0.6497608075865648,-0.18669786601633082,-0.04254075808975163,0.03509768694422466,-0.02020212552632315,-0.18726413123984917,-0.0639797033066442,-0.0058925817321236595,0.03496832398154872,-0.17939052478689782,-0.061004554084544416,0.06643830763046875,0.01992691047490095,0.066829815263086
2025-10-06 00:00:00+00:00,B2USDT,0.2707336079260825,0.5791518750133772,0.0667481549286843,-0.020248663854844303,0.03091111342283943,-0.016011996917792242,0.0623913047505468,-0.007975313646883114,0.05441119056379351,-0.018900931559523344,0.5806503587292596,-0.016665238829688754,0.19655288842350851,-0.18494572614684296,0.012531619758232904
2025-10-23 00:00:00+00:00,B2USDT,0.30120095048487583,0.4213249533598275,-0.05913721265203074,0.08602962143484386,0.005608460140218041,-0.01878707947435491,-0.05414674966579443,0.03372579257077452,-0.11250597779890063,-0.010029967943097929,-0.48493932773540227,0.004052968882644753,0.0903684164363328,0.0280908406832574,0.045321221086533046
2025-12-03 00:00:00+00:00,B2USDT,0.2811350499211773,0.3591240520089062,0.00598895765268637,0.01739350770182893,0.009236783811305294,-0.012046351169926089,0.004828318128751303,-0.010566468134838237,-0.02534461941014816,-0.034365753588752185,-0.006529314770561817,-0.026991243004347742,0.010710924366818319,-0.03781860708650649,0.009813419424178304
2025-08-04 00:00:00+00:00,B3USDT,0.35732553891121666,0.5653504151660693,-0.09139981441271201,-0.0100905605444553,0.058036801972686236,0.006963767310637225,-0.1689757825587484,0.005420587968143212,-0.03345530022116658,0.07286645769905975,-0.22182441320546545,-0.007379249979802607,0.010712047779483619,0.13119529023668813,0.04391007761705993
2025-07-24 00:00:00+00:00,BABYUSDT,0.20087597053553652,0.8868454191988147,-0.011856839508304177,0.014510045571580532,-0.0008479641267815988,-0.006891228793751919,-0.0522925314982106,0.025753249277794987,0.00973685205525468,-0.016518311425631836,0.043187374594377555,-0.0025692040424415753,0.07368657501718721,-0.05151435677764863,-0.029333256118353645
2025-11-12 00:00:00+00:00,BABYUSDT,0.2630402384500745,0.8509358698599853,-0.10318636470249903,-0.0014923921646157628,0.05740158536273902,0.014200647230836605,-0.04453209201998743,0.01819358707742532,0.004341457745754141,-0.04502428178700463,-0.25408609138808197,0.053758312015098175,-0.0583481039886935,-0.1096851244493164,0.00743801908967417
2026-05-02 00:00:00+00:00,BABYUSDT,0.20255474452554734,0.4570770682967614,-0.08620701498499178,-0.0043884545500082915,-0.01765614299805904,-0.015253636920227975,-0.19409976484297586,0.06598986830583461,-0.024225530218833047,0.014800087774879669,-0.25007730497089425,0.06365529263444049,-0.1421192088334229,0.04666039070358604,0.01960385586545277
2026-06-05 00:00:00+00:00,BABYUSDT,0.36165237724084176,0.43242242953808485,-0.03274837687086394,-0.015604650548274724,-0.00438337220691923,-0.015428460270685052,-0.10195942981831105,0.0008597991296235292,0.0040874870376697795,0.053764964300000904,-0.19796999928686845,0.03959860694007235,-0.05720629517391873,0.2360715943209545,-0.0803368417246471
2026-06-14 00:00:00+00:00,BABYUSDT,0.2074829931972788,0.2801706901398662,0.07931653380500386,0.0010398448743509862,0.011783144965382481,0.012707021342721636,-0.12221325419515894,0.06277117332144469,-0.031075167162378958,0.003713893365453131,-0.2074565585354501,0.046474816525364435,-0.002909230050636075,0.027891502599279132,0.0008599402790799904
2024-03-01 00:00:00+00:00,BADGERUSDT,0.2360836083608362,0.7969761478615844,-0.00596733267744207,0.04115788127590789,-0.07526250319195778,0.020241411994690255,0.03974269796266407,0.1872596551555425,-0.07558945619872211,0.05225088285312589,-0.07475508719810074,0.15326812654678906,-0.09998298200260247,0.05651152468516594,0.07432085382843208
2024-03-23 00:00:00+00:00,BADGERUSDT,0.62933283637719,0.8019012003995994,0.07884301460104473,0.0034357614361835314,0.022344596466858428,0.07342063433385757,-0.22203044794586776,0.0929824698301196,0.004060018573198443,0.01731208568484624,-0.31513148782739253,0.06405272847453825,-0.04204415545158866,-0.015422902519934384,0.02010187493593436
2023-08-13 00:00:00+00:00,BAKEUSDT,0.3086283185840708,0.7886159397989105,0.14938684685621864,-0.03434959337412492,-0.01785903529852146,-0.007662877906019883,0.056598927295466714,-0.043429655783592244,-0.01922758310747032,0.026218569797950377,-0.07203718986901372,-0.06791530500483292,0.00204422700149966,0.03820285109407405,0.05074511628757115
2023-12-05 00:00:00+00:00,BAKEUSDT,0.7709880068532267,0.6414306401574901,-0.1181119934158332,0.0314640759682585,-0.01140362037919757,-0.007771150465995229,-0.2434329089958617,0.054026293410544435,-0.037834231325852466,0.00031044810314661555,-0.33597072651539284,0.06556211398956115,-0.09874323465075759,0.06875594593303794,0.05707034244044303
2023-12-20 00:00:00+00:00,BAKEUSDT,0.5516453382084097,0.5748601949894455,0.1259177148566327,0.0030952947603570236,0.03612124913628685,0.00025280266016294156,0.17794851413641463,-0.009072732091213323,0.05308844656622942,0.0009435678691576604,0.6802423195912587,-0.020872391806690177,-0.024165364886635687,-0.005466795310578973,0.0587273510924492
2024-06-12 00:00:00+00:00,BAKEUSDT,0.2705363204344877,0.8708335433564924,0.0908052927689141,0.010617473902638706,-0.006622005655391278,0.0013980187440122138,0.25151218688358223,0.008868661197532723,0.005061905834768751,-0.008523491541684605,0.08694491480074629,0.025689016328185776,-0.0014574920932960644,-0.027588598171940426,0.03995022180339262
2024-07-06 00:00:00+00:00,BAKEUSDT,0.2791586998087954,0.5951029952198482,0.0763451060055899,0.016585684244460105,0.001541901759470779,0.0028714234745427754,0.05916469951862972,-0.0114001919873274,-0.042312352733683424,0.0005930482359557149,0.03333780526412046,0.024797495507323783,-0.10461667073577849,0.008977640086195636,0.070154861987446
2025-02-12 00:00:00+00:00,BAKEUSDT,1.000659195781147,0.9514207850957168,-0.11832674160881457,-0.009960206081680278,0.019198638256131207,0.0032456228322979147,-0.2047141715092834,-0.013831039742119178,0.07996380563202056,0.016961589024947647,-0.22218560950005883,-0.010326457697309721,0.08242322652778666,0.08655667134558195,0.10694696005756683
2025-09-10 00:00:00+00:00,BAKEUSDT,2.405027932960894,0.5496680168924376,-0.20238619580921494,0.01803659745936396,-0.04878698461931781,-0.0071475935525888035,-0.0427042900095973,0.3614518104694897,-0.03925035100847711,-0.010435086202082272,-0.8849130975324,0.09855265997695958,0.053706478267842216,0.003972536260353406,0.06019671836807503
2025-01-17 00:00:00+00:00,BALUSDT,0.22846889952153115,0.9074592052964722,-0.01496400456907851,0.014024863963248636,-0.03978071634255135,0.015163065846598017,0.05581977896152958,0.02589501395122561,-0.07677853203577487,0.06019078590514657,0.0628378229720393,0.03593789484259399,-0.08404448724111821,0.06919107800218532,0.07035028258042549
2025-06-22 00:00:00+00:00,BANANAS31USDT,0.21357409713574094,0.40421991265372154,0.3464631637675692,-0.01284290841860693,-0.07023619976386838,0.007023949482200026,0.6136639852685265,0.009906944122796002,-0.08666337943700339,0.011546824120661714,0.3352584380456314,-0.006221455188268549,-0.11144533970823131,0.009895812940346787,-0.004453743609362393
2025-07-08 00:00:00+00:00,BANANAS31USDT,0.2802146832759078,0.4149555146127362,0.2050837203353969,-0.010902569492609138,-0.04317011888163852,-0.1442891806246483,-0.15975096036769976,-0.017906533582056343,-0.10066211162850817,-0.19891247275459728,-1.0811436425942351,-0.00596888154952413,-0.1235814647393801,-0.2824725583243882,0.0002889674324771274
2025-07-28 00:00:00+00:00,BANANAS31USDT,0.23499842915488522,0.3984531515595649,-0.08130870757923181,-0.05634857946476871,0.04434394346785446,0.0046437130122858675,-0.056775254561224744,-0.0396927637260034,0.0757535344874263,0.03312595695959603,-0.12900754188668373,-0.03151893805816686,0.1147290645664119,0.023421749379969787,-0.06511199290877019
2025-10-12 00:00:00+00:00,BANANAS31USDT,0.21205273069679853,0.888245539820281,0.09015443626570135,0.003266329735635687,-0.05072391597475232,-0.035507968659436465,0.09729358418199469,-0.006316629324003832,-0.059551149036927174,-0.037089179391901754,0.08639335932893027,0.03986953633555311,-0.09666473657017785,-0.06215853255874183,0.11809237167161939
2025-11-16 00:00:00+00:00,BANANAS31USDT,0.515993265993266,0.9002156076169365,-0.1032894964871839,0.006337306975800927,-0.048244871293815425,0.011600435404340918,-0.2920116876760393,0.011071759989555473,-0.0895526380638744,0.002432554004692805,0.005985905120797483,0.053127859590190216,-0.06476825077484401,-0.032724576215982085,-0.043738548130039856
2026-02-07 00:00:00+00:00,BANANAS31USDT,0.2208760484622554,0.6525189123049726,0.053572313249370646,-0.012611026908023456,-0.006943244601621351,-0.018300126479439006,0.12796738439109415,-0.03199274803916946,0.14191520561808407,-0.02666537226154565,0.1781194875252829,-0.022912434793770677,-0.07030200630373576,-0.03642046499080549,-0.008527328464344563
2026-03-13 00:00:00+00:00,BANANAS31USDT,0.4022709874968107,0.5061595487216858,-0.1353294459742076,-0.015277487070307344,0.010958436673139947,0.0005027137849615363,-0.12980222733847582,-0.01879428543951259,-0.0892309484951372,0.02510911851090682,-0.17692226665700442,-0.021207038650262418,-0.050736627582232074,0.0094635438403138,0.033264474388939466
2026-03-22 00:00:00+00:00,BANANAS31USDT,0.46688172043010767,0.48015725424108957,0.08439370497732016,-0.011254153173243636,-0.027532753200431036,-0.040005175663718286,-0.020260279525254124,-0.02239270138656837,-0.05268164835045723,-0.02765147220662168,0.027246433429336102,-0.04518565656325517,-0.027963859388289776,-0.013793895134549355,-0.019676303239061575
2026-05-20 00:00:00+00:00,BANANAS31USDT,0.2309555854643337,0.3602446379068424,-0.06405803350048656,0.033941813251631696,0.0018803458402920394,-0.004942629468660899,-0.16791467112494446,0.030066028221090717,0.02721795102120142,-0.03422436769755288,-0.13298046612239617,0.005209635334044083,-0.025344126825807296,-0.0471254476964636,0.02721200585866852
2026-06-14 00:00:00+00:00,BANANAS31USDT,0.31909090909090887,0.35482755219052414,0.01898071868247198,0.0002614165644736613,-0.020134693108907406,-0.028765538489779717,0.0651213076041088,-0.07058091566875904,-0.04824039865034869,-0.07271740553601098,-0.07147983083292628,-0.09830893406536724,-0.014041236145817922,-0.021563643838133237,0.03068772976707591
2024-11-06 00:00:00+00:00,BANANAUSDT,0.22065524911992762,0.41498440061978464,0.033591213259596284,0.019295604764638465,-0.004647534766998876,-0.0021391597766294216,-0.05114776526612416,0.06685327039385422,-0.023582130667110308,0.01246363690054295,-0.10602476565962954,0.04739821702252415,-0.029538650521352676,-0.03519044240413701,0.12703560301665479
2025-03-11 00:00:00+00:00,BANANAUSDT,0.47880704925440587,0.8462633768515462,-0.092785181377569,0.004766973298948311,-0.02400912781974459,-0.004879278090829249,0.0951755219045344,0.0004703293107078118,-0.02851460235046636,0.021453780241427946,-0.05004757979179425,0.014395633053814843,-0.10588639661031338,-0.02231450561969945,0.044836142767985254
2025-05-08 00:00:00+00:00,BANANAUSDT,0.29648924122310305,0.6480856509869117,-0.024095958694450158,-0.01362199634472224,-0.041883344804327524,-0.007458729787533844,-0.06352567090337324,0.025511942225810463,-0.14439849287199527,-0.020329863051998798,-0.10852859969852666,0.054305509000457886,-0.16510669086221433,-0.04445399259064562,0.12028969444389573
2025-12-24 00:00:00+00:00,BANANAUSDT,0.33540881533671985,0.7857841888913772,-0.0679138224676554,-0.00618029665211388,-0.08760542358533552,-0.018228292211672693,-0.09092510144787787,0.007736414247904411,-0.027535492826639772,-0.04180713794894451,-0.11643921854837588,-0.012904953991828028,-0.10512992179869118,-0.056352582886728765,0.003576858216322121
2023-10-15 00:00:00+00:00,BANDUSDT,0.42062719127386083,0.8092901322047172,-0.00930076264724244,-0.009786733045561668,-0.007102151056899576,0.00795474659006228,0.051224312530193813,0.010672932966111947,0.054905292195011855,-0.0492042556950959,-0.07951736033097395,0.012977189488060314,0.09604710757827603,-0.04838116066298281,0.019061641732185417
2025-08-22 00:00:00+00:00,BANDUSDT,0.33233854601886126,0.8973194575583211,0.05944837121478405,-0.005950906995663929,-0.003099165603325211,-0.02415601830507625,-0.03632486026067494,-0.010082908372174394,0.056537631041287686,-0.006419597406992138,-0.1832646626766942,-0.014667702463934193,0.08766974880540347,-0.06852469598971557,0.08688588940874949
2025-10-08 00:00:00+00:00,BANKUSDT,0.47067415730337103,0.5386098484935088,0.09417735816493406,-0.012700006121708024,0.009819181775649014,0.007420649215224983,0.37511726510414634,-0.06865576138785373,0.0457289758136334,0.024653931129916033,0.2663170064748839,0.033727663253420866,-0.042457676616384755,0.01352207362829525,0.029218409900753972
2025-10-17 00:00:00+00:00,BANKUSDT,0.25725564734264195,0.472210362043018,-0.19173895959650533,-0.010479876698099298,0.11601091021421923,0.005939840469532287,-0.16685661492931497,0.003756133777914783,-0.31888025432116585,0.00414916272876423,-0.5787408168931867,-0.0500334717436729,-0.2800629692806934,-0.014574041676636996,-0.013413481035505725
2026-02-13 00:00:00+00:00,BANKUSDT,0.22705458908218357,0.3625001015259762,-0.05699638333019347,-0.017701730570484797,-0.027265581330824427,-0.02086256389561288,-0.020931763871594913,-0.003513834397921753,-0.015552615920212532,-0.04995871246998278,-0.006758906114008242,-0.005762405017845416,0.03737058164803174,0.009109296633398286,0.002292720561255024
2026-04-06 00:00:00+00:00,BANKUSDT,0.3406283092128486,0.42457683884041375,-0.20823066983344893,-0.008148994518363888,-0.009038582456492649,0.018391163692100594,-0.15638640971203027,-0.006184728956486177,-0.0024121755642566634,0.024971810802310153,-0.1537530432959512,-0.057056387517421384,0.14184542440945408,0.03643068814602719,-0.02314256509457908
2026-06-06 00:00:00+00:00,BANKUSDT,0.24016563146997916,0.4691103693548471,0.24507028426499225,-0.02148941224281207,-0.021747405464067542,-0.02813644343819107,0.09928554683034477,-0.054873884099163564,-0.06019013619380673,0.00569378860732017,0.15495970301117737,-0.050073224994369225,-0.020786692419699354,0.133706859848627,0.007992291997395328
2026-07-18 00:00:00+00:00,BANKUSDT,0.5766174801362087,0.4840325458033254,0.7264662147099221,-0.01724054282261283,0.003483973505595944,-0.008613359764503729,0.5112053971614602,0.03643124363145138,-0.025203971060005444,0.022593724546981706,1.1925898720419776,-0.008613418963934283,-0.0425735582640097,0.024809670482493357,0.0075421034957885436
2025-02-03 00:00:00+00:00,BANUSDT,0.216216216216216,0.576602822894332,0.38184899229419306,-0.0014166211628106218,0.007982383400321928,-0.010925381504820118,0.5197773961243677,0.01627776179472488,0.013251201964611112,0.009366550617943689,0.5536563363508412,-0.013767858033030678,-0.056605054734485086,0.03781272778786005,-0.0002678957822422223
2025-02-19 00:00:00+00:00,BANUSDT,0.20302375809935191,0.3472090013551266,0.18822086879188366,0.04436311270447526,0.028028199998154153,0.01863926847467885,0.9080804017335159,-0.0009483863166690254,0.018802449001010434,0.016472791321364255,0.20955338868527437,-0.04295558378084809,0.1622096043239453,-0.0574367643555657,0.014703758362588307
2025-05-07 00:00:00+00:00,BANUSDT,0.27896373056994817,0.498333775401519,-0.03600975412136899,0.03712450169515313,-0.08868787922600356,-0.033875206668292523,-0.09966116566567372,0.03942435138596961,-0.15624798825841632,-0.06117363287651758,-0.20126123649556588,0.12121845242745821,-0.1697803172091487,-0.08969473425439131,0.011111184905208859
2025-08-20 00:00:00+00:00,BANUSDT,0.3361132966168372,0.48150959229902873,0.013457895849178572,0.0032411221261194737,-0.00010574304238076121,-0.009012723877973649,-0.032524744451566764,0.03732607214716336,-0.04796756758231269,0.05986928195834747,0.00657042233260359,0.04091379700506148,0.0044712099266852375,0.011420187478393008,0.05258682792554592
2025-10-20 00:00:00+00:00,BANUSDT,0.2107155083875385,0.31816261171371024,0.015126911073629203,0.02925318760042917,0.029090822322156772,-0.004289254480828487,-0.012528798578133396,0.04035711713212489,0.033749974390413495,0.0017510293246405955,0.03027555644278148,0.006782737394145043,-0.06642085877610912,0.07523817781785377,-0.016299473512308177
2026-03-17 00:00:00+00:00,BANUSDT,0.20974878675421071,0.29113838960505345,-0.8995333410402663,0.026859201675261207,0.045361007704046746,0.0013922238193767728,-1.0066202686049068,0.058676652235470285,0.11152715688388778,-0.0019996406074430013,-0.9360854406423861,0.0035170624332874654,0.15887316185821657,0.0006168908917638577,-0.04874970615589862
2026-04-12 00:00:00+00:00,BANUSDT,0.22670235904299818,0.4585605345821532,0.14094242074411234,-0.019779958872191816,0.02101097157198516,-0.01109986930973932,-0.04047140901095056,-0.036661728121735085,0.20168517694807572,-0.03907233502895499,-0.1332339649580871,-0.02207802210726508,0.021280849896808684,-0.011966875567753202,-0.03347127009822813
2026-04-25 00:00:00+00:00,BANUSDT,0.23115384615384627,0.43811962013816047,-0.13137552247841755,-0.0054994271671094785,-0.007820225096565523,0.0058543004308889484,-0.18062129385380035,-0.02530171597420692,0.04493438069488481,0.017701452545517755,-0.16074562268715434,-0.04978660892533908,-0.0014395084483577584,0.07166464405192534,-0.014494274895181214
2026-03-05 00:00:00+00:00,BARDUSDT,0.5620754716981131,0.5206286518575187,-0.25423820881770887,-0.021028731539857046,0.08027559062010785,0.023636499438389195,-0.3517746914712936,-0.032138101897005056,0.07866181560454014,0.017749257780852422,-0.34767521954372776,-0.038720030657139,0.01344864102165772,0.03528176052555517,-0.02233449216474468
2026-05-29 00:00:00+00:00,BASEDUSDT,0.25570701264575457,0.6552198755137949,-0.02723562910735362,0.033142994581428824,0.0048847048090665856,0.033705472541722264,-0.1108296964586856,0.05475918922042715,-0.056731412721543105,0.014941201538331289,-0.04278064518801526,0.059463487448475204,0.0011676386810829525,-0.047901496131932175,-0.02395621115101103
2026-06-18 00:00:00+00:00,BASEDUSDT,0.22402055234425178,0.49108821393988855,0.011711997161157329,0.008317279899354341,-0.011179432280948833,0.042944388948636204,-0.010898110815651663,0.007819276436591914,0.04445493826585652,0.04261145698069859,-0.25595871519635083,-0.013984738826255689,-0.007819540993143206,0.12297192216270858,-0.04555220317501444
2026-06-30 00:00:00+00:00,BASEDUSDT,0.23516402506450418,0.4430524300188742,0.21405590564614707,-0.03423001734741189,-0.052117646648859414,0.06057918375114385,-0.14421946883129866,0.008286617734678241,-0.05418626050789123,0.062435754485962634,-0.239269854020157,0.036432716593672275,-0.16907249370785632,-0.011767701667639557,-0.022109112106867092
2026-07-09 00:00:00+00:00,BASEDUSDT,0.27917383820998265,0.46100274224287424,-0.09277422825125903,0.001359385889471933,-0.060977041035269755,0.0004996513084471841,-0.06879038480782321,0.0074994116018941735,-0.06953358322218504,-0.011083459102991914,-0.15172616007658343,0.01891100468586541,-0.2161383294126281,-0.06177376720980936,0.004435930980635749
2025-10-13 00:00:00+00:00,BASUSDT,1.342773213384128,0.262803796488702,0.7759222597896018,-0.02905835961506953,0.01741530859697229,0.01921474036884934,1.0778155013131867,0.01148459578155927,0.037528170274615046,0.009983898627415992,-1.0480249430322244,0.004887405627133651,0.02392858047426253,0.012583082691122589,0.018731853180228963
2025-12-13 00:00:00+00:00,BASUSDT,0.524014155712841,0.42397358653665507,0.46944653810111514,0.027968718006354698,-0.031099452761451263,-0.015152561764958748,0.3832135320040635,0.022288976771567777,0.15153903553548592,0.019652617356039976,0.03433999951988387,0.04967898637547886,0.12293620648257356,0.06647390469663839,0.01829326067427508
2026-03-10 00:00:00+00:00,BASUSDT,0.2693141772838168,0.5366641008706633,-0.11790528948877183,-0.01499929716645724,-0.06098832507331374,0.06333406179693678,-0.04664720369458568,-0.028595776756985457,-0.045168634205557244,0.029257300311743884,-0.08586373668106319,0.02047219408885995,-0.09816392873334165,0.00927338201534902,0.021222938290280203
2026-04-05 00:00:00+00:00,BASUSDT,0.225298930144745,0.44463554902800057,-0.0708037704999446,-0.0023446421678061545,0.02897440255920631,-0.01133374010058473,-0.06472834748833632,0.009010035920930772,0.05902801067171646,-0.023951673570555214,0.07662197755380189,-0.02425461283016659,0.5628901514620919,-0.04014794285614893,0.01163472951594544
2026-04-20 00:00:00+00:00,BASUSDT,0.26800606520090997,0.3266727229021166,0.4174902921484429,0.030166344977214633,0.020969192293786014,-0.06885220625393416,0.4466956630699085,0.0009391741351709157,0.03572369591317974,-0.1485763987941117,0.26726378160447073,-0.015703426577552974,0.1279226577766575,-0.17147211164476725,0.020883338022045117
2026-05-09 00:00:00+00:00,BASUSDT,0.21665106482564944,0.4240657316328651,0.07468862049168284,-0.012811226249140153,0.028066995092921432,0.0003370285018210295,0.000869081512732392,0.06682440421627163,0.03849379430549062,-0.0289061691684848,0.09725645994227071,0.04778353592546625,0.15351248977100587,-0.009005114241081597,0.009723393685185312
2026-06-24 00:00:00+00:00,BASUSDT,0.25540404675128814,0.2703829527487436,0.12871609906372522,0.07677707826042837,0.10880034014665893,0.011856880936804004,0.14894065152968988,0.09646806328870428,0.09212163316843136,-0.048148874663624136,-0.05039645483849414,0.13366051647358748,0.18523806019515274,-0.04122572572950013,-0.08825398906680207
2024-12-24 00:00:00+00:00,BATUSDT,0.20491803278688514,0.9270954464689458,-0.02598989286723355,-0.013579056190013327,0.011618493239711933,-0.02359996031693762,-0.039985969348486375,0.10353615441353373,-0.04224987839985879,-0.03222436214452864,-0.06342376644943883,0.014297522170287107,0.06034803898005554,-0.04133891971690234,0.033095898028895725
2025-10-12 00:00:00+00:00,BATUSDT,0.27866473149492,0.8955413722657862,0.13878041806624347,0.004525466449469341,-0.021027494445930384,0.00041826098843857074,0.07400272294272799,0.0198958565201691,0.015614608414407044,-0.025250861019320205,0.1738554251772216,0.05435019021647314,-0.059575355561080234,-0.01675070714663318,0.12332065124337546
2024-07-06 00:00:00+00:00,BBUSDT,0.2879696874013262,0.6670172036062718,0.01400780963118188,-0.003360006874760406,-0.01523010774500578,-0.0015506396381842508,0.01908330225921338,0.006563695223067617,-0.05269928912444832,0.018639821314984296,0.12178914154864313,-0.04317814971368996,-0.06270428335199271,0.03759691081691461,0.10527542856230072
2024-08-08 00:00:00+00:00,BBUSDT,0.20401459854014603,0.791451495747953,-0.002822000623196097,-0.00903192730974492,-0.0005880211233535409,0.00447392920302995,-0.05444945425320111,-0.01914311932965483,-0.011447120845836718,0.005868716616636493,-0.10138280421342996,0.0023657597261404527,-0.013599401604634156,0.02382496772290972,0.12881982912061568
2024-08-17 00:00:00+00:00,BBUSDT,0.21273351124666418,0.8120495952595952,-0.0555756106877537,0.027413325528966703,-0.007518460818748965,-0.005110212394922297,-0.10278349161996117,0.031459800213516506,-0.03872949258817601,-0.011698938640866855,-0.07559890621467848,0.040309636059493725,-0.09236575739620481,-0.0383367643645174,0.03491699715899997
2025-08-07 00:00:00+00:00,BBUSDT,0.42399447949526814,0.9110596165210365,-0.11160739602128922,0.0006363450955175359,-0.012793689248099293,-0.015274878841486844,-0.15425574998132985,-0.0033127626327761187,-0.03314606447840895,-0.04596391797177578,-0.19846315839236478,0.007979029028914992,0.0008978332772650504,-0.0006215280698118151,0.05971244766700725
2025-08-22 00:00:00+00:00,BBUSDT,0.30778320466362064,0.7733801540482144,-0.05188229299495291,0.008631915831659322,0.0016480815238170327,0.026454709510292423,-0.08448854761772225,-0.039350036444001604,0.0564834714423751,0.00790083351543021,0.0013040542741492647,-0.03187904536234841,0.10310216334142855,-0.034621753321980836,0.10985592338744787
2026-05-20 00:00:00+00:00,BBUSDT,0.20747800586510268,0.6099989694510157,-0.036891233690161715,-0.006664714940021857,-0.0009713319193662157,-0.04836318874528063,-0.04661027882065556,0.0002489862490085017,-0.014942892208651004,-0.05134880275022389,-0.06881980714276978,0.01083300972325974,-0.25116014350577054,-0.005274277429740579,0.020147684185525972
2023-06-21 00:00:00+00:00,BCHUSDT,0.23306356278985163,0.7977003318314171,-0.03705800913272597,-0.004737709862634794,0.02195182398692161,-0.007725682465254608,0.37702291628987505,-0.0015076872596537672,0.02358291407362828,-0.03018289519467642,0.4992716168690029,0.006043015801028601,0.0468936145704346,-0.052856012846235555,0.048733107328122874
2024-03-02 00:00:00+00:00,BCHUSDT,0.5853465971893259,0.7360015091001986,-0.06663356030758406,-0.03585045375656461,-0.02731243858064216,-0.009950574357791649,-0.16611875226235612,0.03166523428812107,0.010325941608312869,0.02363853909053597,-0.2498767537867157,0.03852744159368742,-0.017134333736173932,0.026586294512863186,0.16973976922880601
2025-03-05 00:00:00+00:00,BCHUSDT,0.2230227045908184,0.8608015845903191,0.06044392550764046,0.002939453237058798,0.0346444639460615,0.006162783842657653,0.04290158915054622,0.0250777969698386,-0.07008134749047454,0.06454654044316901,0.04599041927689631,0.013502129589622002,-0.011138042200983893,0.07298399276994612,0.04642100846528539
2026-08-21 00:00:00+00:00,BCHUSDT,0.29375644301017423,0.6672807723983526,-0.008433499467315322,0.05050589270108756,0.025147966822479606,-0.03193421494656677,-0.025729164114902923,0.05980183407683556,0.01022038650894734,-0.006339275755553509,-0.12111988285312751,0.037717175985577125,0.072572370758537,-0.03491190835904631,0.09123552450409475
2025-08-07 00:00:00+00:00,BDXNUSDT,0.23342105263157897,0.4972727611551656,-0.029135762772824286,0.049783018114034024,-0.02504428033595745,-0.015496747994645215,-0.10144085103422786,0.02272410542656521,0.01916968598112128,0.00538894061517441,-0.17641947111054396,0.23637303019071534,0.06111948075843521,-0.025572820608203883,0.025625020491638527
2025-10-11 00:00:00+00:00,BDXNUSDT,0.2557011159631246,0.8699326467055369,0.10087641091679725,-0.059486235270198785,-0.02904084159558295,0.011003883305762841,0.10814106970018492,-0.03505234533967052,0.03871850176084211,-0.05192041639794278,0.3785776283184059,-0.031197842621753263,-0.004462408507541255,-0.10688063499960683,0.2992799872197477
2025-11-03 00:00:00+00:00,BDXNUSDT,0.23120478137779177,0.8087249459379511,0.19290621946132616,0.022213636556508397,0.08036111857551759,0.10689295191270387,0.2822900805802583,0.034477034661017855,-0.21553663140613555,0.0344407294616034,0.3295739453148093,0.061819754245692214,-0.3466517809098137,0.056008097726645736,-0.16971931996395906
2026-02-06 00:00:00+00:00,BEATUSDT,0.335747202106649,0.38468591489186804,-0.025116999316044948,-0.01961495790734393,0.01018734753444074,0.002195425697218226,0.15817023149440834,0.05299032750195909,0.01707121633828797,-0.01631690500496766,0.24144361565553016,-0.037180067912108206,-0.015586230331121349,-0.025098230877779702,0.10975493712300774
2026-02-14 00:00:00+00:00,BEATUSDT,0.36273341279300775,0.45715933482542515,-0.31275598114668157,-0.0011343228210618076,0.03495566631169568,0.050545550438504505,-0.22934454671590232,-0.005195882185998259,0.009973480686632452,0.06639818902061123,-0.2170830625879381,0.057005692125918564,0.052604487741163795,0.05634583705132514,0.030866708649916398
2026-02-28 00:00:00+00:00,BEATUSDT,0.2023326572008115,0.5350009447925552,0.011831134366309774,-0.025593955281212964,0.027792974754556703,0.010805343149940166,0.07686946308931655,-0.020291162008216436,0.09923905915330404,-0.0006796113992404235,0.43952816811021794,-0.038412079655349686,0.059792224997466094,0.006061488479576632,-0.01711871354230924
2026-04-12 00:00:00+00:00,BEATUSDT,0.2532779021426288,0.39565602976187647,-0.0061764031758011415,0.004695004003293013,-0.004325511678330037,-0.013967283799563917,0.0036857319154513096,0.06847026038516733,-0.013419042522947622,0.004061375597402219,0.25693578284841334,0.0460797722149598,0.03784356776394082,0.05569245462598891,-0.031649138013443864
2026-04-21 00:00:00+00:00,BEATUSDT,0.2151594582787244,0.37885093074355325,0.04578195616369721,0.1001426387619819,-0.03837687186404704,-0.012667963637144314,0.02220765528128199,0.020282739388956233,0.011116841807920585,-0.022950751594988848,0.05813089286019087,0.013182584497150217,0.015105337115554018,-0.05251651891164917,0.10799433401646316
2026-05-22 00:00:00+00:00,BEATUSDT,0.6493263972255567,0.33896714908067,-0.02309499769434031,0.029105921204922596,-0.010825144640849915,-0.010239560968852545,-0.27772840014354094,0.11002512774699802,-0.02806452967606903,-0.009901645809345081,-0.07601960035912203,0.09067569541035643,0.0032719205564869626,0.018097566918335348,0.007874919046946949
2026-06-06 00:00:00+00:00,BEATUSDT,0.41521643525790064,0.29050361931911184,0.43392342423553054,0.08691476698217328,0.028486155139536867,-0.009030989352310746,0.7115175285075075,0.17075001239751006,0.05679907087319114,0.0014225420620587927,1.193636058898409,0.13955725941111274,0.09178184027749992,0.020782445709335216,0.03530781711259383
2026-06-23 00:00:00+00:00,BEATUSDT,0.4041666666666668,0.3474635952485267,-0.2653456867466988,-0.018432400917552938,0.01290707509903429,0.020954286867798454,0.13422985193891912,0.00243982620837213,-0.015541636652549878,0.02676656798368094,0.3299206653725495,0.17158271110209083,0.09365660991482484,0.016221477672860717,-0.015418191324478858
2026-07-10 00:00:00+00:00,BEATUSDT,0.21733212341197805,0.2691556846416789,-0.13760286337908365,-0.061933315882840845,0.0328018753164379,0.016782057014669442,0.027847079164305955,0.07249639695670006,-0.017365838748317035,0.0023485164077846074,-0.04024077305686649,0.04310019438614441,-0.03533445003427896,0.009931062771714832,0.03430189846339489
2026-07-28 00:00:00+00:00,BEATUSDT,0.28974456728936326,0.29593359343573555,0.13858600569538063,0.006676586105963013,0.006715272030887118,-0.012612964789383601,0.17264988315600688,-0.08680246085622964,-0.08111412055124112,-0.01910529442851247,-0.2902001815703531,-0.14695792820680237,-0.055284534310120606,0.10279938056327165,0.002547707928268661
2026-08-08 00:00:00+00:00,BEATUSDT,0.34542884071630553,0.29067497966804606,0.036372318365318505,0.009802680647268528,0.08718079848736078,0.0334486536414292,-1.0940595433589293,-0.0038498152789349996,0.07330308651426402,0.02971317943931039,-2.0734429812739092,0.07400275566082828,0.1388418847622533,0.047016282138437546,-0.010662744608767438
2026-08-21 00:00:00+00:00,BEATUSDT,0.21964017991004514,0.39293307637313857,-0.20314937463086033,0.16821969232353598,-0.031438944157273704,0.013579210854305005,-0.30862489621189637,0.09272435316165595,-0.005790443859012235,0.024529293438942244,-0.25216425938990483,0.08362107285062467,-0.041457168364836997,-0.07423781744674016,0.08674003055046917
2023-04-17 00:00:00+00:00,BELUSDT,0.256598037860992,0.7937907848813881,-0.10549442895171707,0.004586985580456839,0.0010296196248664805,-0.008831586032273724,-0.09692652457758658,-0.007172344331052025,-0.01208347453015094,-0.008692881782090631,-0.09133521611531553,-0.011343522537294972,-0.01695195741234792,0.020803612616256704,-0.03800182428138216
2024-04-03 00:00:00+00:00,BELUSDT,0.4844148206234071,0.7263738161814579,-0.013700785596523393,-0.016779505903206697,-0.009092080997435475,-0.03868983083478763,0.2210236035113336,-0.010484474989875647,-0.036380245259128315,-0.07129442395944027,0.2693973324951092,0.0032154418881736903,-0.046481871220809746,-0.096538881052699,0.007803631061944616
2024-10-20 00:00:00+00:00,BELUSDT,0.21464980177458948,0.8370742065496136,-0.0455775273429845,0.026938042805968,0.003583147968279017,-0.010317206792998588,-0.08432760578946874,-0.0024817157649763832,0.0220362261907062,-0.011956517498979894,-0.060336954581212215,-0.022770792397453832,0.038000537941483684,-0.021397265569904927,0.07528458317882235
2025-10-11 00:00:00+00:00,BELUSDT,0.40677966101694896,0.9792835802093964,-0.16309068613141464,0.01864771298236429,-0.05446711930215429,-0.04677704108219209,0.03908337220122038,0.009651182590835677,0.021173315189214847,-0.05097769415135519,0.15082308415007994,0.006462802751720907,-0.09877644139691114,-0.015600597193109928,0.0073518145449556595
2025-10-23 00:00:00+00:00,BELUSDT,0.26162517613903247,0.7760899291305343,-0.021027145475368332,-0.017342090239386036,-0.055380671951979696,-0.012337851196233138,-0.15674919042894714,-0.015464336321212713,-0.03306143878996452,0.0067182161899647765,-0.16291791301178987,-0.01605610086470881,0.019530944592662747,0.0024320867310772738,0.027933393557813612
2026-07-06 00:00:00+00:00,BELUSDT,0.20385018583817782,0.5051938395463378,-0.039045886976377196,0.019192170549847315,0.01264971529942222,0.003292923552604559,-0.11717540521799574,0.06054093928465154,0.08452705124503752,0.04791690513836695,-0.02859946115185333,0.09181798880718889,0.14840133629272273,0.05975687286856009,0.015064982041087393
2026-01-14 00:00:00+00:00,BERAUSDT,0.3714529914529916,0.687155523288937,-0.08383382319401383,-0.02127071729298289,-0.06461938560269433,0.04209838650396604,0.12002909735271039,0.051169713606370695,-0.11291668524730925,0.07924334502568291,0.221769697698343,0.021785989122180945,-0.18650668752334382,0.10362437670253155,-0.0028447616694343924
2026-02-06 00:00:00+00:00,BERAUSDT,0.38599304998663464,0.6444073563468334,-0.08013498156861926,0.006480495479853803,0.033129975950715346,0.03564392981700356,-0.046180909575753326,-0.0019417407669575129,0.08262062260437991,0.04930590214221725,0.3339807173922431,-0.026076107342934522,0.06863021625177208,0.00650443183422125,0.1079821207919891
2024-03-01 00:00:00+00:00,BICOUSDT,0.2293398533007336,0.7421900886369942,0.057025856605562544,-0.03263769313942166,-0.0481329714326707,-0.012101929679685073,-0.0267455039674228,-0.04784786636958315,-0.00477022821515149,0.01083254357658556,-0.002833602832259731,-0.07215818840713531,-0.11576875203174161,-0.014284970254150337,0.06495987133547355
2024-04-06 00:00:00+00:00,BICOUSDT,0.24592592592592588,0.5936548408615071,0.1800942249906506,-0.003341242290484491,0.017060054618434045,0.026935855528083908,0.014060170485663548,-0.0022975809998978477,0.02141024453450911,0.08773642095797698,-0.02993905048420603,-0.09725538954264115,0.174895360389612,0.022101568000431275,0.015620501739903736
2024-11-06 00:00:00+00:00,BICOUSDT,0.20405278039585295,0.730305896419986,-0.014295513069614336,0.035380291012264,0.006887699355981753,0.021493256666897893,-0.05940311737733955,0.010633997704067883,-0.024952610952056774,0.011347241150605486,-0.08935208091520742,-0.046439658910967574,-0.05743131743520506,0.15162286896359248,0.15150032941366862
2026-08-02 00:00:00+00:00,BICOUSDT,0.37116040955631413,0.6248441781361072,0.03060328777787172,-0.010585588495982534,-0.05270697598756365,0.07559185320497797,0.5215378476255692,-0.01550300540329202,-0.09889639265669768,0.1381443758590546,0.9999920908191261,-0.03190948722651565,-0.18270783261032683,0.16919783783111553,0.0015196763034216409
2026-08-26 00:00:00+00:00,BICOUSDT,0.24732824427480904,0.46911373177629834,0.007001497422221142,0.033721448724794455,-0.021614627098163187,-0.01728660513111488,-0.1290073831171732,0.05687585683819622,-0.023059760209707666,-0.03351525490406922,,,,,0.009380807996437835
2025-05-08 00:00:00+00:00,BIDUSDT,0.20327574601750054,0.5688338659876585,0.09980394124967777,-0.027526108320230853,-0.014117215701215133,0.04245893564247475,0.02234232679057868,-0.057442019394467005,-0.03522331844168684,-0.01975316752283819,-0.01963175290376308,-0.0601529128676377,-0.01404498229574817,0.03196840097435025,0.16141682652557776
2025-06-02 00:00:00+00:00,BIDUSDT,0.3685087475701194,0.6944955628195097,0.1841587097265987,-0.0041946527814695385,-0.0020101101859737866,-0.010173665707054474,0.09722295938902552,-0.015416205529440678,-0.0028133117077218774,-0.01261951990493337,0.21764701091616656,-0.002890591872264052,-0.06358628538097558,-0.02093876926051405,0.014577562778251263
2025-07-02 00:00:00+00:00,BIDUSDT,0.20725233644859808,0.6421987637766329,0.019501637855024664,0.007667830508187458,-0.002471951263074244,-0.018471822611358248,-0.06109196817845365,0.001181840776357443,-0.014111347249214562,-0.031547507849952215,-0.35929188276143786,0.008888621655908327,-0.020725554980374556,-0.039374842146119346,0.08014800673011441
2025-07-16 00:00:00+00:00,BIDUSDT,0.2229254571026722,0.6089194880143822,0.01831530956394075,0.018423505357660602,-0.02695967393604041,0.014998872762414234,-0.3805243348136266,0.09644104348433943,-0.03883556071836404,-0.00933173345100256,-0.5555965226235984,0.08129469300891377,-0.02734813600948585,-0.04589980459321061,0.025795551619704947
2025-08-16 00:00:00+00:00,BIDUSDT,0.23313944348372884,0.5582420335428433,-0.0324186607316683,0.013613504798545898,0.020936677252188986,-0.0038243014132893507,-0.09585262812217571,-0.01859062335940994,0.14307071432994808,-0.0062114459751545555,-0.022182540893688735,-0.01695154000114916,0.10846291500033756,0.029779956743892257,0.013949354003090008
2025-08-24 00:00:00+00:00,BIDUSDT,0.44215999054708743,0.5752596619014583,-0.07976784557614136,-0.017412095938218818,0.05339247251254088,0.022231482346603458,-0.2445845400588001,-0.04641567728223851,0.028421969209354237,-0.008137189133419586,-0.4143162502829443,-0.01282200014676133,0.058348430031198405,-0.013923342029920285,-0.02717337410470106
2025-09-09 00:00:00+00:00,BIDUSDT,0.6791090441806387,0.5017029074193305,-0.2438511827446744,-0.05208209731176592,0.01468413954237811,-0.01689874459502091,-0.34419038822054004,-0.049700327910162885,0.07396810390092616,-0.028894261852590662,-0.339044967036059,-0.08580799711325023,-0.08721772824905147,-0.031062014568721534,0.05476625361427567
2023-11-25 00:00:00+00:00,BIGTIMEUSDT,0.20677966101694922,0.5651939272089672,0.04723362316866725,-0.019532312493253247,-0.015475928465705687,0.005542276951968432,-0.06371215386183093,-0.018926609861303588,-0.02610425177217019,0.02176874143728231,0.650133329875127,-0.024047636639296377,-0.0371276536706673,0.015768004296231035,0.028206832958595007
2023-12-12 00:00:00+00:00,BIGTIMEUSDT,0.24690165781426066,0.5145334625763393,-0.0995686886840966,0.029794784967508647,0.03499369304613298,0.012140074402333539,-0.2567906915199495,0.06250934359846422,0.03353032053268652,-0.009952743426450122,-0.3639729605458442,0.19620265568651754,0.04468300533383655,0.021376604539291053,0.010390236641829195
2024-01-08 00:00:00+00:00,BIGTIMEUSDT,0.37575941676792235,0.5883067371195994,-0.0980329638588312,-0.013919127016773359,-0.015343808947269813,0.05408986101063708,-0.04418042805110557,-0.015182182354906138,0.0035068771841343326,0.03297697859256128,0.008489403754754779,0.005703551137081142,-0.03282485162035577,0.02095118844093766,0.0485545364865787
2024-08-08 00:00:00+00:00,BIGTIMEUSDT,0.2605421686746987,0.8697952767331578,0.05905972173392881,0.0025485780270933464,0.00395185114411607,0.012720180043242348,0.09501830696029348,-0.0003187740984497353,-0.0023826693227740224,0.00657873042130355,-0.03232240780066543,0.008017725841518398,0.0023361690832182968,0.01529835892652338,0.1106051938547267
2024-09-12 00:00:00+00:00,BIGTIMEUSDT,0.387218045112782,0.8064696671168248,-0.06477406056722668,-0.01797739865649986,-0.024718214596821386,0.006623760568122616,0.16029512221363995,-0.0255692606925067,0.0023850573590822864,-0.005167142341319893,0.2074951622002789,-0.010254277265074819,-0.010383197223673663,-0.027534590321978275,0.02791936869262146
2024-10-18 00:00:00+00:00,BIGTIMEUSDT,0.3637918397263622,0.6928349234408757,-0.023876308153598175,-0.007966420966102367,0.04079691139783962,-0.013158480441973933,-0.17147206992931888,-0.0029487035493474104,-0.02555929864500673,-0.029433666443694266,0.09229453559076967,-0.04185475162687296,0.0453205786000156,-0.054513505175433644,0.044785590239653575
2024-11-06 00:00:00+00:00,BIGTIMEUSDT,0.24058066644671738,0.6248662252567251,-0.0906497440328568,-0.004094849851871004,-0.006234103486230415,-0.008941357493226582,-0.1701020317125264,-0.006396544500642108,-0.020156102255335286,0.0016092318521697588,-0.30006138951791067,-0.05202624754341645,0.0036987529990625103,0.018796557492553108,0.1249580224919992
2025-04-17 00:00:00+00:00,BIGTIMEUSDT,0.2386918320859095,0.7724860112219158,-0.04696928097730639,0.017772482111264178,-0.03097482852903547,-0.028236068471948938,-0.13218734640865015,-0.007157386410929664,-0.051202617148626214,-0.03566132025807635,-0.17865375433780908,-0.017036769612355753,-0.10962315273628324,0.0017157201073577267,0.017644101653032207
2026-06-29 00:00:00+00:00,BILLUSDT,0.25096350034005876,0.3892816942439711,-0.18154927357848127,-0.021679169650355486,0.012822041933148393,0.0125608450589558,-0.16684157936861696,0.009315179703450572,-0.11694386635302523,-0.012096084468411095,-0.2649129731431803,-0.004705586310394474,0.03189588948834711,-0.07501943844635744,-0.0008588096130004663
2026-07-12 00:00:00+00:00,BILLUSDT,0.210397852086893,0.3844804939580846,0.12673188838681299,0.008408747427119357,-0.000122636643993004,-0.0036799456917757023,-0.4544932262853986,0.03477401300627253,-0.009370338370825338,-0.01440527506560646,-0.7562456029840262,0.052896621795439525,-0.01861449644086378,-0.006202149966304296,-0.008694425781321957
2026-07-23 00:00:00+00:00,BILLUSDT,0.2626709573612229,0.3337732195208577,-0.06525454665183557,-0.023607864373103072,0.020707427391715955,0.027320044929356534,-0.23100356389749155,-0.0022076856172441373,0.07810218405248416,0.036665400025307424,-0.20914980662634436,0.011528517093378321,0.16983699993285245,0.031179806471830156,-0.014822012870252
2025-04-22 00:00:00+00:00,BIOUSDT,0.333910034602076,0.8344892481867646,0.006016447105779792,0.0003201822689245015,-0.04412877620662783,-0.0006176314577173655,0.010888740609579874,0.02210014724143674,-0.07246857431438589,-0.024772147483499603,-0.02404914509788576,-0.006910602374468844,-0.06442276216526974,0.030741632912671773,0.08135076107818727
2025-05-08 00:00:00+00:00,BIOUSDT,0.20891697984284252,0.7609618106587079,0.10090342212615784,0.041386260102435804,0.011294184159750373,-0.035444203014345664,0.07085252981000519,0.037335919398971296,-0.0910992467409913,-0.03575077229109226,0.04130792267212011,0.09573235253802653,-0.1744582503974663,-0.04910002201192003,0.18295962152498493
2025-05-22 00:00:00+00:00,BIOUSDT,0.2862434538255205,0.7947813628124635,-0.056776742748491704,-0.02368501190338708,0.043327732666634,0.002601315878644095,-0.04182353874165957,-0.04296814516351476,0.06755263149762955,-0.005109734089175871,-0.1703185485424209,-0.056442738790454895,0.08866782518389218,-0.015127906552468706,0.08023798726204964
2025-07-10 00:00:00+00:00,BIOUSDT,0.20113159335645192,0.927708344099899,-0.057613267670992827,0.024750557536723814,0.02448182005820806,0.03977326357395833,-0.05776262627230054,0.012509011430194159,0.0003399026410712713,0.02382747222297682,0.016030327286697024,0.02913949184451974,0.017560155336728483,0.001529650866885407,0.11805178022916869
2025-08-07 00:00:00+00:00,BIOUSDT,0.462512171372931,0.846608166474479,-0.007696128439686978,0.008607078134478086,-0.012793689248099293,-0.00372988787482196,0.15546133256517558,-0.01698707626547986,-0.03314606447840895,-0.043375407950752856,0.12415106765381134,0.1867536638083672,0.0008978332772650504,-0.04237304762235355,0.06731124091355822
2025-08-17 00:00:00+00:00,BIOUSDT,0.34722913142970846,0.7255649311725645,0.0186567953020686,-0.012514953862326234,-0.02229184989374905,-0.003548026908186349,0.12918554013054664,-0.006014449282063001,-0.015011764764562058,-0.003640216462950832,0.592797453333328,0.06735282038786002,-0.05138145333105178,0.0621251290183971,-0.012466108126386122
2025-09-05 00:00:00+00:00,BIOUSDT,0.21638254226497855,0.6581261575960221,-0.059897095455536425,-0.011974611498509721,0.030934992498001097,-0.010341134429270187,-0.15875554601750982,-0.04784821275501836,0.018578875818404218,-0.0016805716737506408,-0.25017454572168946,-0.04195909498019969,0.04470705731771053,0.08226623713148064,0.038490118150868016
2025-10-20 00:00:00+00:00,BIOUSDT,0.21057657872746804,0.7647162643905604,-0.07821582213423472,-0.001714226060643978,-0.09135811160351172,-0.01676120192254867,-0.1188746735947654,-0.009375323130683538,0.0011702490792406012,-0.03223038396150922,-0.0774531036701892,-0.009402152180297895,-0.04703209242351284,-0.01982169569818612,0.008888748957638248
2026-02-20 00:00:00+00:00,BIOUSDT,0.40212577502214364,0.8023822368609791,-0.07403162821785694,0.0034901212865576558,-0.009666312593267118,0.012322168339967163,-0.10870386741915909,-0.020139444217610613,0.09441138458872837,0.01008380053690585,-0.24446675073227314,0.0007618855982705425,-0.16243768363377978,0.05529398647475835,0.015394590508591521
2026-04-15 00:00:00+00:00,BIOUSDT,0.5643259866735006,0.6045819482145081,-0.05300111583714585,-0.0007549515133280476,0.1391221494770107,0.007664423329117409,-0.18464833428903954,0.034132168796996445,0.033884322082317495,0.04689518832944593,-0.24194839031922521,0.006875429722633042,-0.05496373712508311,0.031098421556305378,0.058922957072312786
2026-04-28 00:00:00+00:00,BIOUSDT,0.2934046345811052,0.5665160957800615,-0.030674976051326616,-0.00368905868358422,-0.007989504832823933,-0.006948723911763595,0.13387267201271041,0.019634760853070775,-0.022317684198668506,0.006290833839658057,0.3058288734362939,0.05750946046981912,-0.03165608045946462,0.016991325889123905,0.029095642887675098
2025-11-06 00:00:00+00:00,BLESSUSDT,0.21913973021124966,0.5195474808043594,-0.09774900610770851,-0.014233509355924942,-0.0425039327459229,0.0019494326538177064,-0.4655207490137034,-0.046092429449138134,-0.06642845098820549,-0.004936763908777207,-0.6208463744938177,-0.07280971930371039,-0.05560116526240462,-0.005485947902672236,0.05129809099681888
2026-04-11 00:00:00+00:00,BLESSUSDT,0.257710651828299,0.48739613049674196,0.12983288929212178,-0.027172460906163008,-0.04032649935659844,-0.00950006071203074,1.0469748854453584,-0.04654646342156528,-0.0026084012297127534,0.06262265714857661,-0.2639086322308661,-0.04335848417693879,0.08358293465144047,0.04169010827418394,-0.013111670146977516
2026-06-06 00:00:00+00:00,BLESSUSDT,0.51971933220421,0.5999369264490344,0.2440329069514681,-0.009309418140000714,-0.007845936412883938,-0.05079857344790371,0.012040598535293656,0.0397984596686712,-0.005112435489145126,-0.016532353489991488,-0.20193754260268898,0.008742154424232703,-0.022841152886058303,-0.01852324005767876,0.046591628760633386
2026-06-16 00:00:00+00:00,BLESSUSDT,0.3744177714080974,0.5447441525090215,-0.10175393779866783,-0.00874625907293934,0.016510438121546508,0.026424791280158295,0.025450179855675145,-0.0461706241589664,0.0008248001737979335,-0.04602699355542978,0.07214516316548555,-0.02012735330486663,-0.013390802769521076,-0.08111562326018995,0.012062955815191945
2026-08-01 00:00:00+00:00,BLESSUSDT,0.39616418275103826,0.5047908020245674,0.6033602266719004,0.01298412574799355,-0.016708004089030042,-0.0012241794783132448,-0.027918345264626998,0.025387794691299658,0.1407089973072554,-0.000965555833314137,0.15202812908151586,0.02041933955685195,0.18190778929535553,-0.0003416677409795371,-0.0031612227133683392
2026-08-21 00:00:00+00:00,BLESSUSDT,0.28433420365535245,0.3428282833619997,0.012499863581720127,0.0044077005354704515,0.024860644043601117,-0.029359531008782545,-0.004431572000584465,0.022340724129980033,-0.0014220072099134784,-0.04307457983974812,0.26815982062482474,0.1780115201239307,-0.026586699833558297,-0.07259781128894167,0.045942924162544745
2026-04-07 00:00:00+00:00,BLUAIUSDT,0.2059899715408593,0.31612259026886835,0.013304850055020235,-0.01141303947205427,-0.02701976048492647,-0.01009565905252395,-0.11354587773883933,-0.02251842901849587,-0.05916963852890115,-0.00032176883596528457,-0.03579826463091196,0.07499094437480318,-0.016707117780214723,-0.023571985880849793,0.05963463282465238
2026-04-20 00:00:00+00:00,BLUAIUSDT,0.2061373488478213,0.30490660368491584,0.03401797916820983,-0.017916387448698966,0.024508979233456452,0.038651947829939234,-0.005367954150735578,0.07534796140773456,-0.003609635870722877,-0.003113613922082236,0.08056059087799078,0.14165692486834752,-0.0205035763079436,0.018209104662797876,0.025113063060077323
2026-05-23 00:00:00+00:00,BLUAIUSDT,0.2822608495452974,0.25779989297166117,-0.02234403699108433,0.00449705039713587,0.06658922799296582,-0.026081158871948402,0.08906285934211725,-0.014794277777860399,0.021049669461771357,0.06341474225020517,0.045713638383787926,0.27696549817399163,0.05307840657453766,0.06999099045508574,0.016727577182206944
2026-06-06 00:00:00+00:00,BLUAIUSDT,0.2962156479951945,0.25079516618582354,-0.3239257118084351,-0.01425745817505394,-0.017513350112830346,0.07795497877362015,-0.349304252122941,-0.015408487968189657,-0.05152261230983437,0.0418762646136033,-0.42037039460063913,-0.00010334347214972783,-0.09388571866289548,0.014776244822944618,-0.04166823859528934
2026-06-14 00:00:00+00:00,BLUAIUSDT,0.24177471994354782,0.3007274858651134,-0.01486772078318728,-0.035078621184716066,-0.03238880155574099,-0.011747667809086417,0.06381546680760013,-0.07155139030697202,-0.043563052477090705,-0.007897152410535565,0.034114623460230545,-0.06291924544196259,-0.031177221361127515,-0.04895505162687129,0.009185479385255912
2026-07-08 00:00:00+00:00,BLUAIUSDT,0.21833856846888988,0.2830067183170273,-0.1264140915618165,0.010829286521605712,0.005926186167608812,0.008493241099563467,-0.0791607738690577,-0.06032276900832302,0.029087737561478505,-0.0019921816184910015,-0.118282072383595,-0.1627732200069413,0.02833684816473775,-0.01838474956898553,-0.041287856447027683
2026-08-08 00:00:00+00:00,BLUAIUSDT,0.6490007282142567,0.3717586934292728,-0.14611247025570445,0.03070950538976578,-0.05297348812552882,0.13157321478559678,-0.4938989216089134,0.03954793073309472,-0.042953357493866445,-0.03804487891851468,-0.4861147837151945,0.010657843327508087,-0.12207908496986908,0.03333182014983793,0.04124032153724224
2023-10-18 00:00:00+00:00,BLURUSDT,0.22038060159607142,0.6932238344075271,-0.041756135613529574,-0.019620961952962538,0.003278143852631741,0.026849837734795233,-0.10237045143522931,-0.005821452260986059,0.05804119752597967,0.01001813642388354,0.049981342377066834,-0.023760793489134423,0.1570110371487244,0.016124779284412402,-0.005914268147115242
2023-11-06 00:00:00+00:00,BLURUSDT,0.3206134094151214,0.5489877250415736,-0.0015693205677860984,-0.0063338229572595574,-0.005278209887091887,-0.008017108105115653,0.0007346278634627092,-0.02977316787174694,-0.048064563228635906,0.022419071115840357,-0.06371052606440554,-0.021249526903149456,-0.0536649168174038,0.03467643819265329,0.06434459489148156
2023-11-22 00:00:00+00:00,BLURUSDT,0.42763157894736836,0.5073923613620479,0.038564475344372094,-0.011282568072038668,0.005871499581159257,0.001099829434055844,0.17900491603558807,0.018622878470631956,0.02438874768974422,0.0075385582860762355,-0.011748037975161475,-0.022188828917943944,0.024513016737001483,0.003630516815196408,0.08208808535381773
2024-02-24 00:00:00+00:00,BLURUSDT,0.21722733443958342,0.5862120702428942,-0.09002138331561091,-0.007114068981038278,-0.04047565956660818,-0.01839410310869837,-0.16637002744799273,-0.02977116150152646,-0.07134395824628673,-0.024639859562848317,-0.2945430655339401,-0.08901850395943245,-0.015606597485638158,-0.0019279800350447268,0.03749403695797036
2026-04-15 00:00:00+00:00,BLURUSDT,0.22074729596853504,0.6624824488794303,-0.0922939041863154,-0.005204403403730393,0.05381185546808752,-0.0022815546882204553,0.013910350130665702,0.008555585089095052,-0.09013164791313606,0.049506069476982655,0.2571330006727819,0.02637958111604909,-0.05869845451594553,0.07683614334060943,0.04247815382904587
2023-08-13 00:00:00+00:00,BLZUSDT,0.5567943124899015,0.8043123227891588,-0.04240714154918427,1.099762299171074e-06,-0.015133285562383789,-0.000892187371318716,0.08157568711305574,0.004998779395497524,-0.02220259660072537,-0.0026730792064002295,0.2756324693684234,0.03201872879554645,0.0009336046345512882,0.0030019072041744476,0.04011802931623382
2023-10-23 00:00:00+00:00,BLZUSDT,0.3143524047334709,0.41524511986882073,-0.04997796929856067,-0.023696014108938703,-0.009315304061650976,-0.010194774302531314,-0.12984078968793047,-0.025485844414346905,-0.0034765649738192463,-0.01573819960017341,0.029658004547738655,-0.019638691474686755,-0.04600020656064423,0.012223929184889765,0.07801051495806013
2024-02-18 00:00:00+00:00,BLZUSDT,0.20075029737395922,0.4393640881088391,0.020350087936376555,-0.003597884519656155,-0.02648768145773379,-0.0013141442694581465,-0.043179609912934715,-0.03535152019418347,-0.05288506261738139,-0.0027860510359839275,-0.12329356226478363,-0.016242496291272574,-0.08357559210849468,-0.007318205893510709,0.014014058969161178
2025-04-27 00:00:00+00:00,BMTUSDT,0.4751619870410366,0.6598780283448022,-0.15409891757547564,0.022684951127627067,0.03359329419540464,-4.21229205049764e-05,-0.06263112202775681,0.013617469493065183,0.027224033034519125,0.04090139356682182,0.10061690885199226,0.0073649400045894455,0.056767515564602314,0.04623958077619168,-0.054574482022773554
2025-06-14 00:00:00+00:00,BMTUSDT,0.2165644171779142,0.3324803652446534,0.07165137278806051,0.05055906043716542,0.005155316700635258,-0.01497179325018227,0.07910531058522768,0.04510972262710955,-0.001875044113267385,-0.042438562243032794,0.16849748969614536,0.07789999371949212,-0.01775354183792328,0.07935036306657688,-0.021161934651856472
2026-08-25 00:00:00+00:00,BMTUSDT,0.5228325612177365,0.6355672247059494,-0.07309438509896629,-0.001591966946676894,-0.03141307778675697,0.01428071431398853,-0.028999861946078842,0.02416666276709892,0.17752004628328635,0.004732323267782934,,,,,-0.08318901814490287
2023-10-08 00:00:00+00:00,BNTUSDT,0.501015228426396,0.666112856320369,-0.04401610608566846,0.009240702155902529,0.02509559827052723,0.004550325229013416,0.02557085952820788,0.015212863180884223,-0.003958965651411153,0.05069746355322148,0.013279368763763379,0.038879524009132874,0.005701607088308891,0.005571337000062805,0.004246160178197567
2023-11-08 00:00:00+00:00,BNTUSDT,0.22570640937284625,0.5293137400160493,0.1263081315129916,0.005391662888785226,-0.03066754151835239,0.019062311394577626,0.4049794775474569,0.09991939110587937,-0.09005498575133124,0.010816942844612673,0.07796193865451607,0.07249259269961776,0.006493841269662096,0.005902651025836275,0.04149148171507342
2024-03-10 00:00:00+00:00,BNXUSDT,0.29475343391128117,0.6883407210704648,0.08512595048210225,-0.018265081477887284,-0.006623317041013444,-0.0332275013023383,0.022560413390091252,-0.0031560680231136782,-0.053944233307236876,-0.0017531528438727532,0.11271871944752572,-0.03109092435123272,-0.031041436894791503,0.03065391089379006,0.014158956521368993
2024-04-22 00:00:00+00:00,BNXUSDT,0.2035310734463276,0.4544849241790538,0.2020104997144617,0.00195878097999346,-0.01692794965021699,-0.031142078838659888,0.1342154047715926,0.020295586796285344,0.004241593088077253,-0.039664807195636295,0.3644234213433971,-0.0017822348250496514,0.011174121028794263,-0.05456049597695396,0.03324148165814916
2024-06-30 00:00:00+00:00,BNXUSDT,0.24196129783209663,0.3831922107265183,-0.02905566442297123,0.0016767205780092915,0.0061825720412997,-0.010744701218231598,0.308042269155102,-0.027072069804199454,0.03707880490402826,-0.014159348282115621,0.4574575273000749,-0.030161759044719304,0.05460640689299764,-0.0011408205743627443,0.013623419582734386
2025-02-08 00:00:00+00:00,BNXUSDT,1.2371871275327773,0.9134723685193402,0.3841647848593377,-0.006016497830360929,-0.018529252154704873,-0.009841180404060377,0.6395346901370569,-0.01510890603566407,-0.009617487239133679,-0.03484634886962749,0.9109632984203484,-0.016266891977642535,-0.06930098760847204,-0.03734265257355531,0.0633307571429499
2025-02-20 00:00:00+00:00,BNXUSDT,0.31867504283266723,0.682727778513611,0.015820029459359175,-0.012163296095549989,0.014737404868647164,0.017228858766889538,-0.11232020431818657,-0.029089899815855424,0.1682523222211005,-0.0018768749480813003,0.023003562544163046,-0.04504509132233791,-0.011541695436104341,0.0312192229551428,-0.009994614661898205
2025-03-07 00:00:00+00:00,BNXUSDT,0.3247252747252749,0.6492608922428715,0.01877386554833218,-0.01605843853601287,0.026033755316959967,0.007765033079329675,0.24770704755267442,-0.00042948152780327846,0.12141945217461662,0.05618213583456472,0.08242496951800093,0.004136254792845811,0.0889407842799356,0.07557410981940786,0.006156553494004446
2024-10-14 00:00:00+00:00,BOMEUSDT,0.31327298227719,0.8477754857484069,-0.15171592775189158,-0.021229079417384455,0.011825951462809976,0.006760450087275488,-0.19978250873945055,-0.040945685367904425,0.03562491175488048,-0.004930693097102189,-0.22523833519141784,-0.053152735464984203,0.001955583427951467,-0.02029339859880646,0.06208868368808194
2025-05-09 00:00:00+00:00,BOMEUSDT,0.25396825396825395,0.9124880354581478,-0.007036552999544296,0.013382101161763854,-0.0594802718817551,0.007057411700604541,0.04473825997826639,0.004301937695412611,-0.08823344809750706,0.0017119865381223219,0.09941604125324043,0.026005907861381218,-0.0805054983997212,0.00943749909370913,0.1335033425429069
2026-01-04 00:00:00+00:00,BOMEUSDT,0.2545722713864307,0.9172556964510651,-0.03692793653040831,0.004393573458056096,-0.09364763117929034,-0.03634395127708308,-0.03132530677960152,-0.016969154104473298,-0.14683663351594928,0.030685897186422607,-0.12357047215816559,-0.04875525053722803,-0.13612525095430944,0.02718185360502695,0.1329587226764731
2026-04-16 00:00:00+00:00,BOMEUSDT,0.2583108715184186,0.8866604968700897,-0.03819311212172943,-0.04878427633271805,-0.04389602715902572,0.09907116540362657,0.15290443992355085,-0.055356720487889755,-0.0722749484812815,0.14130325565776986,-0.014139118261783858,-0.10009575953967906,-0.05117697442763989,0.16582802629117413,0.19231656049027288
2026-08-09 00:00:00+00:00,BOMEUSDT,0.34545165899349106,0.6205021167057426,-0.05073067878852724,-0.0008523621614931213,0.01049343313379957,-0.027155208143586428,0.0016229791349305633,0.017526350992932406,-0.011670447770828776,-0.011231813646345273,0.044500421388338936,0.028252008824583796,-0.05654738079630665,-0.003142615234633883,0.032853006668927084
2026-08-20 00:00:00+00:00,BOMEUSDT,0.33268682258984605,0.6442312484114565,-0.06889537244508842,-0.0008139257423368573,-0.08979207425500739,-0.03687437248833378,-0.05079293673470729,-0.0015611539191922707,-0.15566937512064524,-0.0670977698047447,-0.19159610778827782,-0.07089659712006602,-0.1026626648565639,-0.05563049599449634,0.12982438973375093
2023-12-24 00:00:00+00:00,BONDUSDT,0.7613285272914523,0.6084866845836437,-0.24573485058459646,-0.0028882257114968774,0.03447490360917152,-0.0077441819705072,-0.4371873042535491,-0.017381367574795543,-0.02051996542259089,-0.03872709124114585,-0.4524189999755555,-0.02230743723285423,-0.030835087457518957,-0.012217760291969689,0.009241727036023394
2024-07-13 00:00:00+00:00,BONDUSDT,0.36800573888091836,0.44682564826192,0.027072483903521308,-0.001354906564034565,-0.012027000612617631,0.013107170362576973,-0.22972379598740297,0.006698636768128784,-0.03897214144477263,0.018160641986512814,-0.3578133320321976,0.0022588639742026928,-0.05963644301909574,0.04837795130109378,0.012789466917504821
2024-09-19 00:00:00+00:00,BONDUSDT,0.22816304923239805,0.2302267260510395,-0.09960522404542779,0.00915503870915053,-0.02330556301164049,0.004842411535166079,-0.4058887879079457,-0.023334437455079106,-0.05526461629437629,0.017752949283377336,-0.46018234562641924,0.005245380763763227,-0.07784633041933155,-0.012212683605349746,0.07845775482871158
2024-12-11 00:00:00+00:00,BONDUSDT,0.382183908045977,0.7406511953180319,-0.12973979587921608,-0.0011937788441316072,-0.04919471719766979,0.011361931077406393,-0.16840129768069606,-0.015450557634363291,-0.06258000635621243,0.040977064542826194,-0.01745816698858446,-0.01024728731902919,0.021322742726766188,-0.04768433503283294,0.0758414737100039
2024-11-11 00:00:00+00:00,BRETTUSDT,0.2784157259634097,0.8260223479447146,-0.03748346312477927,-0.010639916203866905,0.030861570271739795,-0.03362168876152989,0.2261551536029398,-0.03131077620820206,0.07153083877767555,0.026007925176957054,0.19846790117949706,-0.007955169665795148,-0.009374360289721367,0.0291189291828033,0.10629352925136477
2025-02-20 00:00:00+00:00,BRETTUSDT,0.2533505154639175,0.896071737668492,0.04689065389402589,-0.0063594188366835865,0.006120039575759848,0.00853296027793124,-0.0026135445495069076,-0.005436481324373238,0.16942153019242534,-0.00748787011101919,-0.17346246800950957,-0.010760868462952485,-0.019674312923814406,-0.006037352089874895,0.03633756318355621
2025-03-02 00:00:00+00:00,BRETTUSDT,0.21694105151354237,0.8597838970345185,0.009307662506463782,-0.014657073408432026,0.0594066670975673,0.0012885149277530538,0.08809033128947667,-0.017373728733626213,0.029335540644838613,0.04623247514476066,-0.04595905140625667,-0.06401647139097076,0.050851270458137775,-0.04305014890728644,0.11887875413105804
2025-04-22 00:00:00+00:00,BRETTUSDT,0.26527149321266963,0.8750566204127062,0.17887733258932995,0.004577700140541968,-0.07278706592990103,-0.005095599077508785,0.1870449591488348,-0.028986559461800055,-0.13844789418033016,-0.036632795698017105,0.2758774287836388,-0.05701987340795178,-0.16313842783669955,0.03601406369382778,0.09180347435901322
2025-05-08 00:00:00+00:00,BRETTUSDT,0.3663530713890426,0.8179352015021102,-0.043160641002216005,0.06582865558180145,-0.05333438605059433,0.027459707202261215,0.014565083177154145,0.19095884108852784,-0.09378791415377988,0.022186717039198334,-0.0951876842002418,0.19578255263644906,-0.07848332257497462,-0.009691584164482774,0.2391691116542974
2025-06-23 00:00:00+00:00,BRETTUSDT,0.20497067858140183,0.877845737029601,-0.03486133250195296,0.012393329454632273,-0.03484009548291229,-0.00034415527518011325,-0.06475720586170147,0.013303602791386124,0.01692897899566448,0.043553806748231484,-0.022707511174550034,0.007921385913555614,-0.05295605205439428,0.030534612303648328,0.10029463102174492
2025-08-22 00:00:00+00:00,BRETTUSDT,0.21256332320162108,0.9369151157539868,-0.013110051405861606,0.004003517753644032,-0.003099165603325211,-0.0032251292991392093,-0.08453785004072198,-0.016492527287894864,0.056537631041287686,-0.0032534001872967693,-0.12959722027031753,-0.02134989320765706,0.08766974880540346,-0.010724238877186014,0.10061780045159045
2025-12-02 00:00:00+00:00,BRETTUSDT,0.31862426995457493,0.9156362304683985,-0.009618416163624235,-0.0007681476622973936,0.04572586230349207,0.012624712478660354,-0.1679542932617108,-0.018798492258099254,0.08217506195972504,0.0011080091411780867,-0.06934836950073223,0.03969586040371379,0.006403190480456988,0.013477456854135423,0.10837847346411697
2026-01-04 00:00:00+00:00,BRETTUSDT,0.2197014925373133,0.8618831667659439,-0.04327911179624227,0.03710149753855503,-0.09528087737106862,-0.0012774551544273416,-0.09994477017792289,0.014399859981309864,-0.18576438016638616,0.015237888838589907,-0.09931151008883823,0.0277940200355656,-0.18682524778725215,0.032341445405006414,0.048967581880717106
2026-02-06 00:00:00+00:00,BRETTUSDT,0.20115774240231543,0.9301955044399115,-0.0391348403120275,0.002916695184868988,-0.02848473941581884,-0.012363480765963832,-0.07733297620215707,-0.034220099493307274,0.08297925662886405,-0.04593838030805368,-0.0667327518108353,-0.024023001356794083,-0.028935043967146835,0.08247163992164515,0.11654636169773118
2025-05-09 00:00:00+00:00,BROCCOLI714USDT,0.43961038961038956,0.6782088517590978,-0.06561017997240301,0.01961346967140957,-0.05058880797619614,-0.00919472434830851,0.0340237119569288,0.0208662990417025,0.04689943411333535,-0.02853923530952811,-0.13243842530897332,-0.007655167701608364,-0.08133325218356031,-0.02264776399149348,0.10353333055044736
2025-06-23 00:00:00+00:00,BROCCOLI714USDT,0.2018943170488534,0.8305484953271479,0.028947975323673138,0.0006390202067857668,-0.049355280218774056,0.003959276249168507,0.1431626850478961,-0.03343318199240718,-0.026600883625555367,0.002723366075886048,0.4095255759829707,0.05433474178974942,-0.07204949271724463,-0.00045001414125772773,0.1396122331990705
2025-09-20 00:00:00+00:00,BROCCOLI714USDT,0.21620079863091823,0.6094419916316014,-0.108121949273224,-0.033965838817553114,-0.014958831449075533,-0.002479364514586878,-0.20515647099363887,-0.0635333958024323,0.04169293897736748,-0.005705307951342187,-0.25281523931597955,-0.12463938816688003,0.1799898108177007,0.005325607072978463,0.11770545617896491
2025-10-02 00:00:00+00:00,BROCCOLI714USDT,0.20270270270270263,0.6854615797644433,0.05170548329584443,0.058477787188656885,-0.09595316604329572,0.0033795640845290845,-0.008057141826043702,0.040915763153052453,-0.12894705440856033,-0.015194717459654955,0.17626898325509038,0.15780843223241603,-0.1069220296870492,0.06495458254884055,0.08914519706292905
2025-12-31 00:00:00+00:00,BROCCOLI714USDT,0.37944664031620556,0.8280413438981282,0.162818053641303,0.02194094393836172,-0.09997680140538165,0.002792386391580133,0.010886834229196118,0.02073656540200406,-0.22567206039912624,0.019356200421808797,0.4867951989731296,0.0509300324006541,-0.31042326458178615,-0.004034893751815155,0.023418535952267394
2026-04-28 00:00:00+00:00,BROCCOLI714USDT,0.32160493827160486,0.6870359853516286,-0.058612173297833074,-0.0007044814879368199,0.01901029546606624,-0.01126195892176307,-0.08867943571007822,-0.003711748630571815,0.04596844461857095,0.10687380408788646,-0.0736316552496211,-0.0031677985124049985,0.026181313548014694,0.23712898641867897,0.044126497624532045
2025-05-12 00:00:00+00:00,BROCCOLIF3BUSDT,0.4239466406377095,0.35139668409567093,-0.16284985008511166,0.009107075870384534,-0.0029337105863887617,0.022717861679308414,-0.7224399254154745,-0.005058165749212126,0.004271159478973652,0.04227910166821082,-0.5214818060959179,-0.015152818699929366,0.015389190215676692,0.03095200860157297,0.0253485053406556
2025-08-18 00:00:00+00:00,BROCCOLIF3BUSDT,0.24256951102588675,0.5922424401561802,0.02680934657211268,0.005087679714277238,-0.07662526190922411,-0.004727732704158169,-0.05603443355879704,-0.0006740208482277132,-0.07743346463341916,0.02124896775229415,-0.12407166463524702,-0.017729167371991744,-0.08894563691201943,-0.02826062360764332,-0.04382051085199277
2025-09-12 00:00:00+00:00,BROCCOLIF3BUSDT,0.2031843006572247,0.4694459017970666,-0.04173793995626937,-0.01687780786658591,0.034741834192085784,-0.013394291243927672,-0.07676652886948385,-0.013669842158377587,0.05937161202353387,0.009126453345955937,0.038755174190301785,-0.019824148892933567,0.13556198461306967,-0.001883780118922164,0.0542808468532737
2025-10-08 00:00:00+00:00,BROCCOLIF3BUSDT,0.41877133105802056,0.5618997664970726,-0.14987428131624447,-0.08907204435835515,0.004661167713578383,0.0715303193692403,0.1824958029867847,-0.06527009357221375,0.06059527380986336,0.12422638411296787,0.4920651705442757,-0.07962039359050407,-0.05472499800044579,0.09030974977479367,0.02386511551249031
2025-05-03 00:00:00+00:00,BRUSDT,0.28526354862657777,0.3934175892059718,0.026140937539576716,0.001432398348776422,-0.00876946053304439,0.004464019510023551,-0.2288033872635348,-0.007920963639829155,-0.03428089772585708,0.02055121529514998,-0.3156748152286295,-0.03336431473777589,-0.09043222524161423,-0.15733583360007422,-0.05911002932829277
2025-07-03 00:00:00+00:00,BRUSDT,0.613296468518286,0.7070518015425487,0.056478161281588765,0.010837041152025984,0.005195862666256865,0.017531234468795936,0.0488585873972453,0.010682811981107695,0.013367521382590572,0.005603521424043019,-0.6552838801997543,-0.059860450708538515,0.0032547478721708734,-0.02005360863073894,0.011840544472761616
2025-09-08 00:00:00+00:00,BRUSDT,0.21157969978556124,0.3473609865591142,-0.024592299441018404,0.03420767632033306,-0.01149683964237121,-0.001269731194038673,-0.0915487966478791,-0.0030173077422385236,0.007145283134913383,-0.0008055267014553502,-0.10832470974579096,-0.03355463883263786,-0.08212517944974844,0.007527406881179266,0.028926377320981668
2026-04-14 00:00:00+00:00,BRUSDT,0.46559175531914887,0.3183542374108953,0.26516332298871464,-0.03115171769616909,0.011829254357017212,-0.012560208519409342,-0.53822921710371,-0.055169362405890154,-0.1141757859091255,0.009555941239736307,-0.5212166947302792,-0.07553222188324529,-0.15257903024698644,-0.041876097267218616,-0.006555482236093946
2026-04-30 00:00:00+00:00,BRUSDT,0.8936364674968584,0.32149476641263436,0.03815462161059999,0.03222038501035129,0.026407092246022314,0.001242156621655553,0.1183863947147329,-0.036072351133792445,0.006358368229902665,0.025001702014480875,-0.14400477699659753,-0.17369341598768512,0.00915812679678051,0.011309629541576143,0.018280483475177522
2026-08-25 00:00:00+00:00,BRUSDT,0.21050948137994063,0.31336149382749723,0.0062771426096438114,-0.009149627617496273,0.011424579273014681,0.008699544230568804,-0.09905058305584134,-0.007208077202500282,-0.005800520686640281,-0.01522283725548712,,,,,0.0312923037743816
2026-05-17 00:00:00+00:00,BSBUSDT,0.30206709589969494,0.37638972390737535,0.146813032023886,0.00329435401883718,-0.03397324434283726,-0.018740009169077147,0.48669705338749525,0.008336102479769614,-0.013259560019459804,-0.07468657286173333,0.44608890430531756,-0.006373662692120373,-0.024973414263091184,-0.009731272763309918,-0.018854294590672747
2026-06-07 00:00:00+00:00,BSBUSDT,0.45317644992755857,0.43669654072884106,-0.024031553762610982,-0.005570855239451294,0.007789274030520596,0.019676415612181714,-0.060466625479438665,-0.011619824736586392,0.0970442424853889,-0.009225545957190485,-0.14951453575137297,0.027018220708753437,-0.021294533420806495,0.07302427083761502,0.02229027197568517
2026-06-15 00:00:00+00:00,BSBUSDT,0.33434023428866144,0.41711769063308496,0.36351629129661994,-0.003756718789131715,-0.03727857145232479,0.00390051191213767,0.14574660612577456,-0.0318609593531884,0.08200743676118136,-0.0021429507602087868,-0.11993733823132874,0.01122347651349288,0.08875230260112021,-0.012397936815333781,0.005000617285219713
2026-07-14 00:00:00+00:00,BSBUSDT,0.2653335573853135,0.4266892163608446,-0.15418653889090278,-0.0005010204634727621,0.04698375599021238,-0.0007397441983128257,-0.15859967390641086,0.006089822846849067,-0.08374769325747483,-0.0022081071894775573,-0.14755521012461073,0.037990084262639466,-0.20745745117470982,0.0032649668847939115,0.04652568886072246
2023-12-27 00:00:00+00:00,BSVUSDT,0.5383383383383382,0.7493304956048112,0.2054138042450861,0.013006802244866219,0.012156653137758234,-0.003537323078386104,0.2485683684918552,0.012016607486662893,0.036288764059180245,-0.029916750391725304,0.23370401721845657,0.012914087304515692,-0.1367498733518241,-0.04863280569456596,0.040786291822297205
2024-03-02 00:00:00+00:00,BSVUSDT,0.3338432572369967,0.7873016495179339,-0.10590662901862792,-0.0113955965407739,-0.03554334088115191,0.013126549468146792,-0.14986114252009616,0.06954587094715595,-0.041469329560161125,-0.04377649668285553,-0.2081935780163422,0.05609340924185098,-0.08028561650768659,-0.04000099190642305,0.1060340127636499
2025-01-10 00:00:00+00:00,BSVUSDT,0.23160131350202806,0.8542775103187408,-0.05535363982179739,-0.0017844524382839232,4.117154092549875e-05,-0.004660523502537335,-0.050401281738479166,-0.002768787829463554,-0.004058316553045999,-0.008130053520563634,-0.10129693700091441,-0.00767736705314683,-0.028337294025118143,-0.01341437800519155,0.04396919114618392
2025-04-25 00:00:00+00:00,BSVUSDT,0.4288480154888674,0.924943585282268,0.030370720120738492,-0.005832660623946359,-0.01885152420102947,-0.018104809988367544,-0.09766773662705855,-0.03772137755817364,-0.017043018345442938,-0.04698666861288013,-0.1549193575887382,-0.0513159289247145,-0.017153132562160143,-0.07803698435315055,0.029279230501033204
2025-02-12 00:00:00+00:00,BSWUSDT,0.6332879200726609,0.8967016332643342,-0.2426015565236686,-0.017800934338813256,0.027179024323145257,0.003442740301887126,-0.27874651132756983,-0.03371600605882428,0.0933618975533186,0.014578107152420448,-0.3632516161529139,-0.039434849759353546,0.06579541348838927,0.025023012137430307,0.12748898405916037
2025-04-16 00:00:00+00:00,BSWUSDT,0.2571942446043165,0.9069290591743304,0.13099410655054408,-0.020479485253988645,-0.007787388935023778,-0.041780961414513394,0.2232180861383473,0.3497697314191369,-0.05318396551638997,-0.08687852569868862,0.09650743267758954,0.3378276579916442,-0.16659695836719635,-0.17173880728429153,-0.005962588982980721
2025-06-26 00:00:00+00:00,BSWUSDT,0.30345182895414724,0.7652086847119144,-0.07260242159188755,-0.005452674035006444,-0.012310742307005457,-0.011247815083533383,-0.10761246093750702,-0.01705164057008355,-0.05708736379657529,-0.012490178802382908,-0.7100206242682441,-0.005619641437457272,-0.11495100346958435,-0.0408762214160703,0.02047601319537993
2025-09-12 00:00:00+00:00,BSWUSDT,0.5342019543973942,0.3415223181089031,-0.08085869572784049,-0.004652222576971466,0.04833312909133273,-0.00888055373886568,-0.9588345093830685,0.003497792036479495,0.05835811774216605,-0.00048687006402562403,-0.9839212427230822,-0.039158177475407896,0.06877470149834278,-0.010014724324061756,0.02803851496300669
2026-02-12 00:00:00+00:00,BTRUSDT,0.5346851654215581,0.3672410228002311,-0.00903780685941058,-0.03088531252347102,-0.042198185403790237,-0.004398480891605046,0.38814575397248163,-0.019915364947528085,-0.049020387421505655,0.0035228287579202725,0.25506473967797316,-0.032863215345455284,-0.013649904349554109,0.04989880258138722,0.008574165764918895
2026-03-22 00:00:00+00:00,BTRUSDT,0.22870794860205312,0.3435418696430492,-1.5755480369150698,0.020241934671305115,-0.02023381277836116,-0.0794538032587484,-1.6258685561376576,0.026171679619128602,-0.0319852859684487,-0.11030539816341359,-1.7506917567600908,0.04225279802538625,0.0628792738903734,-0.14959927781491159,-0.03279947736897546
2026-08-29 00:00:00+00:00,BTRUSDT,0.24105223219931693,0.5117448646726315,-0.13502809558313425,-0.02883479701154722,-0.014801235570132788,0.009024428952671316,,,,,,,,,0.03261372030743968
2026-07-28 00:00:00+00:00,BTWUSDT,0.21446854371547874,0.31738511055109403,-0.10851490564481464,-0.02097594811401584,0.028837559689960112,0.0021264693937861996,0.1336754745932931,0.028629132696227237,0.06517596235529431,0.030781293783637594,0.40520440688875325,0.13194865301061717,-0.010040162144377316,0.07779636364626162,-0.009845621293481783
2026-01-29 00:00:00+00:00,BULLAUSDT,1.45038384987205,0.4026566938271416,0.2736832052233636,0.02693496327386133,-0.009086144942650122,-0.004606726835125252,-1.2615544063646222,0.04098092569870363,0.06575497910519462,0.009107269800329082,-0.8110977372936581,-0.02225595433228409,0.06780882596979201,-0.011016039542039868,-0.07918392663344842
2026-02-23 00:00:00+00:00,BULLAUSDT,0.8175101588474325,0.47611274692704936,-0.8567981028169777,-0.016352978393322684,-0.005786272859254169,-0.015978525814894784,-1.169564647961916,-0.03731211335097563,-0.01851208883910254,0.001899884503541499,-0.7157189822428485,-0.06048438946013159,-0.02232946891474345,0.03447691101661936,-0.008996598473194162
2026-03-31 00:00:00+00:00,BULLAUSDT,0.23529411764705865,0.37723509485906864,-0.052964136908136276,-0.0028358813536427164,0.009489203552849192,-0.002372841269344739,-0.054851781084237015,-0.0404096239167087,-0.036795767886092755,-0.0007238893411872907,1.231193041413048,-0.02878305212884715,-0.031081250770474734,-0.0012150654446676623,-0.0024514023945719555
2026-07-20 00:00:00+00:00,BULLAUSDT,0.3057618726085978,0.5723573431186699,0.03790436923270798,0.011040495512051654,-0.024495363756412314,-0.002663537541890883,0.01773471844014922,-0.0005052100739321552,-0.03834800870495897,-0.025411987540704374,0.2686389948479796,-0.024186808783653008,0.02743851363371641,-0.013421039711836313,0.006905768892505349
2025-07-11 00:00:00+00:00,BUSDT,0.4069080668876317,0.4347258664272277,-0.007435251015822946,-0.006968320062261638,-0.015133100086815437,-0.010072655518798913,-0.09035428219950543,-0.041092617875058995,0.04169263026328135,0.03106550259607977,-0.15943688907639703,-0.08392013889293135,-0.009838800162336042,0.029107591816157012,0.018670781470889297
2025-08-28 00:00:00+00:00,BUSDT,0.24051049957516146,0.4568503153488387,-0.016985240015464767,-0.0011480324364656277,0.00768074716583776,-0.019065029918052184,0.07896826438939795,0.0531425232376325,0.013715121886418177,-0.013199652619866808,-0.05769797111833906,0.06956364525457563,-0.010165076566724718,-0.025904948268131743,0.025091306125342605
2025-10-13 00:00:00+00:00,BUSDT,0.2771867612293144,0.6749056723620043,0.018664717423469108,-0.00832972125160156,0.09227385951671863,-0.0015922420945525956,-0.07963842736158881,-0.015937378937924143,0.10743688329157605,-0.04016304262059517,-0.17594714753760904,-0.01745779581547466,0.021661815576900455,-0.04807273841845815,0.05627235886827657
2026-01-03 00:00:00+00:00,BUSDT,0.476769120800572,0.34686553202960146,-0.09168991473160057,0.0060778672037985005,-0.03630988529493473,-0.014966406112714941,-0.03237860979729254,0.035707280933878274,-0.02333061472044047,-0.012896327429164498,0.005122296761598297,0.010931018012118241,0.017016344194314324,-0.01401014076636185,0.0079578332097598
2026-05-03 00:00:00+00:00,BUSDT,0.3019041769041768,0.43051335118397116,-0.18051303584292333,-0.036217753481305105,0.005257226798501997,-0.0018274960546122497,-0.28006183859859846,0.13086459986893947,0.014512601166270778,-0.010358888551007528,-0.1935132815619412,0.06455633500498523,-0.1447396669422128,-0.06794855713475509,-0.05213084639696144
2026-07-10 00:00:00+00:00,BUSDT,0.41040100250626566,0.35430753491178474,-0.7144405535684735,-0.0002966942728804753,-0.0003157793143200735,0.015571077113125682,-0.7174002438105601,-0.006584864351154809,0.032636131088711176,0.028353429539797415,-0.6379205479962766,-0.02914299378321967,0.028289778109191487,-0.06692267254816373,-0.022093304320379925
2026-07-18 00:00:00+00:00,BUSDT,0.45510026155187444,0.38174925796843273,0.33930992364361967,0.02099540839236618,-0.03628444260266962,-0.010730952037132792,0.3684346133948748,0.05821976134818137,-0.058664432875067195,-0.009256480949603529,-0.05976745928503285,0.014193481100707964,-0.02778178500699708,-0.04446767275443545,-0.004667192698949707
2023-03-29 00:00:00+00:00,C98USDT,0.2727272727272725,0.8594896406136175,-0.127751961569333,0.008909716151802785,-0.016113362650852447,-0.005792344616486658,-0.0897790430430513,0.009128630277412838,-0.038070031808182435,0.001989718765749546,-0.04796379996399887,-0.014071340404865268,-0.037254016104795125,-0.0015956630688103587,0.05640701151302603
2023-08-08 00:00:00+00:00,C98USDT,0.2070671378091875,0.91952927408735,-0.004942553966084314,0.0015049271255643953,0.003303416454306149,-0.00495753273896955,-0.035839552643927144,0.01458248177939817,0.0054112209180864485,-0.01946591538618284,-0.07237886070994712,0.011259759432071179,0.007132823560983633,0.009987226100617166,0.008907939714992407
2025-10-02 00:00:00+00:00,C98USDT,0.34907597535934287,0.8865659469876033,0.021760356923553385,0.0012807735235069494,0.027431746729387314,0.006093625322967368,-0.0030080760751669787,-0.007448314051075505,0.10064095005612836,-0.004084578125561693,-0.0652892593337186,-0.007870210386953208,0.08636403953167843,-0.02446266373689195,0.037774752879211435
2026-01-31 00:00:00+00:00,C98USDT,0.3877551020408163,0.863589561535482,-0.24078808529639784,0.020586165204889668,-0.009826972700715957,-0.0033780180161025195,-0.0020261022775652227,0.02357109487193724,-0.014521391314076731,-0.011404044369886368,0.20257244210779266,0.011954864632801872,-0.1379070954440905,-0.006265369762026426,-0.11340614659937294
2023-12-26 00:00:00+00:00,CAKEUSDT,0.21186063243002518,0.6094892379783836,-0.02152776969721361,0.023882157296636137,-0.026329867245192946,-0.006882995753014881,0.02101876834180276,0.024127592800925093,-0.019910708303865966,0.008258955605813132,0.008898674867247346,0.027826603641298985,-0.04681976037559132,-0.04631531195263622,0.012445147196705378
2024-03-13 00:00:00+00:00,CAKEUSDT,0.22004188136749736,0.7619996569309488,-0.017441501046318655,0.0016788511473223623,0.008816644258063123,0.011337070143715367,0.018801117107787396,-0.03769618405319446,0.02453810851583771,0.021004362593488,-0.06663823790758712,-0.0554324423504015,0.07494862095556894,-0.023874370066311455,0.022823107109040317
2024-11-27 00:00:00+00:00,CAKEUSDT,0.20398884346463886,0.886986362197671,-0.04157452467653829,0.0102971202816219,0.00867574805385447,-0.002572152441047902,-0.11545400353778894,0.0412517013571624,-0.027068115281368127,-0.02002911570288111,0.013546080360618364,-0.004244200203074864,-0.03606649954498688,-0.02239203420218013,0.06685644172549603
2025-02-08 00:00:00+00:00,CAKEUSDT,0.20929070929070948,0.9058238870613884,0.038473809565574855,-0.0026510689583236257,-0.029831412560701737,-0.043133553582052765,0.1263438007101298,-0.006459077443305527,-0.07906539085059142,-0.050373409362401,0.41581935782847784,0.0022279810170456765,-0.04786003374059603,-0.05904176750668042,0.044861639732448534
2025-03-17 00:00:00+00:00,CAKEUSDT,0.41213177422981784,0.8458269668489222,-0.025713134479998623,-0.018914875373096135,-0.021343004998804618,0.0040834616279890445,-0.07493784733493504,-0.06550209042187036,-0.004871351527267193,0.009933257040622137,-0.0199448490838379,-0.07441194328778238,-0.07576265638765134,0.0192418838146436,0.09752592523893222
2025-10-12 00:00:00+00:00,CAKEUSDT,0.28975598700611904,0.8095499564839914,0.03440331986964808,-0.041404461829595576,-0.06975504885623057,-0.0051137266586469415,-0.09182801863346901,-0.0625262093264288,-0.04976305608630272,0.06768171429299288,-0.12672854377384157,-0.09601507110927476,-0.03700908222524838,0.03865620553876965,0.16768188409171278
2024-11-09 00:00:00+00:00,CATIUSDT,0.2080404835535563,0.7871316505862673,-0.07001956682312135,-0.03388295468875711,-0.012826831390634303,0.017198121383637927,-0.15215391123483607,-0.05855833857011061,-0.008900806929582032,-0.0019339343505212678,-0.1102646153031634,-0.07459176286709103,-0.030974407250926882,-0.011400798342307568,0.1618542256363054
2024-11-18 00:00:00+00:00,CATIUSDT,0.359283768003114,0.7368104105267985,-0.07485322657797985,0.0032668091203695835,0.00791658932142233,-0.0034033413529170184,-0.11111899389060881,-0.010664454636688508,0.02713449292322771,0.012482603852374657,-0.3545333712846095,0.02598468790495413,0.04616228561924691,0.026574364101725832,0.06627670073238642
2025-04-30 00:00:00+00:00,CATIUSDT,0.30480656506447823,0.6478194326399455,-0.1541587221319856,-0.0705909340995112,-0.012882281044232956,-0.0035427366797172676,-0.20632903862910895,-0.11107705553570273,0.029444242114350684,0.027782238446804053,-0.2879867600268329,-0.18872779754149074,-0.11219201632091447,0.04954945895911952,0.20281307053931769
2025-05-12 00:00:00+00:00,CATIUSDT,0.2899353647276084,0.7282179053773367,-0.06978767868788904,0.0023544977408487683,-0.0550358596651356,0.0007942883418794982,-0.15272642690591992,-0.06084009593488526,-0.023838514884839065,0.005224027618675858,-0.20990102397651741,-0.09639111249198941,-0.06541918334851884,0.02112618342641493,0.014161268235303259
2025-07-15 00:00:00+00:00,CATIUSDT,0.21511627906976738,0.7830748583034659,-0.06645236409587615,-0.0007435438423049993,-0.003145687840253034,-0.006456680162300318,-0.13136642882500454,0.00014613955923941621,0.03186503428151399,-0.009658072258300277,-0.15734059149194393,0.002818478307091524,-0.05654899089431294,-0.01712977824763166,0.0566628751206689
2025-08-27 00:00:00+00:00,CATIUSDT,0.2601654031702274,0.8701426017550313,0.009668954085164501,0.006915639507681282,0.017683402846948065,-0.005285499286089618,0.008473124767453936,-0.007276427047171227,-0.007349073767998609,-0.0069444340792465835,-0.1647934503118798,-0.019686559363852375,-0.009792839880065261,-0.024280378060875043,-0.00905180364733158
2025-12-20 00:00:00+00:00,CCUSDT,0.21343069188412733,0.47344438873804123,-0.056965205508040406,-0.0013792710420055935,-0.027334699354863334,0.027163597019563217,-0.10698480870711269,0.0038082166284572573,-0.0339510216073359,0.009524191366496345,0.08442546268130077,0.06151141114382654,0.025061196003397446,0.12649867912810586,0.010176017255168635
2025-12-28 00:00:00+00:00,CCUSDT,0.2331810995959951,0.46323486889978227,-0.07701434801218299,0.013919098334569063,0.006015328433413022,0.009632567181712057,0.150218894085751,0.08643213052866307,0.009694307382194175,0.02163732239234572,-0.004599169548168386,0.13087797826401978,-0.01692524090815128,0.008571620947638112,-0.019587439829291942
2023-03-29 00:00:00+00:00,CELOUSDT,0.20701168614357268,0.8748774459586997,-0.10122772852464018,-0.004233411137086937,0.012417540575559907,-0.005651274167731506,-0.10024983155192548,0.08091488010291756,-0.03619502724473468,-0.022870707235381742,-0.07337954016961445,0.11117556261703607,0.01171645610110863,-0.008794820614701113,0.06142848759843698
2024-03-11 00:00:00+00:00,CELOUSDT,0.5111111111111113,0.689980984521519,-0.1438124973704512,-0.004885297102330499,-0.03477544841676513,-0.020355655271125057,-0.18207485311684096,-0.019476738799953503,-0.06816428726184458,-0.022071969179249678,-0.24845998335630737,-0.02720348598238308,-0.06833664725438587,-0.056099959656839324,0.0386870652927478
2024-09-25 00:00:00+00:00,CELOUSDT,0.20733944954128436,0.9079642028694203,-0.07265196878211552,-0.013415877494527417,-0.016129391828199384,0.0019560427441363813,-0.02790286962727183,-0.023079961875431265,-0.015539048513569012,0.046192781203406134,0.1658077447565731,-0.02980216559426465,0.04889774443290244,0.03642802861289421,-0.012033823515015895
2025-10-03 00:00:00+00:00,CELOUSDT,0.22297297297297303,0.9423862025221925,0.01601950991738922,-0.0031894059040404,0.08160687914965112,0.009319837158745212,0.16996775123846025,-0.007507134194847109,0.05810845426323623,-0.017676028591425707,0.05686773199385914,-0.07305415911470929,-0.021107432163529838,0.21610556038855716,0.003276056042609554
2023-04-16 00:00:00+00:00,CELRUSDT,0.2070578231292517,0.7424073799017917,-0.09354792143236168,-0.00040730005462229766,0.0072585416849951356,0.020442869840343554,-0.044552530274336616,0.02225970847685168,-0.017128185172506957,0.009237119646271257,0.04895013796106121,-0.008691140629996978,0.010480665166270876,-0.003160071141553028,0.036749190950210495
2024-10-12 00:00:00+00:00,CELRUSDT,0.2131280388978931,0.8670631613377401,-0.051516192750217044,-0.008056743076623744,-0.010489164930588074,-0.0037236478430214743,-0.10818506491327891,-0.014922846596429418,-0.059157371226457034,0.011416709887898321,-0.1528515104151319,-0.008447231896378967,-0.022072125697371277,-0.00548012582921629,0.03416012941212836
2024-12-06 00:00:00+00:00,CELRUSDT,0.24118129614438066,0.8091987920763261,-0.048791156850264465,-0.005553842834585085,0.0002161295407506935,0.017124076227611945,-0.077167564746484,-0.060325738804373585,0.012886693257214654,0.006414245929482002,-0.07481684153605839,-0.017965494274816023,0.06927191341500638,-0.0433989545986415,0.05533918207887362
2025-04-24 00:00:00+00:00,CETUSUSDT,0.37423179813462526,0.9072552500185873,-0.04716158315940565,0.004497758481202805,0.019265476244572116,0.03473938707962997,0.007628482682799677,-0.013292511756731901,0.025729072346327164,0.0023071050728752348,0.008999222681231323,-0.014297530331445573,-0.003990789484362533,-0.029617972647999487,0.03843701524898515
2025-05-08 00:00:00+00:00,CETUSUSDT,0.2143311089926916,0.8090120747190579,-0.10593055460780319,-0.012078733646137808,-0.02847375804334714,-0.014113300594664818,-0.1687296478961779,-0.02837880680128384,-0.12060379182892773,-0.02317541962058636,-0.15401530181307993,-0.0376421022673195,-0.2012555891360977,0.018196743227383724,0.19072888593816367
2025-05-27 00:00:00+00:00,CETUSUSDT,0.3049539261242813,0.6659082680480714,-0.03543749945138364,-0.001874842522790633,0.019900780986126614,0.002308458583729859,-0.03749399375174645,0.0883571896870885,0.14970180800693655,-0.0318806924969581,-0.06827690553425875,0.032239983606330895,-0.09541151685401812,-0.02385857346730379,0.015279802360479744
2026-04-20 00:00:00+00:00,CETUSUSDT,0.2289386006663492,0.498909629919374,-0.05068833417833749,0.00012368394925393495,-0.024663794760267466,0.025591876311535422,0.010945003855844952,0.001888910408333596,-0.06451655431107754,0.011131162285599776,0.10651739718495654,0.020588422034623584,0.026061468074358378,0.05371257512523224,0.026436478745214133
2023-10-24 00:00:00+00:00,CFXUSDT,0.3401709401709401,0.771416506729506,0.07755290270779508,-0.013808380469445459,-0.01597988253078376,0.008546857376532688,-0.029107165887469325,-0.015938850497254953,-0.052643855444631724,0.03141969470396265,0.0586776963097072,0.0063627490496438845,-0.06850901858387023,-0.014808037936301126,0.019296458906513193
2023-12-04 00:00:00+00:00,CFXUSDT,0.3299155609167672,0.6497103787620218,-0.045805363679121594,-0.002112323226525778,0.03045042399658871,-0.014307031814837334,-0.10088879716744259,-0.00037140671632526003,0.016846354003726922,-0.034068068498345136,-0.20534057850666076,0.04191730655135619,-0.040104377371835434,-0.0680364013825225,0.04372466879311945
2024-01-26 00:00:00+00:00,CFXUSDT,0.20948827292110872,0.6697439233999146,-0.059386261072491536,0.01478046476274197,0.011652311852910383,-0.008147911048667206,0.02618667553530185,0.00265470015328525,-0.02310263295333807,-0.011299100467968686,-0.08196682087042398,-0.010223096175534501,-0.06489688219938473,-0.02033741896855894,0.031685009701831676
2024-07-26 00:00:00+00:00,CFXUSDT,0.20132350934643206,0.8522077702834085,0.01571050352047931,0.015161725895403799,-0.008913744713303359,0.01656520226642204,-0.04277139665492645,0.017502548930858713,0.03632186403304712,0.01308279630346657,-0.07439537364565185,0.019420216902362654,0.1922553845396638,0.04102565421719111,0.0677983506428526
2025-07-20 00:00:00+00:00,CFXUSDT,1.0753134131397868,0.8616269458959757,-0.010047575949952535,-0.028238417856780496,0.0011047204223374734,-0.05658124393264983,-0.2256154373079981,-0.05316325176931376,0.04792173772709929,-0.06964812995184579,-0.17725543357733048,-0.0720043974920566,-0.005451398200487409,-0.07109550979668058,0.033696836925956264
2025-04-28 00:00:00+00:00,CGPTUSDT,0.20789419301508572,0.9275728572269077,0.012842109052182775,0.0024870638795125937,0.04506552734627241,0.020880029198773093,0.11340035412499068,-0.01959756425962931,-0.0017762385392846073,0.0507720441214846,0.03179556467826964,-0.09613397988954916,0.13821401561128382,-0.019628798433677735,0.043682955134385935
2025-02-22 00:00:00+00:00,CHILLGUYUSDT,0.2377622377622377,0.8054702795609193,-0.08417573010176241,-0.012003507733679867,0.02125234427772469,0.014290070133196706,0.04985793462758556,0.08851002192511473,-0.12075861203982381,-0.016017272518758077,0.10250626173061647,0.08569994034478723,-0.14495538136607689,0.0027913936286066885,0.11263583304387623
2025-04-17 00:00:00+00:00,CHILLGUYUSDT,0.23980099502487562,0.8355851413844633,-0.14309865191189688,-1.279540677508878e-05,-0.04588946742866088,-0.004831910342479375,-0.22205908740341362,0.015225925455242392,-0.09592797426012574,0.02500881932426093,0.035015837233838804,0.16720661904118997,-0.20031278014376247,0.11243698991843835,0.04758045476979218
2025-07-02 00:00:00+00:00,CHILLGUYUSDT,0.2504896626768227,0.8024103839502048,-0.009364022084160617,-0.035342851479211373,-0.004795585410508714,0.02109365930370365,-0.01519148880446729,-0.06407663600081419,-0.06870350582216891,0.0373088263699534,0.09250908933570465,-0.03677910396166573,-0.10733465277086836,-0.001881376247796901,0.14689950461671905
2026-05-01 00:00:00+00:00,CHILLGUYUSDT,0.23541408051072876,0.5141422286434854,0.14460728205691936,-0.012095171626719099,-0.004896490522345707,-0.008140205146332841,0.16332965189312623,0.05276388743653924,-0.01445614304571961,-0.03818891805095746,0.024163828252680486,0.06051813412115693,-0.054876666770988215,0.014586986505692873,0.033177496478913174
2024-01-03 00:00:00+00:00,CHRUSDT,0.24220963172804533,0.7156424486662439,-0.03815381037447153,0.011249250533845238,0.02576647107953146,-0.0036268135299386286,-0.1203959404980635,0.10314520237432105,0.021473718530741353,-0.003862386102744876,0.03638983652255001,0.04501631985793571,-0.03678666207810262,0.0009426689363346396,-0.0723182707510501
2024-02-06 00:00:00+00:00,CHRUSDT,0.20423821702594092,0.5847556865981134,-0.08948871333687941,0.09557224252416671,-0.0017475962533626357,-0.005591769031914638,-0.07919532588996454,0.13216338136903322,-0.018817794712461373,-0.007534270271552751,0.0006851847458228949,0.1197361687954219,0.006329449686109598,-0.03704970745506998,0.01433187788297774
2024-02-15 00:00:00+00:00,CHRUSDT,0.20455184040460805,0.4487555511996626,0.10833969175690324,-0.024148163176718578,-0.001154081919236305,0.019467862477680575,0.0894680973121134,-0.04762701054227747,0.03560795023815641,0.023906226495874785,-0.09176246197186846,-0.08593985486214589,0.07131180380025703,0.03737125209893634,0.01747448092026438
2025-12-19 00:00:00+00:00,CHZUSDT,0.2448624172762104,0.8950822964538778,0.02349557607173513,-0.015736574921024375,-0.1261833112015445,0.006436856853247665,0.01342204313524785,-0.03377594044657574,-0.11277856550220537,0.015451727881545635,0.033718974850842826,-0.04955558815028455,-0.1502456146225531,0.03431640498227599,0.07034650280890833
2024-01-30 00:00:00+00:00,CKBUSDT,0.2244712990936557,0.841181009785515,0.130674525056573,-0.0013242714265803979,-0.01159097943678584,-0.010269332474172655,0.0057668183047363125,-0.010307723552489,-0.03564812206815945,0.007314545057323399,0.22287146662575702,-0.024457677374587632,-0.04714262042298825,-0.002264489434964002,-0.020115881622563347
2024-02-12 00:00:00+00:00,CKBUSDT,0.20867551063381784,0.4312468087153677,0.47320223895246993,-0.015607398012987222,-0.017005993441199137,-6.843823053127099e-05,0.8703330385153781,-0.01203809169478295,-0.06946040809228346,-0.010709385471483857,0.5805728007855546,0.03266536769037095,-0.12310194191582231,0.0008444241760286436,0.04193461756369969
2024-02-25 00:00:00+00:00,CKBUSDT,0.37317217479503006,0.4619815038655398,-0.08133743810093062,0.018996300483017505,-0.027185891669096785,-0.0055502385082994,-0.030057484516844472,-0.021387021510588904,-0.06410258763204642,-0.005798371281744398,-0.19663194795523473,-0.03933790771453628,-0.10459094727760516,-0.03750699184595456,0.04962427040091779
2024-03-04 00:00:00+00:00,CKBUSDT,0.3661712481915034,0.45871436679430966,-0.0941645730508029,-0.01612695179899532,0.029686894112399255,0.027396514974138454,-0.07556710997164523,-0.043069729070554605,0.021071239619935983,0.029138110812881375,0.06885955345361795,-0.05617821432144441,0.062998206617826,0.07390954341314218,0.044888842534883525
2024-04-06 00:00:00+00:00,CKBUSDT,0.3265176395804641,0.5225529202442372,0.06601319242831367,0.031910574347173856,-0.024442739781794637,-8.232094395466474e-05,0.27363416695499954,0.029479068591215567,-0.027502127342561838,0.004229163025666505,0.299172340266039,-0.01064915874294337,0.09065567211524148,0.1010331946902708,0.06037063649462946
2024-06-04 00:00:00+00:00,CKBUSDT,0.24894405094548056,0.7040455751232141,-0.06755014462375084,-0.004099390037798145,0.006976937228710368,-0.0017683352871588434,-0.03172718115356524,0.023153812768288023,0.016606755876754163,0.02629887963165072,-0.10171668311190236,0.0096549806279994,0.06713528021162005,0.036531481334206396,0.03624093478710261
2024-08-23 00:00:00+00:00,CKBUSDT,0.2911362284354553,0.8494014385721076,-0.03674265290049298,-0.0007388251733430592,0.002241087694318136,0.00022308252600473818,-0.08260136401716109,0.018828181332264732,0.034355317829171825,0.006450559781308462,-0.09748163268394597,0.039641237697628215,0.05439070651749399,-0.009925024767565559,0.07277056345596267
2024-09-13 00:00:00+00:00,CKBUSDT,0.4999449278554906,0.8595197591966824,0.06103519303256444,-0.013699172767130122,-0.004156137601330189,0.010997732195323299,0.18291851096893444,-0.03685358846593199,0.0549684161733746,0.0002483147188180893,0.0857113257526757,-0.050810915863763226,-0.024919737399580512,-0.010713318447054617,0.05062333118404503
2025-07-20 00:00:00+00:00,CKBUSDT,0.35029266096352996,0.8940444752296788,-0.09642607213942665,-0.015036726038869571,0.04594253093868454,-0.009511018618432007,-0.14118660444137054,-0.017667282137329383,0.08121908607722014,0.010258376084753213,-0.03007041273554263,-0.024370980861998112,0.03893720924972658,0.0037162334268551283,0.04496786747404
2026-01-27 00:00:00+00:00,CLANKERUSDT,0.2155963302752293,0.8006405713693467,0.05450130625750884,0.0035692130011460224,-0.009377146955867296,0.014375267171559524,0.5101120314675252,-0.008293166362887742,0.038143233328180065,0.004687777015291665,0.2339700318720256,-0.016136603694456304,0.12263950466629989,0.03764533553219594,0.013128730158479419
2025-11-27 00:00:00+00:00,CLOUSDT,0.31712218649517676,0.38905915090093685,0.06362898010900774,-0.008823043687043838,-0.006363891759341311,0.006933957246667693,0.22346136933571026,0.018292808279532648,0.009555186026076657,-0.009839232116191426,0.2074857539853144,0.05822683447003527,0.07671754253536447,0.029501897755942585,-0.013376495430081015
2026-01-05 00:00:00+00:00,CLOUSDT,0.453832442067736,0.24208725893605484,0.2630222028750887,0.011615779217901984,0.008200050695552633,0.014203711080623117,0.6623162720530757,-0.030886981117038033,-0.014108038919473523,0.019473237106474903,0.6330545823453945,0.05045474512484198,0.010347529409780643,0.12514253195396657,0.06528409036449881
2026-02-12 00:00:00+00:00,CLOUSDT,0.35592948717948736,0.28957803163622803,-0.02020870583876565,-0.028601138646923707,-0.03374717542381883,-0.0067336107726883535,-0.26186210262439635,-0.09136468734702355,-0.0562422366563334,0.019579117019747207,0.03409395551073671,-0.18141741208464363,-0.064754718564333,-0.007231265667955339,0.11496699333756295
2026-04-11 00:00:00+00:00,CLOUSDT,0.2079407806191116,0.3337617946329175,0.039568977555421346,-0.04351515844004656,0.20843589589910602,-0.04460667945976899,-0.027695783921327717,-0.03011678433699072,0.4191720721236817,-0.11265726067713736,0.31405828532784363,-0.09112579969280019,0.10468358597880176,-0.04024013658243926,0.009238291190318293
2026-05-07 00:00:00+00:00,CLOUSDT,0.3048916064480267,0.3207240904654841,-0.024851144745971734,-0.0025114735195218606,0.006475378488545654,-0.0012604832235357257,-0.22216386204412394,-0.00867027542340397,0.04844586500146108,0.02071234211046442,-0.2021794271156379,0.03584080493383645,0.07221792244720028,0.0015846754672020629,-0.004155659960960856
2026-05-30 00:00:00+00:00,CLOUSDT,0.2642112578179292,0.2894836048779036,-0.06944883847212763,-0.027282999898743544,0.0108220960257773,-0.023594519204769286,0.4845296250158901,-0.029386669558038248,0.08234844385541351,-0.024247004660299765,0.9828150654520642,0.10068522356372131,0.18900184076301607,-0.1252305657998882,0.016942115502485987
2026-07-07 00:00:00+00:00,CLOUSDT,0.36612761350564993,0.2963820514338851,0.0018114014271172901,0.0027713073461059492,0.02932206428822596,-0.009747795233273479,0.027658789887995555,0.03861309797468414,0.029743714049191322,0.007541675083688358,0.08175518807291472,-0.08016616105663657,0.05507258726993819,0.03076536115582893,0.1385492294381328
2026-08-11 00:00:00+00:00,CLOUSDT,0.22026031681969527,0.28419680855575935,-0.02872883549587322,0.04991817838654349,0.000934475437458733,-0.0339955836807979,-0.02201527227087731,0.08177437760305536,-0.04026300734110242,-0.03900016679939059,0.18239933711920256,0.17492340601671555,-0.11643734312782912,-0.08949256231085856,-0.00585116505517938
2026-08-27 00:00:00+00:00,CLOUSDT,0.2806230823696012,0.2892180831947852,-0.03177466783373804,0.021834223624903594,0.11172100049358691,0.0075114018773122775,0.23443558919503865,0.011485490566731808,0.16230518148008824,-0.0037890487937648947,,,,,-0.013287171464303226
2026-02-13 00:00:00+00:00,COAIUSDT,0.2017937219730941,0.7265626646671244,-0.038516754564023835,0.025554526884053175,0.0024536359543131736,-0.0004458306633773557,-0.14400703463698922,0.007383867682560903,-0.025578456791509552,-0.007069192641311435,-0.2160717744250791,-0.010229781984443864,-0.012978986425462824,-0.005344669487743336,0.02839963872529503
2026-06-11 00:00:00+00:00,COAIUSDT,0.3570493234395462,0.6511125854703944,0.1719697054737312,-0.005975103912516451,-0.21650272908335538,-0.008318672657900407,0.130556975699947,0.011929339467789069,-0.3695345981534989,0.03619439717429812,0.10415529416545982,-0.02397136134025015,-0.2882721391328974,0.00045318207196003016,0.06152432784449733
2026-02-24 00:00:00+00:00,COLLECTUSDT,0.32215399149740187,0.294873555030522,-0.12107805182933101,-0.05522382631021564,-0.028075218984184754,0.011789812641109707,-0.4414992975714624,-0.10229798264096146,-0.04323501847706775,-0.012502683206941317,-0.3365891737341609,-0.13565107467084783,-0.06141046071469606,0.007390985751461526,0.04921086944950479
2026-03-09 00:00:00+00:00,COLLECTUSDT,0.26454779154007935,0.3334265244186619,-0.04697769756771613,-0.03215369806875628,-0.014078939557490266,0.011334538138147637,0.1665167945148763,-0.0848605809462655,-0.0145578715250476,-0.002464848220489672,0.36312467170198715,-0.10485152838178076,-0.04494454836685441,0.015032198791332213,0.024746722041736245
2026-05-08 00:00:00+00:00,COLLECTUSDT,0.445253059874297,0.41119750337150246,-0.10446824032181654,-0.01660767917518451,0.021342169521632776,-0.014201067914101423,0.10177104430052145,-0.01790583123859848,0.023182348829721484,-0.0413534783347326,0.3704388387876658,-0.03044122513453869,0.14304835307339642,-0.016870217792939957,0.03131610272634844
2026-06-10 00:00:00+00:00,COLLECTUSDT,0.3526807673389081,0.438596240651467,0.03342231133395629,0.03417508338243052,-0.07287290493413105,-0.03346445966263219,-0.1085100629699362,0.046148173361983034,-0.07993205282023806,-0.007315692787530736,-0.2538509656029084,0.04302612249548936,-0.06360904486469145,-0.046466426841024554,-0.05027190783404589
2026-08-29 00:00:00+00:00,COLLECTUSDT,0.25056913036879647,0.3241151307042261,0.002450085993059674,0.0059769563342839845,-0.03580824576622378,0.06884024258562507,,,,,,,,,0.006639128013448436
2025-02-12 00:00:00+00:00,COMBOUSDT,0.20127569099929143,0.9437700987670216,-0.03735285979912927,-0.023181506203703316,0.019103177326302307,0.01667339955821944,-0.051060963117065566,-0.05684905700277364,0.07608612918741227,0.008579074737572759,-0.01891488862064464,-0.06505785757387539,0.11262924156230343,0.04377433255640844,0.21987420686812112
2023-06-25 00:00:00+00:00,COMPUSDT,0.23901639344262282,0.8966481992811058,0.03252354828244106,0.0007367220963398174,-0.008329800978417446,-0.0033885471579732707,0.1263252624508576,-0.003528066648220645,0.024047481376807168,0.01745917327027816,0.5884637189125155,-0.003006360494175149,-0.06730948334559834,-0.05612646611231348,0.028961835328339493
2024-12-04 00:00:00+00:00,COMPUSDT,0.3765149782757833,0.7873311418004014,-0.026811146414739057,-0.025399117530545336,0.049538715613923215,0.016300579587861554,-0.011385230079410114,-0.02502003486100992,0.06579278419740346,-0.005851864555180447,-0.040785658615471024,0.005718781705817311,0.120568509445044,-0.0323879647663327,0.00867239699075143
2026-02-13 00:00:00+00:00,COMPUSDT,0.285362853628536,0.8813554484539932,-0.04993128027188655,-0.009894539758201615,0.026208702227908783,-0.03929049063451727,-0.037096304323307024,-0.001701657368796862,0.023940279995463873,-0.04031486860023119,-0.08408677991362937,-0.011526596177168178,-0.018554161528601842,0.00431648196409754,0.045446065805095824
2025-04-29 00:00:00+00:00,COOKIEUSDT,0.2638121546961325,0.8056515143843033,-0.005834097681287651,-0.0018913384036277152,-0.03521021130772387,-0.013260328418727773,-0.03321457637595445,0.0036854187462464208,-0.04234759062384025,-0.016764245972648847,-0.048746625279151704,-0.03491949846950378,-0.01400210390431066,-0.043366405708102844,-0.03624685208232394
2025-05-21 00:00:00+00:00,COOKIEUSDT,0.43456162642947893,0.7922980940712183,0.0964312368933736,0.0027271991248950895,-0.032358498187514156,0.0365468644627312,0.3229743980290602,-0.0012127560234375984,0.04532938061405495,-0.0006820011092522286,0.1031965070778912,-0.015294160984253593,0.012943728276658129,0.008168559097324578,0.007716177978104444
2024-11-25 00:00:00+00:00,COSUSDT,0.2609579985762229,0.8319668573646302,-0.0631576278273098,-0.005187376446170749,0.00847953847260104,-0.007085504845597004,-0.09971283346527418,-0.01867952714576639,-0.029702826050106462,-0.018102718691575856,-0.16379010346712497,-0.02657413505368227,-0.12138107867175627,-0.02544417606027169,-0.007671296360450696
2026-04-04 00:00:00+00:00,COSUSDT,0.20847457627118637,0.4745878370370752,-0.11632210201685529,-0.03623869998796942,-0.020632513858433878,-0.002237715919004079,-0.17167282931364597,-0.06878245308282167,-0.07061847872607621,-0.024551565652781045,-0.204751624267387,-0.042146766467687155,-0.03516443631044379,0.00025386593425650027,-0.01783849971508449
2024-02-09 00:00:00+00:00,COTIUSDT,0.33183673469387776,0.8014514163226772,-0.122203382152913,-0.0034457655060835418,-0.014480032601144333,-0.005125521350495403,-0.16363825328574005,-0.007336888461418702,0.04197770679950203,-0.0009069306548290703,-0.20130544138922823,0.039204267128198036,-0.043317252207036416,0.09612903026732687,0.03370909738721421
2024-02-23 00:00:00+00:00,COTIUSDT,0.2301077394484532,0.7058465715648102,0.3068449312465408,0.018253349801236253,-0.0055632988764784804,-0.0008181806975283118,0.613656940649558,0.09960599287663818,-0.004816568061560933,-0.0015343669916311788,0.28719644373516223,0.07686794001500093,0.07085222886687711,0.11666355593960162,-0.0006570250612677353
2024-03-08 00:00:00+00:00,COTIUSDT,0.2331558117945962,0.5852985048613133,-0.03684362283980942,0.02093007764379511,-0.043158764415939674,-0.017373232338041437,-0.11286777162471784,0.074628384105595,-0.06605545323786276,-0.02341192622982738,-0.21361501236427705,0.1025834237475681,-0.13909829113778263,-0.07292881264111777,-0.00987393974310038
2024-08-17 00:00:00+00:00,COTIUSDT,0.2067810238541945,0.8318634716497078,-0.00782841822580386,-0.0006580535254986471,-0.0005119943249525875,-0.006021906918036552,-0.013589827268319797,-0.0033595897802858195,-0.06514272580564709,-0.004441104447557337,-0.05450582155968456,0.03197129182550374,-0.1397006016947659,0.0094010377603366,0.020520608462472854
2024-11-22 00:00:00+00:00,COTIUSDT,0.36543769716088326,0.9156395433446832,-0.07162480587830664,0.05691476818494431,-0.058107317215334894,-0.018859686009157627,-0.14494882052970198,0.08820009301357865,-0.10360297278328053,-0.02680325590342783,-0.13776400055294966,0.06855619438408407,-0.1533764301813499,-0.02009839491713413,0.046104603831772596
2025-03-02 00:00:00+00:00,COTIUSDT,0.20311667554608426,0.9033938593456303,0.055905156682969026,-0.007943339902766699,-0.03507501016747349,0.011800115779987347,0.01220281342747577,0.00238388941334928,-0.05536776744271972,-0.013298330634726175,-0.02987231594652849,0.017191638948351056,-0.12613608735782292,0.05813479484387838,0.09278729193698335
2025-11-07 00:00:00+00:00,COTIUSDT,0.2962322848254406,0.9236398002611168,-0.03721368076358815,-0.037196925630711454,0.0016332991323559577,-0.0036570937309927886,0.21531215108610519,-0.043316553388647795,-0.09817637509994961,0.04145843730360932,0.11263063326093777,-0.06560502178560748,-0.05283592654596943,0.06980629030302135,0.20158830840826353
2026-08-12 00:00:00+00:00,COTIUSDT,0.22891566265060237,0.26615913767182586,-0.14681508879611677,-0.01245884241377548,0.024914263112395647,-0.0041955899868659306,-0.19264895444797459,-0.014283702253484359,0.03206416219376571,0.0565313154320395,-0.27301130364140946,-0.12723166562302876,0.06233743880295437,0.022857432330809207,-0.06629957542925463
2025-01-14 00:00:00+00:00,COWUSDT,0.21479245283018855,0.6370298500056096,-0.061820094318882315,-0.00764949205565935,-0.013563475272188963,-0.008142555243241721,-0.10940287912836445,-0.021319123208496427,-0.056490900328872364,-0.014924053211681627,-0.04569536549836171,-0.06385696923969592,-0.05734640627576064,-0.025132404638019124,0.038234241554827506
2025-02-25 00:00:00+00:00,COWUSDT,0.4237637362637363,0.7381608408388479,0.014683653262936507,-0.001782903168802391,-0.008611870471271618,-0.04275561972065221,-0.14762237596444325,0.026267397240460632,0.020310104516965653,-0.046862267153564875,-0.21506635399452867,0.016972467958468157,0.04372374972738313,-0.05762444442205239,0.05330466117805031
2025-08-09 00:00:00+00:00,COWUSDT,0.20085015940488837,0.8587659477823356,-0.04665623282920274,-0.00666545451232282,0.05949419426882805,-0.015964863211111686,-0.04729516078747907,-0.008045125495042755,0.10228691452873817,-0.027199036950472367,-0.09988088016617931,-0.0061552637238637565,0.12893462426724042,-0.058433721835598675,0.02813596545349754
2025-11-15 00:00:00+00:00,CROSSUSDT,1.0330341798739737,0.8374089870729531,-0.5717618242615251,0.0478996408510202,-0.04214738568073757,-0.02850058175535446,-0.38222619925592466,0.06542320364234264,-0.06698010906413869,-0.018930678530209605,-0.3881607855937605,0.08979698372067575,-0.08585638045173814,-0.03889447500221167,0.013541420940594361
2025-12-02 00:00:00+00:00,CROSSUSDT,0.21572139303482585,0.5634012681191611,-0.03045504957007857,0.023657897693671017,0.035580646557833495,-0.0022545467235854126,0.01862961752960904,-0.004074843362283503,-0.04188905886834236,0.17353336199821984,-0.0027068700176628643,-0.02744404729859363,-0.2503352145861289,0.17701241535437975,0.03542679363706029
2024-08-12 00:00:00+00:00,CRVUSDT,0.23170731707317072,0.6687309592789498,0.01364912251000621,-0.0052574495820034905,-0.013809624523607877,0.01993766077552247,0.10640172425735825,0.0009540717534121335,0.010256101498620227,-0.01724711388859677,0.0004310872740475799,-0.018893272886152234,-0.0208597032596166,-0.0056374810270509125,0.06144593804179237
2024-11-30 00:00:00+00:00,CRVUSDT,0.2564575645756457,0.7039006759182065,0.0030420651788353598,0.03311484137715444,-0.021524193106048282,-0.004633970677772166,0.17469997401421847,0.08703184496353042,0.047283808084883576,0.04722190900892723,0.4117042506900433,0.09023364406952553,0.006356087243243075,0.07059782196068137,0.02055173349277474
2025-07-16 00:00:00+00:00,CRVUSDT,0.21635883905013187,0.8593487348845592,0.06613881086366849,0.00594671209683417,-0.032606515347146585,-0.011150257510537153,0.05103516995340496,-0.0008790656503938329,-0.05135158037865116,-0.01651806434549217,0.020984483864728662,-0.05047228724115434,-0.015674484234571223,-0.0034580472357550033,-0.0003058696521986537
2026-06-11 00:00:00+00:00,CRVUSDT,0.21337126600284506,0.7837133150405908,-0.054287668021121255,0.012316369893378299,0.03683448695558358,-0.01179014194405016,-0.06507234676972878,0.029756292878691148,-0.009706797099190579,-0.01823397683772384,-0.1258699051367744,0.030311925602502898,0.01807443710823707,-0.03294111544532477,0.038849634689368064
2026-08-21 00:00:00+00:00,CRVUSDT,0.20519116099614165,0.5194802275598562,0.014362871533658703,0.043605762348204166,0.001967962787874053,0.012734232571786297,0.03886872490791553,0.07565041072320972,-0.04592313672804118,0.03061364482407116,-0.04629321901674463,0.029146364148531233,0.020956246609681373,0.05633669634415529,0.1490660787685037
2025-07-20 00:00:00+00:00,CTKUSDT,0.22315973232470165,0.7273022143569114,0.009339202346593491,-0.015184070170595435,0.025720260976006527,-0.006888682503373218,-0.028024409109926703,-0.05658483268116499,0.018928097941652646,-0.0001076776041334715,-0.08064141176101124,-0.060524315471377356,-0.06337105580306054,0.13992914586640826,0.04740813188816162
2023-04-16 00:00:00+00:00,CTSIUSDT,0.4322653175941542,0.8470798742481008,-0.13126072243877004,-0.004995666544797289,-0.010112497097377908,1.3844901736148955e-05,0.1481129365308251,0.011033798972902187,-0.00694364734949596,0.03796474253371358,0.02467822978956344,0.025732765744238294,0.022178026440146166,-0.004581948291975916,0.030410013044090124
2023-05-17 00:00:00+00:00,CTSIUSDT,0.21162790697674438,0.6214174976564484,-0.09665067628713064,0.0022715170409709357,-0.00045810845785767515,-0.009548318212178058,-0.10809832735019322,-0.006598574202242866,0.0027963197088202297,-0.018964621803160397,-0.1658149652360559,-0.030214750960292684,0.05485324491533132,-0.019955707672438074,0.047322309404815854
2024-01-21 00:00:00+00:00,CTSIUSDT,0.4639175257731958,0.7289617630681996,-0.014093044364738981,-0.006667069094659743,-0.00012570286500377393,0.023818623877790684,-0.10900905963485752,-0.021290850389237066,-0.031734347187093434,0.017544176787661146,-0.049426256330485564,-0.02441315739856424,-0.03606589888445465,0.02481489903035532,-0.001009053777037905
2025-08-16 00:00:00+00:00,CTSIUSDT,0.4902840059790732,0.9526139567106451,-0.007183575346732841,-0.0068323294232420315,0.0012446137324272216,0.0097856781247544,-0.06858082823132755,-0.011898796905117828,-0.004403499095222013,-0.0224651860607601,-0.21846596043815908,0.0848798118625156,-0.045593224802762414,0.009957598550001482,0.0726130072985507
2025-08-28 00:00:00+00:00,CTSIUSDT,0.23529411764705865,0.7965097978365173,-0.06764482121742968,-0.014634877921878545,0.010281499019327761,-0.014589970203326521,-0.11662214639394582,0.02516481751410307,-0.011947922591775541,-0.007969018109600087,-0.10041368792641242,0.04161644044408824,0.04503379812010015,0.19247086709938938,0.026774810640503556
2025-11-20 00:00:00+00:00,CTSIUSDT,0.25558312655086834,0.9693577831650506,-0.045798530374043134,-0.01104221963287662,0.04310935716753946,0.024617024785007786,-0.04739238675411703,-0.011604331931114445,-0.034437328656896235,0.0359893042791067,-0.11243110247755048,-0.032734876054408335,-0.0414114020649061,0.039800802048046535,-0.016479647192542503
2026-04-15 00:00:00+00:00,CTSIUSDT,0.3301587301587301,0.4781010511238882,-0.1960769360183245,-0.012148056805470315,-0.01738123398282048,-0.03688391493645134,-0.22739893774210215,-0.10503087339195746,-0.06125792720426317,-0.04386032847409649,-0.2631954067063216,-0.07298783567317116,-0.15464188088991843,-0.060649893218204895,0.01368585158693778
2025-10-16 00:00:00+00:00,CUDISUSDT,0.5610374414976598,0.5652198351399642,-0.08652201273786292,-0.005924545901220072,-0.006799861431205226,-0.011031178857478646,-0.24122195026829332,0.015710972934858507,0.05547714195143687,-0.00030200770748173636,-0.1351936978295926,-0.03495811855335992,0.12495363594251359,-0.01917401845452733,-0.017236360179938792
2025-11-04 00:00:00+00:00,CUDISUSDT,0.36631330977620724,0.5176792047430272,-0.09590193114628055,-0.00397031076482666,-0.07337235168638259,0.002869349848465294,-0.3966445672855795,-0.021900157495574966,-0.2600000877911728,0.008292798780930161,-0.42057148465233546,0.003234272894304726,-0.27268973820169246,-0.0342006529541072,-0.1160727047096917
2025-10-26 00:00:00+00:00,CUSDT,0.2276029055690072,0.8220430903872327,-0.09906908538317055,-0.0037024654231568076,-0.027218661880962336,-0.01894785501677934,-0.09720155795254705,-0.005328155167520232,-0.07414262255112047,-0.01804394084890632,-0.14827347100417018,-0.03154870440202456,-0.03658493934789859,-0.018044538056733346,0.021793114020179073
2026-04-03 00:00:00+00:00,CUSDT,0.2522576760987356,0.4250507935574056,-0.024044512913646614,0.0031911980514768234,0.211047957442201,-0.018659833031335768,-0.06657319712722912,-0.01613624983513674,0.30676875529691083,-0.026980822084594347,-0.20883522071252086,-0.11428194495472661,0.32734460706867213,-0.04711393887298372,-0.0244704757804858
2024-02-18 00:00:00+00:00,CVXUSDT,0.23459845984598449,0.7925730582325194,-0.054884732313825305,0.005147710087505511,-0.018769696782669307,0.021115069908768637,0.12124866099761172,0.02667698539390918,-0.043168576609721496,0.07217297232258901,0.06764422359117171,0.05540171551039562,-0.0665074738028108,0.21261378570205008,0.04195549239089256
2023-10-25 00:00:00+00:00,CYBERUSDT,0.3159438508275718,0.550549607774734,-0.017217265164439916,-0.028792957840859855,0.008644417064576576,0.002707398853630424,-0.0524867968920258,-0.0174804919031382,0.010997006584516727,0.02072348717429002,-0.05595593549524991,-0.05554497753122813,-0.02349186966816925,0.006698909479214481,0.03046424593645262
2025-08-12 00:00:00+00:00,CYBERUSDT,0.6155928532755821,0.811721159626611,-0.030378542402162076,0.012631799665846665,-0.013968134507926047,-0.009656873662464753,-0.11508487410203895,-0.00454729811552004,0.034699575248979195,-0.044799845029011395,-0.13369489383982405,-0.014621374985013463,-0.08637710281216737,-0.05552240464864154,0.06726044753367169
2026-02-06 00:00:00+00:00,CYBERUSDT,0.20335741606459834,0.7599628080132632,-0.06774025621070016,-0.0033726010663674166,-0.021612961665253054,-0.0015648066009875967,-0.04613042719989345,-0.03372108450451631,-0.006039611614544993,0.003902877434286327,0.008689987758719167,-0.007741512128455466,-0.215322736187907,-0.032436464441008866,0.08707706565581293
2026-01-31 00:00:00+00:00,CYSUSDT,0.8341037493579864,0.3319277311449562,-0.03649482839795951,-0.010357972884609677,0.01754833047890344,0.03380914393990852,-0.010717514770266348,0.004993382663319392,-0.028943015053394784,0.0748319393198557,0.2682069184688726,0.0942941466924793,0.059374958026344696,0.11137172676876787,-0.11983871033438995
2026-04-10 00:00:00+00:00,CYSUSDT,0.3692579505300353,0.36576423381744283,-0.0205019965960156,-0.014455642115239207,0.22818142564577526,-0.023156483632987224,0.1673203184954757,-0.012318873822771675,0.3867684271434062,-0.057888577571904555,0.4796912047415886,0.049188899209670775,0.6641737577980956,-0.04455676040505208,0.061457253777158806
2026-08-26 00:00:00+00:00,CYSUSDT,0.22413000153303697,0.3808043143210472,-0.06278986336429672,0.032978273937989154,-0.02217810916685379,0.002194524238078965,-0.10973585529097953,0.07405089884522072,-0.04320217456805166,-0.010186489182274014,,,,,0.06119058637236976
2025-10-16 00:00:00+00:00,DAMUSDT,0.28684557853057635,0.6274439847161017,-0.030766725400400298,-0.01144749788335086,1.4291847942066865e-05,-0.005715408547297418,-0.10194994889008471,-0.0040321051204487745,-0.006732294502492053,-0.01737091724539975,-0.16131189325414724,-0.009316507440643523,-0.005064632056466106,-0.00888291176157233,-0.04005302683985055
2023-11-24 00:00:00+00:00,DARUSDT,0.22528517110266155,0.8319031926341495,-0.024021326304539542,0.005905719131200278,0.020934892112495707,0.0064415302080988255,-0.052793044279476106,0.03156333892346764,0.016940132522859003,-0.01083948279842566,-0.09570978600681387,0.05399463382888543,-0.007710980556709967,-0.02861267568171086,0.035064829850192034
2024-02-26 00:00:00+00:00,DARUSDT,0.4596923076923076,0.8752298497680838,-0.14787179599175948,0.04016543788663949,-0.0038341144603176365,0.013720159700720557,-0.25858014892280246,0.009857398072359844,-0.008446898670035641,0.013432658454864433,-0.24665477908957611,0.02537561747397471,-0.06439866944235983,0.10748861383041901,0.07340808269510873
2024-07-14 00:00:00+00:00,DARUSDT,0.40478223740392827,0.8585420219428455,0.006461438198405681,-0.010714141920916277,-0.043041122024576044,0.021733759475625093,0.13426216775843058,0.00571748976974952,-0.04480264954095324,0.0073458005050251116,0.11069361288369799,-0.02099678610107082,-0.04361905541896113,-0.0021557474672515274,0.03956086001161616
2024-08-18 00:00:00+00:00,DARUSDT,0.5705128205128207,0.7087885641528902,-0.10715636594920425,-0.011204893460199528,-0.032881947679811736,0.009623894850974238,-0.1368073758628912,0.007078550667027695,-0.09075329868046508,0.002817425725504645,-0.26595337164826993,0.010543580929696702,-0.14075592491579364,-0.01891387480006778,0.07446424501795672
2024-09-07 00:00:00+00:00,DARUSDT,0.39056457849961324,0.6442480419246217,-0.04004768969734268,-0.013527972196159138,-0.02439952027018253,0.016691148265238254,-0.16647909703100683,-0.00960595555672937,-0.039582859809015804,0.04426676642776962,-0.27183639596807985,-0.034799492697786906,-0.04440866996526212,0.028280724779179877,0.054648447012894355
2025-10-01 00:00:00+00:00,DASHUSDT,0.39196428571428577,0.8690044535192663,-0.005257285313548663,-0.014563428388128196,-0.037685975721713096,0.00340548702864404,0.07393292022882043,-0.019954801800786542,0.08640913214768008,0.01412554745755317,-0.01685833232309023,-0.04716149183112186,0.021921265871540557,-0.03181006741511362,0.07024510911402301
2025-10-12 00:00:00+00:00,DASHUSDT,0.345900809716599,0.6292499857968065,-0.1494168642406083,-0.07143433806038872,-0.011220984701413594,0.003446829418767429,-0.13442191152969257,-0.08711015272736922,0.029390462569342655,0.022856471135729424,-0.16076387574697834,-0.07913531002391239,-0.03597725208378344,0.049163132773320115,0.09005728022508855
2025-10-31 00:00:00+00:00,DASHUSDT,0.20327794218074202,0.6334959959755654,0.2130529649152048,0.05252343928244936,-0.07751098196124999,0.0044073424748000325,0.8194975878727684,0.16559794478475978,-0.1061085688242454,-0.03814042116538346,0.5213168808839257,0.22704876073165153,-0.17226452810012458,0.002482726322455553,0.08128867626321293
2025-11-15 00:00:00+00:00,DASHUSDT,0.24223268325487557,0.5277445087764421,0.0065634883736803915,0.02963163921930332,0.14405814578924372,-0.0025342183393917764,-0.10908461084857779,0.07568812260153077,0.03640327412605661,0.025231426603225738,-0.2855225682885903,0.06918120473521228,0.08525893140123196,0.11137125734632063,0.10958367338441755
2025-11-26 00:00:00+00:00,DASHUSDT,0.21282544120216662,0.5111182757448838,-0.1469101686846463,-0.055335287639091915,0.00802653835987473,0.055319085846065,-0.175796892058175,-0.07562887113809394,-0.0021984150094205403,0.06286935432059429,-0.3248273907965291,-0.16912495573520886,-0.05056935760257016,0.06269424480345462,0.01623623342379794
2026-01-13 00:00:00+00:00,DASHUSDT,0.48997716315655926,0.6199782837039571,0.3520038762955147,0.01997596885570289,0.063187202349427,-0.015617204222136777,0.40798264546699964,0.019225591366270254,0.14894113115935875,-0.026361902035416974,0.3309232296247261,0.07301727788386762,0.3508229251450392,-0.04014624562780879,0.06282712370224024
2026-04-10 00:00:00+00:00,DASHUSDT,0.27030033370411566,0.8219158020171902,0.014588354889400431,-0.01855498575418135,0.05881225042574434,-0.07923408277811013,-0.15680983587618533,-0.047092804832174116,0.020357286604842744,-0.1723595832290584,-0.32139448161729445,-0.06669392195136006,-0.38694811684270286,-0.21594803525936035,0.02689535490474846
2026-05-04 00:00:00+00:00,DASHUSDT,0.2098419173890873,0.6641465672642907,0.04582173983011322,0.0408965658866806,-0.03857576700104402,0.013807202106557915,0.04096758402979724,0.0751145212740687,-0.022957457304936497,-0.014726044783518091,-0.09922758613051788,0.10036402014415984,-0.1025546332130538,-0.08225155633090327,0.01004792506839849
2026-05-20 00:00:00+00:00,DASHUSDT,0.20227649988143237,0.5589822085079694,-0.03582126086075688,0.005067065143796667,-0.03188679803051588,0.02887396614343325,-0.0753087983508555,-0.057459770563465705,-0.05610448069012571,0.010242485168442984,-0.09867277029245083,-0.06708969306166258,-0.3102404319449563,0.05136815172034045,0.07202531215910275
2025-06-23 00:00:00+00:00,DEEPUSDT,0.217292377701934,0.726367026738536,-0.03014598552532964,0.0030434184607099606,-0.01342495615086523,-0.01414009456798504,-0.05605288684121289,0.008301613934860216,-0.0017876738187291047,-0.0041850041505573895,-0.01650142273211367,0.0779195242784547,-0.01131116188785011,0.038982123922408005,0.08924233886248742
2025-12-02 00:00:00+00:00,DEEPUSDT,0.2512355848434926,0.8842069059745066,-0.0906448526896763,0.0075234519379150655,0.04739834653984294,-0.0018059206064514916,-0.09620551620696755,-0.02117627325480281,0.1057351156550719,0.016595574129262103,-0.05273904575083987,0.025161294968585525,0.104481266610881,-0.0029827448075417083,0.11239064682702529
2025-01-03 00:00:00+00:00,DEGENUSDT,0.22979109900090844,0.8295383161884745,0.1897153956620075,-0.004792164043041813,-0.013267004088495854,0.021704772742994143,0.0713139895958983,-0.025540500834452955,-0.04024750303581804,0.020537279665083657,-0.08677155870835196,-0.09469592012335962,-0.053342922263158066,0.01861991922128562,0.061562854601396766
2025-03-02 00:00:00+00:00,DEGENUSDT,0.30355771691835187,0.7940764572019211,0.03574299626857516,-0.018265785491580738,0.04234203574440704,-0.012171352984947276,-0.08409429818561048,-0.032463019015987526,-0.005350405523208634,-0.006283815040169044,-0.19230299335472054,-0.04083245484372997,-0.076007133358961,-0.038003284977680504,0.10810568364758015
2025-05-08 00:00:00+00:00,DEGENUSDT,0.24954922466642637,0.8934470080558633,0.017030180423834806,0.0031753005566657957,-0.021615922055031732,-0.00043989129929694474,0.014917872607062607,0.005312669348497795,-0.09117691132086017,-0.03225200261295626,0.3760584798306176,0.008431510190794763,-0.10160179433108611,-0.005671321321015573,0.12915933046192948
2025-03-07 00:00:00+00:00,DEGOUSDT,0.24933282500953102,0.8452989101385111,0.06394066194107238,-0.0007688716400486631,0.03299652456971788,0.016786056264710185,0.2989096179093806,-0.013092876864195696,0.06749353329311172,-0.02776335317225992,0.018215361033433297,0.012058384514873208,0.0645201544346214,-0.022559238846946418,-0.0008113835918984513
2025-10-15 00:00:00+00:00,DEGOUSDT,0.2280160444307311,0.853580472029213,0.18892589405291213,-0.01237576142014675,0.021768794175401274,-0.013908149978428087,0.22304405783534384,-0.004625751781278186,-0.05124600089794038,-0.03383206828899858,0.44322792985609333,0.004448576116647904,0.07305326552744427,0.006016779350978846,-0.039901743865847834
2025-10-23 00:00:00+00:00,DEGOUSDT,0.3076211045973465,0.7554420343845103,0.6092916464333945,-0.01745195195495769,-0.026754044921443298,-0.023711236245619337,0.5947809234412933,-0.02130809354186171,-0.04099542643323882,-0.04107944637698171,-0.16960116021238514,-0.021262902796658958,-0.06838489626820128,-0.03479704215361752,0.034891930598524426
2026-04-06 00:00:00+00:00,DEGOUSDT,0.21902505077860512,0.3156150844883703,-0.03922502978973733,0.015352643493414248,0.027309666976167803,0.00822458710417552,-0.06227145299804383,0.03348717000866184,0.05526902634821066,-0.05299806793691223,-0.18150269300785243,0.03523147817549671,-0.044505651499267176,-0.10479963325380497,0.000267332453607505
2024-03-04 00:00:00+00:00,DENTUSDT,0.22724987430869792,0.7936636974608461,-0.06672701311997574,-0.004130136957971153,-0.05819268920162017,0.004656930499208786,-0.13718040952385502,-0.004722861705908454,-0.09959628798271414,0.006598455689727575,-0.21327860413994842,0.005815891711733703,-0.11808079651096168,0.019366314981022478,0.02744618434405217
2026-04-21 00:00:00+00:00,DENTUSDT,0.5813333333333335,0.3819823805940029,0.0007118394127719469,-0.019608427501343277,0.008696731840519773,-0.025696385204074985,-0.017857705143533898,0.03496142296474065,0.004896963462044207,0.17015185022018514,-0.010922004437877166,0.05750899186913638,-0.1268379424614399,0.006494430584560004,0.007508892199964379
2026-04-15 00:00:00+00:00,DEXEUSDT,0.2092882991556091,0.2850947314362972,-0.1427416150061932,0.17513999406171318,-0.005988115876887074,-0.020061084086768086,0.1850648662549366,-0.004179590172764092,0.10596710122347157,-0.11503034189249257,-0.021498418487175097,-0.05014186421788443,0.12887943065277407,-0.1637624020937288,-0.00031808843794732257
2026-06-22 00:00:00+00:00,DEXEUSDT,0.3242857142857143,0.28133240482043365,0.04875171734072373,-0.015520083050811023,0.05289817725289255,0.03368793810361421,0.10960465619443255,-0.19227530284981,0.09456768986923195,0.12927456668142265,0.0917524321545462,-0.25515336833743624,0.08294868320156319,0.04999958746545802,-0.003492686578063586
2026-07-10 00:00:00+00:00,DEXEUSDT,0.2470630117479531,0.3320622220825957,0.1028396527388167,-0.05548956436148246,-0.012625335906196133,-0.005512538099791625,0.20377319443922234,-0.1319985515633782,-0.06596085965520444,0.04196679465613415,0.06217455278936947,-0.09281159538535716,0.09805318268098122,0.06176266778773062,0.02941889833586968
2026-07-24 00:00:00+00:00,DEXEUSDT,1.595445411922304,0.3169926495320333,-0.006893349064514722,0.06012906237048543,-0.023122789310463233,0.011251991791759392,-0.344457793876231,1.0910294257310271e-05,-0.014559009334989065,0.042498823011423395,-0.35218657985858287,-0.28666382648582006,-0.05254988167969382,0.09259874751980676,0.08204002390479097
2026-08-28 00:00:00+00:00,DEXEUSDT,0.28922594142259417,0.3588948628711295,-0.08800138424523025,-6.4686614688620745e-06,0.0158959412012365,-0.006569666639154618,-0.16580766160951543,0.034882390211472214,0.032874405286046106,0.0029968612098793548,,,,,0.0039051811025221372
2025-05-31 00:00:00+00:00,DFUSDT,0.22895426740460234,0.5676525806599059,-0.019958402832397595,0.03867887889965744,-0.048199439181525555,-0.000731430541227003,0.01637454841114161,0.03930912859688646,-0.0671532701787881,0.005164421467828679,-0.023406781360891277,-0.02439240255935613,-0.058571546248168314,0.002930003315390932,0.06369962890798511
2024-02-25 00:00:00+00:00,DGBUSDT,0.24174757281553383,0.898517313841982,-0.06784292425319295,0.015591941987910335,-0.004826136364511852,-0.011532954580733853,-0.16603148610938756,0.029723938243073456,-0.04074510538759902,-0.016467358550574747,-0.1317963641422196,0.017639540054324908,-0.05978955514024971,0.0398699933393271,0.04213991487791722
2024-04-01 00:00:00+00:00,DGBUSDT,0.21261829652996855,0.7121496250879197,0.07740792034395366,0.06760790548797077,-0.015058218588949072,0.015158843904686123,0.03987911427036511,-0.014243796334383812,-0.012159205043099242,0.03923963438876426,-0.023368605013168786,0.021956196667853516,-0.021011853479322846,0.058410137031323604,0.032926927474610145
2025-04-28 00:00:00+00:00,DIAUSDT,0.24814509480626556,0.8896935116471087,0.0364738083861557,-0.01050792527701461,0.002661348266308148,0.0012815627293056228,-0.13258294367072915,-0.020621650339082132,-0.028198477934203398,0.0025611412169423186,-0.1266104037794888,-0.0428951723146716,0.08972365021626919,0.0156003680131277,0.01866297252124327
2025-08-09 00:00:00+00:00,DIAUSDT,0.20421195652173907,0.6750568971919111,-0.04358028336614318,-0.01479270144606333,0.027792588458822515,0.0004119696829208229,-0.09087989731707549,-0.012100600228704994,0.057646083443004134,-0.04527158447144264,-0.13447450455725368,-0.02125672409985719,0.10989067869981275,-0.05498624637731011,0.02137515229341127
2025-10-26 00:00:00+00:00,DIAUSDT,0.4153471376370279,0.9116330596967469,0.16716441734538762,0.046481168715733746,-0.03615022898804411,0.023942931662042106,-0.07851298201052526,0.0943644420426302,-0.12049370246646189,-0.0018492053030635524,-0.12025864447186155,0.07900907129186337,-0.15867757799511775,0.01717507433376759,0.03244435827032692
2025-08-06 00:00:00+00:00,DMCUSDT,0.7911012937835278,0.5213329112266941,-0.13634982459809622,-0.026295637583856224,-0.04424484677661,-0.021205549895490262,-0.19428158888924763,0.016023587849743396,-0.12794853695548175,-0.05347616881919508,-0.40281080748753606,0.0035437219968798743,-0.10043198715812354,-0.017272134955343067,0.039915994582758615
2023-12-05 00:00:00+00:00,DODOXUSDT,0.20333586050037922,0.7173741324979159,0.020995776749830858,0.017916074102062893,-0.049902239835656954,-0.011395013997052691,0.024020355337103453,0.005660719136499549,-0.09110267194621971,-0.010366205538611787,-0.04163818813826212,0.023159986579488732,-0.04262225187048697,-0.06097094950033336,0.029232294257336543
2024-08-18 00:00:00+00:00,DODOXUSDT,0.26467505745026587,0.89912224776995,-0.024111180677069792,0.025309282472128953,-0.011923737822654063,-0.009083085199907933,-0.02619617535317703,0.02977905026143317,-0.006933357748427965,-0.011065301984193757,-0.041199435135292534,0.005925155579174982,-0.06658677740814029,0.022177789477421755,0.010408662336806507
2024-09-20 00:00:00+00:00,DODOXUSDT,0.20068272992300584,0.7878660381782133,-0.024662076752154066,0.0007650572559382729,-0.0645956828805465,-0.0002844584254974261,-0.015851817980195387,0.0099323225286602,-0.061330126793070025,0.027865246763783307,-0.12393229024667957,-0.01790463657035275,-0.1390607380054028,-0.004317966295542276,0.02600983506618011
2025-02-12 00:00:00+00:00,DODOXUSDT,0.3647920233192985,0.9344984652879502,-0.17643459924168328,0.0007435777348358506,0.014705935098373151,-0.07260672656048242,-0.1974881355111301,-0.00928716967813246,0.031134482320971463,-0.08584216682545052,-0.1975424631613089,0.0029947404817087936,0.033427016862080036,-0.08042674243778355,0.0749098446893699
2026-08-05 00:00:00+00:00,DODOXUSDT,0.427520784480921,0.2638192148771934,-0.26291342014087976,-0.005429080790849715,0.052455488678855564,-0.04412413150520001,-0.23210298571256574,-0.01796073079795052,0.003931360283119595,-0.040257436730055225,-0.18925173694188835,-0.0021982975799503036,0.02442850562919312,-0.012158774845397095,0.019098225731581618
2023-04-03 00:00:00+00:00,DOGEUSDT,0.21468354430379755,0.8709435768569381,-0.017463606734545126,0.010927184413618469,0.05565415625974901,-0.013332388351753538,-0.11304538145774636,0.010641774426651767,0.08314924760302664,0.02126249932078363,-0.1448727864687211,0.006825912326446968,0.059951078865831973,0.018585101373841416,0.009963553584703234
2024-11-10 00:00:00+00:00,DOGEUSDT,0.2691324200913243,0.762616201918363,0.1907321278652524,-0.009510870527911008,-0.02684638664078289,-0.012431452972304417,0.3430494059129089,0.06278292542558032,0.05378376941548261,-0.016122638752731087,0.21383748432157312,0.0570419426299366,0.03265375657826518,-0.02439256869626495,0.12392861841233285
2025-05-10 00:00:00+00:00,DOGEUSDT,0.22104185955850109,0.9059656689151797,-0.055351183296240995,-0.0038177271249039213,-0.040179765086865,0.13691987058132277,-0.0936278411663043,-0.03660972725557672,-0.06314427470506091,0.14127029833207178,-0.013444147581691948,0.03388361937008396,-0.06783859109873178,0.13632632666490413,0.07569026796536896
2024-11-09 00:00:00+00:00,DOGSUSDT,0.3301519971721456,0.8520283321168691,-0.11209636012233642,-0.02685117563712599,-0.030266722882193824,-0.018083382355459855,-0.22191986964778904,-0.03288851407410995,-0.006454519908852001,-0.03367501371249036,-0.24784209703277127,-0.008575654503260732,-0.026020783294103768,-0.07950991094286089,0.16168133878744023
2025-05-09 00:00:00+00:00,DOGSUSDT,0.24,0.836437194044165,0.00857474568273988,0.015945301567175732,-0.058033214755724295,-0.027731418582539247,-0.03244338940939942,0.05914154670402562,-0.04091347486529456,-0.06569849982966511,-0.10106759815738206,0.11904507598685939,-0.15596259529591813,-0.08278068698607809,0.15248151843983043
2026-05-07 00:00:00+00:00,DOGSUSDT,0.47555178268251286,0.5907320683713693,-0.06858353096231264,-0.007258138353030392,0.044175967328667486,0.0424223859646637,-0.2591974514599682,-0.054269437620942954,0.0661415147055196,0.02201785146353216,-0.3333848127982162,-0.049709741069770094,0.08942706853622058,0.04359115033281745,0.05084547227470924
2025-06-23 00:00:00+00:00,DOLOUSDT,0.25043700416834747,0.647214264720739,-0.029931893604172685,0.013682134500702348,-0.05613808684536063,-0.019110782684390613,-0.026410858160897353,0.02390261607391805,-0.03772514653431318,-0.004613794683574118,0.014144306801219156,0.10491283974731429,-0.05003870635003307,0.0010411555595509381,0.10983893794670738
2025-07-25 00:00:00+00:00,DOLOUSDT,0.3174823717392059,0.64746748079193,0.21091765327139508,0.01013823505810319,0.02806083745050731,0.01492760295921807,0.4890587607884944,-0.03185385163219581,0.013018830729491986,0.01825684788266648,0.37136780193997676,-0.03766340998104665,0.04462728454764818,0.01776280604686986,0.06107254475649428
2025-08-07 00:00:00+00:00,DOLOUSDT,0.22805326791659364,0.5561714896214713,0.06330460388187997,-0.025664140213008325,0.037020542174527396,0.061835253952686145,0.33781364782910794,-0.018365267484004827,-0.08123205685739758,-0.045393159759141266,0.13070756053191734,-0.10618380156401803,-0.10978040638488332,-0.06959482747272883,0.11810392504403873
2025-08-23 00:00:00+00:00,DOLOUSDT,0.2615066139482891,0.5256278057037778,-0.033074076206962066,-0.034993988311407584,0.01953029890873167,-0.0010175941711700303,-0.1299701229164389,-0.06273774814277193,0.05370173840673457,-0.06369452370732848,0.028597812326339983,-0.05896920637801634,0.08789247340147857,-0.06890918159607151,-0.03173879169299772
2025-12-26 00:00:00+00:00,DOLOUSDT,0.20449203447375308,0.6965285711291666,-0.09864274748948301,-0.0047945649620407425,-0.017876360362666394,0.014651828040546693,-0.04863997922564178,-0.005880084865771257,0.04464275811553302,0.020731201175850155,-0.029093520473674098,-0.012619407517610221,-0.03199252804743742,0.018733583276974587,0.041262761098224354
2026-01-12 00:00:00+00:00,DOLOUSDT,0.7201556041818622,0.6289389984058842,-0.1770186809120406,-0.004824683019349412,-0.08527267235223238,0.03117247775204207,0.003627642923485802,-0.0034078629120657907,-0.06390666320041549,-0.0013674812687356048,-0.15141671118608585,-0.0032074978888714687,-0.08238683250051825,-0.04178923861402648,-0.011566130077828474
2025-07-10 00:00:00+00:00,DOODUSDT,0.2127513971790289,0.697959374048246,-0.11466202863163348,0.012523207244157203,0.09125986161809543,0.025661161423617594,-0.10082819885008223,0.03268930410244708,0.026747003751605554,0.023969002760069746,0.04163673799480412,0.06469498836420358,-0.002091672130837008,0.1086342890770721,0.0684162524357346
2025-10-03 00:00:00+00:00,DOODUSDT,0.20505686789151367,0.7466605897658767,-0.015892249027048447,-0.004803187329666288,0.043388896812679066,0.00010558977943121925,-0.05126776649000983,-0.01620679954589164,0.03672181726745673,-0.023625951679494946,0.4452165065841923,-0.041024228534960336,0.0177919085160802,-0.0027576249465642412,0.0013276541823094234
2023-12-21 00:00:00+00:00,DOTUSDT,0.21166834315275196,0.7875513110908166,-0.08266615393147249,0.0031172915905109374,0.009897650845881407,-0.015741263930737725,-0.006210688727394123,-0.0032325784012937286,-0.062184276160383564,-0.03206703747937291,-0.050361349824262255,-0.0038282036097745326,-0.0953350229903232,-0.00014368652081958588,0.041211389715230994
2024-11-23 00:00:00+00:00,DOTUSDT,0.2847452517334941,0.9084068329574911,-0.14236854680190583,-0.056198820754456105,-0.05651278063002026,-0.023631450430183158,-0.1785705667750058,-0.06606479311421613,-0.07989044306948516,0.012212884921158209,-0.20706594890230956,-0.07365469223237629,-0.16611416314944494,0.02620548996487585,0.24461324090946737
2025-11-07 00:00:00+00:00,DOTUSDT,0.22034534534534522,0.9749223173166557,0.03760867878403984,-0.002478681550590834,-0.010966163503431896,-0.008014092608987548,0.015309098312067712,0.010277070271657512,-0.033587409639758835,-0.007226039559608754,0.023937506726705644,0.007098680378685776,-0.09638196113347344,-0.012198567313811443,0.14905372303292888
2026-02-25 00:00:00+00:00,DOTUSDT,0.34466019417475713,0.9393161349266863,-0.00015365160604937159,-0.015627840677210975,0.019099758226382796,-0.008596702054448548,0.034941576172189764,-0.011608210146272606,-0.04733784645215742,0.003762814275394094,-0.04516578183696351,0.0019763864985036274,-0.0469816454589804,0.018594174109958245,0.15337299850800662
2025-04-30 00:00:00+00:00,DRIFTUSDT,0.22133286932312513,0.7697891840611141,-0.1399067615560693,0.004283139286213732,-0.01317014719064856,-0.0459351743861471,-0.12113590021760855,0.019177966743228057,0.04398592609579243,-0.06520035759398232,-0.035833242319613434,0.016259103217784714,0.03048670133564422,-0.05839323035055708,0.007444770177079804
2025-07-21 00:00:00+00:00,DRIFTUSDT,0.3635289484048838,0.786306808679466,-0.07878454523543668,0.006838925455761463,-0.005310614826432178,0.03666836202921679,-0.06567170046959765,-0.019009045895528324,0.014809202282902273,0.08850391464395577,-0.09422469156327379,-0.038050614057953035,0.067744351669103,0.03830970887611567,0.02489725844397491
2025-09-17 00:00:00+00:00,DRIFTUSDT,0.22235191129267573,0.7807109472636979,0.11768257595569925,-0.013835902471103289,-0.022374868156451656,0.00023900978912112515,0.030085649055741334,-0.02230495618726011,0.028607201096996514,0.040923670560047906,0.11772511112289524,0.04113562386866049,-0.05004362448061419,0.09908894155564023,0.022736156285328647
2026-04-16 00:00:00+00:00,DRIFTUSDT,0.2116735286994429,0.3323267608886073,-0.13750372701804411,0.10796025089379513,-0.005890614842776977,0.02475200327191882,-0.2337300112982274,0.06997578105256744,0.14805221088852796,0.048761896729022744,-0.3100623189367794,0.029781427467990396,0.12926775762901904,0.007463988019682804,0.06413515259283709
2026-05-25 00:00:00+00:00,DRIFTUSDT,0.3015578635014837,0.34031558669179457,0.21674386420890768,0.025565512375184347,0.01851181613662579,0.0021295822599404933,-0.13569964020118597,0.05952139637423278,-0.02857964911311367,-0.004764574513929141,-0.48957936617945363,0.12612037822358085,0.021420488133802578,0.006455573133918318,-0.013664866510574459
2026-06-21 00:00:00+00:00,DRIFTUSDT,0.2556213017751481,0.5565368556600777,-0.16248164701784917,0.0122618540361266,-0.052323137093223206,-0.06339033678550524,-0.20314172947906736,0.005498269688132039,0.032910953790360485,-0.07675843631443904,-0.2258409340627572,-0.01276264291232578,0.1067426792354352,-0.16191981860246404,-0.013031107833473854
2026-04-24 00:00:00+00:00,DUSDT,0.26654839782681017,0.4987424128021941,0.07918902419935901,-0.04514107296610694,0.08091971473771627,-0.0012733064563071987,0.09995153913657898,-0.04879678300459864,0.1321578211212289,-0.027515403296565426,0.08849139891152422,-0.06968614831314202,0.18209840140179642,0.05770380565188005,0.016234228067540178
2026-05-07 00:00:00+00:00,DUSDT,0.3601643069393463,0.4602471114297792,-0.0805592323736848,-0.022024723684898058,-0.06046981021527383,0.0030997776616925486,-0.0991722000907593,-0.008501247999896296,-0.02551129240475858,0.029009566576424294,-0.16246229527049072,-0.00875577581388878,0.006439979697504155,0.03918691584446489,0.017589959827268055
2026-06-07 00:00:00+00:00,DUSDT,0.3706633111630415,0.43107748762006537,-0.2184594722783891,0.02876191895558263,0.04566376341592315,0.00859293692296557,-0.28679789217903007,-0.028697900224774274,0.25438757706913007,0.02557867569472704,-0.2840356810256482,0.0783175757676359,0.105400197295103,0.013640901518841186,0.02366609114979896
2024-03-21 00:00:00+00:00,DUSKUSDT,0.25533343506790795,0.680095691477655,-0.038809920604932505,0.00013258411109433218,0.0031475478008933895,0.01969866156036653,0.06620688999185616,-0.003251433823900727,-0.002310087518199627,0.03663750495053902,0.3146666159483159,0.035347558237756795,-0.03851494121865738,0.06024326854920172,0.023556668864386853
2025-11-06 00:00:00+00:00,DUSKUSDT,0.2744850018070111,0.9042568214440128,0.07293060381925033,0.011770111788205945,0.011863524248436267,0.026360731260173752,-0.09676285287817517,-0.05312871854195098,-0.09511778168136517,0.0313742535111163,-0.29714054194914263,-0.07662886695598019,-0.07491730978367879,0.05170462344643707,0.07398818406968548
2025-11-17 00:00:00+00:00,DUSKUSDT,0.24851242562128095,0.862979728824375,-0.08445776352635831,-0.0067099306052105494,-0.044265174368978984,-0.004878490880154379,-0.0021100977599045334,-0.0009031325329787024,-0.07813729809572263,-0.03240828167939431,-0.18582756453395016,-0.012907009102275588,-0.07675005035577138,-0.010109658504113366,-0.027002249768886256
2026-01-18 00:00:00+00:00,DUSKUSDT,0.3744284358554051,0.45454283133394446,0.038811988822198974,0.05443628122383861,-0.04778434793084255,0.0284580844379932,0.07846859957076477,0.0723318699335199,-0.029769439388988794,0.05665089748400106,-0.18177844922647415,0.033637996411333984,-0.037704607534437024,-0.03980486642390268,-0.036347536910065516
2026-02-08 00:00:00+00:00,DUSKUSDT,0.4165554072096127,0.3874141237027843,-0.11579955686677725,-0.010401574663669769,-0.015338957658086424,-0.02395017908878784,-0.12453055032586549,0.005299779763008638,-0.029259896160571404,0.0051544527581887985,-0.11603704460602493,-0.07543642230142464,-0.1302813883522225,-0.07278759444305785,0.018095655437347924
2026-04-11 00:00:00+00:00,DUSKUSDT,0.23171694834939172,0.42235522806625764,0.08405691013412271,-0.0033551353973086174,0.05280336821747209,-0.049485280537720826,-0.028451542988683895,0.07201642412892231,0.10101185601149923,-0.10824343124824201,-0.0068740113089600235,-0.008925569383654635,0.04606179383471744,-0.05562078329113411,-0.012028344059786278
2023-11-14 00:00:00+00:00,DYDXUSDT,0.31268731268731265,0.6766138104337206,-0.03737395005570806,0.025284389019580623,-0.032575246595143256,-0.02295899293373635,-0.16822134224207244,0.0375960447548057,-0.05719176235793298,-0.020894260954026786,-0.1554784148333525,0.08649369523050046,0.01551375719255533,0.011811929308860034,-0.0150751605391251
2024-10-20 00:00:00+00:00,DYDXUSDT,0.32760364004044495,0.880115460692647,0.06160493915629553,0.006459907633316063,-0.001232908641988914,-0.014227498882270095,-0.05932511902791643,-0.0006618627947160586,-0.0050418712738288934,-0.022859529021968812,-0.05916385183596676,0.019288401114571398,0.029448405756192352,-0.02982649703985283,0.034760953528512537
2024-11-06 00:00:00+00:00,DYDXUSDT,0.20065075921908893,0.8208972148053768,-0.005466506165018972,-0.0019446158282330171,-0.01919820573462163,-0.0023000689395635677,0.006693711878497313,-0.006154948112946271,-0.06288172878819932,0.002991424107422036,-0.003665971096959342,-0.01811018523564572,-0.08622836029399966,0.1782301077931609,0.11123749731490165
2024-12-06 00:00:00+00:00,DYDXUSDT,0.28983897834536365,0.8294046640416323,0.05130654508077185,0.01866919475749937,0.013388757152800326,-0.016677414745703428,0.12138771277412383,0.06374000617948869,0.02269735613461657,-0.058530899096047154,0.05364254218450634,0.054579983697954394,0.009848019156277232,-0.08963784352111216,0.0906408168457397
2026-04-16 00:00:00+00:00,DYDXUSDT,0.2686274509803921,0.7633450263497664,0.05469335440088081,-0.013269982912708905,-0.0068883188264634975,-0.0020034120857857344,0.10056107429244507,-0.03443132881112452,-0.005790115112919297,0.0007742583649225185,0.14128092810360532,-0.06924808266599354,0.03254206563018236,0.05088644887613193,0.1353968854204234
2026-05-07 00:00:00+00:00,DYDXUSDT,0.2916943521594684,0.6740341029474191,-0.16160277650025529,0.03282048524764071,-0.027465365335053095,0.0015515448245627741,-0.203073844457654,0.012388123089503107,-0.03146302861110288,-0.0021822346938416325,-0.23505964578492838,0.05592505357665074,-0.01800910293011628,0.010865637160616929,-0.007911557066287789
2024-07-17 00:00:00+00:00,DYMUSDT,0.23012955709551064,0.8387816075173833,0.1112501624730853,-0.008274498978347348,0.02877267889390763,-0.018652990170228128,-0.039181579902933,-0.047032089229720006,-0.03710575602172709,-0.001442465224258356,-0.1723345579934141,-0.10200669842918972,0.04934014995617647,-0.013572614610625172,0.042052800194968334
2024-08-12 00:00:00+00:00,DYMUSDT,0.2085387183972014,0.79066473196292,0.04064619201401615,-0.011023331034865505,-0.009607405564889463,0.0016746034121069432,-0.0047944454768138745,-0.01721065283112812,0.006893501566737089,0.0009121639221054287,-0.11147492289678138,0.0670239842089477,-0.02634241686907913,0.00273872039463674,0.10016683970325946
2024-09-17 00:00:00+00:00,DYMUSDT,0.24451837290185985,0.7937462704848179,0.0018515878613000122,0.0158101132271548,-0.013090410709757975,0.02499650245606963,0.00924434647450808,0.011709367349724378,0.1102165053811465,0.02124473111168034,0.02782209760302854,0.06400277427636455,0.002298204648420099,0.03276905665952662,0.06039653194267709
2024-11-24 00:00:00+00:00,DYMUSDT,0.20824691358024694,0.8996584176506595,0.024121590494011712,-0.00568817719409785,-0.018555370281595533,0.005223628287560941,-0.020940757822030136,0.027242142363154843,-0.05810381668143607,-0.0465527426917154,-0.09311326595643778,0.05623130223376244,-0.10150536680071295,-0.009668990582484294,0.08607664192360995
2025-03-18 00:00:00+00:00,DYMUSDT,0.2599212359890941,0.9502871027627691,-0.07021414834018042,-0.02324540282532637,0.026234038419562962,-0.012267299364909104,-0.10152419803696378,-0.01710914198652904,-0.014250267766351216,-0.023327454944781528,-0.21329241407925703,-0.0229337440555422,-0.15858370008612555,-0.006051197227975355,-0.016874547296631893
2025-05-09 00:00:00+00:00,DYMUSDT,0.2401244167962675,0.7784581583237145,-0.04146926073877696,-0.006681513138573769,-0.07737713041028124,-0.010198603337126775,-0.03036265504159104,-0.012804565192237629,-0.014053251108034178,-0.03306281167167476,-0.014240873676458769,0.0034562571823943213,-0.16809928504326485,-0.0271007647901998,0.0821641612469342
2025-11-07 00:00:00+00:00,DYMUSDT,0.2130796670630204,0.9698103891554333,-0.009595100996276057,0.006204232064664974,-0.011060520731191532,0.002827236924286586,-0.023122651282575915,0.016305730921425846,-0.09172898088662594,-0.003621068836198775,-0.07113750472024455,0.07071910434108845,-0.10878782173447302,0.012701440762891814,0.14827649908672055
2025-11-20 00:00:00+00:00,DYMUSDT,0.7686696340257173,0.9620831331053699,-0.18123021850058257,-0.010381826757399846,0.04310935716753946,-0.013797905161138917,-0.13649027441164194,-0.006494660162695454,-0.034437328656896235,-0.006600337991140076,-0.3709104032277212,-0.05234918998950128,-0.0414114020649061,-0.009100890858055422,-0.021246567160764583
2026-05-12 00:00:00+00:00,DYMUSDT,0.256234915526951,0.6697960879325087,-0.13646415217865274,-0.03021380153666574,0.05646208858779319,-0.0007969826989972062,-0.24152443273411714,-0.024788879987284018,0.08842026173903075,-0.03900421435501374,-0.13029997359198872,-0.04429650224571522,0.1364343834431955,-0.05448939639998004,-0.01887007843935402
2026-06-18 00:00:00+00:00,EDENUSDT,0.2548701298701299,0.45177017236392647,-0.009981193971218457,0.00960301860135817,-0.051268891339411274,-0.008618510075355936,-0.15388032415160535,-0.021813495801560556,0.013554630393116496,0.002122452331708778,-0.04205846204463756,0.03113777483474182,-0.06014796517473468,-0.003734473072896227,-0.035659339720399474
2026-08-02 00:00:00+00:00,EDENUSDT,0.22654718566227938,0.4925987550116121,-0.09297327087036285,0.010614031297277844,-0.011050293932675016,0.006345671967580807,-0.14738325958090198,-0.0027669927020577906,-0.027966517482493247,0.08362212745687919,-0.07918114799904587,0.014028825180769477,-0.059246268972309266,0.03833660260817464,0.01790562257965065
2026-08-13 00:00:00+00:00,EDENUSDT,0.5692307692307694,0.42314374524216564,-0.3285336492217321,0.0073221666067616485,-0.07519311016019811,0.010318814564530284,-0.5897819395447994,0.05698812230534177,-0.18451445412230563,0.04806037013509619,-0.44096701935073684,0.12588036562880506,-0.3893298044487624,0.06629146198260824,0.01238199328078835
2026-08-26 00:00:00+00:00,EDENUSDT,0.3186032748076544,0.3838613070117748,-0.03254310190315327,-0.011601497123681675,-0.001753503596792229,0.005001329741980845,0.0001781471478678187,-0.0353255700863565,-0.02698187300674155,0.027679720540808955,,,,,0.03759502300784615
2026-07-06 00:00:00+00:00,EDGEUSDT,0.293801652892562,0.3904262715844773,0.23058794976515312,0.010594691208023187,-0.009353323022344744,0.009776869647039416,0.37281819437654246,0.029747807584565945,-0.018778575853605158,0.0029120206094672063,0.31238404826472194,0.04964281981623163,0.0327415471516441,0.038280839538213304,0.005884666449656184
2024-03-10 00:00:00+00:00,EDUUSDT,0.27347843611447,0.7567072778698185,-0.13432260048446,0.01642251989950153,-0.03598762495715252,-0.0014601711823617482,-0.16037414292651297,0.02486349369629897,-0.07362360854637391,0.020344068261702274,-0.14667504054895275,-0.011946074514471557,-0.06494489679612403,-0.012481880164253598,0.004894651828417251
2024-05-22 00:00:00+00:00,EDUUSDT,0.3740223892041099,0.9352356925586577,0.12980362843006757,0.01152209242417812,-0.015249146809072528,-0.012329673752197946,0.14186330887984844,-0.004572489493300722,-0.03552330279039731,-0.015515553054521134,-0.010075710699337048,0.0034038143682621745,-0.1110816329054178,0.014293783088297063,-0.01849861016628429
2025-04-07 00:00:00+00:00,EDUUSDT,0.32636815920398,0.9054838522723385,0.01542603749265558,0.0023277296670216495,0.006217455849321957,-0.05557859257854686,-0.1394117674138591,-0.003757497631067562,-0.06153100977515088,-0.07569699795079507,-0.1815369602141355,0.014390545638917613,-0.15780597181416658,-0.07496890424548612,0.028447451033794535
2025-10-12 00:00:00+00:00,EDUUSDT,0.2371458551941239,0.9022835539160601,0.13552056396900378,0.04376198710761189,-0.0036425504929611862,0.13047301513798173,0.36955411128712096,0.01761310353387204,0.06685682068695327,0.1256308482662523,0.41285544471447333,0.04644528357110457,0.035589712914312864,0.15963414795775727,0.12481163445393537
2026-04-20 00:00:00+00:00,EDUUSDT,0.7109785202863963,0.5686313927709752,-0.47092382996235305,-0.011764845983540875,-0.004292211216288827,0.023920371073741103,-0.5982322197664954,-0.020786315024052992,-0.03905530049842522,0.015002413892347804,-0.6312968493970927,0.06098244239914794,0.0799245890167555,-0.002296343301372357,0.0295989794750177
2023-11-05 00:00:00+00:00,EGLDUSDT,0.38096607245543423,0.778896072416592,-0.10459818033628113,0.000631756774816582,-0.05473892015536212,-0.016194111245946406,-0.14730962504906125,-0.010317981631862072,0.028156100658193378,-0.0006493274543048474,-0.17235162685013816,-0.0036890595331813296,-0.04622305088772822,-0.005264270422576861,0.03912049530972701
2024-12-06 00:00:00+00:00,EIGENUSDT,0.23946425301488472,0.7552285311002055,-0.07468267888467207,-0.016825520111585213,0.011974219001184885,0.028684637139948132,0.13352417881131962,-0.027434422033132233,0.052067302393674506,-0.010801091486524875,0.1443848817518272,-0.0017787606420078816,0.00017691612246584776,-0.03661760543712783,0.07819396211165316
2025-05-08 00:00:00+00:00,EIGENUSDT,0.4563420304830792,0.9036037443544659,0.013698177804826212,0.02154590760917031,-0.020670707031119596,-0.024277582518869925,0.11565098304449112,0.05126729051577554,-0.13588558507136658,-0.019207899611723877,0.141157881913349,0.00759766398385066,-0.2290087678637896,-0.005960996723889783,0.13091536215253938
2025-05-18 00:00:00+00:00,EIGENUSDT,0.22647593848189196,0.8937836250201725,-0.04910276104487003,-0.007823959544119132,0.01471394935225585,-0.007159038644535838,0.044056229911554695,0.005889350339320801,-0.04231006411873059,-0.009216486721411453,0.02888515870199735,0.0009402769051417362,-0.014293823957884663,-0.01550999135162689,0.08653231947915183
2025-10-12 00:00:00+00:00,EIGENUSDT,0.20544422769994686,0.8309182927239073,-0.025769496741403004,-0.007426144338733854,-0.04529076800445118,-0.010996507111928224,-0.06861005176541128,-0.020809059837383407,-0.000352750086774356,-0.014193933502025996,-0.17518464351666985,-0.03619691389539338,0.053220332816094174,-0.028963495739504474,0.11186770607141279
2024-07-15 00:00:00+00:00,ENAUSDT,0.2006010518407213,0.8099691662177226,-0.0388434582624861,-0.010287185616800035,-0.0666428532606619,-0.026077034927055532,-0.007063771105750918,-0.01184885249365645,-0.05860145658870088,-0.044333394836378215,-0.10438251770989225,-0.012003391379304462,-0.06647847939800526,-0.07767488873644622,0.0765628932243948
2024-10-11 00:00:00+00:00,ENAUSDT,0.2669867060561302,0.8040245353848752,-0.05336356931572394,-0.002753053229464669,-0.0203293767544837,-0.019596206756440422,0.11502785648711919,0.061230201316266865,-0.041523060603701714,-0.02542541358869153,0.1528772503900256,0.04741441805311025,-0.2977920060772254,0.01625065460360609,0.0727076966423014
2024-11-06 00:00:00+00:00,ENAUSDT,0.3806947608200455,0.7208517730517817,-0.012718285754888559,0.028203638033497597,-0.015230875754900638,-0.0017917306757551596,0.019200603871290994,0.027703043265832384,-0.029340297446505903,0.008572138539862818,0.0599974984219043,0.005856762602779153,-0.048811313852310585,-0.09136458080517082,0.12142594677973798
2024-12-20 00:00:00+00:00,ENAUSDT,0.23642273013210313,0.7361410156616738,-0.09168559389893845,-0.011773156158858386,-0.0063687890477229754,-0.014738057504452345,-0.11724617893310335,-0.012875380200397538,-0.04063457391436983,-0.02131983672256128,-0.26155701262236697,0.0394976079409735,-0.021220293191389714,-0.007921020723296862,0.05191639910108945
2025-05-08 00:00:00+00:00,ENAUSDT,0.2742237186681633,0.7764354281660427,-0.01843831046263164,-0.042304779515633176,-0.019189169552342032,0.03617020176956737,0.0736963516148188,-0.06043459030819075,-0.10762353720074284,-0.09893498675591886,0.02572986419317347,-0.05868380540472797,-0.09994380043101164,-0.18915787450791732,0.1581744384859408
2025-07-25 00:00:00+00:00,ENAUSDT,0.27847295864263,0.9187828323459317,0.036321944690067075,0.00026163410095752517,0.0029537422445511303,-0.00738554990923478,0.05549686084192015,-0.007405307382553961,-0.016310757036679648,-0.02050948989455388,0.08659226745188481,-0.02357727208707542,0.04919637267079286,-0.061763747062006755,0.030850096998099152
2026-08-20 00:00:00+00:00,ENAUSDT,0.2504554710106097,0.7187978543472241,0.08231703241731589,0.0328750700485773,0.04139872819792171,0.024899692711263417,0.2539818121295039,0.05617143780488644,-0.00047709340184600156,0.11180554825108513,0.3033670602337948,0.027105741222073505,-0.3904335218963183,0.01492823495199611,0.053468730143048385
2024-11-18 00:00:00+00:00,ENJUSDT,0.21034443036516537,0.9330794593425278,-0.02073288978472005,-0.029956159816967864,0.014501568249916285,-0.0007351717283665723,-0.032169228882583625,-0.040416712747914064,-0.003202565717023377,0.003676633391630391,0.1710683790902042,-0.00444044690273344,-0.1164813611701799,-0.051778956872326164,0.10127855062457747
2025-04-20 00:00:00+00:00,ENJUSDT,0.3308790383170548,0.9570882256822759,0.05298298075861291,0.0396240791585579,-0.023423472425453343,0.07002111261164862,-0.08889186125955897,0.012749879514900165,-0.11139542368340612,-0.0029680165946121538,-0.1539242793735242,-0.04022502775320512,-0.1742034503639214,-0.04785767602921624,0.005437797040816705
2026-04-08 00:00:00+00:00,ENJUSDT,0.3476953907815632,0.3820578149873438,0.14844849560013781,0.010252099830670474,-0.034826099302864635,0.0007394441084713807,0.18210746068443942,0.07627277709224148,-0.03151807340271838,0.021290645417763127,1.2252608903374913,-0.024550651729456675,0.09453796826000996,-0.02317152313145364,-0.02758498922000514
2026-01-23 00:00:00+00:00,ENSOUSDT,0.2165228507510386,0.6468534516923726,0.7720314298831246,0.16197424698533772,-0.048477474611560496,0.01980936857109565,0.48101328468371474,0.1321661818437202,0.014506995271216011,0.012401372969352786,0.8094531334579613,0.12025070088498462,-0.009132524586452728,0.06118675611015003,0.040750395986435616
2026-02-19 00:00:00+00:00,ENSOUSDT,0.37603305785123964,0.6332938227267128,0.13572866512973228,0.0029679046275340264,0.04815128852892896,-0.00930422310950461,0.21020054137861588,0.007058354558146717,0.020377460489009253,-0.01169796694640469,-0.0006836740960292353,0.04360721271047985,0.035843504723978944,0.0332963082812598,-0.0023450699286046593
2024-01-03 00:00:00+00:00,ENSUSDT,0.23858558383524375,0.8068747653753141,0.15318366694578042,0.012875655572640865,0.044517073733471565,0.0344542710105413,0.07460533535050938,0.04048169752420789,0.05271410388158927,0.01705907985885648,0.33402834139319926,0.013227422881893597,0.043030894684482936,0.06207041170779528,-0.1132947096714904
2024-05-20 00:00:00+00:00,ENSUSDT,0.23192246007949247,0.9180521527678183,0.1942750058802177,0.0012000409699056732,0.007294920596817656,-0.00689658515022047,0.2935489878325474,0.02398041892058731,0.005318637603573628,0.0017990386561331853,0.3290743129486454,0.03710101813912179,-0.05480727869820341,-0.028321763357906753,0.10073027254998763
2024-08-08 00:00:00+00:00,ENSUSDT,0.21703462420074793,0.7212806249965884,-0.013934574034934082,-0.0013053829148763183,-0.007022011914227987,0.01919034255893547,-0.03924498360296827,-0.0013660174281464482,-0.005998653395315266,0.00871858938210684,-0.01923202009984214,0.007467647001041305,0.01511759094213877,0.000549884826213206,0.14318315772961349
2024-11-27 00:00:00+00:00,ENSUSDT,0.5165480427046263,0.8577822081121026,-0.013068806043617251,-0.029848552010737446,0.00867574805385447,0.005948295439191234,0.09295455076331173,-0.029239015567894194,-0.027068115281368127,-0.02259355350323613,-0.019888955759424863,-0.0801806582848337,-0.036066499544986884,-0.020064843782111614,0.10712461746509476
2025-05-08 00:00:00+00:00,ENSUSDT,0.21489939582063067,0.9054357266457709,-0.05979544863276062,-0.03447155569786822,0.0029772113824015982,-0.005224135282233752,-0.045683756816701386,-0.02071641032461023,-0.09653668570911327,-0.012610111213263714,-0.008415335227833325,-0.006905607699503302,-0.17915531856160472,-0.017551605399184315,0.1700618519066408
2026-08-21 00:00:00+00:00,ENSUSDT,0.3133599644917886,0.7957458951906379,-0.029130255432562438,0.013803233782193502,-0.018291035735895432,0.008358160802150415,-0.0284457511683529,-0.021754304805108343,-0.04732813614854458,-0.015483478618908319,-0.048168146710997575,-0.09021912740483232,-0.06560517057284347,-0.03278351716519378,0.16011855828765964
2024-03-02 00:00:00+00:00,EOSUSDT,0.2172489082969431,0.8741785498759279,-0.0026785253530512186,0.0010106627262098926,-0.04509892393732094,-0.0070763057629735174,0.018476559353730947,0.03666260490005831,-0.07918506200357747,0.03164579186203433,0.020944193574730843,0.0019349809447170047,-0.09514891168292941,-0.06020646192635064,0.059967673708965684
2025-07-18 00:00:00+00:00,EPICUSDT,1.0038219806352982,0.6238116421687705,-0.2676873007932959,-0.0007773570031552865,-0.021553277232324697,-0.00396225326079754,-0.03365733087850928,0.02991327173170453,0.013014792855454616,-0.000548967794891192,-0.03379779884319678,0.05124515953309182,-0.0004958449825567229,-0.037506934129802716,0.011658246316079257
2025-12-22 00:00:00+00:00,EPICUSDT,0.23892035988004023,0.6997587259024165,-0.0052566151639378104,0.01994095030263293,-0.020680574197797574,0.007195164748381983,-0.0415358026619565,0.03250194635993185,-0.01670746750744475,0.030092442670770873,-0.0358235477103057,0.035266430056798866,-0.07557860461014841,0.008004585818625051,0.012826770463938052
2026-06-01 00:00:00+00:00,EPICUSDT,0.38787407695297316,0.5226993243843184,0.1792236401686026,0.010444374750711161,0.0694955356469847,0.045900749898948184,0.7287293806397882,-0.041610013281328476,0.1647594405780453,-0.01860168394567202,0.5066472765279553,-0.05197090970972769,0.6219232351987926,-0.10340150811838625,0.00234444343541903
2026-07-04 00:00:00+00:00,EPICUSDT,0.3353524229074891,0.42486495613482944,-0.6461784277833968,-0.036232122148472046,0.029060135461726876,0.006048968082736398,-0.6928120042497932,-0.018189642326579922,0.25325111572134973,-0.00550673801423708,-0.5252428802734044,0.013578435093834182,-0.21170781502057104,0.019664182006301982,0.024094859271655757
2026-07-21 00:00:00+00:00,EPICUSDT,0.2201526032315977,0.3840901241073461,0.10633821184852425,0.0015862259102830984,-0.025848606446145346,-0.03937720199433139,0.27359338173548386,-0.0021094332107307657,-0.01141083664039203,-0.05897488114005124,0.3234739081374077,0.06466649722894016,0.10680615901834781,-0.050159495042258986,0.004258816830028778
2026-08-07 00:00:00+00:00,EPICUSDT,0.3051890941073001,0.36454734658450044,-0.06276424710723263,-0.007666409141523002,0.0016956123915680744,-0.00541652686502611,-1.025691693350289,-0.032915461044391234,0.030799451931237114,0.019002272170164584,-1.1164615843284218,0.05607623238654628,0.09353320692014097,0.0323335468799393,0.018177476260168635
2025-10-06 00:00:00+00:00,EPTUSDT,0.2642254532399926,0.6838636685334573,-0.17973076108095998,-0.01275935130804633,0.011481441383527427,0.021736396699633193,-0.33535035085039044,0.003949573199369297,-0.01549384726584711,-0.03763804902261517,-0.43146843054061446,0.021365111611517003,-0.12851827331696314,-0.10257017895464156,0.03773649601146152
2025-10-23 00:00:00+00:00,EPTUSDT,0.22731104242764832,0.7205887469697603,0.27696020450905595,0.022612292311717266,-0.024088641650331998,-0.022669548334739782,0.11659290997308794,0.09783240904803762,0.025725268763572718,-0.032809757835315256,-0.1388936808072917,0.05121105998297999,0.19798887425643988,0.06740723157556724,0.03305687144596015
2025-11-05 00:00:00+00:00,ERAUSDT,0.2068522483940043,0.9212155452533265,-0.07277752483576765,0.0009706261734091136,-0.1998932174517151,0.040608313099560964,-0.099375564547303,0.05404064555716679,-0.20086780537554252,0.046728387838123844,-0.12897851579113903,0.044978912843699856,-0.26251501361513585,0.10059037896319852,0.03406605185289565
2025-10-12 00:00:00+00:00,ESPORTSUSDT,0.41412751047988494,0.6062356665879983,-0.16234474280374958,-0.015197105085012597,-0.03816416277849538,-0.013327220173651639,-0.0419355700555043,-0.03571454770736123,-0.009153796946872825,0.002587548731950168,-0.07798703113294339,-0.05060789693442802,-0.018576942372479505,0.014426279413334329,0.1144674034632804
2025-11-12 00:00:00+00:00,ESPORTSUSDT,0.48678785975106975,0.611024344409721,-0.14152107782301887,-0.011313005112830348,0.06451736855775504,-0.010596023848774673,0.04316411223601477,0.02702375933371386,0.02530212115879361,0.021460062861789024,0.03816879478485502,0.09257035670355505,0.016290842686926627,0.04859476024381313,-0.009838869353443514
2026-04-04 00:00:00+00:00,ESPORTSUSDT,0.2049834428098365,0.3605478280211837,-0.011285744228188746,0.01906883749846331,-0.07143592675469501,0.04516807717038413,-0.09159314741949648,0.03920377175703367,-0.16699923404823283,0.04486194573623039,-0.07142881087632215,0.00565094285433774,-0.25982636991238806,0.1651165718046714,-0.0029792279106385378
2026-04-24 00:00:00+00:00,ESPORTSUSDT,0.313441318556408,0.19008684991649155,-0.2856905674048349,0.027271518403177715,-0.004480777020974367,0.006526354922949678,-0.29201007583678446,0.017713203719005248,-0.031102204347586933,-0.043252707382065665,-0.14972231346770584,0.17535980461394865,-0.013078998817316672,-0.0514653787634153,0.009508970950115192
2026-05-14 00:00:00+00:00,ESPORTSUSDT,0.262396329627669,0.40132139127165445,0.00689818783113616,0.014419689349889353,0.01580747831774401,-0.011234292641917281,0.04012034328927855,0.03181565453034949,0.09224992427050961,-0.036947624778843856,0.07143800568429087,-0.01792113841240948,0.20647092937198872,-0.022118614807722613,-0.01562325207621953
2026-06-01 00:00:00+00:00,ESPORTSUSDT,0.5378378378378379,0.22837310676166225,-0.26048331971363103,0.032008799229933806,-0.0010626906392180086,0.023486487513771182,-0.4770034338583155,0.10431667365752842,-0.047640429908897754,0.01864959391958885,0.1545379937595408,0.3894431290566157,-0.07674726490316786,-0.03346702032368469,-0.07399456691850485
2026-07-09 00:00:00+00:00,ESPORTSUSDT,0.3236565781346512,0.32244102488136056,-0.20980723024949322,-0.025556697026507803,-0.0180428823974118,0.01200540161387496,-0.276378984764463,-0.044239259867762386,-0.01682033044782411,0.027690209102302892,0.19099593979385485,-0.03205720841354936,-0.0026205395730024782,0.03964884024509736,0.010852014651115271
2026-07-26 00:00:00+00:00,ESPUSDT,0.4658376788340688,0.3984030180639282,-0.32009176220538704,-0.008754572238703105,0.03555775104195158,0.008167188864385375,-0.5224490203120721,0.018421024836917606,0.004381760321589589,-0.14977159550248081,-0.5019302289960306,0.024674049242180366,-0.25370536895236584,-0.4967087723832626,0.03805045615411826
2024-01-10 00:00:00+00:00,ETCUSDT,0.24486333647502367,0.8415120208722531,0.08197843292968356,-0.010893512308063477,0.017535009161547037,-0.02146642001722638,0.07136147034884031,0.015917786183847583,-0.007375862972176894,-0.02578898761419917,-0.029351021453591336,0.0531075740859433,0.007813072556162277,0.008453862793397143,0.06910353794464612
2025-11-07 00:00:00+00:00,ETCUSDT,0.23036757128134666,0.9756041775043214,-0.08064685213794143,0.006071803881717346,-0.011060520731191532,0.02103740023040305,-0.08797863620225596,0.04831339785799129,-0.09172898088662594,0.00925707088405147,-0.045334192590718116,0.03890075821903409,-0.10878782173447302,0.08147655230894442,0.13723487133376
2026-08-21 00:00:00+00:00,ETCUSDT,0.20207253886010368,0.7843821573573163,-0.049941632306613734,0.03444962198785447,-0.04223102062962396,0.001987055945293048,-0.06763061980372335,0.029719107038445,-0.1046054594085567,0.0016457800613796827,-0.09364767845416047,-0.015567440170356703,-0.11136787224858373,0.09312287696807084,0.1500593518189804
2024-05-20 00:00:00+00:00,ETHFIUSDT,0.23282208588957065,0.6346504963986529,0.03476199338825395,0.020607192032341078,-0.0007258265143356077,0.01817852975811886,0.2331099262783516,0.01518876239069806,0.01247934729205576,0.03156403428733439,0.17257122724980878,0.07872553433721337,-0.009672351639902417,0.021450480212760876,0.09038390601040332
2024-11-21 00:00:00+00:00,ETHFIUSDT,0.291599025974026,0.904083823305867,-0.026811936406750437,-0.002076168151753638,-0.02243838691780668,-0.01753328707125157,-0.0005289810385360263,0.04075728058525606,-0.10440431987894279,-0.03862639357653435,0.06095859241724909,0.03586537101002385,-0.12525768596724027,-0.03717378563115008,0.07561990525494319
2025-05-08 00:00:00+00:00,ETHFIUSDT,0.3007107709130674,0.9114963717013307,-0.01106083176954789,0.021472614322820674,0.0029772113824015982,-0.008252370469919444,0.2901979841644876,0.05007967714695216,-0.09653668570911325,-0.012701213477765455,0.6128285438743017,0.022474820115512585,-0.1791553185616047,-0.009918003125590175,0.14705992700019638
2025-10-02 00:00:00+00:00,ETHFIUSDT,0.2251729680620589,0.8265748315242355,0.01882051000768602,0.010483512471961007,0.01883895099407281,0.007576844763854634,0.05590276530387814,-0.0008061884627020629,0.08772583968825384,0.06615657415849524,-0.04575300173245425,-0.03532131336035791,0.038526909783991085,0.0031655559702244928,0.060399473361558306
2025-05-08 00:00:00+00:00,ETHUSDT,0.21898858651816977,0.9216813898984402,-0.01424577384938687,-0.03690353813017133,0.0029772113824015982,0.020883229847525685,0.013857834180065934,-0.02174934449675577,-0.09653668570911325,0.08226727505491055,0.09787920429762106,-0.017952878528337768,-0.1791553185616047,0.12910912076597655,0.18563212462549022
2024-04-08 00:00:00+00:00,ETHWUSDT,0.20737327188940102,0.6110241994720941,-0.09326906031475116,-0.0038754123474659197,-0.006790206330374844,-0.00534158083710419,-0.10028023324778507,0.005932368215449979,-0.03415799411404187,-0.016307367486160834,-0.10367971273145654,-0.03794181203680861,-0.03874724756363973,0.08489245969227796,0.06183748581040242
2024-11-27 00:00:00+00:00,ETHWUSDT,0.24930342113578252,0.6536758884489523,-0.014162963859668223,-0.012602344638907312,0.00493709300950503,-0.005861763462851172,-0.021022197814154566,0.011897595573688611,-0.026927513651044788,-0.00630523678864032,-0.06962333453586311,-0.02551372489773061,0.012508295293221287,0.052070302060964954,0.08587206928771583
2025-04-26 00:00:00+00:00,ETHWUSDT,0.38281686208821886,0.8932555435159781,-0.02732221079713848,-0.011127346154779302,0.026930550891549897,-0.012709013174174744,-0.07008765044620792,-0.008825648583099449,0.03220342863081951,0.02873666574683164,-0.17887786468967784,-0.026528671351912975,0.09208160036464211,0.07772469025280586,0.020200523000885796
2025-05-08 00:00:00+00:00,ETHWUSDT,0.21125558182295778,0.7956315755660751,-0.04887818288450321,0.02179683459068791,0.0036462522554648407,0.07849071668024288,-0.07814509068754662,0.03012768754191638,-0.04623003275110072,0.05343716070538766,-0.08024488749488576,0.02285193822843577,-0.08337311187670904,0.07207466494313718,0.1281508484254275
2025-08-22 00:00:00+00:00,ETHWUSDT,0.30524632117722317,0.9150336788393847,-0.03493718170937684,0.007983777859823456,-0.006524481614361334,-0.003780108752872062,-0.08641973692149593,-0.012167088498728263,0.02767873513936519,0.006858734327522165,-0.09398732011841474,-0.025877971441503177,0.05076956856939313,0.0010422344735722129,0.11598341929539382
2026-02-13 00:00:00+00:00,EULUSDT,0.2561881188118811,0.7467133213534601,-0.04034665601526248,-0.01574403622626362,0.012158076728705985,-0.025488565241304682,-0.059069672923907406,-0.030727617024936437,-0.005248755972271761,0.06869027637397396,-0.04083637486925822,-0.017500696453948767,-0.07171889843304899,0.05886435668191179,0.03269656378366555
2025-12-19 00:00:00+00:00,EVAAUSDT,0.33599999999999985,0.43605270763597426,-0.033192080180906726,-0.021047823596217225,0.02308491000928086,0.0006445849268404767,-0.06227670341837672,-0.003114162907761414,0.08513954478809845,-0.0014184424798277541,-0.06519265449891516,-0.003659585973755508,0.04939140811873534,0.0003994648311822765,0.17548122602905453
2025-12-28 00:00:00+00:00,EVAAUSDT,0.2696220930232558,0.5140597469935362,-0.11191828900520831,0.006075006162244918,0.004398294750028638,-0.0187368848555911,-0.045835693620790846,0.07770596292200051,-0.00808392188182327,-0.013933069665586209,0.0006421395486667786,0.25835937151926414,-0.10208157712777136,-0.017968684429212442,-0.012284354155325162
2026-05-07 00:00:00+00:00,EVAAUSDT,0.28478543563068937,0.5824332956043029,-0.09564894632715942,-0.0021596952057326216,-0.029797338330430478,-0.008365700568774694,-0.17572719016058186,-0.02423075231494571,-0.06313583251467186,0.05035520590980741,-0.2895613548373377,-0.0034542212330915647,-0.10462505703876586,0.07047160320436745,0.0156131198869077
2026-06-09 00:00:00+00:00,EVAAUSDT,0.32696148359486465,0.562744803198935,-0.19141957397466536,-0.026926850325658103,0.04734654601457937,0.16518152886291562,-0.1668444924960304,-0.03601132634184702,-0.017555004454265007,0.05740898510202195,0.39034182542368856,0.07147772493427097,0.06569197850056455,0.02911521737208881,-0.07339147550937412
2026-06-29 00:00:00+00:00,EVAAUSDT,0.22578337387322955,0.39015621003651363,0.00325362495287582,0.02074659039967052,0.05547361056890595,-0.044971493517025604,0.18389843371165543,0.05269013932894551,0.0344253079695994,-0.08048568248856627,0.12253723501051275,0.08698518773400356,0.0629533326694836,-0.12228256763159871,0.019786855720233382
2026-07-07 00:00:00+00:00,EVAAUSDT,1.6416057663429773,0.38525344864674743,0.0879464771839075,0.010717387492832145,-0.03294080330631625,0.010527832975416197,-0.08157161851495762,0.0012170085427963516,-0.13163916453742006,0.04475557054727898,-0.9258498283358669,0.01774314725298041,-0.11203258539444569,0.03811818431035456,-0.0204538056659772
2025-02-08 00:00:00+00:00,FARTCOINUSDT,0.287037037037037,0.562370564135524,-0.0007918034415078358,0.0054355651667888,-0.017954724417439914,0.0051216120638826555,0.06851124191629951,-0.0292861520616974,-0.03256007395950171,-0.034022954883770155,-0.21390206018897961,-0.05581782725655789,-0.052000502056815154,-0.036337061087833314,0.05494900992235763
2025-03-02 00:00:00+00:00,FARTCOINUSDT,0.3918918918918919,0.5826237113236508,-0.10040933720749592,-0.0020174420967538744,0.051165025545391554,0.0005860875155473233,0.005810768900975011,0.02031549597647054,0.06314684599683403,0.008199569247860822,-0.07729780594886101,-0.170474880857264,0.08388337995966462,0.03821097075415516,0.22187824893006763
2025-03-19 00:00:00+00:00,FARTCOINUSDT,0.3464273620047409,0.6488388747225179,-0.061676961877589885,0.014171449525734802,0.024804502519383993,-0.015234873297906399,0.15049792441639856,0.009831885860248465,-0.0418816869653718,-0.038281235721753404,0.3364270317730465,0.07010811760042758,-0.1418169385906118,0.025411163447689844,0.09665883138528963
2025-04-04 00:00:00+00:00,FARTCOINUSDT,0.22759942501197883,0.7850837333828435,-0.025965995881127024,-0.007258164294160541,0.03787301382683479,-0.00044202000691735547,0.17091180591892793,-0.012463041392319752,0.07121811313648506,-0.021719849286862734,0.5899000378123794,0.04973232289073003,0.009621464359977494,0.06832488059043566,-0.0009368392997420871
2025-04-22 00:00:00+00:00,FARTCOINUSDT,0.20860537300652893,0.7715924593176025,-0.05397462533083051,-0.01244185803513404,-0.044449139923799105,-0.016274154035809296,-0.1656592990407812,0.018071627154556753,-0.11636846877063153,-0.049856987980583974,-0.06370822612897672,-0.01332252104172844,-0.15071288265914068,-0.06960413798357326,0.1117683173025256
2025-05-08 00:00:00+00:00,FARTCOINUSDT,0.21537558685446,0.71933351554865,0.02801712069422603,-0.037107558692218864,-0.042994727533284004,-0.01612144397869934,-0.01995561481237887,-0.05843062850747628,-0.1162691125159836,-0.09084292582027866,0.03005654891462322,-0.02440051009907217,-0.11995577758339451,-0.029803465872305136,0.10192682632158982
2025-08-12 00:00:00+00:00,FARTCOINUSDT,0.20199727644121634,0.8047716815741346,0.014202331958816263,-0.005800566322755167,-0.03810683663324073,-0.01292352251466169,-0.06413015246492743,-0.03686953307100158,-0.03557077839917065,-0.03856927349189,-0.10710942637331444,-0.05732454639693083,-0.01438770062200161,-0.06785765760589621,0.06775655478614877
2025-10-12 00:00:00+00:00,FARTCOINUSDT,0.31614024920312933,0.9506139164788181,-0.010290004267579062,0.0027199697068439124,-0.015181323336863842,0.01687637388030825,-0.09923321056631293,-0.01356712377510966,0.03828262837396813,-0.014620457454800773,-0.1347036916356696,-0.013380522068677365,-0.0437755958160148,-0.056146194090303435,0.11790362913319441
2025-11-24 00:00:00+00:00,FARTCOINUSDT,0.2616071428571429,0.9268694229742416,0.055272263811313886,0.032226340967418485,-0.0001785943118878792,-0.011893443981445803,0.17103617076326266,0.03189427638783631,-0.08904934069768136,-0.07244741401611357,0.21961327703534922,0.03195565471580016,-0.010212995306176665,-0.054082399175462,0.0874587771460166
2026-03-16 00:00:00+00:00,FARTCOINUSDT,0.24337349397590358,0.8843577750231736,0.008420837589147427,-0.011165343306027888,-0.11817632963394993,-0.0019260463485541676,0.025282564223338744,-0.05152414981025531,0.1518582453904359,-0.0004259588280252719,-0.08861021280356741,-0.059639816987795836,0.0451688020319372,-0.004959507960668702,0.07010207305307446
2023-03-12 00:00:00+00:00,FETUSDT,0.20431472081218272,0.7499006607569673,-0.020810946541766316,0.009659414579161207,-0.004984326945563687,0.0055673495681753905,0.05015785678310943,0.00691370076736242,0.0011285222509980833,0.03291486422106267,-0.03168895683743128,-0.01772983607580242,-0.011861959553742217,0.045243731404363136,0.11074189404399556
2023-12-12 00:00:00+00:00,FETUSDT,0.22583265637692929,0.740096872210291,0.06796050595765951,-0.0011753524197066685,-0.01650866109035902,-0.010789283463068521,0.0877368330291085,0.030141156561913816,-0.05630853863419548,-0.05303447451673691,0.18740509515942527,-0.007256564239295678,-0.08534673181912497,-0.04356840266430074,0.05937191801446917
2024-02-28 00:00:00+00:00,FETUSDT,0.2555978816315152,0.7388305349366997,0.1624281996921788,0.00522540237914558,0.04088038087075643,-0.002746485613699953,0.19371649883636524,0.02434131007518655,-0.010074103144480063,-0.032843745201595456,0.559377376997929,0.06879573537121512,-0.06795254810255046,-0.030582344136757693,0.06283093114350306
2024-06-19 00:00:00+00:00,FETUSDT,0.25816993464052285,0.9173480857128329,0.05871124741209365,0.026284408361157176,-0.008159938314753297,-0.007026585888816858,-0.0015160708025124814,0.012489288681854723,0.009097096162362683,-0.013333909174266223,0.1648092679755887,0.07323189927703785,0.028289505396181847,-0.020542938778797783,0.11103253597028448
2025-11-07 00:00:00+00:00,FETUSDT,0.5801988759187202,0.8589916314745887,0.014312444882041928,0.018836161155190673,-0.008295064253179671,-0.0479625547340849,0.04671723326993899,0.023605419731091704,-0.10618405944510947,-0.0764439032678506,-0.07305052294564125,-0.015822746683876544,-0.10486061728690285,-0.10610684905803729,0.13548795406925204
2026-03-16 00:00:00+00:00,FETUSDT,0.2101781170483461,0.9137949933566807,0.03069657870206491,-0.013592105688717267,-0.11817632963394993,0.003629702556962139,-0.009171373282444231,-0.02413590338251576,0.1518582453904359,0.0021873560499398813,0.07297388646947497,-0.014297823674246308,0.04516880203193718,-0.02366173415388165,0.04494018107350073
2026-08-21 00:00:00+00:00,FETUSDT,0.20000000000000018,0.7139349368354013,-0.013806646028293866,0.01533011264056586,-0.026215224072386863,0.023899355351127322,0.05965935135564455,0.02038117803597673,-0.05113487081999395,0.04260791131228927,-0.08260712164245357,-0.03225961053613116,-0.03787818639614121,0.0021067867662040276,0.1393006456557721
2026-04-10 00:00:00+00:00,FFUSDT,0.5219842164599775,0.409507132894314,-0.17323881979550648,0.001676400762450353,-0.014971210887540793,0.0004434882546942496,-0.30424548036454924,-0.03884762776554067,-0.03458555230232237,-0.007290388096980865,-0.4321686910436817,0.01756818938575826,-0.018623255240083576,0.01127419314593071,0.021586221250974723
2025-08-22 00:00:00+00:00,FHEUSDT,0.9138624338624337,0.35034280025130105,-0.15241926575603792,-0.020126819432086752,-0.05509561145957183,0.0007578130461287783,-0.3342229654201321,-0.004962365112384559,0.021047496205985155,-0.002783817343708003,-0.45535450020839213,-0.029926001488827403,-0.02346956532273826,0.008872043404794451,0.056997430447510176
2025-10-17 00:00:00+00:00,FHEUSDT,0.588199879590608,0.7268843022711042,-0.5700689717597188,-0.0010662918041426113,0.11879762298107865,-0.011333289619169329,-0.6794672657263048,0.0176347972345279,-0.27325115506512265,-0.013413515138156662,-0.5703174228076745,0.0022451534934125016,-0.3993962647355539,-0.017787834573219526,-0.023054497330218738
2025-12-07 00:00:00+00:00,FHEUSDT,1.4831102613129383,0.6358080314134819,-0.12513384732642585,0.011285630252285933,0.0010310053439394895,-0.009097277303629617,0.36682915769721125,-0.012005786105316977,0.04933300907838688,-0.005548580040164697,0.8022028935728214,0.010521893832660681,0.12558880659443625,-0.00641786857097759,-0.054211673628084434
2026-01-14 00:00:00+00:00,FHEUSDT,0.30170480035890535,0.19446482253189373,0.43437166992824483,0.030210901312780907,-0.004559685776050236,0.04001647563776041,0.8545551705652212,0.022436077190019953,-0.02396324506732228,0.03195745661131956,1.1118093942287106,0.01788085510455904,-0.0784523087795516,0.10077657677686176,-0.021702955582240134
2026-01-31 00:00:00+00:00,FHEUSDT,0.24781999377141073,0.21433864763442462,-0.01965329675639619,-0.0006108408659956106,0.055065426060879594,-0.5154543685997732,-0.13248539919603813,0.02449512289867036,0.016020820974055293,-0.41043478504987546,-0.3416693279322518,0.14653847943031345,0.014213968953531303,-0.4704196657151055,-0.041269241809723224
2026-02-10 00:00:00+00:00,FHEUSDT,0.26876247504990025,0.22324607254288797,-0.5143036223681535,-0.017958663857474338,0.015712948304864294,-0.013271506509888873,-1.2073839278185932,0.12221523385858787,0.008118002117307474,-0.042780054835966745,-1.1500720590990996,0.1891812283325812,-0.02541549089977167,-0.06477418657662422,0.0011865102243308278
2026-05-02 00:00:00+00:00,FHEUSDT,0.3187603763143332,0.46073676768135563,-0.06182597521908877,0.009583955176845283,-0.0067099922027999805,0.04614415946859981,0.465012465324997,0.0164029676615714,-0.047677875306204764,0.031042182239390842,0.29160343709276443,0.06495139968888695,-0.1112120056712059,0.06231269099620529,0.030903480985462296
2025-03-02 00:00:00+00:00,FIDAUSDT,0.21134287191863477,0.8574910904179129,-0.024038451994733423,-0.03208508467643906,0.07441233257421478,0.0007458192658655549,0.018337870358055994,-0.047400977648712476,0.006091153694192375,-0.0031679608427971407,0.0013192163887024433,-0.08216911221734675,-0.011619164533546476,-0.02763889164274518,0.13050918767519973
2025-05-08 00:00:00+00:00,FIDAUSDT,0.30172564057869966,0.8127434788909689,0.04826274370835616,-0.015309954667162146,-0.03855432506193431,0.010997539481884004,0.25977790976342885,0.0057621323729016875,-0.15097094998340288,0.043446541023400634,0.24932841458046326,-0.0076465278583852546,-0.21463307586143615,0.0036924283489038557,0.165422433432563
2025-07-02 00:00:00+00:00,FIDAUSDT,0.21403006442376538,0.7786024048507094,-0.09382666945095768,-0.011514258707026884,-0.015497478279919577,0.02449093776619654,-0.05931949819633918,-0.05680839242726492,-0.07343271019737475,0.02296658434263596,-0.13090520423853255,-0.026117886830433118,-0.11271415406713492,0.040635239535404724,0.16759874288907026
2025-07-21 00:00:00+00:00,FIDAUSDT,0.21159210662258499,0.8150538014569071,0.05978222443393685,-0.01699443748002353,-0.022242917090964865,-0.001366956513312377,-0.07314608440342255,-0.07932801212455362,-0.031903093462108165,-0.0010033146749937772,-0.01361961682102434,-0.1066736568236176,0.13235820901537884,-0.0006020125608380361,0.04472598243774981
2026-06-06 00:00:00+00:00,FIDAUSDT,0.22402597402597402,0.5282899311268399,0.06294392743519371,0.01180747524293629,-0.030892464206912863,-0.019378961415071706,-0.021447164007239075,-0.023281505264321968,0.03415356186143038,-0.0013260010890600664,-0.04509575781929451,-0.03091197989984158,0.037647751706976054,-0.032772626201455615,-0.008292385610861874
2026-05-19 00:00:00+00:00,FIGHTUSDT,0.2193917338185598,0.5058779393445451,0.13250948896856846,-0.014574807607967344,-0.050914037240665275,-0.043727109625248804,0.10748100678361017,-0.020128830436684057,-0.014105814371197189,-0.0024300771556344932,0.0011550404499941491,-0.08927353574466144,-0.007015395425330792,0.060720705989503354,-0.0059674507379719795
2026-06-10 00:00:00+00:00,FIGHTUSDT,0.30094043887147337,0.48136824406082407,-0.14772418048205216,-0.0008789159879672049,0.06018475658371536,-0.00741142052430918,-0.2751683953688515,0.03326447376523277,0.028437625054716965,-0.014271136757932502,-0.10198622535597442,0.0325654485543414,0.1389090462423056,-0.0057205541051197715,-0.043026496983618046
2025-11-06 00:00:00+00:00,FILUSDT,0.35361488904796,0.9487792383193083,0.28040774943905644,0.05528249649986294,0.0027836929920770637,0.023901316473010935,0.19728366574914846,0.048201833922561964,-0.1030085440002512,0.034098142392619366,0.05003216887211165,0.05969239059593625,-0.0749448549760406,-0.0277113931168838,-0.012358278522935296
2026-02-25 00:00:00+00:00,FILUSDT,0.20956719817767655,0.9348097363604847,0.003963619811208959,-0.011121992607381392,0.021715046404039994,0.04005261089217007,-0.00524385607260993,-0.007493455004198163,0.055882315731161335,0.059573409980993794,0.004163248844524407,-0.016703855550879297,0.08018396896441218,-0.07583664772079692,0.16503122685686755
2025-02-27 00:00:00+00:00,FIOUSDT,0.2207097715119104,0.9385100508369018,-0.010953941655025293,-0.0026884236516946255,0.010222881053675891,0.011560073691786573,-0.09297470227136853,0.004155309745179823,-0.03499590547120157,0.027515502221165555,-0.12588075301340151,-0.008682748599031806,0.05094112411026952,0.032318439557860915,0.014933488112480109
2025-08-08 00:00:00+00:00,FIOUSDT,0.4053892215568864,0.7046106510609246,-0.0296943370015397,-0.006285322267929506,-0.04976891507972223,-0.018801006003121165,0.01680847184471225,-0.023323289173552433,0.07360718129057894,-0.027499168355907506,-0.1640725408129111,-0.007336927804337247,0.0038417733024330215,-0.024229632926084495,0.02686424529931806
2025-07-07 00:00:00+00:00,FISUSDT,0.6042614005456672,0.7291047500121316,-0.08101301305434336,0.024465312188911063,-0.026838397367871403,0.0026617532955890456,-0.15998485188659628,0.012202627876047912,-0.1147596493267526,-0.05931230671072239,-0.3053887446297015,0.03040703486391754,-0.14338387381879175,0.039812288641742806,-0.010195239859463667
2025-07-26 00:00:00+00:00,FISUSDT,0.3240791860556824,0.658383416793735,-0.18534247025683293,0.009188833992974712,-0.08746975276303197,0.003984824689119508,-0.21548531186087733,0.008315556979409888,0.004926706549311449,0.01839365051454065,-0.16841369097644904,0.0639294069960616,0.015294404354981594,0.010938225186712388,-0.00519505785908656
2023-06-20 00:00:00+00:00,FLMUSDT,0.217247097844113,0.9469407340365601,0.29054004097719216,0.0033478391248352806,-0.017214052472279757,-0.010318250943875427,-0.058934147581434115,0.016131638967867408,-0.012740894694981537,-0.0003838175734161502,-0.13838793126715881,0.01815496213311192,-0.003749832019683791,0.04040255954280987,0.02320667356752155
2023-09-05 00:00:00+00:00,FLMUSDT,0.6146341463414635,0.8256964526927751,-0.1432850726598226,-0.012420337550663437,0.015830285110811203,0.0024445151953185716,-0.04938863654181097,0.06226374302330347,0.007388635065183387,0.0014252401024944551,-0.03152396832719853,-0.053883907818565314,0.007075190982790386,0.012434720203018125,0.12974832918730855
2023-09-22 00:00:00+00:00,FLMUSDT,0.3984063745019919,0.6565387866449373,-0.47092679637765616,0.008184448398254874,-0.006098933270983084,-0.0011224101305304073,-0.5379031031321948,0.005386310124615623,-0.0033968840362342016,0.012327614154490199,-0.5807085962756107,0.0007170834216249352,-0.05166192708618382,-0.02198576852153129,0.024528174919522937
2024-04-08 00:00:00+00:00,FLMUSDT,0.2467532467532465,0.836472696980965,-0.0011606579296759983,0.022854634343553303,0.03046043063774099,0.0015362626856149225,0.09105267790005388,0.06918691997795871,0.08313180416889263,0.004519254501580422,-0.10814797602752965,0.0482293969907593,0.10613345126650717,-0.0198777859779773,0.0517295626279675
2025-04-20 00:00:00+00:00,FLMUSDT,0.22033898305084754,0.8987895733059672,-0.09764977831511461,-0.11354256492389223,-0.030445471371273975,-0.007375111795591645,-0.17622450274901208,-0.1840072689915841,-0.10248564315862556,-0.035465551816655214,0.38018983959816516,-5.481784643104337e-05,-0.16085434751794497,-0.054847140093515344,0.2633548925580435
2025-05-24 00:00:00+00:00,FLMUSDT,0.29841269841269846,0.7351873822766328,0.06631657090233872,-0.04185511863966617,-0.02928343130487268,0.011941586282535843,0.0898931205303656,-0.026052707567430177,-0.04818460102327853,0.01960678294338031,-0.10188104090999983,-0.08113383412444412,0.04275398727000663,-0.022088418946433035,0.10729998220168455
2025-10-30 00:00:00+00:00,FLMUSDT,0.4277777777777778,0.898483223296331,-0.09023338062863996,0.0008942203595464524,-0.022662938536498332,-0.000558401951620572,-0.11531798677853289,-0.0029682018169878968,-0.052062306096659725,-0.0019798005421714764,-0.2176734966493577,0.059978469735952444,-0.04124465119389841,-0.03593079105794207,-0.044732622081410295
2023-07-01 00:00:00+00:00,FLOWUSDT,0.3007380073800736,0.8929925217776103,0.08574192585363768,-0.0018814558125273377,-0.007294697823218889,-0.0050205698700153695,-0.08469104649462325,-0.0016808142416225406,-0.026304616435912153,0.0003267785303972013,-0.056347706455998015,8.612301377797018e-05,0.01398476244184671,0.006030889057542573,0.03194209976538794
2026-02-06 00:00:00+00:00,FLOWUSDT,0.23914643119941137,0.5139022236938009,-0.029488217688989366,-0.002873861180386536,0.020481939242877466,0.004465712161485511,0.011471319241761951,-0.005266985193151437,0.10305467107315122,0.001738804361156419,-0.15134084840290202,0.0012297785914062872,0.16392577944956838,0.12132280240954348,0.07468994147998495
2026-03-06 00:00:00+00:00,FLOWUSDT,0.28650700934579443,0.6837825339502129,0.011631165349266712,0.0065726893983139596,0.08076823252351095,0.0062846420636522545,0.1936223590675185,0.013990582278859742,0.031341893449026124,0.024567956731007895,0.1289317361467373,0.005536991623260457,-0.04992896585439303,0.06582602630412386,-0.034587110076656435
2026-05-19 00:00:00+00:00,FOGOUSDT,0.21568627450980382,0.5256363812305048,-0.059912312577187876,0.028514150183891595,-0.05188834876447825,0.0007507458148926754,-0.03093795007564838,0.026116429293183353,-0.07492095117225181,-0.037805282776768256,-0.10469968586539666,0.02407911755282371,-0.08845926494264031,-0.004440121065968641,-0.015170590488226332
2026-04-13 00:00:00+00:00,FOLKSUSDT,0.24251805985552122,0.38338741460401904,0.10774070833036489,0.10001270394409419,0.027761747922152247,0.00822023375063552,-0.04312841189537625,0.10695326179187822,-0.03284160836956383,-0.004136306014208219,0.04995128453275807,0.13631719175846801,0.0983161248525623,0.03944947714058424,0.07183694898088044
2026-06-10 00:00:00+00:00,FOLKSUSDT,0.21174568965517238,0.4529026991492679,-0.1360504562699861,0.020619677236986437,-0.09584998656887848,-0.04991643613269139,-0.32552826261990675,-0.011559525678389254,-0.38405090773577166,-0.07030365422149296,-0.02954067339129289,-0.02398306192245318,-0.6108940783923249,-0.012440480993042704,-0.0635200752805932
2025-09-28 00:00:00+00:00,FORMUSDT,0.36086309523809534,0.4322482267825217,-0.1649152828079225,0.0016594464352134713,0.019842903744974428,0.032338734120782794,-0.21483442878328407,0.07479237436147994,-0.005458705927663242,0.06829233029581992,-0.18878813520853868,0.09891437278498225,-0.02164627667270961,0.06588559273213453,-0.0007908358267758597
2025-10-07 00:00:00+00:00,FORMUSDT,0.20205173951828725,0.4346438279111684,0.0437080498325958,0.015230997116915525,-0.018267954067853667,0.0012652724758986226,-0.21119552040063322,-0.11180878940995502,-0.02734937337106782,0.0889599637070961,0.005614847121553274,-0.11468533085057395,-0.1718475900594887,0.03246114787134413,-0.06531596790459937
2025-12-16 00:00:00+00:00,FORMUSDT,0.4622578490313962,0.7479045877686372,-0.0859239628974197,-0.008156893056123956,0.03059932039961157,0.015036259687816595,-0.14798182225184636,0.004504765720739283,-0.02096333516870851,0.02789440344049221,-0.17394196896747513,-0.003535807831386583,-0.035658151528557704,0.004341219109865113,-0.015267014154204306
2026-03-02 00:00:00+00:00,FORMUSDT,0.2582568807339449,0.7351334820798047,0.20282850356287652,0.01259314636725066,0.01575800623349839,-0.004406029005069916,0.13132735031247797,0.02568754696915474,0.09063269191855927,0.0049173506252418705,0.020719937383008008,-0.002450212311550703,0.10251801620481564,-0.019037042174832885,0.039844319710099094
2024-03-14 00:00:00+00:00,FRONTUSDT,0.5632947428354524,0.6750518971556334,0.15587147861406578,0.06885239629678115,-0.005592112391002135,0.04502274537693214,0.6386636536308965,0.04208649975177383,0.0025113672949782797,0.014933358187745788,-0.1277877167334859,-0.006540010349805825,-0.0050198154010419145,-0.0009946612531329974,0.030022967262003285
2024-05-05 00:00:00+00:00,FRONTUSDT,0.3888556738012674,0.5919766145598482,0.09326841362578332,0.005787150223106998,0.010550442243200423,-0.005789177204113014,0.43595382130022425,-0.03666197651865246,0.01197072955865459,-0.010815687000058074,0.20310372495274398,-0.03626288308541298,0.0039910141659798785,-0.04733151921868558,0.03243022856265161
2023-03-17 00:00:00+00:00,FTMUSDT,0.24114341558758867,0.8137506084527288,-0.010977353580305129,0.017038709598354653,-0.020229135075982965,-0.001938611857276769,-0.052832064238667556,-0.010719661944510583,-0.02852635320345657,-0.001608890129728866,-0.027368496804155616,0.024540872518072063,-0.010350819329289765,0.016134618163123917,0.09659662414767038
2024-03-03 00:00:00+00:00,FTMUSDT,0.29450792480648746,0.873872726034836,-0.1119994653110594,-0.006795203220953744,0.042612849485295805,-0.011528330081975891,-0.03823569814969717,0.05276290539457623,-0.04981571101692293,-0.02577332563520036,-0.0569279586348265,-0.012719897398907007,-0.02926756051825207,-0.06986411667928685,0.023537477087713966
2025-06-18 00:00:00+00:00,FUNUSDT,0.25306122448979584,0.4700028770693108,0.09898640889240394,0.018128891911078412,0.007476787693483628,-0.016376364573331154,0.6197388738739298,0.035112113533535924,0.030921169970432972,-0.04325771437954431,0.895940523392974,0.1427665266193725,-0.03319314638684823,-0.048086952516244674,0.025611472741847517
2025-07-04 00:00:00+00:00,FUNUSDT,0.23370485956308507,0.3860350463966671,-0.09066210275741114,-0.003671567119467125,-0.006593276999271794,0.0028636865101151726,-0.1204225173777426,-0.04082952737440033,0.0185963874596936,-0.016378416889240723,-0.09183062256205067,-0.26689949236319677,0.006234937008117091,-0.0033008901654489053,-0.06812643515574253
2025-07-14 00:00:00+00:00,FUNUSDT,0.27788933511825076,0.3608101405755785,-0.09986796441735439,-0.028483749397855824,-0.0327038546414528,0.006178175095301651,-0.2618615283967356,-0.028536961640402158,0.01379284235578065,-0.029162172953637145,-0.43781849294125047,-0.04309874362126529,-0.015213951030862288,-0.04198858868248852,-0.01723629765973402
2025-09-11 00:00:00+00:00,FUSDT,0.4155737704918032,0.6647526653716881,0.03137563345781186,-0.010492271038420767,0.01900481434861539,-0.0288830445770474,0.6967947346403378,-0.002274052545658585,0.026232075324505732,-0.02725664353211817,0.592786370946967,-0.028975968770041077,-0.01360375555102127,-0.023582021435983053,0.0253427502387227
2025-10-12 00:00:00+00:00,FUSDT,0.21324571575827878,0.6445961541764739,0.026187329498073425,0.02224645771755082,0.0019941430327579876,-0.020934286496057514,0.02513374412190756,0.07212467022068896,0.00874695607205751,0.07660169958965199,0.1035639732364045,0.06831977579118642,0.04337246269059554,0.06514240760399644,0.09414685435960406
2025-10-21 00:00:00+00:00,FUSDT,0.21394439617723737,0.6480689094852613,0.11789721878218828,0.010415187706266704,0.026011705285731813,-0.007032678807705875,0.8319852435452625,-0.0013617871618363674,-0.03253917202312589,0.007594409532441558,0.3569867473122231,0.005809974182921213,0.030859568974887387,-0.026710303765958864,-0.0371370711977594
2025-12-19 00:00:00+00:00,FUSDT,0.2919564829677188,0.6212380846123078,-0.0040224529367865105,-0.01270442064883109,0.011298892536783971,0.009001854386634738,0.10033867601707035,-0.017318387846645657,0.08562117189822518,0.01744751261072694,0.09423508826699444,0.05913189674702455,-0.035084717602860194,0.0911051633606344,0.14846033516299212
2024-12-04 00:00:00+00:00,FXSUSDT,0.20309335763466985,0.7915028397399142,-0.05166247110499568,0.0021639336606596475,0.03947300333946382,0.0154217582403398,-0.07559839754407811,-0.021705570252555113,0.033438782558861554,0.021486847542237543,-0.1271637209546016,-0.05594843233874373,0.07492759531266185,0.03936339682616279,0.028143056365994745
2024-12-23 00:00:00+00:00,FXSUSDT,0.26967528893780957,0.8341990520602864,0.18277794985290796,-0.007629459513765749,0.1242753612898601,-0.014518719227022258,0.28304454721716577,-0.019229359780030608,0.09149571344918572,-0.0033420585390549,0.18557222581931973,-0.015287978158406518,0.0504794786925505,0.0050476482296897395,0.07712632610937276
2024-02-27 00:00:00+00:00,GALAUSDT,0.22143069159988138,0.8946280868090282,-0.0608218359195489,-0.026854419091367505,-0.04373023078503978,-0.013685800569868877,-0.0625221122046513,0.0032522833275299575,0.052790560611277126,-0.05924737027756245,-0.07682252628927458,-0.03306836682621399,-0.029296510268013727,-0.05897291195450745,0.022684628808995622
2024-03-09 00:00:00+00:00,GALAUSDT,0.28698630136986303,0.8243807601766818,0.33174746236018715,-0.01979271246593785,-0.0729526401991886,-0.011481272783949701,0.19887675238416738,-0.0170645558398822,-0.12318192696911097,0.027446985975967574,0.16119727574614198,0.00947556473036929,-0.1312473562670294,0.28228141059779727,0.061087837381072055
2026-08-21 00:00:00+00:00,GALAUSDT,0.3711790393013099,0.650696660120128,-0.06923924068006644,-0.02197862650153657,-0.013424178342448512,0.08268515356085449,-0.07897095847378316,-0.02705071398016005,-0.07494021606935741,0.08248269077247875,-0.15246777984335722,-0.08947676860978354,-0.064023877896127,0.15896804416803897,0.13583818879676812
2024-02-18 00:00:00+00:00,GALUSDT,0.3398332950982641,0.7364983531532993,-0.08510386439584919,0.004047506812166879,0.021363598457200324,-0.012584461808246,-0.14312685147129672,-2.5604851730243183e-05,-0.031052237647219327,-0.01996308674325244,-0.11780032978528043,0.011389522502158463,-0.10171339008375495,-0.03599819477466299,0.01244448566422609
2024-03-06 00:00:00+00:00,GALUSDT,0.21319779580381293,0.6813668749178456,-0.024568340793251105,0.001482372460490365,-0.05435740857306074,0.008002276349002198,0.051006899308580385,0.058520768253026136,-0.09534014094878299,-0.041054598024916615,0.11066254025131905,0.0669985490575569,-0.2075290627801254,-0.03638064245638993,0.08701083232856248
2024-03-17 00:00:00+00:00,GALUSDT,0.2449094468918258,0.6658070954127464,-0.03984800120266431,-0.020689587565102426,-0.012834343935379152,0.008460221395752403,0.010606617916389914,-0.04846116030523754,-0.004123639134975332,-0.04480274713306479,0.11262707447862512,-0.04376017733915123,0.10374491478877249,-0.036584387270034754,0.07283383678523489
2024-08-08 00:00:00+00:00,GASUSDT,0.21186150154268102,0.8986875176389912,0.04977655424238418,0.005858101550746119,-0.00338467728653154,-0.00988483842631235,0.01721995787102265,0.007218284392467323,-0.017337234673058942,0.010940906059207086,-0.02640212016789674,0.016832079895174837,-0.006912357711528002,0.0008881871143299177,0.10919554600241783
2024-12-03 00:00:00+00:00,GASUSDT,0.21102964615875042,0.8200509434504164,-0.005240380719357997,-0.017024759436124304,0.009518911369743175,-0.012367300433602525,-0.05916487387991513,-0.05052275317360627,0.04200797905040009,0.0028423727861019515,-0.10845430906102577,-0.05758239014022178,0.1191473445252151,-0.012733184631767253,0.18699545024549397
2025-04-09 00:00:00+00:00,GASUSDT,0.2572164948453608,0.8894731981935304,0.21235655785759688,-0.008408821873338908,-0.004392376848488462,-0.05292896489302705,0.14473274070112901,0.005960580003603058,-0.05153462638924635,-0.17407930266712626,0.36660550866024544,0.07848462297753744,-0.05542129826537281,-0.26414269694869025,0.1011599387510631
2026-04-11 00:00:00+00:00,GIGGLEUSDT,0.2062796641109894,0.6455861613689337,0.02755217188062011,-0.010082984505343904,0.03833912619848525,-0.010017772547975614,0.4345102776146911,-0.00969377905562249,0.06493124896484308,0.07271675688325471,0.0698423745643602,-0.007716273375972346,0.009889509653599748,-0.02322040722785426,-0.0012893913847134453
2026-05-04 00:00:00+00:00,GIGGLEUSDT,0.21625039519443567,0.4935081163023172,-0.05323393215456468,-0.03756245498326165,-0.009126845151996308,-0.05701549360586718,-0.06823756607609482,-0.04984955366889228,-0.08846227573104366,-0.08169623314105456,-0.1016137123915482,-0.03971646933554745,-0.051564713636283,-0.06528439418475544,0.012536683038667961
2026-07-31 00:00:00+00:00,GIGGLEUSDT,0.6074173070497828,0.6370005763157934,-0.12484894954577883,-0.012337607658899023,0.08404758461224156,-0.037150364972281504,-0.23120756971374193,-0.003417077399261917,-0.003053693733832763,0.07850669111657048,-0.39651141179215993,-0.05508387395604021,-0.1385901911030632,0.42347725448079804,-0.0034623648958037267
2023-12-23 00:00:00+00:00,GLMRUSDT,0.34993377483443733,0.7154588476015672,0.07574181360280256,-0.00022118844255887733,0.005698937856876925,0.0206378330326702,-0.05492164744716202,0.001453362261285464,-0.03886698220778166,0.030481539505202538,-0.1290405481421095,-0.0163148827777781,0.0014761322776524366,0.08014659184261558,0.015547104243878885
2024-03-11 00:00:00+00:00,GLMRUSDT,0.2699999999999998,0.7986061888364595,-0.08112830267295496,0.012246178896864003,0.0068128006622327954,-0.02336313674235865,-0.06488173529063726,0.07087450163251198,-0.03499309998649834,-0.058407812856761485,-0.06655662994114563,-0.018453232053795184,-0.015269796304837773,-0.06974162035941762,0.04347748221100539
2024-04-27 00:00:00+00:00,GLMUSDT,0.2870588235294118,0.8364305113187152,0.1526707138732949,0.016529353108285336,-0.0032372866121387943,0.002397431251184744,0.09746159132284238,-0.012620653409524424,0.001812638164625835,0.030769335758921396,0.21743371527152555,-0.02915891307824271,0.03755400697645109,-0.002195431433701511,0.024083788778047222
2025-02-16 00:00:00+00:00,GLMUSDT,0.4341687392385687,0.915706317152716,-0.19911066450149165,0.02967401450599032,0.0004971519533695096,0.01624648963884507,-0.06804863846634196,0.03286229409599092,-0.06621647578859477,0.020631930684774476,0.015772862020721062,0.023351618600899394,0.1530898795962631,-0.06084176872175558,0.025644795105915375
2023-07-17 00:00:00+00:00,GMTUSDT,0.22222222222222232,0.8711397284200784,-0.158674186758666,-0.015353362542020276,0.02237600213859669,0.008419634007105825,-0.21015970625748454,-0.019279606134894985,0.06014051183466281,0.0027068388787652594,-0.24227646623131388,-0.020144678042565714,0.0809123281309275,-0.0017565792726113277,0.03666817396627951
2023-11-25 00:00:00+00:00,GMTUSDT,0.20159334949774843,0.743543527602912,-0.05972809731941621,0.03305074131073103,-0.002001727688461856,0.002818842575716968,-0.12148198373119182,0.02055683446887014,-0.013115113685338586,0.0020084747873473975,-0.20597264230076842,-0.0084168790157424,-0.04331140771374874,-0.004626188597299108,0.024690260553873022
2024-12-27 00:00:00+00:00,GMTUSDT,0.36158636512618836,0.8284349540831041,-0.2708765790300622,0.00416342557711096,-0.044199573803724766,-0.020103556172398156,-0.3394314460453606,-0.007505647310057065,0.06821714582067603,-0.01659362014971489,-0.4453693805802219,0.011498500743351646,0.0059103957401034244,-0.025545897859480533,0.01112799234636731
2025-04-19 00:00:00+00:00,GMTUSDT,0.20905782450465038,0.9277981341144793,-0.10986961536051265,0.002625570540882098,-0.06260742788678202,-0.008650506877037542,-0.15639194007659396,-0.006683194631131806,-0.1266846745912026,-0.02987702162629986,-0.2925053071607181,-0.037549553649460256,-0.17144778844374056,-0.0022776576523420577,0.040823248181554625
2026-05-23 00:00:00+00:00,GMTUSDT,0.26415094339622636,0.7896982827009846,-0.00625562152365227,-0.011025454619103642,0.010736769554920858,-0.007180280774725436,-0.11627968438064126,-0.010535263654119466,0.04068626038082521,0.004999246398963089,-0.14156072907373182,-0.00949078690113057,0.11068013249528111,0.22120570258094102,0.030760963872185743
2025-02-08 00:00:00+00:00,GMXUSDT,0.20460281216199983,0.8781243946963396,0.15605181940138935,0.00017525977215685477,-0.016208492340975718,-0.0010818794756421964,0.11492189722585286,0.005072926439336366,-0.0262370664649522,0.00545889546277279,-0.04004994930717759,0.006899077582430381,-0.03376686176533149,0.015524906309130925,0.042618909197745
2025-08-09 00:00:00+00:00,GMXUSDT,0.36206059765652077,0.6862234584208459,-0.14247630249170207,-0.013849725149174333,0.054316122396847376,0.013327849019473068,-0.17246176932116322,-0.013716719734086502,0.06210716775157434,0.0195386952769869,-0.23747332673068114,-0.02203374991780081,0.10754422084142101,-0.035778466926536454,0.06207395865604424
2024-12-11 00:00:00+00:00,GOATUSDT,0.225410575708356,0.5666455944938694,0.07847136032826636,-0.029783629793531628,0.01441945501873609,-0.026213025989561108,0.22146793356656674,-0.03818858774966125,0.00788036475027532,0.002681239617229954,0.03587375763774962,-0.04111059534728622,0.06565578224102825,0.04894903169095144,0.12134471092364196
2025-04-22 00:00:00+00:00,GOATUSDT,0.26485243388271384,0.8952303781434049,-0.02524050841747808,0.016402343471042132,0.006924938642865598,-0.02681339131992244,0.07709530630550152,0.025008705560829965,-0.026178308004083967,0.032601987964851885,0.22220148909934404,0.05716721366948764,-0.05798976091350079,0.03354594535485707,0.11459179747155165
2025-05-08 00:00:00+00:00,GOATUSDT,0.25816228130596497,0.8347569059077937,0.4324411231376301,0.027386823839619445,-0.01155824830428013,-0.04081662968525055,0.679939739243012,0.07801208795051134,-0.0969719276109473,-0.04584743444690459,0.47894096852538137,0.12662878625954252,-0.12860416237033592,-0.021829405207060858,0.178396845453673
2025-07-10 00:00:00+00:00,GOATUSDT,0.2765794999045619,0.8969451966279156,0.015800356582191914,-0.036994508238324855,0.02802972427379936,0.002226877356059116,-0.056339747371592655,-0.04906466383911814,-0.003110321311527582,0.0386398915542505,-0.07300562887596063,-0.021261717011699703,0.011022236965067716,-0.005931729944726882,0.11835459699006332
2025-09-07 00:00:00+00:00,GPSUSDT,0.4146743610882111,0.6311114960948341,-0.08453079279258138,0.020007100351742118,-0.03693730620885574,0.010740629502787358,-0.2968293666439594,0.030604746360222746,-0.03653383533574421,-0.011692613036839026,-0.18127079902242527,0.021407945992373143,0.012235904405156461,-0.03001158101072634,0.01786887361743337
2025-11-21 00:00:00+00:00,GPSUSDT,0.3169191919191918,0.918789954084966,-0.20218763395381922,-0.0010867986492242784,-0.03895115891440785,-0.0217564079931081,-0.09986396456703005,0.003272364095608419,-0.04377716651898813,-0.03672042856972084,-0.15483682307518723,-0.0019467388968728155,-0.051748211158015846,-0.046555856025702946,-0.06034788382727898
2026-01-09 00:00:00+00:00,GPSUSDT,0.31551724137931036,0.6318815303595267,-0.14009936317091898,-0.012383031333526822,0.001642144232741604,0.027689834139282547,-0.23881812834367092,-0.0213923959111706,-0.003417408621041884,0.031929099357274233,-0.24055043073818216,-0.010707457961179908,0.16210548476610467,-0.0051615509426615,-0.01125650638800133
2026-02-02 00:00:00+00:00,GPSUSDT,0.20477312905126688,0.38270769342667765,-0.0036026850443544416,0.005386090575247498,0.010914123690150632,-0.02779681927278942,0.2890419158838503,0.004136541248117712,0.09121264405149461,-0.024635400112373806,0.7392764413975164,0.06735151022806603,-0.06706767825341786,0.005612006161459776,0.0523469048534592
2025-01-02 00:00:00+00:00,GRASSUSDT,0.25496876774559896,0.4870230579445646,-0.1154394551233139,-0.0024467522044880454,-0.006774091703259609,0.018744340750657344,-0.14416747367217683,-0.018415757329736424,-0.034001836982081465,0.03451962241203308,-0.2131304048615133,-0.009981547642655969,-0.007469567076984577,0.0346542514564616,0.05650043069257695
2025-02-08 00:00:00+00:00,GRASSUSDT,0.2597602739726028,0.6640777970666938,0.0720754681965355,-0.0037197468848738286,-0.05447893753237933,-0.014325696239417467,0.025008658810409527,-0.003791796427753512,-8.228259833929496e-05,0.02754818932782207,0.06836770414953659,0.004148410945001257,0.014312554854539177,0.07454212852688638,0.08383684608459525
2025-06-06 00:00:00+00:00,GRASSUSDT,0.20320404721753782,0.6087960681360058,-0.055204167697064876,0.005501233597820806,-0.007893132391760968,-0.0024463466103601286,-0.1529297455381381,0.021160855395295504,-0.06650864409121923,-0.014417233771778972,-0.25086663551329885,-0.004577436721495249,-0.09455244970827087,0.006340585116857389,0.02239115538999048
2025-11-07 00:00:00+00:00,GRASSUSDT,0.23553027768484447,0.8472044368319415,0.018562281126952,0.009005776661748316,-0.05339417101342988,-0.0016900046067479038,-0.04841585244803849,0.01815853481477687,-0.07245785434230688,0.016478638792001638,-0.09163445145292287,0.022195177708883098,0.018991683073069088,0.05810625244385883,0.12648523524708852
2025-11-18 00:00:00+00:00,GRASSUSDT,0.25936811168258633,0.8723681816532354,0.17675902225972945,-0.004256560234624051,-0.03136767486203166,0.01299366448564102,0.17059175917043184,0.06319380402351212,0.020816796527070823,-0.004750732180707128,0.21430826278803805,0.014002672440606554,-0.013282772766319562,0.02748884225917612,0.02411303572999801
2026-02-28 00:00:00+00:00,GRASSUSDT,0.3164377072477498,0.753903213835531,0.004931516301260562,-0.011042738810607664,0.09989507676554385,-0.0070250951142410865,0.09670019335390748,-0.0034524875353581395,0.09632225288813968,0.010748172401384891,0.1078689129579741,-0.07025371525082115,0.16372125520451367,-0.05195379856862533,0.010253068065680071
2026-03-16 00:00:00+00:00,GRASSUSDT,0.2464276085198167,0.7030584143333172,-0.09957222338503181,0.007896832693332708,-0.06752440405761667,0.02931482588564046,-0.07695912232437213,-0.021193103457142225,0.10008132418606175,0.06266432627326225,-0.22742278891301004,-0.015558587947111485,-0.1845747932164969,0.08688702732732308,0.06620705802082702
2026-05-21 00:00:00+00:00,GRASSUSDT,0.2976338729763388,0.6211251396768586,-0.03684903687430806,-0.02319934566847539,0.047818518332715367,-0.015381895211573812,0.2329757187131991,-0.028893600879357623,-0.035072574599533904,-0.02258133561673868,0.22733409772149749,0.007773766875256685,-0.11745824366373499,0.009028128099284456,0.023734777885545455
2026-08-23 00:00:00+00:00,GRASSUSDT,0.23873121869782965,0.55331730186779,0.008396099606393252,0.006018297357774626,0.01613700203856416,-0.07729626726238326,0.0042883851187033115,0.0737779004252793,-0.039074111841670624,-0.05564004011700261,0.03700495988395216,0.0025469711816827113,0.006960290288257269,0.10826023477204341,0.03575654328084601
2025-02-25 00:00:00+00:00,GRIFFAINUSDT,0.2072072072072071,0.6543523910083182,0.08049354967212598,0.16022496896201527,-0.007170833932836018,0.014951984929934442,0.05181521107060788,0.1606416269090157,0.004150261550678115,0.02845256038390511,0.13082393331513453,0.11000476249910907,0.02804889438770052,0.0452889101809737,0.16593226345472814
2025-03-19 00:00:00+00:00,GRIFFAINUSDT,0.20033955857385388,0.665807978054399,0.04824180801803856,0.015659032358135948,0.026591738876117692,-0.02335772106530653,0.026556362254374334,0.04599177636943115,-0.04591087938245332,0.023944899098935983,0.03736134146152678,0.08757214145412606,-0.13178566346909557,0.13602809856320094,0.1620551198442822
2025-04-09 00:00:00+00:00,GRIFFAINUSDT,0.227616394747314,0.693588726019316,-0.006323264735462124,-0.00572135033223106,-0.021200824788235977,-0.0007199879575982115,0.06745537254735853,0.14069545139167725,-0.07217432985625043,0.021097594247767654,-0.06396106594019313,0.19338899264222015,-0.08694914050509395,0.013380167359951425,0.22409472772275443
2025-04-22 00:00:00+00:00,GRIFFAINUSDT,0.3631479140328697,0.7260071709464764,0.11938005798856755,0.009341462362050275,-0.027406211968001165,-0.016689862918392293,0.1918069365396739,-0.09680257059930526,-0.05286262742392685,0.002862898388626292,0.2441974971990478,-0.09398681507267521,-0.0074393424957357925,0.012552700269112755,0.2623400136141428
2025-05-08 00:00:00+00:00,GRIFFAINUSDT,0.27279266319007367,0.7697008352293635,0.06426781648055684,0.016683418474763085,-0.07202943111612463,0.0021993373615600857,0.12826956528558997,0.009833722297179052,-0.12659005517606473,-0.01003498820163613,0.4077075285395419,-0.034206355131771206,-0.10731683756637307,0.02279394446475393,0.19697726445513783
2025-07-02 00:00:00+00:00,GRIFFAINUSDT,0.23778851315083194,0.8656220956443444,-0.01622594426080532,-0.009492606391129171,-0.011706315024528059,0.020988066835825624,-0.03648212372411335,-0.02772868189340439,-0.14227246490035975,0.0906596650349096,0.01852314368677483,-0.0064715119909267175,-0.1969946246199356,0.06576845395457168,0.11949619555894078
2025-07-10 00:00:00+00:00,GRIFFAINUSDT,0.270132743362832,0.8643045282832466,-0.052069832283313064,-0.046497967629425166,0.024481820058208058,0.03339762335435235,-0.09687129093683558,-0.049291812720722514,0.0003399026410712727,0.07710827587507484,-0.08530631087364238,-0.0027805402584294447,0.017560155336728483,-0.006604041686859607,0.11102182962457188
2025-08-10 00:00:00+00:00,GRIFFAINUSDT,0.30156402737047916,0.8882592788719595,-0.12329332951481761,-0.054222709721375884,0.06914940133535694,-0.011588499390521041,-0.1574834932185421,-0.04860959765248209,0.04644672357404877,-0.007642280964826051,-0.19604434883713256,-0.0841260367511442,0.06058971907717421,-0.021003868401217714,0.08158018315141949
2025-11-30 00:00:00+00:00,GRIFFAINUSDT,0.29210042865890995,0.9059104894855807,0.11468051055973928,0.025040526947726127,0.03529363959885821,-0.011901503988836102,-0.10934175915546553,0.011739673459709818,-0.03385354778169329,-0.008706705044788834,0.10425408853822472,0.002271123437842054,0.02794616266427079,0.02658962660849931,0.0070616626390701655
2026-04-16 00:00:00+00:00,GRIFFAINUSDT,0.2750095675468809,0.5504364905947736,0.043967155395082454,-0.0028316143135335447,-0.01798022282085747,0.04641289568329574,0.10205128964196591,0.020387131357357244,0.0975382046340298,0.06833312910045544,0.0945325821407452,-0.010783887636982816,0.01673429577953594,0.013756787774298243,0.034210418948250214
2023-11-06 00:00:00+00:00,GRTUSDT,0.24379090120633928,0.7961913561254044,-0.07178701727299436,-0.005190531876230126,-0.029394308580399077,-0.007455402125643461,-0.09674290750064585,-0.04370350419107425,-0.055250675097135916,-0.0001739517311154848,-0.19807540214762884,-0.050867928060746956,-0.11866403143811541,-0.019214140861836256,0.044320419020455845
2024-03-09 00:00:00+00:00,GRTUSDT,0.33007025898815323,0.7380253966349051,-0.046201229317192616,-0.03914668052422744,-0.04159573467103582,-0.009646318981957534,-0.03870579868781134,-0.1011293610077421,-0.06818814306341478,0.0026212117572229554,-0.1289056008715948,-0.12280463510606124,-0.1547068852677383,-0.006177664383902233,0.10995257621945834
2025-11-07 00:00:00+00:00,GRTUSDT,0.2407243032132078,0.9568306326497567,-0.02226324082047864,0.022467322183286155,-0.055029339991576276,-0.0004753583796656323,-0.008575396734202836,0.00987949505261956,-0.16072251897241452,-0.0033853406460708584,-0.04889867182874583,0.013152502825555589,-0.22050361115624134,-0.06468573283149334,0.15388045116844368
2024-06-01 00:00:00+00:00,GTCUSDT,0.23744619799139177,0.9321262285055653,-0.054601709904269005,0.01730850310325991,0.013642996602135929,-0.0038871510226535884,-0.05862326604164196,-0.04974496170434763,0.02588394743643906,0.002265141881223244,-0.17402738562255857,-0.0726586973650036,0.10993029452414486,-0.032884436246151186,-0.013789059473032874
2025-04-20 00:00:00+00:00,GTCUSDT,0.21818181818181825,0.9420690845006419,-0.10110476920612649,0.0404649757869508,-0.023423472425453343,0.016610533856553207,-0.16241617675318132,-0.011194699953404002,-0.11139542368340613,0.006125201273526363,-0.18303464150253793,-0.028175382156125427,-0.17420345036392143,-0.015190136387530851,0.09152666709786077
2025-08-13 00:00:00+00:00,GTCUSDT,0.43450479233226846,0.9347343996976155,-0.032910894976828184,-0.011427993362726804,0.026624998902562667,0.01527876900015038,-0.08711326875193055,0.026355000758249425,0.012898381770698306,-0.001058168733014997,-0.10745742771423675,0.02233239998585531,0.011374291995697167,-0.019250466344902063,0.039558032551831414
2026-04-01 00:00:00+00:00,GUAUSDT,0.25860132187361207,0.3884107004734226,0.06459629636612957,-0.0292367478721827,0.0056925089610991115,0.011243948851480837,0.06360917159675794,-0.02384637337074314,0.0018605247821449622,0.032122129507391836,0.08927066875041784,-0.05244200680134947,0.0471425051795499,0.035939933637027924,0.0032058563383334793
2026-04-19 00:00:00+00:00,GUAUSDT,0.32535828496979735,0.3625751079242028,0.007877918642380605,0.019934915548225414,-0.05300084322853889,0.0706482336958005,0.025878447737075712,0.015339687942287414,-0.037648535200725405,0.07190060182758998,-0.027300636212586174,0.0321352973784952,-0.11100783223941346,-0.45134501786917447,-0.06589857172974609
2026-05-12 00:00:00+00:00,GUAUSDT,0.3006335379132845,0.30601396505350603,-0.018139034064555505,0.024445923022506377,0.00958799400201842,-0.021448382568965113,0.12769118142738975,-0.11639444346307222,-0.07406160052254243,0.015764496309479053,0.2932729986168834,-0.21513023713515764,-0.0642747957714254,0.05133968803160658,0.03563002980307699
2026-05-22 00:00:00+00:00,GUAUSDT,0.21111820066996323,0.260509231846731,-0.17905524014650193,-0.030368298073103383,-0.0026277964989187387,-0.010674367039809434,0.04456321914857675,0.003921766361404113,0.016608571446797928,-0.03675989327623174,-0.6749613860442687,-0.07778194953031389,0.0498431525219441,-0.04406756055982643,-0.04629865998004475
2026-06-16 00:00:00+00:00,GUAUSDT,0.20822656776803772,0.2550560357027222,0.19563310299038544,-0.015061612836158839,-0.05364560504152701,0.03802130390910398,0.02985142922075118,-0.014888672412787265,-0.005222822218831252,0.022556873856220072,-0.5745319758607819,0.013646707830725715,0.01981906557257996,-0.0024806723612860126,-0.003148664652606248
2026-08-10 00:00:00+00:00,GUAUSDT,0.693986162852581,0.3158581567942364,-0.19466821872650278,0.053208500211853735,-0.012088647229175195,0.025136665822380205,-0.29136687727020366,0.06790067818693733,-0.015205396045546108,0.06595540158979216,-0.2895852851048903,0.06772810975725004,0.019870449032538186,0.06506307386177189,0.0024086815370996106
2025-07-03 00:00:00+00:00,GUNUSDT,0.21221146686522707,0.8048092591565771,0.07180650650637062,-0.023975163142470054,0.00825877323595529,0.002878625039400511,0.2759999356574759,-0.014977623525481015,0.00973942234256216,0.009200041963438585,0.043713622808511904,0.0398025753940738,-0.041705969979064006,0.3276462102729136,0.0116258869767349
2026-01-07 00:00:00+00:00,GUNUSDT,0.3091482649842272,0.550297693215839,-0.026852386319830022,-0.033095762840450536,0.059675614501106165,0.004690546005004096,0.08012997976649874,0.008057545669219384,0.05705019749557735,0.04148329153623604,0.2970891114869153,0.0006317471200835006,0.12086648493163048,0.03234743723278583,-0.022075477318240312
2026-03-22 00:00:00+00:00,GUNUSDT,0.2732160312805474,0.4531918964986511,-0.1649311936138823,0.003575734486492606,-0.001779335258041396,-0.02349924294739637,-0.21026102141891284,-0.007278853953300313,0.013980892069314178,-0.032533171158174265,-0.43205677033646683,0.03625340898148715,0.026216950522908435,-0.05564285846015908,-0.01732203576717235
2026-04-19 00:00:00+00:00,GUNUSDT,0.4006872852233676,0.37768181223640473,0.17618121464516862,-0.08470710288408262,-0.010509049174640916,-0.003680787461460471,-0.2978517223262558,-0.11263641821094199,-0.13850580155177422,0.018434021545000113,-0.4155020262925124,-0.04008838873631458,-0.1365429618113921,0.016102954009389287,-0.006624404201450851
2026-04-01 00:00:00+00:00,GWEIUSDT,0.31709197980931036,0.2761326059349332,-0.015775918430152823,0.04072316992001961,0.00855450839212441,-0.022151933796411543,-0.03808523840370391,0.05201016561903715,0.04256455647200699,-0.02547887332389372,0.024098445067491085,-0.053039586346429426,0.016707161954761112,-0.021062870516059706,0.018911870583728695
2026-04-11 00:00:00+00:00,GWEIUSDT,0.33166890724025344,0.3230360146516986,-0.0630056791665394,0.05290131726614096,0.04192687047905256,-0.005352717533244939,-0.07351522612910161,0.16829771820774955,-0.01292148127684776,0.07416527544763224,0.347213626098514,-0.01377416748989183,0.08322840058385853,0.17803362946313342,-0.024588049407395056
2026-04-21 00:00:00+00:00,GWEIUSDT,0.232013011863758,0.3129332048448123,-0.1943780088381795,0.006171638909984639,-0.03916779196743758,0.0642583705554583,-0.20195074158587062,0.01299242766352902,-0.43253174438263875,-0.001734129338272858,-0.25980546621597345,0.006201946257107456,-0.4942578883016103,0.015313833701320523,-0.007165239202703677
2026-06-06 00:00:00+00:00,GWEIUSDT,0.36434476860210974,0.29287360288837194,-0.13821899043121993,-0.0013479746207319821,-0.10619108685505292,0.007333612990600241,0.1583944694595792,-0.037903854309546535,-0.12473266376473653,0.03588824942113172,0.15219626078720605,-0.02162144923202889,-0.17304541952981634,0.03996090577082524,-0.01969684566444075
2026-06-22 00:00:00+00:00,GWEIUSDT,0.21206030150753752,0.29883499924245804,-0.0160521887333681,0.07940448049938334,-0.010818360386841235,-0.028259865951561054,0.0726297870849359,0.09549452142931043,-0.17277102661577232,0.0021330379034806765,0.39139552986688997,0.04052597402909875,-0.04687563161054188,-0.10626168682676751,0.012577045162721933
2026-07-24 00:00:00+00:00,GWEIUSDT,0.2826305220883534,0.2985631001003452,-0.15038455150797178,-0.05818662237598306,-0.014171469969411613,-0.010151959551390536,-0.3290702083450849,-0.03135942440578361,0.025121311719949902,-0.03398489314439659,-0.47292565656609753,-0.04801544556224764,0.0704330274141564,0.006107425159478735,-0.011010913109088305
2026-08-06 00:00:00+00:00,GWEIUSDT,0.2561403508771929,0.29590414377460184,0.31833269095017885,-0.018985048485499458,0.010424900148714566,-0.004368039989327006,-0.04564848213673356,0.019016836362897215,0.017572085105695107,-0.02553867212899514,0.18967371542590467,-0.012145677630826407,0.09038237595557035,-0.012763730674687983,-0.01589892354901625
2025-06-16 00:00:00+00:00,HAEDALUSDT,0.20106280682220778,0.5525274614468493,0.006757636956001567,-0.008557595878277976,0.03270303745246218,-0.007483153214524722,0.0817552228399159,0.00019387198021792172,0.0059837075230279296,0.014266952950277068,0.18093009906629898,0.009695900187030267,0.1706065988144172,-0.010019167144294742,0.0049830715280278935
2025-07-10 00:00:00+00:00,HAEDALUSDT,0.2886156719321451,0.6747048493334422,-0.06874997199922597,-0.04452374820154923,-0.016950404510654143,-0.013524450103349276,0.02578741379415364,-0.04125833881267656,-0.02707928882460884,0.01449918151820953,0.1081567715692484,-0.027500694299973122,-0.0030258441340524577,0.017199338181943226,0.09311048329706462
2026-01-20 00:00:00+00:00,HANAUSDT,0.31479538300104926,0.6204689932751132,0.47908157544198493,0.021346450362956168,-0.09695216805549141,-0.026613124476430012,0.45192802639721674,0.027389839632218305,-0.10004725312140934,-0.05855615867998354,0.7230084205584355,-0.016169489298102743,-0.05568249634244686,-0.04693511911093849,-0.09976628475103748
2026-02-05 00:00:00+00:00,HANAUSDT,0.20243824189926207,0.44374372373901216,-0.12267608800632802,-0.031805872898927376,-0.08656635101987563,0.0044137411693280035,-0.15656305348607916,0.013141311817771983,-0.08929353464874776,0.014979972439875778,-0.18396859655327752,-0.01244971783401685,-0.12861959273354245,-0.023818539317077267,-0.15174885997374332
2026-03-15 00:00:00+00:00,HANAUSDT,0.20423841059602643,0.28595929013056864,-0.006473464858745594,-0.003885025563332721,-0.0297250144759063,0.016055446146791014,0.0912481944425784,-0.005803781788183288,-0.053508002249133005,-0.029942590425774185,0.011175808425434829,0.016169601132128546,-0.11368409969054302,-0.022134121045316504,0.014913473806421659
2024-02-19 00:00:00+00:00,HBARUSDT,0.2455223050394928,0.8013037917800541,-0.011310612138740373,0.02129769323547992,-0.007556834840131659,-0.026006366892819755,0.05787429098835049,-0.0030091755526334384,-0.019978154529554433,-0.030249854195008384,-0.039018886821888615,0.015736035538608917,-0.037787528818925296,0.029806136383854896,0.02408501324548238
2024-04-23 00:00:00+00:00,HBARUSDT,0.7220992028343669,0.8787464082950798,-0.18900764955639437,0.00030549003727877724,0.009296111935547654,-0.008521445318647364,-0.30033339500608347,-0.0045833793018251745,0.02840261154477509,0.011661845830205375,-0.3791488251069188,0.010446107735694325,0.04340059612304188,0.017533629976782265,0.0001578105934265106
2024-11-16 00:00:00+00:00,HBARUSDT,0.244677909870058,0.7758741405338917,0.08606454869287848,-0.031165725503671908,0.018708023839192938,0.004726049462049248,0.4226658442550974,0.05459741980508861,-0.00016858771962410536,0.025697289900480598,0.4369849618027917,0.11295215783794585,-0.07165706359825363,-0.0066771039590346835,0.0909173861333465
2024-11-29 00:00:00+00:00,HBARUSDT,0.22862466358429367,0.7371815192223807,-0.08442391613921585,0.00785226093622774,-0.04018900189786414,-0.017423886852535434,0.6117519521521119,0.09036774028650896,-0.12691188002849813,-0.03740949744471036,0.483922831506829,0.07359211553564882,-0.17162762918503596,-0.06945577902612664,0.13968852884328847
2025-07-13 00:00:00+00:00,HBARUSDT,0.22249252445390488,0.939451082020363,-0.0368272329480266,0.007740314414965949,0.01335845290123282,0.04393913891864035,-0.10763475926886067,0.0012805352096723968,0.005186557948048606,0.08213669274733754,-0.006099796394657943,0.0473397664319784,-0.025815041314419827,0.04801971255683829,0.052913945272802645
2025-08-08 00:00:00+00:00,HEIUSDT,0.22489858012170383,0.4492122833642256,0.17886434250435684,-0.03179519772233452,-0.042120183885318095,0.0035893174013022305,-0.0017342642158438837,-0.0578710814629944,-0.00799822241973101,-0.012095174817773557,-0.04800583997764449,-0.061886628040501046,-0.015807298434491125,0.010330180224105062,0.04648125942795134
2026-06-23 00:00:00+00:00,HEIUSDT,0.5504058346076932,0.3568757347021764,-0.17664634464821116,0.013400943868146466,0.0026604339202331516,-0.010999400219551203,0.06275569827008351,-0.0627085590030293,-0.02027650599633954,0.008811785597999933,0.0309176334134659,-0.044911541716563544,0.010220504208828243,0.0015098979058977419,-0.02745015218740856
2026-07-04 00:00:00+00:00,HEIUSDT,0.22351371951219523,0.2676175047455075,-0.005999518189073691,0.010354734911105714,0.0030900310915156,0.05148392603757873,-0.10498836157505469,0.06669980805035391,0.010378572926045654,-0.016086461391341716,-0.1295817801296548,0.1040060367260002,0.006334011124512917,0.04303553763897806,-0.003980508575943453
2026-08-04 00:00:00+00:00,HEIUSDT,0.486072744014733,0.24481953607825155,0.6465520621722113,0.02549377376632602,-0.015457829331168405,0.1513385329442853,0.5843613462072108,-0.0013543303483785046,-0.034075962773923565,0.08662943269866855,0.02690290331200418,0.03739589782318837,-0.006803179375720071,0.03692719228246755,-0.070579779837359
2026-08-14 00:00:00+00:00,HEIUSDT,0.27766435279706014,0.252504774907978,-0.19479301885342562,-0.023583327835107172,0.008465712771285295,0.004967680246562389,-0.15253233139823796,0.05668224519649982,-0.04067581324656293,0.011335327824551968,-0.2549001731876283,0.008412154768246577,0.01832006843458702,0.06568264949259553,-0.0032484764846854473
2025-11-25 00:00:00+00:00,HEMIUSDT,0.22016167379933416,0.6557885330875832,-0.14926746822149897,0.0387718158901008,-0.010696435564318268,-0.026910252494526922,-0.2356988080700091,0.04167849358827139,0.06213766598108117,-0.03785976796379102,-0.5423591062622548,0.09017727314542272,0.08265893541584214,-0.014470644308084804,0.02382111676531191
2026-07-01 00:00:00+00:00,HEMIUSDT,0.22003745318352053,0.5958514428619152,-0.08020221922704938,0.029658704587945877,-0.046439530093022666,0.009562531719578844,-0.12973339206673565,0.031043120275613685,-0.05355885744182408,-0.01477488302605979,-0.1351907842071475,0.022749318714369655,-0.031056517386990667,0.004606791377418573,0.028301432319120502
2026-08-15 00:00:00+00:00,HEMIUSDT,0.4361920393926959,0.48262194654471263,-0.12568158676866628,-0.02688526285918947,0.032937341531575424,0.012777292100536542,0.015010981843817495,0.10061188596389212,0.03090257683000149,-0.022937221471360483,0.23484267033813716,0.08667030695523427,-0.04046995063367782,0.04229034622661525,-0.08110080990916177
2026-08-27 00:00:00+00:00,HEMIUSDT,0.3549800283468625,0.4594275169604375,0.08715232199391355,-0.024742907036724476,-0.003328571988579191,-0.04033513776099847,0.3257868359103791,-0.05239141543104113,-0.019901642760717826,-0.04424832591616201,,,,,0.017544087822047416
2025-05-08 00:00:00+00:00,HFTUSDT,0.22610294117647078,0.883229361638322,-0.0036359404058474154,0.02639468687458757,0.02040664288658984,-0.031893627655333184,0.010210217551216101,0.03975840985657321,-0.05218558928057201,-0.048831901354924136,0.02246308445606674,0.05105580072843775,-0.07405364490401264,-0.07428680095638696,0.13973987587403044
2025-06-29 00:00:00+00:00,HFTUSDT,0.22218303650149873,0.9326296801249102,0.6481919832979424,-0.020140191170792444,-0.019746808227198275,-0.0017484839277245256,0.6866802383628907,-0.017565988696298565,-0.05363215338423435,-0.015515040509698713,0.3963878778991914,-0.05277405383169599,-0.1335603579755183,0.02184291410698095,0.04493179875755331
2025-08-09 00:00:00+00:00,HFTUSDT,0.44040585666581045,0.5033169949117866,-0.04608724060867339,0.04126048799735601,0.03807285293723748,-0.02359068667389031,-0.12478853280102457,0.05057796263115538,0.015781569590626522,-0.004306508602491781,-0.19132354621749964,0.0031757941186410137,0.0434301874584489,-0.02228890760991676,0.07438697586042169
2023-11-09 00:00:00+00:00,HIFIUSDT,0.30719517449375267,0.5952690817646871,0.2253424755640155,-0.023052874778447963,-0.03121326250453288,0.031113726832236947,-0.15189323248295655,-0.03484582620211261,-0.07455837486433525,0.023120359308039656,-0.2431301466708548,0.013762113804405502,-0.017290407324073952,0.01764523770030969,-0.07030620971180704
2024-01-05 00:00:00+00:00,HIFIUSDT,0.21295722256664584,0.6660201459962112,-0.10170916677553307,0.016739232818347556,0.052643139737138876,0.07477350775770314,-0.2203848572260178,-0.045267759762523715,-0.15893120709792502,0.0023266650798423882,-0.2639322668417867,-0.01432784053945681,-0.1735609472953962,-0.01694004998681406,0.003178698553681186
2024-03-12 00:00:00+00:00,HIFIUSDT,0.41702906843671306,0.7568107834169603,-0.0037122322151158828,-0.0006628913055954627,-0.0384460212953958,0.014904813287786024,-0.1882641445509383,-0.03180518685683792,-0.05278820391472401,0.07727254049819778,-0.1650282073077308,-0.07504998400331747,-0.007049716830246977,0.051622114265933924,0.018671235761576456
2025-04-30 00:00:00+00:00,HIFIUSDT,0.22075557578516158,0.7571360860649273,-0.09053492689848837,-0.022059948177292,-0.024794091551780695,0.022014789245480622,-0.03750575495945435,-0.05704580045736753,0.07076028141521158,0.012882173836911578,-0.07632739684893117,-0.07924247598648688,-0.09759924440212109,0.019298167613876167,0.02337665171065124
2025-05-16 00:00:00+00:00,HIFIUSDT,0.2182971014492754,0.4885567154465259,-0.06235097338930006,0.062298618700658524,-0.005122096032217841,0.005692768471734274,-0.14715159540214257,0.0008138640566360593,0.03136460831158411,-0.011565023278954128,-0.19198301049516253,-0.01745128583142415,0.025369832323950577,-0.052101079924582315,0.04704214196712484
2025-06-24 00:00:00+00:00,HIFIUSDT,0.2990033222591362,0.5661378212853864,-0.10165149620131442,-0.012204076465425132,0.005971634888673326,0.0036976381549473332,0.07332592560826537,-0.007332983378423056,0.03649843300499779,-0.020277400031855217,0.11116845404497516,0.043018874106502875,-0.01637968521473169,-0.02911277745344864,0.007307845034563743
2025-08-12 00:00:00+00:00,HIFIUSDT,0.3674634320371031,0.4759741124351252,-0.19775322431953127,-0.014453511117714552,-0.008018741765386955,0.003369031625632389,-0.17612937618279653,-0.03492793999728132,0.014802139276414295,-0.007175621442479831,-0.12912274008382596,-0.07318063085940767,0.015360159137622429,-0.021461336087807065,0.022490165151252173
2025-09-10 00:00:00+00:00,HIFIUSDT,0.2617356660315262,0.5012133434593383,0.13976050623291905,-0.04789122246083356,-0.02014980163004722,0.002972286234604124,1.9341435097764932,-0.02488120953714032,0.03291129098070059,-0.018552413877566745,0.607885098389017,-0.1779951753453783,-0.02446060851853693,0.022301039361983688,0.2642561614878796
2025-09-28 00:00:00+00:00,HIFIUSDT,0.5326051338066629,0.5308785230774657,-0.2544571422145019,0.007600402245050322,0.048669286237214664,0.02872560308210752,-0.18602258694481638,-0.002368951738055414,-0.0053129944477196805,-0.24516948993551088,-0.4120963823416271,-0.010262837634197811,0.1165817070546337,-0.269007142941309,0.029902564253881048
2023-12-08 00:00:00+00:00,HIGHUSDT,0.204081632653061,0.8181808553928807,-0.02590524758681091,0.023452908187420747,0.0029776334216656706,-0.008357811210534947,0.037980341739533865,0.024099148028533617,-0.0030272048508655966,-0.030262491312457524,-0.048261155378548914,-0.009628247838203643,-0.03397772267593008,0.03579969718849498,0.05686166371077315
2024-05-27 00:00:00+00:00,HIGHUSDT,0.2944411789402972,0.5980887939941497,0.060170274620240875,0.01862917448138957,-0.010653012886229078,-0.015640199535923032,0.08925680748753095,-0.00630164942923223,-0.02727730614714019,-0.033177103489283974,0.07642679936346966,0.05593424296998069,-0.028404681743047756,-0.0283113071351812,0.0422584766674835
2024-07-06 00:00:00+00:00,HIGHUSDT,0.22210953346855988,0.4919637684210862,0.005458932836756497,0.036040411163879994,0.005960583382226642,-0.0059093730791033305,-0.009933338606885844,0.08828892080010511,-0.014193091068490682,0.028739260328289645,-0.0742586299500246,0.03969581486602046,-0.006974190580411317,0.04473659219561261,0.11122469315598076
2025-04-19 00:00:00+00:00,HIGHUSDT,0.49920844327176783,0.9351150862849371,-0.1545225460438602,0.054288691188569785,-0.023455514501498676,-0.01614198279086924,-0.22658279782625773,0.04794089183640292,-0.0955325692647812,-0.02316374904331504,-0.29572021988593833,0.03213806327297007,-0.1672116154611258,-0.02235104778723142,0.05269099833376987
2026-05-07 00:00:00+00:00,HIGHUSDT,0.2497285559174809,0.6202728967426123,-0.05218972118663613,-0.02117456855327374,0.009835275598986946,-0.005579428163762085,-0.12770534826656188,-0.003450186167871765,-0.0020610377719294136,0.00882251130378314,-0.040613670838964,-0.09716542215997773,0.02586637518792469,-0.028334917696970087,0.021085929361320054
2025-04-09 00:00:00+00:00,HIPPOUSDT,0.2701149425287357,0.4721966561886055,0.06430249540553726,0.0015639391124466924,-0.015900548907396995,-0.002033827933078501,-0.1145589035350564,-0.007925613428948977,-0.026667654192733002,-0.025645430180873167,-0.33762371460939045,0.02736493339293351,0.02324414400052022,0.0220960655409164,0.11273796106635296
2025-05-09 00:00:00+00:00,HIPPOUSDT,0.2106943335993614,0.5491581040903848,-0.15410949683276612,0.0063842313886195365,-0.01784017542700353,0.05491025084107395,0.014984491859708404,-0.006521237457180462,0.03745382106245985,0.0371201893865445,0.03296636336142336,-0.0018113702436508756,-0.02892191420021517,0.06898057516711316,0.11113621623466874
2025-06-23 00:00:00+00:00,HIPPOUSDT,0.31263383297644554,0.646691255993491,-0.010337467193416137,-0.005486621429124745,-0.050792045465464855,-0.011321997468532075,-0.03397644508162938,-0.02517029554634399,-0.06561183482852923,-0.0014515087068568962,-0.018662694461781242,0.05090988933160928,-0.06467477712966652,0.0007436160134364725,0.13748344202548748
2025-07-13 00:00:00+00:00,HIPPOUSDT,0.2769878883622958,0.7701450753217622,-0.08185175617733033,0.052827921637157396,0.007594682342337797,-0.015678460185617756,0.05651800331232036,0.07454579003112233,-0.003544651954665581,-0.020182701448283744,-0.1110004039749577,0.050996359479609954,-0.033066149604454226,-0.023382868325532925,0.026189179512150985
2025-09-21 00:00:00+00:00,HIPPOUSDT,0.26615104640582343,0.7445291388624103,-0.037831515898291465,0.003985458656948056,0.039743943347789225,0.005074165983908532,-0.0068829042327767515,0.026464949019730604,0.008812829741915515,-0.011450857525068971,0.22903250367669803,0.03278233484306455,0.0475498389997049,0.01322899167255977,-0.0210562653848962
2025-10-25 00:00:00+00:00,HIPPOUSDT,0.2068965517241379,0.8512843825554322,-0.00013084006483056465,-0.014189492990047844,0.05164216057826768,0.0031944581795469557,0.10274609103856065,0.006644233783356454,0.002746390717508362,-0.006359676604074804,0.3507822501376164,0.09094001823308866,0.09252795861753674,-0.03750246522249634,0.03280797545563048
2024-11-09 00:00:00+00:00,HMSTRUSDT,0.8008409785932722,0.8546617015018481,-0.15863609014514513,-0.013767920789476676,-0.026356229498290085,-0.016231832037482796,-0.24846029052796173,0.0012495134037976223,0.012800925306784634,0.003979650851859659,-0.33104532593550406,0.028787753297871154,-0.020933506925082734,-0.04159623270555117,0.09931819283614836
2025-12-18 00:00:00+00:00,HMSTRUSDT,0.20879676440849337,0.7023943782854396,-0.0432022350713922,0.00043327599690142214,-0.03644975001069325,0.010893394224661568,-0.10965174126925147,0.013312688848338883,0.04661145355465209,0.023424403236847836,-0.13701833650455778,0.015092130266501172,0.0026001919045661654,0.010116596914107434,-0.03241088955589457
2026-01-26 00:00:00+00:00,HMSTRUSDT,0.3153664302600472,0.608131973412564,-0.07942562525631176,-0.010941481866649038,-0.04295087167567137,-0.008751110634291575,-0.10307353162532598,-0.04439571030044907,-0.06430183534495619,-0.04161243872227056,-0.10371561821251832,-0.036032874005643895,-0.07732450996953576,-0.02670538303850343,0.05121397465900124
2026-06-10 00:00:00+00:00,HMSTRUSDT,0.5155889145496535,0.5519699580731523,-0.05075068307030794,0.007629135069768765,0.1161667071549852,-0.015383709228200426,-0.4686498283543312,0.04886675910380437,-0.11908591621534086,0.02456805294718329,-0.5277930462687397,0.02806443825526212,0.2593885642278623,-0.020830514761850515,-0.022030598810668888
2026-07-03 00:00:00+00:00,HMSTRUSDT,0.36489361702127665,0.4177033852567904,0.25736860062710115,-0.022511697157634427,-0.013600401670243161,-0.012897160521349402,0.3271381907588846,-0.11061163255210435,-0.029232927428672763,0.01390268376886517,-0.18427387695241954,0.021789936545208693,-0.0061041596319431094,0.0743744404120048,0.05635023093161923
2026-01-02 00:00:00+00:00,HOLOUSDT,0.26633767010617637,0.7865241051808035,0.005622291752522417,-0.007970292719008036,-0.006042045193737571,-0.022392559405566087,-0.09483496107144286,-0.017132052028624518,-0.016884473411842814,-0.023381697082679766,-0.10771881676198271,0.006474803321205801,0.05713850334551775,-0.05320110804128295,0.03510858503893784
2026-05-19 00:00:00+00:00,HOMEUSDT,0.2017927043739718,0.47306693266473554,-0.08659728591407498,-0.010808126136349757,-0.0384298530280488,0.021338843952757657,0.0600739961135283,-0.002637865682830593,-0.017489874868788367,-0.014846584053764078,0.1080201581170416,0.09264328542697026,-0.06111543769262291,-0.04551480747227862,-0.017883499052565987
2026-05-31 00:00:00+00:00,HOMEUSDT,0.3921407666500105,0.32924981933153685,0.18855473170960504,-0.02828861468595234,0.05642726581008384,-0.00274253385950165,0.06635799286390043,0.015147342259055957,0.10499104522545022,0.10704060797348527,-0.11265599244465002,-0.12325827093225886,0.09377152546213072,0.02359630538999599,0.015283763311836607
2026-07-15 00:00:00+00:00,HOMEUSDT,0.312227074235808,0.23915635513629954,-0.5310605690866979,0.018490511528547846,0.00023634961320796488,-0.03772707281678595,-0.8239602389867289,0.01002890338306479,0.0020971467555403445,-0.0719640130389466,-0.9466299463803111,-0.002165067711445273,0.019668023969183237,-0.14935387661976054,-0.000544474993080557
2025-02-12 00:00:00+00:00,HOOKUSDT,0.2827225130890052,0.9477640280526503,-0.08987622727403269,0.00019110738559236022,0.02717902432314525,-0.0014286508213861306,-0.12619509570619836,-0.013513624274221276,0.0933618975533186,0.010849560803096975,-0.12895192679385126,0.0069452563480452865,0.06579541348838927,0.03811890783338147,0.08421484937523296
2025-07-02 00:00:00+00:00,HOOKUSDT,0.20867768595041336,0.9209882720005702,-0.0713155035703566,-0.026021177766311597,-0.015497478279919577,0.009130944203554741,-0.08284861659098672,-0.05239180370989042,-0.07343271019737475,0.016468393633402762,-0.10074763550482024,-0.036678198141748324,-0.11271415406713492,0.019635880483380337,0.07815793460489204
2025-10-02 00:00:00+00:00,HOOKUSDT,0.20312985801637473,0.8325615377071637,0.0012608486551814943,-0.0022019354562027747,0.019134284994106993,0.00676773074534003,-0.12185693084463985,0.0006687522630558093,0.07930630661480076,0.007429021260795299,-0.09461075275361372,0.05020511807004643,0.072074138632437,-0.013733435235624075,0.03850144344175392
2024-03-02 00:00:00+00:00,HOTUSDT,0.3227028733817492,0.8571946779923689,-0.042334484532474535,0.00045467578159216553,-0.034583635699868095,-0.004986394990577495,-0.07126183244731217,0.017714916904461666,-0.06177354809880736,-0.03398994224747869,-0.08284009634461979,0.01722257462171064,-0.0925282834360952,0.07611276642021672,0.07166443390388635
2024-10-20 00:00:00+00:00,HOTUSDT,0.20941759603469645,0.8487772687205963,-0.0416515510944838,-0.01572204800138875,0.004433024830549534,0.009932307373197858,-0.08070326256310328,-0.021328228750602207,0.02796564458720845,0.022138006755775368,-0.048722057116709454,-0.019532658573592696,0.06790153597578959,0.007292054507637693,0.08141544842970835
2025-11-07 00:00:00+00:00,HOTUSDT,0.2568493150684932,0.9547771755818818,-0.0687143607247267,0.006530239164431464,-0.011060520731191532,-0.03156323582564428,-0.06982817846609475,-0.010258957144309647,-0.09172898088662594,-0.03074764428325343,-0.04321145600626304,0.014406610399044062,-0.10878782173447302,0.03632987921503951,0.1552484194518331
2025-11-06 00:00:00+00:00,HUMAUSDT,0.20432738437919773,0.7934192561390238,-0.07458118275580258,0.011550761201080378,0.02669424586725464,0.014041876136340392,-0.1242780776933369,0.014318040697874323,-0.06684558810896281,-0.0007038437041573878,0.04228350521501596,0.02271797908944419,-0.04627652352788835,0.06376794986847696,0.014026397382633293
2026-03-05 00:00:00+00:00,HUMAUSDT,0.2056813327637761,0.660947358619575,-0.04190298487922048,-0.010413451681905755,0.012460978678999594,0.0071786550414550745,0.06635802240960614,-0.015479100937405671,-0.023854879030061275,0.019586981449723127,-0.09884436414279031,-0.012632551928881722,-0.07215959979371508,0.012620470278270138,-0.018199522444996764
2026-03-24 00:00:00+00:00,HUMAUSDT,0.20450697647264882,0.515076225058938,-0.030303594213559507,-0.02124542858000443,-0.11347018988762558,0.002271114125694749,-0.2465521681178591,0.036215761103878585,-0.08065507950483643,0.031498656986319006,-0.18840911108885744,0.01253808818719696,-0.10922160507670982,-0.0784801491900836,-0.009072313053231173
2026-04-22 00:00:00+00:00,HUMAUSDT,0.20039129371484465,0.38485588109997815,0.13025648162611053,0.006355014963305666,0.024179245103642878,0.06217857874506849,0.037658524969119506,0.023690348348594174,0.0950089247781549,0.12837488003586497,-0.14862680441016457,0.03380169778560168,0.05429283005717278,0.16422570782228824,-0.011866922948678577
2025-09-08 00:00:00+00:00,HUSDT,0.27922814982973887,0.6515262903232547,-0.08449578198260939,-0.02799461912001667,-0.03049444310931775,0.010699187865238633,-0.13806965593368442,-0.02957119657019803,-0.013760665192404476,-0.029440223444210028,-0.030580322896251108,-0.011622101469019996,0.06586563041522138,-0.04218025951906257,0.010777751093469989
2025-09-26 00:00:00+00:00,HUSDT,0.2953102600860127,0.7060510817833682,-0.0254302562284942,-0.018568766773264404,0.06761597779249054,0.032113756187261915,0.12533841100761262,-0.0008928420668132542,0.07773695844886705,0.010589898739256164,-0.06387566859923466,-0.04770110851206702,-0.01713641410018806,0.017084839929003625,0.06494693030688015
2025-10-13 00:00:00+00:00,HUSDT,1.4807901907356946,0.5879033247676068,-0.019249992516245373,0.033945902426625166,-0.024488648262092995,-0.03185505666142778,-0.16947593262501504,0.12650057865253955,0.02523901752019726,-0.004670179178893246,0.05541883777353618,0.11810256139015793,-0.01827433149661638,0.05579364023075697,0.01258161484868774
2025-11-07 00:00:00+00:00,HUSDT,1.1219334245326036,0.4075774276096544,-0.20117222456886838,-0.030428227910641824,-0.14846539526764607,0.006003314992670253,-0.3199538077632638,0.004726601925075494,-0.2555259020216343,0.040843119067098824,-0.14042815864549518,-0.052984058613803786,-0.7236674952613987,0.0413615743887494,0.06720642021498117
2025-12-17 00:00:00+00:00,HUSDT,0.35532775050534204,0.5022752054830232,0.043950853168654755,0.03812398555381373,0.07719302213190886,-0.022515445471980262,0.15024808940604517,0.05053653649108362,-0.013628481292365536,-0.054891549035012054,0.45133231933827167,0.07531153750638706,-0.01611790319391091,-0.03868632785710251,-0.07897182177244626
2026-02-13 00:00:00+00:00,HUSDT,0.3295053531909804,0.3776618340713259,-0.1479248224643979,-0.04154067705633557,-0.023789163589261433,0.04164321947355375,-0.15368192554493432,-0.034458572399020664,0.05725926367255041,0.09643330233265326,-0.31194484091367575,-0.03899962701658465,0.062090057025325295,0.05954669549025221,0.05235419589444494
2026-03-05 00:00:00+00:00,HUSDT,0.43670280612244894,0.46191769113610626,-0.14962804846817615,0.0203688411568476,0.010456591193407855,0.015648141466386038,-0.2851905536910819,0.009098912725132715,-0.02140349176645846,-0.006499801693763789,-0.3052348652314105,0.015011997672478752,0.016031096623192055,0.0230018399301243,-0.015876093223752365
2026-04-28 00:00:00+00:00,HUSDT,0.2812654473554126,0.5140932065199575,0.024319680378004103,0.006967986046101165,-0.008681616964294609,-0.022318818356524658,0.08557529016143645,0.03881232416890066,-0.041262611896372606,-0.02060656945135138,0.06503034879496544,-0.03938465545254483,-0.033901202073921895,-0.07166946479280852,0.01770890221137881
2026-05-11 00:00:00+00:00,HUSDT,0.25464241500809437,0.4999562393406446,-0.11830171085962178,-0.023943352088014697,0.12720326388294872,-0.04262808804649233,-0.017146241571665957,-0.009380872455581779,0.06754314407159984,-0.05186761690421878,0.050626103034466255,-0.045083710998539035,0.006084361026326324,-0.03789322176672386,0.00016881161635713405
2026-05-28 00:00:00+00:00,HUSDT,0.21801898796124108,0.437126623410056,0.1109586173147,-0.005459801051772548,-0.1021835130662373,0.024272064521312996,0.7226733806133978,-0.03178276010724219,-0.09400044034224606,0.0038697827846051747,0.9185650961706775,-0.055605949575476696,0.08058806472586691,0.04093531974174934,-0.05865293788581997
2026-06-09 00:00:00+00:00,HUSDT,0.35373430270984807,0.41258056407181093,0.10810046074444549,0.04826571606683936,-0.051604742419156725,0.08059885388721778,1.0080723541475682,0.12069157728906357,-0.11345300625701671,-0.009444207488962283,1.0626530423353477,0.17659371279203334,-0.1527798586469907,-0.07202108821677104,-0.07190024532078154
2026-08-15 00:00:00+00:00,HUSDT,0.2876094906029423,0.34116653667945374,-0.08872922932465883,-0.026531811613807438,0.014445925603671412,-0.004768124410409283,-0.2933576535956967,-0.0541013523083194,-0.00604802352711146,0.06819753787282908,-0.8680421366524799,-0.004974645832583627,0.00999529533085873,-0.016497383129277888,-0.0012431349608001073
2025-07-10 00:00:00+00:00,HYPERUSDT,3.8649107901444353,0.8637875146868097,-0.17161902753822378,0.006486728463944343,0.024481820058208058,0.02311201087668891,-0.39723698342519476,0.007156420794476037,0.0003399026410712713,0.009369614588923807,-0.6071507989181826,0.0485547186979697,0.017560155336728483,-0.009281647510872165,0.1048226763982173
2025-07-25 00:00:00+00:00,HYPERUSDT,0.22212250392640787,0.6192601289598858,0.00035880541352022784,0.010255445306076747,0.03650496046875429,-0.008755687425729112,0.11742341898456266,0.01204500981224596,0.014959014924290599,-0.009450392297413832,-0.09714892731278495,0.13000289583946628,0.063035833304308,-0.01668803200845407,0.028790920153248467
2026-01-11 00:00:00+00:00,HYPERUSDT,0.21422797089733225,0.7930662398682875,-0.030459757027830485,-0.0075181566066271684,0.025534508880871876,-0.01957122810190554,-0.0258555910866523,0.04286466692084452,-0.017087735124145863,-0.018949960450574337,-0.07821350650480124,0.21614476112059564,-0.002543845802053607,-0.04398581739130356,-0.010800269535845595
2026-01-27 00:00:00+00:00,HYPEUSDT,0.23540973085716566,0.6716890917147822,0.0905901887322288,0.005473832037715373,-0.12966160522384967,0.0029595727453029658,0.07125136563899645,-0.017860459960301497,-0.16381144632991748,0.016191572716562897,0.2552667839289641,-0.014475888337956027,-0.06607956980238452,0.013839580946979152,0.02255542513040929
2025-10-31 00:00:00+00:00,ICNTUSDT,0.2706766917293233,0.6038133785121833,-0.036096713116069795,-0.04032540909890769,-0.003468626558082466,-0.06465009368376685,0.14970578338855253,0.039850338978207805,0.00648395170265984,-0.05870236837350251,-0.12093418844123474,0.07233935580627059,-0.013956142333804444,-0.08786897465748886,0.09809429507208271
2025-11-25 00:00:00+00:00,ICNTUSDT,0.23695758166747916,0.5270467377029067,0.1069747014177399,-0.00805321622707547,0.002961820419499777,0.007182933326386679,0.22844620261870727,-0.03394263256085585,0.04490323988722571,0.009850193825210435,0.25893546980492993,0.0052548933908559995,-0.027432419046531986,-0.09084095004900791,-0.0013791169460179026
2025-12-11 00:00:00+00:00,ICNTUSDT,0.32692307692307687,0.29514925385197677,0.1398408715685452,0.014344980029179177,0.0126634452012441,-0.0004503913491800399,0.2811245144839221,0.01610933956357846,0.05757267296082132,0.034235633100160506,0.5295301766208624,-0.03755256055966113,0.0999711737592581,0.09978527293844522,0.0030255078170167925
2026-04-17 00:00:00+00:00,ICNTUSDT,0.2141314409132984,0.3284106091930251,0.0952791295735683,0.019968607352746255,-0.06676919877302714,-0.0943790003149972,0.042351380728497645,-0.005750874666603956,-0.029232011222331378,-0.11753641020768739,-0.03466493872248008,0.0011027839601817414,0.016517457514379247,-0.1637125219700458,0.0011956195655592693
2026-06-26 00:00:00+00:00,ICNTUSDT,0.2254487856388594,0.35221394093791664,0.010981622166816038,-0.0012931848503082346,0.1657142278705092,-0.0012841883332781634,-0.07007488129046965,0.03248312835888058,0.13748551440587428,-0.004767609365743089,-0.22681700970930443,-0.020571428377270502,0.045067624015870875,0.048673397504093614,-0.053458402020183725
2023-12-16 00:00:00+00:00,ICPUSDT,0.3872086570477249,0.6492113271771582,0.04170236209611232,-0.02690963115075643,-0.012150050114502538,0.014287708587587178,-0.04523774073073549,0.011386903244759643,-0.03474008793596357,0.09251970021471927,-0.1106708314243123,-0.012882803295928827,-0.09405919930319298,0.19390575576679195,0.04147381988615624
2023-12-30 00:00:00+00:00,ICPUSDT,0.30703624733475476,0.5661730937794551,0.11706498283101283,0.029682029931697836,-0.005910143996103479,-0.0022579389023158767,0.08939189376598747,0.013896578938832524,0.015545148875657661,0.0009366177760202224,0.08018104204859614,0.03412224172638052,0.03099764318689562,0.012601967425422338,0.018971196393326943
2024-01-08 00:00:00+00:00,ICPUSDT,0.21687816132753568,0.4729502624207179,-0.01262412897679005,-0.024005503854788016,0.07332913781752043,0.004694063812961641,-0.1039804971476232,-0.03709337519965565,0.033834861524803736,0.012082899783083183,-0.07745289667751684,-0.007770917545920039,0.046774784192938255,0.010632075225152549,0.058626699617930475
2024-11-22 00:00:00+00:00,ICPUSDT,0.2222101841820152,0.8456189623720537,-0.061527403166387495,0.179904081236793,-0.058233239112468395,-0.029968693451202226,-0.07396726285376085,0.1530719798561282,-0.07919625446822993,-0.04190961666204769,-0.13366999925623385,0.11186744306185195,-0.12650162136738913,-0.0482190076608071,0.04819743996250869
2025-11-02 00:00:00+00:00,ICPUSDT,0.24345549738219896,0.961925233848639,0.04546925331904517,-0.018245038479549676,0.2910334156949219,0.011887218496823754,0.4555397829991206,0.04746708022000623,0.24555622983364503,-0.005577334567801739,0.6009765070339341,0.03948897659889632,-0.0731679644370434,-0.004085184671608569,0.05702485340620176
2026-01-14 00:00:00+00:00,ICPUSDT,0.2516556291390728,0.6937478406902221,-0.05027495914469639,-0.02103284421167318,0.02693101912326452,-0.009967279137137455,-0.1397908985364553,0.007037443085401315,0.05756981747346741,0.011155479021738723,-0.14966583863786267,0.0040239872573723445,0.045811554399141904,0.019307835432948166,-0.0038540161859372812
2026-05-06 00:00:00+00:00,ICPUSDT,0.20543806646525686,0.744465609902389,-0.024352783505088536,0.04078177635912486,-0.06772117423780943,-0.029296944264485713,0.08275339055105735,0.02625290427465309,-0.13056142842657817,-0.0433467246205355,-0.019050975926326978,0.03700261358422318,0.04468469741527749,0.00855876794602245,0.045691290717519366
2023-04-01 00:00:00+00:00,ICXUSDT,0.24293286219081267,0.8731064056483883,-0.06434217784884304,-0.005768340581598119,0.008855937605671368,-0.003551255424497675,0.38586754137099966,-0.02248458422761252,0.05841358323601299,-0.01105440034308756,0.08316974918532506,0.014458144885933269,0.07045825143356652,0.003163799171757184,0.010462852243806864
2023-04-14 00:00:00+00:00,ICXUSDT,0.2666666666666666,0.708186508696176,-0.006990647478192058,-0.0052910063967303,0.005305684268799451,0.016295763265759843,-0.12251848762494677,-0.012253369340537432,-0.002855831358690955,0.019029640751312794,-0.09289491214629335,0.005217245090157198,-0.01042201289772412,0.010068719601346037,0.03337323284563033
2025-05-05 00:00:00+00:00,ICXUSDT,0.28721174004192873,0.911915256465784,-0.17128350392137853,-0.005815644770890619,-0.010698496954832592,-0.019270217028360632,-0.23564447265750488,-0.02270191185719197,-0.10684642172853605,-0.011088776626762924,-0.3047353979982567,-0.04312648047288618,-0.09662892581011026,0.0031809417097588056,0.014816630295598498
2024-03-24 00:00:00+00:00,IDEXUSDT,0.4731829573934838,0.8546763007695166,-0.1707594451009979,0.00385904183168682,-0.04242622572407902,0.0037648890441466217,-0.2702172152690833,-0.017288381198834003,-0.06952492614240306,0.06376501631856515,-0.2912499544951165,-0.01918627863444819,-0.10080388808977322,0.04469506265526664,0.037566329633006434
2025-09-03 00:00:00+00:00,IDOLUSDT,0.5787382016890217,0.41017448097184445,0.20583614240597553,-0.0026093166329250682,0.03276125148521973,-0.00914179230337909,0.02862926092678239,0.011134992902270026,0.03012403042776927,0.04998275867538694,-0.32201455739936996,0.029902626573949563,-0.006924254545865477,0.008416980403206866,0.018637852227333253
2025-10-22 00:00:00+00:00,IDOLUSDT,0.25073266037121456,0.28160950070845503,-0.03536283595351686,-0.009712169327127656,-0.11570752715320969,-0.0074289383849261235,-0.2594023833298391,-0.0718236873820248,0.0054780229680203175,-0.014290991627611434,-0.05219808613849176,0.0570265548653577,-0.20829312538877248,-0.014649530106318451,-0.033286892248159436
2026-06-25 00:00:00+00:00,IDOLUSDT,0.25087108013937276,0.28560388167670886,0.017615272284108294,0.03625852316240814,-0.0177280825355161,0.0011400136663206619,-0.01905587989877075,0.10662254875004776,-0.04214890998342776,0.055431649348315,-0.5500510275593372,0.09311943711949652,-0.033474235020055296,0.04998947780636081,-0.08119235103139921
2026-08-01 00:00:00+00:00,IDOLUSDT,0.4695599758890896,0.2324307109824603,-0.07634586399528498,0.016665464549516253,0.005769457882663316,-0.0030628197556249073,-0.44002336489985205,-0.005745636041064583,0.006372227019872004,0.03375064146206713,-0.4378649806535851,-0.02815490432066816,0.05223415339646982,0.015876620176974138,0.022316046908688936
2024-02-07 00:00:00+00:00,IDUSDT,0.8686365254538984,0.7443818499976576,0.07480131122284367,-0.00015604768006630514,0.001147854002709903,-0.0024892307585265517,0.19419622827807814,0.026182502335010266,-0.05133264214538493,-0.019131780602319313,0.0667769879726392,0.0250347207955099,-0.038305224161885046,0.00420020876755686,0.028197874484814523
2024-03-10 00:00:00+00:00,IDUSDT,0.5969563666627036,0.5428473765514781,-0.08119812293089969,-0.02845623529069366,-0.015963715542465794,-0.04259398828207285,-0.08357526412377385,-0.043299436942021506,-0.09021219024924458,-0.02634949786289049,0.28901824152784594,-0.03881402179869407,-0.10869925077554463,0.032268456057916554,0.09510675291127406
2026-05-29 00:00:00+00:00,IDUSDT,0.3392385978137955,0.7702374658653596,0.14160134965422266,-0.021641878615812106,0.03663528388428057,-0.006522451968015287,-0.06091307278539676,-0.04693839682353467,0.06795631585220832,0.015224837356282075,-0.1571848438848888,-0.08646367677662285,0.2928764826473568,-0.011476090667485046,0.0028988771469680595
2026-06-11 00:00:00+00:00,IDUSDT,0.2986270022883293,0.6350018120471818,-0.13772620039692782,0.024915180289224886,-0.01172760372224689,-0.007803833949858155,-0.19460973589490937,-0.01163336800007215,-0.043569288690522574,-0.03547575860698927,-0.09911919104503447,-0.00585529643176313,-0.0013267831980370071,-0.04753849362346705,0.024202475164188008
2026-06-22 00:00:00+00:00,IDUSDT,0.2025275437459495,0.5610408383374264,-0.11722911393674144,-0.008461267822857207,0.0013980276197513158,0.06351564932915216,0.08126306882187541,-0.02025266321350077,0.05538391882474897,0.039769905116983306,-0.05623279470036911,-0.017688244900764476,0.014608499700746635,0.03599605449672314,0.0016305319073324665
2024-03-09 00:00:00+00:00,ILVUSDT,0.23148148148148162,0.6695110210205676,-0.001368513881331624,0.06197887920672849,-0.020612340782927743,0.03242310661855687,-0.0737019399674899,0.07923977214372067,-0.08565331616159078,0.05560206236220875,0.06995871407335787,0.06786652862846851,-0.059373234542682195,0.031343172354957295,0.06947754713842934
2025-05-08 00:00:00+00:00,ILVUSDT,0.22794009690207018,0.9035047015695987,-0.05793870592073512,-0.011141291533054088,0.0029772113824015982,0.07000882940089317,-0.14146520717611055,0.0064246898660730856,-0.09653668570911327,0.08474372847744135,-0.21835762694357116,-0.0009373163884295738,-0.1791553185616047,0.0934040000291743,0.15100246190925626
2025-08-04 00:00:00+00:00,ILVUSDT,0.2388047615191513,0.8303255736672058,0.2849136140229976,-0.0109921090966042,0.017580589754369116,0.017737150212061386,0.15813289783061368,-0.017856586038191312,-0.07758220438645669,0.01794105052877489,0.03196780695134871,0.02235780926692279,-0.058193023440851664,0.17931351638474655,0.0417560577992821
2025-11-08 00:00:00+00:00,ILVUSDT,0.25542467451952877,0.8998072996530606,-0.11473251711772864,0.02372776008914306,-0.05336928533658088,0.054766331433974566,-0.16903839193104986,0.04360451020536373,0.07950579115763542,0.03533021570764931,-0.22389857871792065,0.03492074195260927,0.07098305916242063,0.023639802325572543,-0.01847121126816791
2023-03-14 00:00:00+00:00,IMXUSDT,0.20940477410101432,0.7096743464390338,0.05569658575839841,0.005913853816627743,0.017657256719246138,0.005738413966014886,0.1990226470845336,-0.003579845994312135,-0.020956377155521157,-0.001988625517124927,0.052240264442153045,0.015044175939089997,-0.02778428000910304,-0.0011197149346542964,0.02925974598321619
2023-09-21 00:00:00+00:00,IMXUSDT,0.21513944223107573,0.7796545857713046,-0.06675390182083438,-0.003355635520015096,0.0023915797230511507,0.01349680592907912,-0.10308725040851302,-0.005364693903076976,0.015497209990887875,0.022042135056131295,-0.16542975657277031,-0.01887712418934088,-0.06813302397287442,0.07061894642538624,-0.021790518819245697
2023-11-10 00:00:00+00:00,IMXUSDT,0.22388059701492535,0.5885502611921593,0.025058699805813985,0.00014840928333788306,-0.017662952593942297,-0.01728253697694617,0.059156789604237536,-0.001445620467262075,0.002085503142979625,-0.029375117250514504,0.08832830407320487,0.01755026993354456,0.011314992767521483,-0.04160754094913276,0.10087778840285208
2023-12-09 00:00:00+00:00,IMXUSDT,0.2158604182413706,0.6798073480397652,-0.05898250018035839,0.026361512530973873,-0.018167865860289737,-0.011666601307283416,0.0890010043507519,-0.015891891413567096,0.002584938109353857,-0.02424995451406448,0.1096066109505936,-0.04351628320349315,-0.0050747341490600005,-0.06002412226059748,0.010974503256522295
2025-07-10 00:00:00+00:00,INITUSDT,0.37608932461873623,0.7374589734203557,-0.003606392930379054,-0.006420310978605051,0.02448182005820806,-0.04788248543683112,-0.009386343688104794,-0.019767567416524117,0.0003399026410712727,-0.029369257849763426,-0.18902510542470102,-0.01569796483178228,0.017560155336728483,-0.07218128992129001,0.14641969015932763
2026-01-30 00:00:00+00:00,INITUSDT,0.23059360730593625,0.6835077761185075,-0.09890309185747995,-0.03797748643380955,0.0862580926698447,-0.014918653354198851,-0.15258935787477876,-0.029811285505781306,0.044535298337754756,-0.04011552342582622,-0.21950172165906673,-0.031693357543679655,0.10030465904326422,0.017560496144234494,9.560690692822504e-06
2026-02-15 00:00:00+00:00,INITUSDT,0.5359625478791319,0.7107990885892642,0.14983690312476042,-0.003918281020710063,-0.058928986657929575,-0.0022861926859385285,-0.03981475496963238,-0.018553825697973647,-0.015814094713045103,0.0558792466691219,-0.15254412882665658,-0.04342313315074016,-0.18313310508966302,-0.034707402505512214,-0.050250588642519835
2023-04-14 00:00:00+00:00,INJUSDT,0.20383871447701218,0.7504277252107288,0.055299729380312745,0.019320022606747235,-0.005995990703268524,0.011301647550208937,0.10556839686608539,-0.005054732411075585,-0.016146111874539494,0.024282413962216955,0.07221792362437286,-0.021424223974024666,-0.016407616125390774,0.010119931345682499,0.07432126009101692
2023-12-18 00:00:00+00:00,INJUSDT,0.2037852830804372,0.5322198784008215,0.01347657815350714,0.014867000946091313,0.028504197459529673,-0.00747087905879242,0.032093287290243536,0.005023335787680725,-0.033357196708603536,-0.03248476556706981,-0.011358411023039222,-0.032425333244112745,-0.0018596310489314178,-0.05559937921279366,0.04938495317820002
2024-03-12 00:00:00+00:00,INJUSDT,0.21659515603385615,0.6217183286468007,-0.09869077609662112,0.006445294845941413,-0.03803452796252873,-0.0028157380716029813,-0.10369948741037756,0.01215140879371671,-0.06373910229625093,-0.007021623719387342,-0.13552211125611097,0.09222722830109802,-0.04516229165140842,0.0820580121377206,0.06467561343021587
2024-08-08 00:00:00+00:00,INJUSDT,0.22691328240182274,0.8202719141834589,-0.017151204298186198,-0.00803177378302681,0.003409533612118788,-0.007040719155134623,0.016986428564512792,-0.0025540112558681766,0.0024340175027919965,-0.039143550464231534,0.0584524401342235,-0.004734370001829436,0.025058584483377538,-0.05974577354023146,0.11509522328956745
2024-11-06 00:00:00+00:00,INJUSDT,0.22617740537416942,0.8022108971664345,0.009424485963746518,0.02045043764407866,-0.004297685968811127,-0.011900916398861707,0.06412177435540747,0.005093976842894107,-0.025951870752477468,-0.005215222343226793,0.02470326208982051,0.010162310366512753,-0.032117635631304944,0.009613288734961334,0.13608766972041642
2025-11-07 00:00:00+00:00,INJUSDT,0.21352931879247672,0.9650734932413656,-0.05434210019963335,0.005592520746103476,-0.014421271133528379,0.014610670747476887,0.023906677355788948,0.03868657143858418,-0.09278250043299019,0.008620307184337258,-0.01890250371521255,0.046619504363661,-0.1031969764082143,-0.015704883296015743,0.12031981021304475
2025-09-24 00:00:00+00:00,INUSDT,0.8069736403069736,0.6740899326054295,-0.3587954917035767,0.004557666918729006,0.02538267567629804,-0.013497700429141612,-0.34029639826752894,0.003487504830892018,0.2130694149125627,-0.023845504549300477,-0.2538158313131448,-0.00394440032147844,-0.04232965486550544,-0.023645592059572264,-0.0022953372576547393
2025-10-10 00:00:00+00:00,INUSDT,0.6197075973971098,0.6151452398561281,-0.10407812026586073,-0.033129599444101494,-0.03128225763257003,0.020537857594845322,-0.10252417912070304,-0.046812895438566524,-0.16273526012970868,0.0010071217646311372,-0.1864120949871355,0.00656751806046757,-0.19054556100898942,0.02495934948355778,-0.41615775506643987
2025-11-21 00:00:00+00:00,INUSDT,0.309627843905379,0.33736085586516784,-0.10807587808160997,0.014702184142208332,0.012612742010013908,0.016119281278547164,-0.1351642743410641,0.014176276430457043,-0.008231183178259622,0.002575111053957798,-0.021490297846458853,0.021785513886859776,0.010980811993022718,0.012018634012084034,-0.03205549449942592
2026-06-03 00:00:00+00:00,INUSDT,0.3719716734998135,0.3935792070065649,-0.1441277087403815,-0.03097653411592991,0.10878186302017416,0.04054672959946436,-0.2560589964077246,-0.031027749207517406,0.18064741787153754,0.11592180722326835,-0.3032926937080141,-0.056460703815407576,0.21862230896679277,0.3343370927809834,-0.024977070710990736
2026-04-12 00:00:00+00:00,INXUSDT,0.5675269157694742,0.49780692203225757,-0.25804491136482416,0.0016589452737478748,-0.032308855126688685,0.0263993905895638,-0.39448297087631756,-0.015936951072020786,-0.413198687417902,0.048779179069144876,-0.7939840226387941,-0.010749110746182445,-0.35318398193868555,0.1329831811670949,-0.0621015748554804
2026-05-09 00:00:00+00:00,INXUSDT,0.6528980052691005,0.36465472479855,-0.35448482473813603,-0.041593504830384424,0.011153392628338452,0.004874459233260353,-0.44441590598328706,-0.0006889173160923273,0.10940974819705962,0.015281889990310321,-0.41132372504591774,-0.06821888635992097,0.18196241125034754,0.0397787946911211,0.001811768402314473
2026-06-11 00:00:00+00:00,INXUSDT,0.35450052418750944,0.4301187001114945,-0.10243678512060604,-0.025446543934220335,0.0396230244209357,-0.00388078690621433,-0.1161931361416241,0.03711668724858916,0.03372980598568761,0.004905589702109141,-0.060671983264365494,0.007859959646442163,-0.07644522373081501,0.014630750862104053,0.052070217936549625
2025-03-10 00:00:00+00:00,IOSTUSDT,0.30386178861788626,0.9063628362914086,-0.02832559410796804,0.00027224883519091914,0.02896493983036604,0.005689554021235765,-0.08964467532982429,0.008011217880280983,-0.030448698838667753,0.02672614254404978,-0.1885366178361106,-0.011359894622037254,-0.044088199131740405,0.04014939635558611,-0.03713553863425854
2023-11-29 00:00:00+00:00,IOTAUSDT,0.4728009259259258,0.8301148526769524,-0.029969581677471657,0.010762550731879596,0.010609199835355947,-0.0055444132446633475,0.1908117666100287,0.018008662554744332,-0.023601126665373024,-0.021672123379484154,0.11085501918524635,0.019656534353405197,-0.06681549619183616,-0.019457569506714473,0.007968787218361428
2024-11-18 00:00:00+00:00,IOTAUSDT,0.21212121212121215,0.9400536237697519,-0.03996438829750996,-0.009433182189338288,0.026989774668725163,-0.011869981043650928,-0.06552017079387004,-0.006135799214463108,-0.00870210288586699,-0.025815555562693455,0.07711194813790542,0.037324698523592735,-0.1510839643293257,-0.08952855103171813,0.173176336666002
2024-11-29 00:00:00+00:00,IOTAUSDT,0.2183348095659876,0.9074220352344534,-0.03465186753738983,-0.06486481396193342,-0.025927572583465962,-0.023208980971359098,0.27942419876870395,0.00844137827137389,-0.09261301543444823,-0.08007137167460616,0.4552915728374133,-0.03958592377365078,-0.12299566782938634,0.015860949647064342,0.0754659410026177
2025-03-02 00:00:00+00:00,IOTAUSDT,0.27132530120481935,0.9149443581744545,-0.03761527799533984,-0.028705329244930827,0.05121275215777481,-0.006716918544023798,-0.01817266390769665,-0.003350053360001498,0.01127235595018719,0.022462390237552178,-0.06724049938838103,-0.02088907646206752,0.014061425693460208,0.07070054713224216,0.12292318989039948
2023-12-04 00:00:00+00:00,IOTXUSDT,0.5101503759398496,0.7538426858593013,-0.19625014873552024,-0.007151166565665619,-0.024529716285928604,-0.013457686508385396,-0.34686786153446586,0.016127797502137615,-0.03205206724271005,-0.05300387181195261,-0.39304923895591304,0.03879737771910674,0.02018535458182549,-0.03408084134717206,0.041427809192550555
2023-12-18 00:00:00+00:00,IOTXUSDT,0.22669012314651926,0.6603527631746715,0.00728893941421862,-0.019361171984459226,0.0632949300317488,0.022468929103512912,0.07717772298477836,0.007069876563121948,0.03507013166901488,0.010488544990510875,-0.07806899135618532,0.011204734379546524,0.00611357142764557,-0.02636764015651828,0.011825679587378773
2024-02-18 00:00:00+00:00,IOTXUSDT,0.3289371605896043,0.7594078061134156,-0.1426167993762035,-0.013705682483737668,0.010141909727564544,-0.03237189022260652,-0.18073096505275668,0.005784833648038961,-0.03788117949307379,-0.01088102827250646,-0.2194221608174798,0.17961707566426044,-0.09100222906365887,-0.041444331526488756,0.048363624919273075
2024-04-03 00:00:00+00:00,IOTXUSDT,0.21822830500827206,0.6486785433152171,-0.12003072823807487,-0.0012932504471959857,-0.013750838486857103,0.02774861063102868,-0.07529526908860838,-0.0003850813192637137,-0.020650909296292635,0.0019139201146108225,-0.09052997061791834,-0.015902687328861236,0.01358039694119802,0.01262955473049679,0.004439814906281725
2024-08-08 00:00:00+00:00,IOUSDT,0.20835972134262182,0.799912738846842,-0.08496920509067707,-0.007371812001376798,-0.008546347802458632,-0.004422433304606949,-0.15518032855190414,0.009154109248523504,-0.01724677036961748,0.0004663428769286132,-0.07366082019923663,0.0035798552229879864,-0.008600034146618049,-0.000842164817669307,0.13414050401416855
2024-11-06 00:00:00+00:00,IOUSDT,0.21483870967741936,0.8563053102688609,0.0026457683008574897,0.001611214293169505,-0.004297685968811127,-0.005665601356127167,-0.0003887874465331887,0.01491922250248721,-0.025951870752477468,-0.0038401712983863793,0.060447969811741734,-0.020118611261509198,-0.032117635631304944,0.05414543752106689,0.1182805800211371
2025-05-08 00:00:00+00:00,IOUSDT,0.2700427763212363,0.9199059827794777,0.0494435696843427,-0.002269716066252986,-0.008768986656063831,0.015480077199561515,0.01892810771364565,0.059285378764000064,-0.11614097197647237,-0.0016160837922569783,0.03580232428718504,0.041339035127882194,-0.20942006932077248,0.07435276945901717,0.13428850208965076
2025-11-07 00:00:00+00:00,IOUSDT,0.21766214730670574,0.9340979034694629,-0.03947195622998687,0.005515244365841873,-0.006307780675771542,0.006084345257916425,0.007714363420594651,0.008512336740003961,-0.10386691380732269,-0.027529442582157664,-0.05924511415487356,0.008196305169493434,-0.13530626239044924,-0.08985315181136211,0.1617598832472081
2026-05-06 00:00:00+00:00,IOUSDT,0.23140495867768585,0.7644950274583867,0.08440116857933411,-0.015577649602480353,-0.04570570484831338,-0.004430961269341232,0.011959814264130078,-0.0020960192290966862,-0.09262658096896281,-0.044256946893696116,-0.051655853227923876,0.04071390836413592,-0.04244211354429535,-0.08101470330496616,0.051934932498150274
2025-07-11 00:00:00+00:00,IPUSDT,0.3132265032974819,0.646360961893292,-0.06906816578128766,-0.0069370972293500335,0.0014165595490687082,-0.010661552747645063,-0.09793795040812978,0.03944504359995599,-0.019434517228323567,0.018457140752498796,-0.07591330104214943,-0.0059542284671502506,0.019122710055763593,0.07447090490546611,0.02337068825108122
2025-08-30 00:00:00+00:00,IPUSDT,0.3077882345116558,0.5906175108598105,-0.017927236183406386,0.0002224702452616814,0.011771269096471417,-0.0035718692923588447,-0.0352356378680158,-0.0017880044494481633,0.019807146687629132,0.006423557213839626,-0.002719619204716247,0.010461854188273067,0.04432390559422765,0.0019367385329815295,0.018921442743740902
2025-09-09 00:00:00+00:00,IPUSDT,0.21843729298141623,0.5652192288652342,-0.013494296189111549,0.055849289432797565,-0.0069802052444292075,-0.016306288596314795,-0.15376198893710555,0.07737147683114806,-0.04741996994909131,-0.03309983120216616,-0.06668508925318296,0.06688228828536988,0.13774641034678678,-0.0421472899106851,-0.022000050164111197
2025-10-13 00:00:00+00:00,IPUSDT,0.22390452440327757,0.7960602550734415,-0.002498652013446054,-0.011819570814269187,0.11951046456307587,0.01750433215121682,-0.08616805437314737,-0.021493049104922706,0.12483770556811453,-0.009418996808975576,-0.12462759913328461,-0.03402672862953341,0.02907462062618301,0.037609461275881086,0.0801290285250823
2025-11-25 00:00:00+00:00,IPUSDT,0.2014475271411338,0.8851006003369284,-0.131826639101569,-0.003129696071643778,0.03633397848664575,-0.02871021479174743,-0.14665246240246604,-0.015317822448146482,0.015510655312278914,0.01296103970625681,-0.22060325222068053,-0.009877900064299124,-0.11356584382476298,0.22442329062599625,0.0003261067440604781
2026-01-12 00:00:00+00:00,IPUSDT,0.26950043821209446,0.6592320761747004,0.23588062558465664,0.015823053135083302,-0.07473770895278957,0.02873423859680156,-0.16950130269998945,-0.0034333915780753394,-0.08697677377665172,-0.0019753511473124875,-0.16459465221500044,-0.033090562907290524,-0.21346528240452703,0.004838698703015296,-0.029262887835767665
2026-02-11 00:00:00+00:00,IRUSDT,0.2078836227123415,0.48511681576751114,-0.15984075001393414,0.008920254457975577,0.05486339684752772,-0.0465233115382312,-0.13863293167592952,0.031246512834803807,0.08291090560894541,-0.044658651953080095,0.14163791012148114,-0.004626334832366813,0.03642206837382885,-0.002507593438658951,0.023882136724726097
2026-04-13 00:00:00+00:00,IRYSUSDT,0.23937784522003014,0.32872688863073257,-0.14866734568567838,0.002753801208984093,-0.002003378749328126,-0.005157210429435407,-0.19906391527804285,-0.052331534020162794,0.19605911689935024,0.05563368834266326,0.04514433392335662,-0.06131335733612129,0.019542636450504906,0.08539966904329228,0.0350345181099578
2026-05-11 00:00:00+00:00,IRYSUSDT,0.20090473656200114,0.4135493986383258,0.150245600072029,0.023596287137046597,0.07559584681001016,0.023293381182342594,0.13199690521049492,-0.0019737638587758455,-0.07715380945854147,0.013770606185694376,-0.16939632507410185,-0.031194529255154223,-0.1675631545373427,0.037994265124094026,0.015564360500511732
2023-11-10 00:00:00+00:00,JASMYUSDT,0.23292902066486976,0.7077009843347802,0.012771771848031176,0.013941222332794096,-0.02617693436667991,-0.005582729205183467,-0.04753638398972854,0.023692592985045093,-0.006658678197783906,-0.009846320608305032,-0.08129848527142847,0.01617261563528818,0.004607263984639815,-0.020948961107479507,0.04822390886526773
2024-02-20 00:00:00+00:00,JASMYUSDT,0.4910436137071652,0.7965429970255631,0.35269617416394744,-0.029473137807738532,0.012157062099671805,0.013971877415910536,0.12532521534269656,-0.04632069296947516,-0.01241005808823531,-0.05343559270299343,0.21015669797558745,0.004800240903764135,-0.02458838941329227,-0.060866495722223565,0.04934855884724796
2024-05-30 00:00:00+00:00,JASMYUSDT,0.22195845697329375,0.7251375684154555,0.11933681803421427,0.007757255004109451,0.00032572046060882207,-0.009436609977832045,0.11529932280939745,0.03176157690266889,-0.02929071298339782,-0.02111735328164258,0.2739172479585058,0.021552479470375894,-0.006808443073789227,-0.022413997772847395,-0.0025448195845803765
2024-07-15 00:00:00+00:00,JASMYUSDT,0.20398790615790885,0.6669604114638469,-0.04007494458496762,0.004672663446954036,-0.04140107140318487,-0.0021841552238068677,-0.11482226236294546,-0.021097717085026845,0.011788209263507658,0.04128067509009017,-0.07388057554816356,0.010515660358341125,-0.0011946422115387463,0.053601967918915285,0.07427379502503739
2024-11-23 00:00:00+00:00,JASMYUSDT,0.2564077716943649,0.8898487917063719,-0.02953498837652193,-0.010318459924176137,-0.03696084822369313,-0.025146941382367755,-0.08999277975715153,0.0035539024937385035,-0.00221953411893379,-0.018134887360060588,-0.035209239595291576,0.15597598619452455,-0.10005711028039266,-0.03488537073194422,0.05984763410474018
2024-12-03 00:00:00+00:00,JASMYUSDT,0.27470286460822724,0.847150302318678,0.024093814505979614,-8.592968393790357e-05,-0.05345730076147566,-0.019055955901389136,0.2266890663861106,0.028393909504683502,-0.0643453056497356,0.006790085374847102,0.1839129863770523,0.0597031371066636,0.009840913685332442,-0.01949695248702528,0.061230346827845686
2025-01-30 00:00:00+00:00,JASMYUSDT,0.2749676793794442,0.8131687006597563,0.0024240878331744627,-0.005443773190415503,-0.0070938382139063725,-0.0463063914261677,0.0012195428622276657,-0.01008109177922178,0.03654906660343845,-0.11597125116789575,-0.03936045728046882,0.001221427351992311,0.07728153494286315,-0.21090642577703891,0.04815622085564162
2025-04-11 00:00:00+00:00,JASMYUSDT,0.20461958917393996,0.9107972086701899,0.11251375648511185,0.013649354493016585,-0.022724998434304346,-0.00039801095101103524,0.14812715014606548,0.04786781201205153,-0.04978839168722701,0.020475556648176647,-0.0056272338699579205,0.04019985093433397,-0.10559855153843767,0.014742998071751983,0.042754657868681226
2026-01-06 00:00:00+00:00,JASMYUSDT,0.2789670858977791,0.8623755417847792,-0.058429036195905684,0.00271125574624572,-0.036755007073911106,0.012648606579779207,0.0022758789370726715,0.03859761068073677,-0.021062118941510045,0.036182210542940706,-0.04308484876623105,0.03824447664270556,-0.0597237402441048,0.05032233844142405,0.023350362602460085
2026-03-22 00:00:00+00:00,JCTUSDT,0.6812474686107737,0.44261848780485397,-0.3719399907694732,-0.006898894678613604,-0.05272821888998018,0.014828513639795732,-0.5285579379091168,-0.007589235876276959,-0.10308621455733191,0.10484479964600271,-0.5487242429223644,-0.04487215988590808,-0.10725648663824824,0.10885928508831269,-0.023516594532353562
2026-04-04 00:00:00+00:00,JCTUSDT,0.6101348590110338,0.40293924914701884,0.02038297979883741,-0.0933315827065061,-0.06278260138325362,0.00871462437339173,-0.13598283640614672,-0.05575731970816877,-0.054077327017989105,0.09902486596547452,-0.10143218933554164,-0.04974246337777645,-0.19376094500250188,0.0901418755379223,-0.00664499414627
2026-04-28 00:00:00+00:00,JCTUSDT,0.24169804861348854,0.294120086676884,-0.18364969782909907,-0.014751779834326384,-0.014981565675388529,-0.022095056083992454,-0.1478680990819638,0.11351826700644647,-0.02110876812173951,-0.011880146942796068,-0.1677647870590802,0.13466381414854095,-0.05488507139749112,0.07724320590599182,-0.022848086736341332
2026-05-22 00:00:00+00:00,JCTUSDT,0.3010614345448699,0.29891507355404634,-0.04299870277056776,0.0010974095500840785,-0.01957377717964545,0.005976422950227342,-0.16503668751913358,-0.4836804430674018,-0.03874421591146642,0.0018237927910214064,0.023134786809029043,-0.5319294428221392,0.26477972905225045,0.017518599028841383,0.023092102059011955
2026-06-09 00:00:00+00:00,JCTUSDT,0.3711065573770491,0.26226294300516634,0.0037958533513088623,0.10489393269066993,-0.0060487454008219844,-8.622963918894916e-05,-0.3925805719389802,0.1840716071597792,-0.03767905862002237,0.09291722731129705,-0.08521344110325833,-0.01292335680825658,-0.07642277377423035,0.061912092559112786,-0.032527419475814764
2026-06-28 00:00:00+00:00,JCTUSDT,0.2940617577197149,0.28392743277842203,-0.11561617797895471,0.03353969845581751,-0.0099372448283807,0.0120756260669081,-0.1786377808891001,-0.07163994467262112,-0.015842614091868205,-0.03265206928191344,-0.37866647742627096,-0.05364676058382907,-0.03406764983461519,-0.01086132356125015,0.03321522752412871
2026-07-13 00:00:00+00:00,JCTUSDT,0.20746310219994424,0.28678996990897965,-0.037509979044763234,-0.0024765343654301426,0.003821934089802781,-0.014851817282175703,-0.10025717141289735,0.0006873793255810889,-0.006701112097452912,-0.008383570480709281,-0.09978994382680516,0.012604899929575216,-0.0250372328707091,0.01548428666682992,0.0028228447337295126
2025-05-13 00:00:00+00:00,JELLYJELLYUSDT,1.0245700245700244,0.5481569293538671,-0.559256339323948,-0.01290878078632235,0.015401633468129223,0.015563711845086408,-0.4335637431205869,-0.0400508425183877,0.04302671755462552,-0.01086673549300927,-0.549340953357955,-0.02651016209187313,0.022290821637408864,-0.015227887067933859,0.026383639885713704
2025-05-21 00:00:00+00:00,JELLYJELLYUSDT,0.20401106500691557,0.47104616844228353,-0.15965829382535981,0.012790966679397697,-0.018457171236907016,0.015501174773465165,-0.09780133543072891,-0.045274816633745676,0.05913158253789126,-0.003957082176845405,-0.12861340101195123,-0.07746028232855995,0.022883871327799992,-0.010909572033524165,0.025735277109504552
2025-06-13 00:00:00+00:00,JELLYJELLYUSDT,0.5114468864468864,0.5093092481265075,0.012821347803919395,-0.009869186899669011,-0.00366448991505621,-0.0032081971428897316,-0.026218924204296272,0.002259507352027658,-0.03738869801183774,0.02504417202714746,0.008554011144621872,-0.04672673605504636,0.029890586133354224,0.001298610321430574,0.0012303005281382394
2025-07-02 00:00:00+00:00,JELLYJELLYUSDT,0.3005464480874318,0.4661183179563905,-0.06471242820859224,-0.016386058440103247,0.0033205910139838283,-0.01694841661901374,-0.07165948840814786,-0.022620353489398965,-0.052576675505922356,-0.04734043249165833,0.02939133772589836,-0.016907267175439205,-0.10783508499437529,-0.03572754846336973,0.06602644794598649
2025-09-01 00:00:00+00:00,JELLYJELLYUSDT,0.36809045226130666,0.7468026077429963,0.2468233009502685,-0.005121531765602719,0.01713535597017284,-0.01923678738774552,0.5521148976863666,-0.03232856967821333,0.04520232116630184,-0.027196504378452984,0.5220957806078205,0.061532934310248574,0.07360377971097834,-0.04948557633229434,-0.04349069319467982
2025-09-12 00:00:00+00:00,JELLYJELLYUSDT,0.27237269772481043,0.5036765297797509,-0.08339072702608849,-0.018369074879963303,0.03396920700259465,0.003214097029857854,-0.07854075356099521,0.07545102027783243,-0.2869912762513088,0.06797592391697482,-0.1296545843428498,0.07289183371242096,-0.4130283513229611,0.007285541676038431,0.017455771522584485
2025-10-03 00:00:00+00:00,JELLYJELLYUSDT,0.9561815336463226,0.47126942544623196,-0.06629687145187363,0.0027192834512190173,-0.02440838363522533,0.00015028607349106202,-0.265596570383268,-0.011027500806605967,0.05735416848004589,-0.03313220079753978,0.06927773965941375,0.07101104054597869,0.02457467343248167,-0.03520670106100794,-0.0014621712627285177
2025-10-29 00:00:00+00:00,JELLYJELLYUSDT,0.39093625498007967,0.32360051897856945,0.38936971278763066,0.0016193841783482682,0.03949655775474357,-0.012456146748046421,-0.6249494057775961,-0.05443866342971991,0.01481119629436497,0.09415889409446405,0.6461140235077107,0.02553025659173347,0.10836768147939677,0.24479273689998995,-0.008735490244079158
2025-12-01 00:00:00+00:00,JELLYJELLYUSDT,0.20142115332057942,0.2157885551044622,-0.2783757432616535,-0.05570201716895855,-0.009751793695237172,0.0008230111719827848,-0.13665441373313664,-0.1260425730695312,0.029488039696102863,-0.011924553790539577,-0.21180038150992875,-0.21945347859567085,0.03891416130770271,-0.013847069542817567,-0.04010922394548781
2025-12-11 00:00:00+00:00,JELLYJELLYUSDT,0.2954637505062778,0.21867797574144693,0.2725771619805511,-0.010152843519562612,0.06917209901059691,-0.0018079852591750697,0.3866376514123622,0.06349726374275474,0.07265705046372749,0.039356739582557296,0.7689381097287243,0.23805631109464578,0.06144014512529474,0.05207008578359198,0.0021902488287284653
2026-06-14 00:00:00+00:00,JELLYJELLYUSDT,0.3657724004909697,0.4180327755210798,-0.2675243042604367,0.0001406288524056793,0.008121099841308637,0.00039895185691692645,-0.29944907314374924,-0.016679354938033002,0.049048165060558646,0.06154038951399068,-0.2840081142967533,0.01161990961183727,0.056454162489620006,-0.019134088390058097,0.026441367663458594
2023-08-31 00:00:00+00:00,JOEUSDT,0.33121827411167515,0.8273465212456811,-0.022025029492071437,-0.00789221908976091,0.02062368196346926,0.013153676595412814,-0.12833474918429116,-0.01697130820417503,0.015218785393737966,0.01568739442924484,-0.1727093628889392,-0.03489904275075525,-0.02209350645328245,0.02768541644264389,-0.05002226255349803
2023-11-15 00:00:00+00:00,JOEUSDT,0.239399293286219,0.7841288592253185,0.0029602735929059112,0.027889271524731512,0.009852097707619573,0.002549396839452133,-0.07134333330856693,0.03052290474079754,0.01394416263616317,0.007034396089409069,-0.08644409523391176,-0.0019918854617864933,0.04224778635786743,-0.010400712024280551,0.09015559042652392
2024-03-12 00:00:00+00:00,JOEUSDT,0.20821833793314948,0.8089982876198004,0.05510046844051904,0.01609179901281516,-0.03249734178324656,-0.0021468468631949873,0.10004601311689984,0.0134881867107983,-0.04205430448163277,0.013610556423489564,0.4258232677767273,0.015584315289651507,0.013587743569768145,-0.028303196075496962,0.028518697076385935
2024-03-31 00:00:00+00:00,JTOUSDT,0.28587567075658193,0.5774554447351179,0.050861687315097964,-0.0062990173160756046,-0.00027059737073087815,-0.029767620730182565,0.25745539907769865,0.024440515768499885,-0.017866402083469374,-0.026947378301424175,-0.056307914046973134,-0.05502000098881721,-0.07018663359836674,-0.05825680880738471,0.058610291999045404
2024-07-26 00:00:00+00:00,JTOUSDT,0.2297942198297256,0.8269826662914193,-0.032784344038306844,0.020714819825086155,-0.01472341379696011,0.0010498998503118322,-0.026783636715195264,0.021443733969137936,0.0035065805535633545,-0.018327715648591154,-0.039520726626683364,-0.0030639676475631636,0.08871546796996235,-0.020653630826075332,0.07057735436224247
2024-11-21 00:00:00+00:00,JTOUSDT,0.2351238458156235,0.7524474187239958,0.03126772982627371,-0.04518372714988238,0.08264053492724147,-0.04961837244919809,-0.06538947690261608,-0.11490353882470086,0.008646480992961725,-0.04916204483880517,-0.1276217741163012,-0.15311654604191913,-0.012510625867269531,-0.06238869077153969,0.07683667813417791
2026-02-17 00:00:00+00:00,JTOUSDT,0.20258302583025833,0.8559428196885494,-0.051289622655038176,-0.009236506706369932,-0.03106530793671916,-0.017938470891516813,-0.00418455891374038,-0.01758328048258236,-0.09304134106647352,0.0001300793630663988,-0.04408144927419913,-0.02327043344741893,-0.10727461593638679,0.005545992815330319,-0.013934397609840388
2026-05-07 00:00:00+00:00,JTOUSDT,0.40948070509766543,0.683910371882243,-0.06627057752629403,0.04680264434101937,-0.02725650269500357,-0.0017091680929038546,-0.16186102650889658,0.028121963976745767,-0.06448052939826213,0.003776154827367377,-0.09656911388934508,0.01854988258708402,0.07440436357437434,-0.015583799187948577,-0.028428558610224787
2026-05-20 00:00:00+00:00,JTOUSDT,0.2896990457548323,0.6233102625633097,0.00021791226567852325,-0.05189224789000646,-0.03955522826543338,0.02357047974051397,-0.05643179324651916,-0.055162375853277004,-0.13618661450938274,0.017160112227847378,0.11655661695504949,0.054874122224296384,-0.3152526895899192,-0.03710886907546902,0.08194960953070693
2026-06-07 00:00:00+00:00,JTOUSDT,0.23360000000000003,0.6184557443252846,-0.05393264720821585,-0.017559513941808998,0.028715045267078666,0.0062340500246330175,-0.05003635117421725,-0.03022037709379615,0.1591843032303389,-0.016924882927427835,-0.12569165731068707,0.013631780146721405,-0.13072007277331626,-0.006820435653777497,0.032299836276876936
2026-06-15 00:00:00+00:00,JTOUSDT,0.3056948424068766,0.5701838815142092,0.06867673090092279,-0.020691823740782,0.03786341245645002,-0.02245159645670877,0.07462424540009586,-0.02335507281744858,0.1302339042005327,-0.019745768741277137,-0.04847544618026439,-0.01987802924486424,-0.10449234961327425,0.002560122447218907,-0.015584711200659384
2024-03-15 00:00:00+00:00,JUPUSDT,0.27926880811496213,0.5428651309235161,0.22885974554120664,0.04356340322102833,0.008506491181750888,-0.0292638427724648,0.25441586868587107,0.11031039758624046,0.030713704474899822,-0.02057211223629286,0.12209482388844581,0.01937093360198542,0.03665250141941381,-0.01836792798604003,-0.023785500570854923
2025-01-18 00:00:00+00:00,JUPUSDT,0.36665472351606354,0.8809561060847919,-0.08522601752583808,-0.0653189694074158,-0.018253304912551588,-0.046238246653569216,-0.18607382251766263,-0.12117038637189503,-0.04809668198124381,-0.012556830109828592,-0.058341666650587404,-0.14379842253769634,-0.004066667571181031,0.016492777033396237,-0.08239502435004745
2025-06-09 00:00:00+00:00,KAIAUSDT,0.35018726591760285,0.8256203263505636,0.009147331711569538,0.02036128009339469,-0.03153578435710991,-0.011062969579655576,0.2820308875589329,0.029154788636645924,0.016402473809302532,-0.005949629730371803,0.21896853903162147,0.04386737176150593,0.06293412553470976,-0.04264698852205373,0.043567026274778
2025-05-07 00:00:00+00:00,KAITOUSDT,0.4886246122026887,0.7474817393716113,-0.22901740535702464,0.008803521609447945,-0.1547952384813793,-0.012707421018411064,-0.029640115880356643,0.03311280024139936,-0.2328933179627847,-0.019588102742295478,0.015008613151368616,0.02693303427696959,-0.26636644859977504,0.007672114754894099,0.01183232082481952
2026-04-23 00:00:00+00:00,KATUSDT,0.5021367521367521,0.4353918879405274,0.49021938559331363,0.026573557011348455,-0.006560310736824952,-0.026321123627056568,-0.19349179018415757,-0.014059955829563703,0.016723006908280682,0.0034699201656278934,-0.3343485826274257,-0.05516351369141359,0.00712423493232975,0.00992971736056129,0.009777427060456367
2025-02-03 00:00:00+00:00,KAVAUSDT,0.23369691343699217,0.8886086571460172,0.010700619246512583,0.007486517660677236,-0.029668091178367616,-0.010653514664841685,-0.009616283553645667,0.041894291405691036,-0.08547464758567472,-0.02788188850045046,-0.087905985822718,0.0373326397652021,-0.04416146791391285,-0.03772011257116349,0.006730146014162797
2024-11-27 00:00:00+00:00,KDAUSDT,0.2522230358824147,0.8571601425080079,0.011923876055843084,-0.003929566621553141,0.010500307516644134,0.004359405554657481,-0.056675730589193785,0.005527239809571716,-0.017165973834514424,0.010509801076842861,0.1568134402769628,-0.03215967549391631,0.013722977977090453,0.021171908355136233,0.048245353383344326
2025-01-17 00:00:00+00:00,KDAUSDT,0.20166180103301157,0.8336061061793025,-0.024938754585940692,0.007626921620177425,-0.03978071634255135,-0.03754886263856384,-0.05737822893329602,0.030634204107646945,-0.07677853203577487,-0.04982050858385606,-0.09843807481396945,0.02579390310603481,-0.08404448724111821,-0.07026155856948808,0.06182739462593771
2025-07-24 00:00:00+00:00,KERNELUSDT,0.26481715006305184,0.7733183197790121,0.23070592995936723,0.011840675513497028,-0.041168420550775194,-0.005109502400520749,0.11312539097701921,0.022065923101674278,-0.0861646313876355,0.02133742557445075,0.12074078071702077,-0.021353007748438912,-0.03400327512838271,-0.002535660244798177,-0.03543214044989122
2026-03-31 00:00:00+00:00,KERNELUSDT,0.35238095238095224,0.6393492551606673,0.08383505213170056,-0.012543978509163792,-0.05320460081068231,0.027211320388147227,0.11813629366115748,0.030991200533966305,-0.03446959571427126,0.010443765234502751,-0.011861893982097665,-0.01169186414788983,-0.08853564769339754,0.025561698604855732,0.03141816576706476
2024-03-15 00:00:00+00:00,KEYUSDT,0.3898359258470061,0.5948750587248259,-0.20180470876738332,-0.03415432837799125,0.0038867659090691536,-0.012297833200336991,-0.34636923153504073,-0.0633778714483261,0.028319404160992583,0.0010594755147341733,-0.14845226246819304,-0.060959968174861344,0.05980281438571493,0.01575489930747443,-0.02735599766842242
2024-05-28 00:00:00+00:00,KEYUSDT,0.29921049110129805,0.912422793717891,-0.13155173509651968,0.004786476813498093,-0.03549926734604032,-6.975654679237196e-05,-0.14598570895359533,0.051836674725192856,-0.040947255377149064,0.011518549315821141,-0.18846443629829499,0.01830026715802229,-0.0683755069311331,-0.020727737967211075,-0.010537128525071788
2026-02-13 00:00:00+00:00,KITEUSDT,0.2218417639429313,0.5092540473813234,-0.17308405663852935,0.03802580896863097,-0.022432172534412983,-0.003064723733011976,-0.10637403998664295,0.044739700130918186,-0.03409581088361381,0.010557238299741437,0.18959808252910598,0.01958412907699499,0.09042207926944633,0.11357571273008153,0.03769349608141592
2026-03-05 00:00:00+00:00,KITEUSDT,0.21869425615412075,0.4038138846614248,-0.09787495060092655,-0.03048979097688071,0.1029507459667244,0.062345789971614794,0.05065307984793188,-0.05075513562835717,0.18179059034883369,0.14933913996003384,-0.14661321862023827,-0.08047228460349684,0.1083203198350547,0.12238747973600761,0.06670986460734354
2023-04-05 00:00:00+00:00,KLAYUSDT,0.2561909049977489,0.8040157254503111,-0.07037420166521598,-0.00988797664390326,0.02175322973965952,0.010093854199454171,-0.08650024686877245,-0.0018307681791059475,-0.02045385190595974,0.010936801444491485,-0.08854675613572038,0.022057642102625917,-0.07231931280398436,0.01677977649612186,0.008489552494016665
2025-02-03 00:00:00+00:00,KMNOUSDT,0.2520305781175345,0.7834386083915922,0.023926790351875796,0.010424536368803097,0.10014339776212944,0.011004400352606374,0.0048360172321605215,-0.02041173010408938,0.16910430510374025,-0.03842689786928648,0.1657433817131301,-0.04096403151282795,0.1442179616498078,-0.048750633800392566,0.031030636366793686
2025-09-11 00:00:00+00:00,KMNOUSDT,0.21611847769932857,0.8428213952695497,-0.1116155769109838,-0.012431871456449948,-0.02879191721220851,-0.029140237859608543,-0.053593341874211366,-0.012664761328772627,0.00658254047634183,-0.056274304088560156,0.22122134486439865,-0.003279071635503352,0.0002191819979931342,-0.054014655842233764,0.01609470859482446
2025-07-12 00:00:00+00:00,KNCUSDT,0.931541106595811,0.9317864907372968,-0.14203701114349002,0.00865137935287288,-0.012479325148848783,0.007497452433492707,-0.26817833297790117,0.0013938033805061967,-0.04516477843187312,-0.007902159556803273,-0.3562260796552941,0.020043093255973064,-0.035648125372885885,-0.024625246529016293,0.008502026290039988
2025-02-08 00:00:00+00:00,KOMAUSDT,0.324126455906822,0.6001990401471883,-0.018111357766606904,-0.006444513161375861,-0.019727643878827392,0.0015033120854690126,0.2981497943378964,-0.05003559027312214,-0.051793721019476345,0.014374104161527235,0.3114802439419496,-0.06517427707482173,-0.04042266636357185,0.0381260114030191,0.0979742618002919
2025-03-19 00:00:00+00:00,KOMAUSDT,0.29888119339371344,0.6404883996134012,-0.15615011238160542,0.00215047289200991,-0.015124723534107955,-0.0190668301110938,-0.2917303818210808,0.009667320862033363,-0.05827923599911742,0.007563435532831536,-0.30480446161997554,0.014992157785276027,0.015678563615962628,0.003507495446538539,0.01871615189725103
2025-04-21 00:00:00+00:00,KOMAUSDT,0.3157894736842104,0.5405754557545499,-0.03529334891497508,-0.01273385200230479,-0.04892736821740654,0.0014525002009444122,-0.1804376741617548,-0.04750138233654391,-0.02934179090673008,0.004787745633459117,-0.15792391670708725,-0.06050714120141167,-0.023902821176475582,0.00893540694810461,0.020484092138830002
2025-05-08 00:00:00+00:00,KOMAUSDT,0.508187464709204,0.6350229945061113,0.23296187810690966,-0.01987560507050107,-0.043775058129611445,0.05587560649771277,0.20804060919380057,-0.037015061349649256,-0.08865718337230837,0.043254926970432026,-0.06322162701519568,-0.01427849079758029,-0.08759703628665746,0.06273375920314084,0.1098460569335532
2023-12-23 00:00:00+00:00,KSMUSDT,0.2222554591684116,0.7514602605847203,0.2566188730902223,-0.0034848884932356925,-0.037411050291381656,-0.03915831699181819,0.2993831427531819,0.012628074332224851,-0.07666011535274755,-0.09064722539107942,0.1636453289474298,-0.026529993158771508,-0.07717444381075338,-0.03937477530648932,0.046849442819469345
2024-11-23 00:00:00+00:00,KSMUSDT,1.1093110504774897,0.9295813197840044,-0.20489673777533865,-0.008679326608692759,-0.041177833504755644,-0.007937335131960146,-0.26197184829442355,0.015841995865110432,-0.025190516504188847,-0.018338120497301456,-0.27167887434014876,0.001882608588290001,-0.0944788373870591,-0.024574665782860126,0.08218860775946875
2025-11-08 00:00:00+00:00,KSMUSDT,0.20255409719758788,0.9591786738365273,-0.16911695624617115,0.0008013569699098575,-0.028489172774910095,-0.005548370184797492,-0.16777633989085164,-0.010538649706237139,0.020104137996138027,-0.01968027841162316,-0.20267634798070225,0.025168796076645163,0.045909807966158636,-0.04975659472808765,-0.036868798992669496
2025-12-20 00:00:00+00:00,LABUSDT,0.323798840904842,0.3389759385918924,-0.07245045380774054,0.031703584651410655,0.00667814977614758,0.009159259534411648,0.16699387288892226,0.012397195679528222,-0.009920090703385292,0.005053679562858314,-0.2614012968139436,-0.00682172015458114,0.07626419932826896,0.01986625384856997,-0.016885051786114057
2026-01-18 00:00:00+00:00,LABUSDT,0.22630409988594757,0.48314409587373247,-0.1880086613086528,-0.01441421733610393,-0.09236191701336871,0.010348699712375535,-0.1270131845734448,0.1583504475912591,-0.08732923447651311,-0.006870856688766339,-0.1381322266281002,0.27467762622284814,-0.24554928615037735,-0.005483092626654239,-0.03347676447586876
2026-04-07 00:00:00+00:00,LABUSDT,0.3144821542920697,0.3107429944083996,-0.040882511442639505,0.017206695169899616,-0.06357452774037482,0.026175046090340614,0.24621040506812497,-0.06147170740245563,-0.05642364970565259,-0.06566041640377439,0.12279764284609057,0.04156492258065177,-0.05113680843422589,-0.0529051387464349,0.026034267652131415
2026-04-23 00:00:00+00:00,LABUSDT,0.28032156588605384,0.30178006359676535,-0.034006668696583614,-0.03809172914002492,0.010012062583852345,0.03252309219456262,-0.009874996518247393,-0.10750017583971203,0.13471127907525365,-0.011668444798575501,-0.05531142273419884,-0.1080480308186432,0.4041017662333234,-0.042241770789165856,0.05551897405878883
2026-05-01 00:00:00+00:00,LABUSDT,0.7475951184493899,0.32488152662693165,0.39314340969728717,0.011492275590173014,-0.04434890049409852,-0.03184931917894495,0.3503185084396191,-0.002873664341722637,-0.042161771983763446,-0.02969552624744587,1.0787802124328678,0.03718861578897829,-0.08696146294570364,-0.051185164745735014,0.06013461311108981
2026-05-29 00:00:00+00:00,LABUSDT,0.4723847841989761,0.39935806739951507,0.21261700753213586,0.0004417364932309497,0.018912849053663233,0.012075124950557464,0.8961553785647656,0.013431212073346835,0.07841449383707584,-0.04908793760546683,0.5203055644765524,0.006440488045666067,0.25602144765965573,-0.06342067118734511,0.003634517621593025
2026-06-16 00:00:00+00:00,LABUSDT,0.39519079979090455,0.4417072125234799,0.001087789756095877,0.010895784515380865,0.12697886735973002,-0.0011832244427625919,-0.0032219452935952583,-0.02275655556467005,0.20574531536906177,0.006138173717143615,0.09258414934412208,-0.06249376379237741,0.1460991347120068,0.0070362152314413385,0.006928763770448409
2026-07-02 00:00:00+00:00,LABUSDT,0.24443445019113996,0.382923343186902,-0.5406798112771715,-0.010251243781153245,-0.0076712031321946855,0.08127174401354201,0.46810797771731794,-0.02018310263475613,-0.01133627809217869,-0.025096503895611223,-2.0524764074638524,0.052447080516029,0.040372550029773316,-0.04831535136567774,0.017291811880149388
2026-02-07 00:00:00+00:00,LAUSDT,0.47125841532884527,0.8433101565141268,-0.16644343326058272,-0.00035981292690255156,0.05624953458824217,-0.01028246117910982,-0.15934865493694783,-0.018831247200981827,0.10438585781119492,-0.042951760749929624,-0.2925999524979569,-0.018707690776066255,0.1332787269754549,0.00588280317818328,0.0018499343279238633
2025-03-25 00:00:00+00:00,LAYERUSDT,0.2032179083595662,0.4514422833725725,0.041821922096750834,-0.07779181793857329,-0.002164063491031669,0.016597015250471414,0.015384209266928968,-0.08442950564598527,0.028034546437900633,0.0025377310082275234,0.24297707051784126,-0.015865705702454113,-0.02072756988675659,0.010813253908353887,-0.03725548772224223
2025-04-09 00:00:00+00:00,LAYERUSDT,0.3270624405241196,0.40520168632858916,0.05934192070714951,-0.035083366301152906,-0.016535200806315847,0.0031607039064502998,-0.002472886311638542,0.0985405130275093,-0.023488476335570586,-0.012041368990073156,0.19467473591052775,0.12474083103688585,-0.02159934348685506,-0.002971281428470348,0.1599865515213375
2025-11-08 00:00:00+00:00,LAYERUSDT,0.2270318021201414,0.9553801052841393,-0.09055793978534302,-0.01833064907325001,-0.06614982867747048,-0.011207703516696598,-0.10404300332690608,0.017182793248287864,-0.04067751884903358,0.010886432400870337,-0.10117395461932296,0.01984393628937109,-0.1466624115903959,0.020963825630802204,-0.008127496449997513
2025-11-22 00:00:00+00:00,LAYERUSDT,0.2889532079112396,0.8536330645839509,-0.0664748311462805,0.002446007408735297,-0.025222825734214555,0.000596899809232108,-0.08945598392240363,0.004058317357463148,-0.03591365995662174,9.99763022077299e-05,-0.14358381156191052,-0.002616407283234173,-0.05631584470894413,0.01774563148827248,-0.0032808151722949043
2026-05-10 00:00:00+00:00,LAYERUSDT,0.24196464443551635,0.7493528023807107,-0.059224832951801115,-0.007649803851776825,-0.015597826721057714,0.029389237616676545,-0.13857976886340426,-0.007448910666798156,0.06178381736741325,-0.022082249947284704,-0.14581942799829278,0.008350935055066178,0.13743644331362942,0.0837326575241624,0.0664580065532758
2023-07-13 00:00:00+00:00,LDOUSDT,0.21758767268862922,0.7669941856542187,0.02028777491088038,0.0025458618846312246,-0.018312283316753154,-0.01711322807604477,-0.048096383663990216,0.018191879979598924,-0.02198748168559702,0.003860624880941918,-0.11094636558700519,0.008592604833901812,-0.018436012804342,0.013404637243172646,0.07787476675707994
2024-05-20 00:00:00+00:00,LDOUSDT,0.21452565736128815,0.8289162088048501,0.03647197508357803,0.04340750444007985,0.015481509285408354,-0.01101824104670802,0.026785134793140188,0.06982390592393897,0.009314482399485602,-0.06601143397623446,0.1319796154688701,0.06049711863494152,-0.05533473666236923,-0.07704480459856212,0.1763549254156642
2024-11-06 00:00:00+00:00,LDOUSDT,0.3882644116737135,0.8794439753019072,-0.04775958214468983,0.018458647375836013,0.002268610002650799,0.03693209642813331,-0.10302771769291896,0.014079544625035675,-0.02636149874959449,0.1804561366319783,-0.2242867868580088,0.013548890172433764,-0.02363896083509754,0.2378450027272067,0.12955640981946348
2025-05-08 00:00:00+00:00,LDOUSDT,0.2378510065392998,0.9207754407440308,-0.011373907212531863,-0.03411859905209767,0.0029772113824015982,-0.008256441510742039,0.013029460729744213,0.006883721409619581,-0.09653668570911325,-0.014677370801903908,-0.023010061356334963,0.016142214330091463,-0.1791553185616047,0.042802113075085337,0.17441295598090897
2025-08-22 00:00:00+00:00,LDOUSDT,0.20567042606516295,0.8074952480168168,-0.0119543051767729,-0.019399366372661892,-0.003389838827921478,0.004244375418978036,-0.09273174828321792,-0.035046242042305095,0.011723253684082403,0.016937348767905255,-0.1525968442905195,-0.0618394452767815,0.05524799311340974,0.000468634144017821,0.13410146358944114
2023-10-01 00:00:00+00:00,LEVERUSDT,0.20073289902280123,0.6742683346745785,-0.007227236087522029,0.015394913429899394,0.003130137988544499,-0.001831800268090543,-0.5948468681796899,-0.0004230262235709506,-0.027732024933843896,0.012995159173499823,-0.6134298252634187,-0.003276659774137526,0.03543536038410213,0.008726778275006435,0.034744514471176303
2023-12-20 00:00:00+00:00,LEVERUSDT,0.2875867386276023,0.768173039671375,-0.11788514641578421,0.008110392749546476,-0.013040298692714091,-0.0010127067361908465,-0.18116312502244636,0.030059039742277627,-0.013502763729869565,-0.001983943449443029,0.02405731967884807,0.0570768094725871,-0.11243907784642133,0.015378171192120899,0.032674367329074507
2024-03-04 00:00:00+00:00,LEVERUSDT,0.20742643217830392,0.7724769263373658,-0.11607197066298032,-0.009495957828940024,-0.06542329486160284,0.05584568704748194,-0.09395386790531217,-0.00525946529207671,-0.12340195754898138,0.08757182345871242,-0.09376223743016664,0.017376899462649045,-0.06533041485944743,0.033013613964840045,0.04601580775070341
2024-07-06 00:00:00+00:00,LEVERUSDT,0.22523235119636142,0.4755978841498682,-0.00013390795907787523,-0.011833277063323443,-0.030605488564724816,-0.0038425992555344416,-0.014846081754744372,-0.012519793917262306,-0.04863142795820695,-0.012049171369430902,-0.09240713662874207,-0.004967931042965482,-0.05083706853998836,-0.04105850051900715,0.0814036785890507
2025-04-25 00:00:00+00:00,LEVERUSDT,0.4979119210326499,0.7448219800415797,-0.03544232471540316,-0.008484212633640985,-0.016875846395855234,-0.024416118137248446,-0.13057582799110706,-0.012434493635670974,-0.0055029623193646165,-0.027398731141909133,-0.24664726699421916,-0.06907097138156625,-0.03359040298851464,-0.056761849186651024,0.014690515253630427
2025-08-29 00:00:00+00:00,LEVERUSDT,0.561161022805805,0.5010000141468834,-0.11050041893466057,0.014226914313708308,-0.01800485206573448,0.0013795422070204365,-0.4319202708493196,-0.014619947711412413,-0.00915653004023993,0.004852745559175952,-0.6747665933239863,-0.036050505321027285,-0.044312695823427464,0.004188232874544032,-0.059977192186487005
2025-11-16 00:00:00+00:00,LIGHTUSDT,0.8805566925910764,0.4002390426147766,-0.15380552424318894,0.01230828730937847,0.031431611026063205,0.0011999645043592917,-0.33777318656913535,0.01015319881268996,-0.0006148664296866419,-0.01914312794410778,-0.6872104059409367,-0.15754602133721296,-0.008213594448121479,-0.03483748273809127,-0.02562191645103425
2025-11-30 00:00:00+00:00,LIGHTUSDT,0.21977542788618765,0.3043608348385005,0.024825538092972603,-0.043930697638737456,-0.019660047992206615,-0.0007924829389844345,0.2938843080427142,-0.042347518588599684,-0.03837539171792319,0.031360242037240874,-0.10415735219173389,-0.06215699582588785,0.03017106581477988,0.0327532265588922,-0.04190732712005803
2025-12-10 00:00:00+00:00,LIGHTUSDT,0.5601249349297239,0.2721329100530919,0.2681367312570135,0.02816320920426781,-0.02897722011386341,-0.010202847209811577,0.09547054952047943,0.024118205021051664,-0.017260787950129964,0.009634991528305117,0.5162603831545038,0.07914613474992518,-0.07328550835338413,0.007749807066335904,-0.11076682710203167
2025-12-31 00:00:00+00:00,LIGHTUSDT,2.401903525849016,0.29892901948789946,-0.9035700174443435,-0.019484865372466784,-0.0006586359890168314,0.018791848647797448,-1.062034081367214,0.02847094609106483,-0.09093658228779551,0.01625525481659556,-1.1751002285070664,0.014166554682263719,0.015710599206465038,-0.07876774956803693,0.0014344684534575158
2026-02-01 00:00:00+00:00,LIGHTUSDT,0.22364953886693018,0.43818661165057693,-0.01816228538530438,0.03878117463082236,-0.04627538925705806,0.0009390126102515883,-0.17544356811783965,-0.011817480879963174,0.029003842168468408,0.021534958337281356,-0.3400522195969625,-0.016664540991479324,0.09344293573694293,0.05892310416505013,-0.024164996811432804
2026-03-20 00:00:00+00:00,LIGHTUSDT,0.2192078133478026,0.6764900711513089,0.05137639950504233,-0.015664781203836287,0.04606652250705021,0.00783572449407556,0.46819537720919147,-0.05340588472921306,0.013011507022604406,-0.024450837792639957,-0.30610906398200766,-0.07428615162857866,-0.13393089242983325,0.01125046687038243,-0.008754540921644521
2026-04-17 00:00:00+00:00,LIGHTUSDT,0.27569410618606915,0.3816155224119198,-0.4017455054663245,0.04066570888597139,0.07621095804645438,0.019646545785882895,-0.4100925497721308,0.02583190044827513,0.09167743213221982,0.01854230164594971,-0.4216379916169755,0.03427063774346288,0.062010671182268065,0.08653331277505358,-0.017619058096157915
2023-03-19 00:00:00+00:00,LINAUSDT,0.23632385120350086,0.7820054668499093,0.1839312209248869,0.006659206104147752,-0.002750685112779621,0.007436065879899946,0.10447908719485277,-0.006194017958180045,-0.010300009747001487,0.00754950672095159,-0.06978753923847858,0.03214087358151821,0.01155656937920339,0.029308665273239408,0.008591025135766928
2023-04-04 00:00:00+00:00,LINAUSDT,0.2858319604612851,0.6496509575625306,-0.0810183208884368,-0.007279744625360225,-0.004487196869736313,-0.001541494238189902,0.0461007452954664,-0.005557028279512986,0.0003134645766971436,-0.006133269591881585,-0.13772092503318628,0.00038705648336383007,-0.008328579741149977,-0.04715954248994557,0.03592922056965224
2023-05-28 00:00:00+00:00,LINAUSDT,0.21440129449838197,0.6747031901239857,0.10990375022430496,0.0019878324844703693,-0.013575063032235612,-0.005961810849916396,0.4483224916549333,-0.0002554461559702882,-0.0037561940858849784,0.035748022850521186,0.07017170856420958,-0.01851221441227932,-0.05257588192441,-0.002772481157282575,0.041120796936607876
2023-06-11 00:00:00+00:00,LINAUSDT,0.22799999999999998,0.6852554170691075,0.32524227821263135,0.0012608089952041285,0.03375697858314637,-0.004884200737893271,0.21187043467775654,0.017746655661115295,0.04531866076522319,-0.0056787602914201785,0.023828755582270433,0.00469805301483184,0.01591526549855321,0.0036314640628740654,-0.0025419938548583267
2024-10-29 00:00:00+00:00,LINAUSDT,0.28291316526610655,0.9267784790758409,-0.028479433682881583,-0.005759933520006746,0.008024586664298707,0.0019038859351676513,-0.04756771512336051,-0.00995082142601554,0.022565556639380105,-0.025414193614034804,-0.09554518507336163,-0.008284147661893237,0.04377559216791587,-0.01690163673353564,0.04700750514462108
2025-03-19 00:00:00+00:00,LINAUSDT,0.24074074074074092,0.914807069878394,-0.09692750053260164,0.0034710706603636706,0.02414541067614335,-0.014374019152383172,-0.8634705361350675,0.006993253319058215,-0.1294835321052304,-0.004476120883758041,-1.1552770507567431,-8.216332844930285e-05,-0.200898973157225,0.07618374273788076,0.033702651765060376
2025-11-01 00:00:00+00:00,LINEAUSDT,0.20128307939053736,0.7166284555993983,-0.03667199803018363,0.002217320612889469,0.01934938410499662,-0.004759615480999445,-0.10387312901548584,-0.036642368297214935,0.3498265387832993,-0.038133965733169226,-0.13594126022481912,-0.06637887585213499,0.049633251965162765,-0.09250529107802015,-0.008530539516862801
2026-01-24 00:00:00+00:00,LINEAUSDT,0.2402161759224748,0.8201458966557729,-0.06695773871881554,-0.002294248593414172,0.01662173744502659,-0.01805740129116993,0.04469567801883696,0.046125900809069496,0.03633610065653057,-0.05799808997650972,-0.10505821176212586,0.048232381273018675,0.1751995437756476,-0.1298039657766919,0.00961328834684485
2023-07-20 00:00:00+00:00,LINKUSDT,0.20894226595282905,0.8860572960788533,-0.011717833200071354,-0.009336297293177927,0.009146378255602954,0.0007099788630819389,-0.05126140189396571,0.017448973782122564,0.0010898901171348383,-0.0014365790179455232,0.009247230710631977,-0.03837234018326135,0.048811242069791094,-0.027479429087165365,0.026412027367390345
2024-12-02 00:00:00+00:00,LINKUSDT,0.33303406390282553,0.8293225366468931,-0.08549169170707874,0.1598869060510962,-0.018756249900923512,0.007727106815914228,-0.14113808777656145,0.08300566888169461,0.024665728433329447,-0.018903750152133098,-0.03727149481853538,0.07632843774349486,0.04901722138243114,0.02325901641990303,0.057073882804367225
2024-12-12 00:00:00+00:00,LINKUSDT,0.21043882978723394,0.7916868206256839,0.027626686235341348,-0.0048117005963306415,-0.04132912280780855,-0.019519790132687932,0.013588566189918747,-0.003420274046763859,-0.07083650261786456,0.010019362379291425,0.04967444895306093,-0.004768340982387161,0.054165586496020365,0.03963007339075065,0.0334302820885156
2024-08-08 00:00:00+00:00,LISTAUSDT,0.21460037759597217,0.7868979194685906,-0.027442363144587117,0.006724327795637421,-0.0036075609635877913,-0.00463127055643833,-0.012403646811610991,0.026254992264398404,0.001336258427322258,-0.002310143158958369,-0.07301982714765565,-0.014147312158022929,0.04537968872417088,-0.0029100155588497496,0.1337883784665685
2024-08-17 00:00:00+00:00,LISTAUSDT,0.32974800245851243,0.8067203682420908,-0.06141343671827184,0.0022531836862223135,0.004662366130289052,-0.00567875577285266,-0.12292729159778706,0.02076293512930327,-0.056238657814023194,0.016824941284019755,-0.10753608704644169,0.05234578793725876,-0.09938990408629339,0.022504627510903718,0.021330561864938806
2024-11-27 00:00:00+00:00,LISTAUSDT,0.2197659297789336,0.7855767097993566,0.010422491478889042,-0.0031692837428655613,0.029373532826595543,0.019652165639213376,-0.06712344312265005,-0.022363749246023145,0.017648431668332652,-0.016581122958514192,-0.11210545102282754,-0.06615135838724076,0.07619792161810583,0.08742797470479366,0.07688391168666482
2025-02-10 00:00:00+00:00,LISTAUSDT,0.5188888888888887,0.8783702346899915,0.10618015475920509,-0.007535849138630454,-0.018552692524100686,-0.019417404626076544,0.021823751542100145,0.011280347118909665,-0.05925114647492556,-0.052043772701770095,-0.10453319837684835,0.005629584821360961,-0.10939404577087264,-0.03447019961786697,0.041060628492908244
2025-05-22 00:00:00+00:00,LISTAUSDT,0.3793783917118896,0.6388372505565731,0.10338066066624188,0.010068595352177006,0.048873967866943466,-0.014764429211027594,0.17223693845569213,0.008084073137527216,0.10473952270814735,-0.014656813045854413,0.006308714648353281,0.14350499607317532,0.13601508136771734,-0.024551419726436215,0.08397278890897741
2025-09-20 00:00:00+00:00,LISTAUSDT,0.5024371953505813,0.8442300810887827,-0.10693770985844378,-0.012095867786929197,-0.009299345835946354,-0.04551589307150371,-0.038077941286444164,-0.022765782826325954,0.03343825342639139,-0.053857096975182,-0.12998377569410638,-0.03682588757878907,0.08368083956892428,-0.037832232575256176,0.019135116915206023
2025-10-08 00:00:00+00:00,LISTAUSDT,0.3077304261645193,0.726067925675151,-0.15372386122784631,-0.09790615712669216,0.016941697363038955,0.017175307027632914,-0.043095684685652974,-0.1135921721088626,0.053660785188287874,0.069670715107237,-0.15094242253668988,-0.09840741180143872,-0.046561196116909606,0.053849047872812326,0.0015927280364050667
2025-04-30 00:00:00+00:00,LOKAUSDT,0.20154043645699615,0.814156661948115,-0.07437351866830641,-0.022973249796737833,-0.007671884129930385,0.0014834017467103653,-0.048078920003671206,-0.06302980118197435,0.04342191424060658,0.0151620256256179,-0.11396167630447093,-0.10003015114510769,-0.11436666829549091,0.019441823291867492,0.08120384535956508
2025-07-03 00:00:00+00:00,LOKAUSDT,0.2661339889366934,0.893752077734747,-0.09304912962928746,-0.01636133413919099,0.00825877323595529,-8.1726028353446e-05,-0.1398426548288862,-0.015053223390574294,0.00973942234256216,0.012162946148568382,0.18259855002111594,0.019704856522408755,-0.041705969979064006,-0.0245143024631178,-0.0064266841568749065
2025-07-18 00:00:00+00:00,LOKAUSDT,0.42322610084417067,0.7533507405375515,-0.15207535313671872,0.013434321112679027,-0.04374106102275022,-0.024602838525108636,-0.12309659258590679,0.012262592568465997,-0.04654090923260541,-0.0017191024998948396,-0.0589382404416163,-0.004313958227497655,-0.0038339811774004947,-0.04043073502705407,-0.006828310084325484
2023-08-07 00:00:00+00:00,LPTUSDT,0.30859375,0.8711278615782462,-0.03814379812828699,-0.01976651547031611,-0.025074145853062085,0.0024946358541492126,-0.041057213077499995,-0.024058646862714844,-0.01941780169023529,0.011246747134408114,0.3567111811129366,-0.021180212875172768,-0.04501935473888546,-0.02563604184914916,0.0039899602507377455
2023-10-01 00:00:00+00:00,LPTUSDT,0.2277992277992278,0.3251820126580821,0.03460901996915686,0.008031786095846918,0.005010487566905806,0.04103422300594377,-0.03751622049588288,-0.02416097722894615,0.02793377374200525,0.06889753807395581,-0.02216512040761244,-0.04552156550671711,0.09814360113486777,0.06592047666744762,0.05194361845682636
2023-12-20 00:00:00+00:00,LPTUSDT,0.20784865141250153,0.6759022520008751,-0.048135748688105065,-0.03823511388727672,-0.01879282754114619,-0.012707470059164477,-0.10247162052042832,-0.04342759045410057,0.008707441665374254,-0.006481316566305424,-0.22980600146577945,-0.036552298302340476,0.08037538884605647,-0.03699018272023197,0.0710312917868827
2024-02-16 00:00:00+00:00,LPTUSDT,0.7733941560843298,0.764853294092274,0.31034726300924526,-0.0005843159283210591,-0.023982848291556676,0.0027697801684357266,0.1011818884017639,0.032852918502808345,-0.04256195367461384,0.03897140859753467,-0.07021025065266778,0.09992598253207688,-0.09218895387285889,0.15064467455626634,0.03517630530404105
2024-03-08 00:00:00+00:00,LPTUSDT,0.4451264880952379,0.5208923049399716,-0.0720590947641641,0.17141706592795433,-0.012101023441796237,0.058525942589111014,-0.19395253280465402,0.046739201287139334,-0.04251209491655193,0.0298943772965454,-0.04452677594536758,-0.00010635608775482475,-0.07228267230694155,-0.02437378933164342,0.0037234281703892812
2024-04-20 00:00:00+00:00,LPTUSDT,0.23763979946008473,0.6574637362235547,-0.029414152445111252,0.01643058737021167,0.006478526079278532,0.003759110002718958,-0.04852773726504985,0.048273980779203904,-0.03047986456837253,-0.013348545968472552,-0.08468529278012035,-0.0024821040328541475,-0.005274734849750858,-0.020723676455883182,0.12700106691277566
2024-05-09 00:00:00+00:00,LPTUSDT,0.22409845449341725,0.8038234828053265,0.013401025284330601,0.009993830783293653,0.014074950439602732,-0.0028577349200532695,0.0780180917175814,0.025890332300510722,0.04122125616461719,0.006908380710633273,0.1575640341561683,-0.013382272784448748,0.037149512838690966,0.034095448477248394,0.05312912378750658
2024-06-12 00:00:00+00:00,LPTUSDT,0.24317741213898691,0.7006294706221142,0.010691279342747578,-0.017486509299860686,0.033949963859293095,-0.007109617703990089,-0.03819846353247754,-0.05601687382085323,0.03236416084110557,-0.029993903410418642,-0.06793444047462122,0.07085270595727473,0.07250293754563109,-0.05384092999620491,0.06569985474445672
2024-08-23 00:00:00+00:00,LPTUSDT,0.21312632321806624,0.8820954393937115,-0.027736548383379096,-0.008221031750082196,0.0008586545818870673,0.002406264881994076,-0.011572538520306538,-0.008197410521215809,0.05229389044464531,0.008283423338480467,-0.06826178824323166,0.01999070521808479,0.08661125561460534,-0.007537810687838836,0.058254693149552964
2024-12-24 00:00:00+00:00,LPTUSDT,0.2597853332476381,0.8360994869217437,0.008585570464067285,-0.012193461283716308,-0.02597837114999303,0.005090113017983081,-0.08419249968497933,0.011290503544656622,-0.06619399821756167,0.012549467545994947,-0.14407282905376664,-0.0004231816050883047,-0.006871110128929839,0.017546911362658082,0.034736113802271096
2025-04-22 00:00:00+00:00,LPTUSDT,0.3343065693430656,0.927447940720873,-0.08652594180440384,-0.004483430535772266,-0.04431210668787983,0.004346981587649754,-0.07434559343527512,-0.03584282606774859,-0.11848056470675392,0.24609882827383922,-0.1517925429553995,-0.02360459999342418,-0.14214139164389128,0.253686116841085,0.07092559262982187
2025-05-30 00:00:00+00:00,LPTUSDT,1.132675438596491,0.8424468706405339,-0.30802537262362734,-0.01199063433577747,-0.10969237254138942,0.0014136607596177977,-0.44375654479667614,-0.011604235343730191,-0.23855232931830267,0.032688676436105804,-0.4759642790085637,-0.025461250775082094,-0.1542065459234962,0.022129781373846257,-0.11911267827070268
2026-01-24 00:00:00+00:00,LPTUSDT,0.2745512143611404,0.8649135290255228,-0.08454326831904742,0.010642612339423032,0.005934647007495256,0.0014402017183973493,-0.05955483660567797,0.012096616360707113,-0.0279780332922544,0.047856946959409064,-0.08395161289646202,-0.02644848672931266,0.055241482675396546,0.08448716251921591,0.002498227393879304
2023-07-13 00:00:00+00:00,LQTYUSDT,0.2805602340218065,0.8335831640284445,-0.09067966205165218,-0.006859168952720698,-0.019531629232259255,0.002821845779256771,-0.19521105614595569,0.06597919262010049,0.005312869524685205,-0.015959290769345585,-0.2623560408123924,-0.009613377026777543,0.027429354523914977,-0.01652021224846344,0.05885566590401949
2023-10-25 00:00:00+00:00,LQTYUSDT,0.24386662587947394,0.3473040471083898,-0.06929823671117416,-0.003438270842806128,-0.017155806360090592,0.043914162995259055,-0.17990947255565393,0.005123113704341054,-0.03410610530008849,0.02278445573013098,-0.27292386719640194,-0.007180326265451268,-0.03517783727120326,-0.018136708577779912,0.01612296358332039
2024-03-31 00:00:00+00:00,LQTYUSDT,0.23992039034411916,0.7713674452629358,-0.06953193179956546,-0.012968435482208574,0.040595968390669826,-0.014420899640785235,-0.1333298677986466,0.014626539557845878,0.04590540511848411,-0.010343366372699354,-0.10244377522851203,0.006492204839886195,0.024456077432991122,-0.011532177334745389,0.013645661145054744
2024-08-23 00:00:00+00:00,LQTYUSDT,0.3628369612224305,0.8862909924399075,0.06997041295623643,-0.012463629815141028,-0.007513096810500444,-0.0013209649782675828,0.10871826302779733,0.012208596424173625,0.037609171461927805,0.009258213631532924,-0.08715548580643609,0.05143862381810656,0.06905667095754472,0.013268721800669065,0.056489094719106535
2024-11-27 00:00:00+00:00,LQTYUSDT,0.2654416306361953,0.712592171061792,-0.05703098371676562,-0.018796590870246942,0.01936863588886223,0.016621578701566768,-0.07465262977239517,-0.024564263952929467,0.004790926287825033,0.04806737446001735,-0.040363697270509195,-0.01071532716399171,0.0851876087595325,0.05949639977838313,0.0940147511493139
2024-12-07 00:00:00+00:00,LQTYUSDT,0.3205963236358371,0.6826474356336856,-0.0028364669116652443,0.021900830433004302,0.011928522423653139,-0.0071252258126893245,0.044410849366096704,0.016506283889123195,0.10414080499102973,0.010561379229054757,0.028765600270577306,0.031164563288233166,0.08849406185483187,0.0053907937694658735,-0.020705684003051183
2024-12-25 00:00:00+00:00,LQTYUSDT,0.22057348048793357,0.6902199828848865,-0.01647880295134624,0.003426173002705371,0.036634256256021076,0.009261338163845367,-0.15392173482571433,0.0031967390107495524,-0.0832080285564792,0.03267522953557872,-0.18129263504240442,-0.0034880300742818142,0.06491562055642854,0.036637718465456305,-0.021255112791421404
2025-05-08 00:00:00+00:00,LQTYUSDT,0.34240803759520344,0.9045258025099754,-0.08807795131239723,-0.015029201475806142,-0.05333438605059433,-0.06994842123809807,-0.04244708487480281,0.002417823713343886,-0.09378791415377988,-0.053663669914558634,0.09419470005399455,-0.005232557009422682,-0.07848332257497462,-0.1303410839872489,0.11557317773307303
2025-06-23 00:00:00+00:00,LQTYUSDT,0.24707495429616078,0.8048978979912367,0.005348072058672689,-0.0009780539529110049,0.0061973654466840975,0.007498137157047728,0.16308966486341722,0.0032786074784918622,0.0520680221742726,-0.006210035144867029,0.00914518039253256,0.0001352163743310167,-0.01576500309842411,0.0062656113992308835,0.11277075648506747
2024-03-14 00:00:00+00:00,LRCUSDT,0.2633426966292134,0.7665804727352071,-0.043706254705886516,-0.015982652749006877,-0.0202032107728214,-0.015061284927548662,-0.12875814706987387,-0.03750174142386816,-0.014501860643575035,0.01664197524704822,-0.19396609168082338,-0.08800660806544314,-0.0194199825593624,0.0355086181035008,-0.009459269824118637
2025-12-10 00:00:00+00:00,LRCUSDT,0.20039254170755627,0.9161683926929252,-0.11939668511230592,0.01815104908787072,0.09205195158721409,0.007362685314093611,0.04021872396607594,-0.0007755739326458927,0.1181474578483825,0.0485082070060245,-0.06750462767482848,-0.01185043630090411,0.2363875365200107,-0.0029617049946501274,-0.04960597786697478
2024-04-18 00:00:00+00:00,LSKUSDT,0.25146487822096697,0.6892939257862875,-0.017466696588374728,-0.0072056822012527555,0.008345320174663324,0.0013984830160267809,-0.00643154114871438,-0.009889909322960291,0.004270098143271911,0.005933545755442801,0.01804655000385557,-0.00951348275162087,0.016390109409960798,-0.017903262156902196,0.029770827724292355
2025-11-29 00:00:00+00:00,LSKUSDT,0.291762013729977,0.5623591557102143,0.18152796701450474,-0.011738475512729973,0.0484234130906509,0.025641189142109704,-0.02080512198570722,-5.464963415780233e-05,0.04956160510029554,0.01369238228454894,-0.008712505342565208,0.009615272188516854,0.14695649254674908,0.04054980170166256,-0.01592285850033943
2023-06-30 00:00:00+00:00,LTCUSDT,0.28318375059045797,0.8653347300646062,-0.025891871982163337,-0.006312662959391216,-0.012072482247469573,0.006948404622544932,-0.05966152010008194,-0.03008817123114077,-0.03608204495952218,0.021012303201616737,-0.07616919547748248,-0.03339613123989595,0.030042620529260523,0.03327703476623693,0.07169071113932814
2025-05-06 00:00:00+00:00,LUMIAUSDT,0.2540192926045015,0.7763683679456607,-0.21673445397382088,-0.00021660846303113158,0.00039737728117470865,-0.012978205064840825,-0.19642448420563313,0.08384705028750403,-0.1721327342310291,0.026815062045366093,-0.12747606732264674,0.1369254691703495,-0.297866814515704,-0.019425572605704402,-0.016711509758847144
2025-11-07 00:00:00+00:00,LUMIAUSDT,0.4801498127340822,0.9153461295790001,-0.0811690949428909,0.011164602641033047,-0.011060520731191532,-0.008663530984002068,-0.12188686437272434,0.014619122803227816,-0.09172898088662594,-0.012109638056706609,-0.14399812692407185,0.06626138670411098,-0.10878782173447302,0.029318995150808512,0.1546627555437871
2026-04-28 00:00:00+00:00,LUMIAUSDT,0.20493164686342147,0.45261061440558914,-0.08677241470948635,-0.03162889085613884,0.027405957221292875,-0.004659617177234772,-0.07055824657949532,-0.060723390958533616,0.024246618557526377,-0.03386397406604405,-0.387742432053491,-0.0791903914250025,-0.03355750316135967,-0.024095526237017734,0.006027772895491746
2026-06-22 00:00:00+00:00,LUMIAUSDT,0.23083153347732188,0.46851436159996496,-0.05548219777876294,0.006190569857467062,0.0051569693629483476,-0.01943198082092378,0.04334468012712693,0.03588044394488167,-0.1839108169607194,0.003816363925741373,-0.10277063629345212,-0.025777056831990663,-0.17975879511080592,-0.08588805718548219,0.02682718115102467
2023-09-27 00:00:00+00:00,LUNA2USDT,0.23657117278424367,0.728490969475164,-0.11999879443858157,-0.011988701969251605,-0.03005687066692454,0.005476075085507886,-0.20705673835117097,-0.008991497571744233,-0.05436538632797283,0.0020759167760604604,-0.2655434475229327,-0.006416454258301165,-0.039292856912800635,0.022053344466296858,0.009227600598843321
2023-11-10 00:00:00+00:00,LUNA2USDT,0.7483937823834197,0.6316033608758034,-0.17653049192390077,-0.0252689306915094,0.030273598679388586,-0.011678089064216263,-0.10035169912758848,-0.03292038255247448,-0.022191697034740537,-0.04279440457665923,-0.19247385113378668,-0.030082812175678608,-0.06609835891008706,-0.011122603072145515,0.0841318419179948
2023-12-04 00:00:00+00:00,LUNA2USDT,0.3999554615298966,0.677758552257707,-0.029637657011942077,-0.024185146293869825,-0.02800319891232077,-0.014520433801216301,-0.16324944422897228,-0.017268242390013365,-0.02955013245136296,-0.017026822503212947,-0.18382073130935075,-0.038080316418193885,-0.005883034469032181,0.028320389792054923,0.06918741701727649
2024-03-05 00:00:00+00:00,LUNA2USDT,0.4454578620941263,0.8188415766052837,-0.11252937521554875,0.007650624571891052,-0.01420934918073292,0.022535390993147338,-0.14345106500503443,-0.03584260734643004,-0.005080449805746507,0.08091944988907014,-0.2682647050628718,-0.07701622146735596,-0.051096171281019696,0.11395091891794826,-0.04319549358854369
2024-11-16 00:00:00+00:00,LUNA2USDT,0.248797434526991,0.8919671600234562,-0.014049610142049564,-0.03129273854128263,0.097154702985392,0.0004211338153358848,-0.08064029288158256,0.00041263270461752016,0.07515533201552915,0.03183980920512722,0.006224685509617946,0.02225866566842807,-0.045994395472179914,0.05137844604813213,0.11001347423492058
2025-12-05 00:00:00+00:00,LUNA2USDT,0.3383804244964177,0.9567219217345524,0.2688949655541764,0.010987446143335626,-0.0022891250185748434,-0.043264852714326285,0.24808612835582264,0.0087993957834916,0.02678717328138867,-0.06547490989956213,0.6007867758999692,0.022075589346117287,0.18861717031128777,0.17230114626066118,-0.04022374909255462
2025-12-08 00:00:00+00:00,LYNUSDT,0.31883341571922874,0.6078896243183782,0.004651602051310173,-0.004353179008403808,0.010947775287688382,0.02396563992430105,-0.1157905238620051,-0.011375215939047842,0.0072257899095562895,0.004149453290198815,0.13977649156802688,-0.0510773998023462,0.03477810668426238,-0.046850270153305715,0.02785551658281209
2025-12-26 00:00:00+00:00,LYNUSDT,0.28394064802664776,0.34289389483417915,0.05263878449935409,-0.0016014477890452794,-0.030121493890614814,0.037416613853344924,0.17701921225249456,0.016398684251808245,-0.05487033988831043,0.07532643538668685,0.22933116404918977,0.011447627150729759,-0.1441154094523388,0.32605713645783646,0.026307458496197977
2026-02-10 00:00:00+00:00,LYNUSDT,0.20155197059424124,0.2536700149052357,0.05149502561569219,-0.00838792786544659,0.008794938767272237,0.0038226405481571815,0.13540213249036975,-0.046695831877594136,0.0017723498502716373,0.03658414784463438,0.25527399274003526,-0.023296864372430195,-0.030769906120621617,-0.00307298979643945,-0.08475203836830181
2026-03-01 00:00:00+00:00,LYNUSDT,0.30226349390597784,0.1930999906109009,-0.034779511565333814,0.008860774008084908,-0.02000501946023495,0.0574801096313037,-0.1491639227922533,-0.5560923906661748,-0.005240074599500788,0.015733931433568184,-0.06868732840985647,-0.5812143157075788,0.0280714108730154,0.027908300733655578,-0.044327481358986634
2026-03-10 00:00:00+00:00,LYNUSDT,0.21608777692361447,0.19782849140495734,-0.5265121214164068,-0.0015715784702406202,-0.0025391295241813613,-0.020322325437350013,-0.6178458610387082,0.02596127969226608,-0.003503937269040873,-0.030993926812189633,-2.09936652376755,-0.18677544782483618,-0.0037819258865041034,-0.022707764595759208,-0.013495081276032456
2026-04-15 00:00:00+00:00,LYNUSDT,0.25891080151981183,0.2754687237576804,0.13564324223453256,-0.07722095362555723,-0.0011565976042742982,0.0027130405948523283,-0.17576139822528394,-0.10741874233586271,0.028137071339141395,0.04962019926015867,-0.20193501710514347,-0.05046768990954984,-0.0006525762365164667,0.01698055374136998,-0.04193409841548825
2026-04-28 00:00:00+00:00,LYNUSDT,0.4168950507818796,0.29375128811616225,-0.2637881235856234,0.010121343456232937,-0.0020983191732800387,-0.013805870702726476,-0.34446114496978275,0.019813356914210642,-0.015067570617664802,-0.00908400218302632,-0.3550695320240935,-0.013852220610610925,-0.0070192648058976055,-0.02217202719500964,-0.05160744672216302
2023-11-25 00:00:00+00:00,MAGICUSDT,0.2505035971223022,0.7558677644505943,0.004671754909210815,-0.008636908348632129,-0.021124103192951334,0.012300187027359757,-0.03547761390427531,-0.0018040771709615683,-0.018824892764481543,-0.010104797367943027,-0.02943029740504494,0.027513013767061962,-0.026328543898652145,0.13802676094226524,0.013450793077467115
2023-12-22 00:00:00+00:00,MAGICUSDT,0.2741157556270095,0.6457600061355919,-0.01619991413814634,0.014268154822474172,-0.020713067920824974,-0.043046188949652245,-0.03622481183962586,0.03102006885374392,-0.060515171921333044,-0.058042114539817266,-0.02674178041672823,0.0036102822711756343,-0.013817814623446768,-0.03725397845369432,0.030402136707414984
2025-01-02 00:00:00+00:00,MAGICUSDT,0.22038129822968666,0.9185838579916978,-0.02927635614381562,0.009918792628377426,0.009994132116011368,-0.019064094919265882,0.06041114106389389,0.0046629055909697854,-0.028810593649193826,-0.02577442961134837,0.0039921059324602125,0.013257652854759341,-0.05596109752071088,-0.01220730103239405,0.03947912712058487
2025-04-19 00:00:00+00:00,MAGICUSDT,0.6323337679269883,0.9046640891046804,0.3466111885037841,0.04260124978834808,-0.018860215197113,-0.021061778168506802,0.39924872826388497,0.009927995063977402,-0.07500781745422198,0.006168070305534537,0.26952845770197786,-0.0014774739134939818,-0.18938539095566134,-0.08008113470811626,0.06460727577354959
2025-06-16 00:00:00+00:00,MAGICUSDT,0.2517605633802815,0.7319642868520806,0.11632780751121065,0.006886389446191613,-0.011937722348678056,0.001603739209645627,0.057382992036157,0.006830750301374375,0.006675857537254848,0.02340960838835184,0.060196483929294504,0.009591225401137245,0.16551961406792823,0.005741135502507847,0.008148423436707741
2025-07-08 00:00:00+00:00,MAGICUSDT,0.3813488759367194,0.7700611961297732,0.09473028081685157,0.019874711642550544,-0.02226070785970556,-0.11270284234359293,-0.07754526389800939,0.06970504147037673,-0.000768162430698735,-0.14889024271778245,-0.1395631395301776,0.06386157020611857,-0.0670249786087364,-0.11698124483264069,0.01788675810310735
2025-08-01 00:00:00+00:00,MAGICUSDT,0.205056179775281,0.5615779528187478,-0.04830647482608406,0.004289460540491366,-0.07811483873056083,0.0051286225678924624,0.3764580181007045,0.0026156569311582213,-0.13866393189933007,0.06056387657956659,0.25273007324504637,0.040830587772234306,-0.15091620181239762,0.02452884784374663,-0.02902042852271225
2025-10-13 00:00:00+00:00,MAGICUSDT,0.22320000000000007,0.9697252744044089,-0.03014852363223907,-0.0032935782482374776,0.11240939342838455,-0.014940117893441384,0.06359236235164703,-0.03471580408529624,0.04534308124993773,-0.030021607484670244,0.06003759038698004,-0.018047029941810344,-0.052539363935200735,-0.01890806755664544,0.04566137485573296
2026-04-08 00:00:00+00:00,MAGMAUSDT,0.31922670000961806,0.3017227392054159,0.5632769304589701,-0.02657444596569209,0.0014065009632993936,0.03422566289112479,0.20271932703385004,-0.003127429388510787,-0.013984036583896364,0.03338502323460328,0.25628745463995806,0.1440088264737355,-0.04228441176264771,0.009829496296135568,-0.05073574720380636
2026-04-22 00:00:00+00:00,MAGMAUSDT,0.3169327401203872,0.3138852545891411,-0.01568705908135634,0.09416806990906312,-0.015234902950864512,-0.02531616690303437,-0.027008619295383302,-0.4300262660157682,-0.00811883620887301,-0.06442256213699457,0.052524481434687104,-0.4741615406036706,0.018554097050092627,-0.06891497427894719,-0.08992734185657969
2026-06-03 00:00:00+00:00,MAGMAUSDT,0.5709808390911035,0.35597237709050067,0.03972383584031065,-0.02671780366169425,0.014022706193768771,0.014457207826418572,0.21619975902264127,-0.06650462708495222,0.20214237084871298,0.06335776592425287,0.3531105367429956,-0.03034909977362772,0.23804779471093945,0.05193446852750324,0.015453343030434974
2026-06-26 00:00:00+00:00,MAGMAUSDT,0.20120155775075999,0.37223231832780024,-0.0868484083117024,0.03363415781325081,0.034744056593441895,0.005563492979434796,-0.10821002597994063,0.007529920415710612,0.04736035280249906,-0.019589561682674554,0.3559115222143241,0.05265026054161198,0.04299185245023418,-0.009430091502589699,0.023301591774697306
2026-08-19 00:00:00+00:00,MAGMAUSDT,0.38391699092088216,0.3994084686472508,0.0029748368147221663,-0.013277752339119112,-0.07113485828751773,0.015978452850303748,0.04787266298568454,0.03135217078838337,-0.1029246318794578,0.026466876878539037,0.19435151469876022,0.08466251372478284,-0.48060059641869896,0.03643457584167672,0.09213913346029481
2024-11-16 00:00:00+00:00,MANAUSDT,0.24964173115505872,0.8837423184917428,-0.03557708403078971,-0.017249612098940974,0.0028314988393948375,-0.015606603320096928,-0.02824116865987735,0.01681002425131305,-0.021843624471774504,-0.00752188037579216,0.12273578433915616,0.05666779415282301,-0.07573775279210543,0.161154705905778,0.13018555182248268
2024-11-24 00:00:00+00:00,MANAUSDT,0.3758757811020641,0.8933689548794831,-0.0882168547203937,-0.03373966012167989,-0.014604690834589438,-0.037043490667290666,-0.16398480599357965,-0.08314551852615384,-0.04758291679483738,-0.06089480434606798,-0.17568518551405407,-0.025529362741388513,-0.08642320822553826,-0.031190798477962745,0.1606247811648316
2025-11-07 00:00:00+00:00,MANTAUSDT,0.2313354363827549,0.9712073369323709,-0.023410164440137028,0.0010117649894938424,-0.006307780675771542,-0.03341388801985265,0.022902071289102995,0.005544630478243888,-0.10386691380732269,0.0053654252595160155,0.22926860609030775,-0.008448868499290642,-0.13530626239044924,-0.02263847784177023,0.1457900504739726
2023-03-17 00:00:00+00:00,MASKUSDT,0.31439490445859875,0.707409322786677,0.20310141988601163,-0.010792363577556936,-0.008472652828396175,-0.003025531709044916,0.06334107316478957,-0.05104155972918671,-0.03194349538521696,0.004266253590731512,0.10834934753414159,-0.021541203750415298,-0.0487119111507334,0.0022917820644908445,0.10513313238832281
2024-01-06 00:00:00+00:00,MASKUSDT,0.4069835680751175,0.8142940148941505,-0.19467463285678593,0.019472833127576507,-0.1477373708206099,-0.011570590282528315,-0.3177433411627795,0.006683755393513176,-0.2571082034280202,-0.014872523081815836,-0.2604805866810971,-0.015036124425784664,-0.2848033664270048,-0.01107331505252103,-0.026538332247794293
2024-10-29 00:00:00+00:00,MASKUSDT,0.22081724445198803,0.7047729024982063,0.10622045477688528,0.0010621337492449415,-0.000592110531525834,0.001226086279045535,0.010287290409837058,-0.03420799144501431,-0.01219354394618465,0.018360413321106328,0.17421243974998146,-0.04192036696393553,0.018235536294499182,0.026938263869710148,0.049257423645463615
2025-06-01 00:00:00+00:00,MASKUSDT,0.3246197949565133,0.6315050675672839,-0.06496942080217043,0.024093621682897002,-0.10880674408450623,-0.0107850006565916,0.06942612163997576,0.04592992239721366,-0.11669403032970796,0.0782348667289355,-0.4378233547762976,0.033432244826210836,-0.16068290554155654,0.10881031434107871,0.026230706751374157
2024-04-20 00:00:00+00:00,MAVIAUSDT,0.20419053854968072,0.7944745622202182,0.013226160631617422,-0.004466486574146917,0.0023979630418317485,0.0009326469789201472,0.2411388771192538,0.004363217534481401,0.02354932239971303,0.03587404213263789,0.07545685344365365,-0.00024843220018992695,0.060687183457038184,0.0582583022217956,0.09528973250729247
2024-07-06 00:00:00+00:00,MAVIAUSDT,0.2602403058438012,0.86419588771799,0.02296885761255016,0.022073299627736288,-0.024421668075534947,0.007912404919799203,0.08515361695662442,0.07107785293700498,0.024264599023980836,0.01816065371811555,0.210456312717154,0.10029959213237975,-0.002096225234746972,0.04061829340799969,0.08205075791229159
2024-11-24 00:00:00+00:00,MAVIAUSDT,0.37367004230226897,0.8900673391903741,0.0798681342789801,-0.02181928870320464,-0.008920766920370079,0.010680715063134194,0.129682720959031,-0.07616680643622571,-0.03925048126378868,-0.01614805516155905,-0.02626426660910948,-0.031253944280668175,-0.09260307385526297,-0.0008393491656562335,0.1165153878952581
2025-04-23 00:00:00+00:00,MAVIAUSDT,0.32167832167832167,0.33756076438658605,0.0046339012522321615,-0.025429787222505357,0.002459375911153193,0.01573582148265965,0.13755228766277294,-0.0043797265943538955,-0.020011931960646656,0.13063125753749874,0.06857072282868354,-0.048358861299612976,-0.017394230656792287,0.1542501613284348,0.023480534956992184
2025-11-05 00:00:00+00:00,MAVIAUSDT,0.32618624714539446,0.6717980525478202,-0.14217192903753811,-0.029190427506017226,-0.1834451233093469,-0.02076086738291457,-0.20905569523705125,-0.033491410425050085,-0.15762346350518616,-0.032409378562322864,-0.22695369720683276,0.05298788805119757,-0.21418706821111258,-0.06897151495143693,0.05633887886413844
2025-12-03 00:00:00+00:00,MAVIAUSDT,0.40276941601444927,0.631173290269708,-0.1319524434508909,-0.008440565205974046,0.022867040159836313,-0.02047544718670896,-0.2074690156312332,-0.01349279712730837,0.0591240927242052,0.01905058402499377,-0.13660363511521667,-0.02474298689879642,0.2181861643344701,-0.0035548075560772304,0.017275227406602277
2024-01-02 00:00:00+00:00,MAVUSDT,0.2228724701292366,0.690220944195109,0.051506500989272966,0.019274588434874555,-0.037807450572937516,-0.03341444497988356,0.05202067223186839,0.01682645360749487,-0.01791925851517693,-0.06621192645244975,-0.029859763961161218,-0.009052470926367955,-0.05397309425310801,-0.03838190992368813,0.014453229536073286
2024-01-16 00:00:00+00:00,MAVUSDT,0.31262405716554187,0.6499322660627117,0.01788416698109548,0.0024984016212728907,0.039142087479299544,0.05015166057059306,-0.15250062414097657,-0.05254001131766611,-0.009545254012569598,0.01787722507151871,-0.07465777502281506,-0.05314973853883899,-0.03067719904570116,0.0035684081391210765,0.03881429287834398
2024-01-26 00:00:00+00:00,MAVUSDT,0.23403052572074645,0.597255713631884,-0.028704636419402685,0.004682901753788568,-0.004358085367117688,0.00618311615570036,-0.07819411652704461,0.006356764272564712,-0.025966807161630818,0.01936504142015628,0.0997403481484698,-0.015242399769301456,-0.04125594664980607,0.03539791958191925,0.05229540329020473
2025-11-22 00:00:00+00:00,MAVUSDT,0.5432473444613048,0.9207692754823136,-0.37619836869491124,-0.004696772069264351,-0.026746606771970292,0.0653447122718884,-0.33775851421627295,-0.01693767734558839,-0.005391878318278659,0.11878836398537904,-0.42443025896617836,-0.029690200938234507,0.05047690370496931,0.10087531310647431,-0.01697408636766352
2025-09-13 00:00:00+00:00,MBOXUSDT,0.22178683385579956,0.9532794490432724,-0.048399390821894185,0.0015037949123961128,0.019060599152791218,0.001604784752968534,-0.05482596173592382,0.0023529479190088696,0.05382205463111282,-0.009974159969777205,-0.05425643379640416,-0.011205519646759341,0.03107443596240376,0.017686051041111078,0.027378479340415807
2023-09-02 00:00:00+00:00,MDTUSDT,0.2130567994343624,0.6514137388350525,-0.10858810123351101,0.0045283763536218945,0.015483602968636758,0.0016117497976808498,-0.1414278981757427,-0.020034261261209243,-0.014633461809054674,-0.0017332657138709197,-0.0767858372124071,-0.007352943321282566,0.024658054630308887,0.0007127999736902875,0.031196327950420606
2023-11-24 00:00:00+00:00,MDTUSDT,0.22664571328793448,0.6660528526792848,-0.055634450705689356,-0.015005831460842223,-0.025049549245399844,-0.014949068205820624,0.1703160601375084,-0.017262462127855604,-0.06621311382990193,-0.017374788883385932,-0.1214453830137274,-0.006906798471440481,-0.09290308958669682,-0.005738181357587456,0.07121664565423597
2024-03-01 00:00:00+00:00,MDTUSDT,0.2692613185067516,0.7092415337235839,-0.029085955804280597,0.0316919620935525,-0.036330653374126345,-0.03815940329517016,-0.0730996133389736,0.05560477812439325,-0.013894038662581765,-0.052850748059143915,0.06349844573606175,0.09821499568081662,-0.05378916156097065,-0.08810907812397702,0.06208706226022791
2026-06-13 00:00:00+00:00,MEGAUSDT,0.341761302764088,0.481386753279199,-0.0914419685760104,0.001504923070208648,-0.18993509111343904,0.028565406551713357,-0.12278132092219404,0.0719203214515857,-0.2502226375098354,0.03438743694981758,-0.1973439022418924,0.0994580827537236,-0.2554615874962538,0.0038846889962114517,0.01847780552622007
2025-10-27 00:00:00+00:00,MELANIAUSDT,0.3044776119402983,0.9474804005762218,-0.089973312671751,-0.0120963701051735,-0.00910159935792,0.027887614765693715,-0.0022332928587296547,-0.03902010687756335,0.06768090222785321,0.023362861576897764,-0.10491986019709496,-0.028810014744527858,0.05279782083871547,0.05797958977577278,-0.0432645173838921
2025-11-10 00:00:00+00:00,MELANIAUSDT,0.457968476357268,0.8311172282784792,-0.09930072190430683,-0.023503811199648457,0.010764829597308543,-0.005199539655968121,0.059463273008001416,-0.03300263248461403,-0.0005404907133812365,0.003804902803867787,-0.022904681243475805,-0.04733588717242024,-0.13368750588657158,0.029490066883445194,0.036669794749037574
2025-06-15 00:00:00+00:00,MEMEFIUSDT,0.22746781115879822,0.38068230368975314,-0.08595595018095124,-0.00641544300484076,-0.012452308637625616,0.0062067074902303326,-0.1351955543676601,0.04291284114548623,-0.016693890024406754,0.009905099062877284,-0.11177034618358725,0.16084621699007245,0.014411694022512977,0.006577886309081647,0.013695432841658561
2025-07-25 00:00:00+00:00,MEMEFIUSDT,0.2201761409127303,0.7144921497403985,-0.1901241061681484,-0.002369386874966947,0.022409693649421587,-0.003882025072060239,-0.24507262253236833,0.004714150505029127,0.09354573823197339,0.010110566318021144,-0.08125960928246735,-0.005854935345900451,0.22145683662529314,0.0503492765231339,0.02781820236116017
2025-08-06 00:00:00+00:00,MEMEFIUSDT,1.5821868211440986,0.5765155797338953,-0.2996578903026137,-0.0046847199488914025,-0.02913168624754407,-0.01344198321589955,-0.3025665719096243,0.008691657236462327,-0.07245352129011709,-0.02410253825392941,-0.695616654326319,-0.0039621218373386185,0.025573041609876418,0.0206307254230144,0.01636622782519135
2024-03-01 00:00:00+00:00,MEMEUSDT,0.20553871415940383,0.7496638422069183,0.008334338707765267,0.015585135320598131,-0.04061774131912971,-0.019399745632232256,0.23539595595574903,0.025039520859328913,-0.03354823271498579,-0.028956534121958154,0.058171616343442444,-0.02389522706621642,-0.133523076404064,-0.06037380440799293,0.05408498980334725
2024-10-14 00:00:00+00:00,MEMEUSDT,0.3336322869955157,0.8848380613430192,-0.05322289645132457,0.0025839796815180977,-0.21048668879694055,0.0003812788570229417,-0.08670886379372192,-0.02192372521999944,-0.27290410670543885,-0.0035633853041886327,-0.10218726927375774,0.024855069876358042,-0.30197870401559235,-0.02993014471362169,0.0774764820552341
2025-04-18 00:00:00+00:00,MEMEUSDT,0.7419127988748242,0.9570368153971771,-0.10330277742526914,0.022464714232646378,0.0166774964584372,-0.0051399704821792,-0.172274821126357,0.0716636943851431,-0.03570368740884604,0.02647936368672048,-0.2373378224912445,0.04698732750111146,-0.11050096610811141,-0.017207047875201394,0.06414015035812667
2025-05-09 00:00:00+00:00,MEMEUSDT,0.2175309775126204,0.7001366884387259,0.011378946744148445,-0.005188482869619496,-0.07675378102727622,0.0354580098586209,-0.05490933965461874,-0.008738861404584486,-0.05156660243248627,-0.010448243537541426,-0.10480515827518552,0.023197696135616577,-0.036107150551617576,-0.033482645025472844,0.10529871794481145
2025-08-20 00:00:00+00:00,MEMEUSDT,0.3275779376498802,0.7963345910034599,-0.05206296632890279,-0.0018917703690860058,0.03765980324439094,0.0012899701683149474,0.20877062878568503,0.08263592251589261,-0.026034938630882277,0.056968464805489796,0.12370799175561528,0.021869957750581533,0.03620649747494459,0.05247963780585811,0.07306383386271476
2025-11-07 00:00:00+00:00,MEMEUSDT,0.20126671358198456,0.9382373199395084,-0.015539103559341433,-0.002138143664686864,-0.007186255785963951,-0.010206215770241672,-0.012216082706095052,0.04035887824714997,-0.022717714105770004,-0.014635176552411356,-0.010819810646859948,0.061601972925816484,0.03821433813063457,-0.023074801471880634,0.164551441403169
2025-09-02 00:00:00+00:00,MERLUSDT,0.3038236022792964,0.7064400317361387,0.020905451368765326,-0.006304729742816939,0.014927497630167897,-0.0100913400440023,0.018773273910973977,-0.0014574611383395449,-0.02688016782451689,0.011017862107665772,-0.17266439562933697,-0.02309882964578285,-0.016712176270140416,0.0012751168841233528,0.036571520145245937
2025-09-21 00:00:00+00:00,MERLUSDT,0.4648093841642229,0.5931284259813794,0.110224069315069,0.030561152469860287,0.0748778056941253,0.031895352822724835,0.2393161752780798,0.07562360822715222,-0.007371547849206142,0.02617248625723801,0.24242015844616993,0.07120006938318311,0.09660733309361433,0.020079620032168,-0.026005412411277927
2025-11-07 00:00:00+00:00,MERLUSDT,0.2738443722456334,0.34354643150235964,0.029729160864841248,-0.006747324153426164,0.04879472291192401,0.005598423797011492,-0.15265778463493507,-0.005797980780320802,0.06413226276858068,-0.04229858437212369,0.01213500324312541,0.023356389123041423,0.21008907595273846,-0.034852211848363485,0.061936306002141873
2025-11-26 00:00:00+00:00,MERLUSDT,1.1846991946944576,0.2534240913269505,-0.5116495951951198,-0.0027575374853460845,0.048436206105425456,-0.0017133582910315755,-0.22883939869973857,-0.008980906227154545,0.06854383292239101,0.013086287414786929,-0.29140422249457076,0.010844409030025747,-0.0009621449554636397,0.041711036764432594,0.006998745663925154
2024-05-20 00:00:00+00:00,METISUSDT,0.33620398514015526,0.9177604019376654,0.032945801236743406,0.01949846602809432,0.007294920596817656,0.011295261714277595,0.0563696005745952,0.0073907105322508744,0.005318637603573628,-0.005355269759916846,-0.0014592060233109064,-0.00198350713007637,-0.05480727869820341,0.004879920876132228,0.10615665282708045
2025-05-09 00:00:00+00:00,METISUSDT,0.2100744132799086,0.936004287471721,0.015586020261185558,0.03299420859904626,-0.0594802718817551,0.014726446909364393,0.06263827428482294,0.011185215737393615,-0.08823344809750706,-0.03729003318843828,0.02592085667159319,0.017651283458097206,-0.0805054983997212,-0.05279105832589511,0.07328482629704736
2025-12-24 00:00:00+00:00,METISUSDT,0.2164165277005745,0.8136157930081526,-0.03397282360264017,0.0023454137556356467,-0.07484579267962767,-0.0031852888569375076,-0.06447212097315524,0.009421325770012683,-0.016063548814819396,-0.006427857830348311,-0.20258233914482981,-0.018503996182206717,-0.08195240634934015,-0.01935786242940424,0.009820741567871261
2026-01-16 00:00:00+00:00,METUSDT,0.2514922403501789,0.6843130321894423,-0.03584675014821178,-0.005732371548635776,0.006521575125079088,0.0057785402500558905,-0.012823683201082674,-0.0493012252514638,0.10473734653026623,-0.002518397621877089,-0.015940841294286984,-0.06432397557396394,-0.02265203507216431,0.0056929911909104425,0.004934654504205954
2026-04-21 00:00:00+00:00,METUSDT,0.2231292517006802,0.6779384130869797,-0.102351692126351,0.05091022085583902,-0.009410502549973835,0.017245715098845062,-0.21287945804127684,0.027748600962329385,-0.08697148332631677,0.0033539100778789688,-0.26274135572875323,0.06653511422538728,-0.09087964283140595,0.018988697335302,0.02015271963802414
2026-06-19 00:00:00+00:00,METUSDT,0.26847521047708134,0.6188072610013329,0.07279685164034298,0.01768630256155023,-0.027184523706594264,-0.029530332553398885,0.04734583402256196,0.0032914155337413114,-0.007821562473234863,0.12938653460489044,0.14966522269725038,-0.008149135054133828,0.04696311160303722,0.05279075926917135,-0.01861533039073344
2025-02-08 00:00:00+00:00,MEUSDT,0.4441786283891547,0.6904278193949149,-0.037977582311008506,-0.035587069117344425,-0.02027285696633164,0.026428345486087156,0.05908250792248112,-0.04646270589325373,0.04124808962946195,0.03222636064071994,-0.09919704719865952,-0.07282093463053436,-0.031280861673594125,0.08734924500697086,0.07929465498021351
2026-02-12 00:00:00+00:00,MEUSDT,0.2322670375521556,0.8019350497987384,-0.06931292709416449,0.012840368840938277,-0.06666910604006081,-0.019297714091190948,-0.2006633485879704,0.009536116307919017,-0.02699342536035209,-0.025099057814641133,-0.2313349949233906,-0.01698431769199904,-0.009366454248517574,-0.021651806713624728,0.02871734690085086
2024-08-06 00:00:00+00:00,MEWUSDT,0.4211421628189551,0.7327998226051178,-0.05878049373013029,-0.0016497641600936815,-0.002194839633830395,-0.019355529392571028,-0.19071199400354763,-0.00734713556106355,-0.05017481029030431,-0.024666827619825242,-0.3292171749008051,0.011398521538133283,-0.06759712580465785,0.011966951487166904,0.05664515815497588
2024-08-23 00:00:00+00:00,MEWUSDT,0.20080491421309055,0.7016937731183275,-0.026825116008400058,0.008042082430357648,-0.006420075380095001,-0.010403889022851465,-0.10519112850335252,0.03736167851012237,0.010181530683366712,-0.024779451623295506,-0.13092698267059039,0.004623416409274395,0.004493295652093275,-0.019080357420184945,0.0825717546652879
2024-10-14 00:00:00+00:00,MEWUSDT,0.29630728162538933,0.7465679301154873,-0.03083534877995434,-0.01359219796701563,0.019870627439737797,0.023027955039381407,0.020383427237832593,-0.03647855733411334,0.029983034260040654,0.035210911034911876,0.05756776534668885,-0.05029525786104527,0.01075483280976525,0.08593455691330837,0.07191498113566319
2024-10-24 00:00:00+00:00,MEWUSDT,0.2516961405850293,0.7239965463093926,-0.05551956623347992,-0.03001998928772015,0.05981437404838887,-0.0040383838596420975,-0.066281995995281,0.0009359574090341771,0.04405727392993221,-0.023517382588056773,-0.1491477189522315,-0.028402566873911204,0.022515691083450445,-0.060279812595501116,0.027700305695137574
2025-03-26 00:00:00+00:00,MEWUSDT,0.21176470588235285,0.9301570101652823,-0.10876812047558576,0.018986477257838703,-0.007228913931808985,-0.018158759765796624,0.06800262591667268,0.00022273471166984194,0.09583634946454847,0.01847514982342797,0.33345287214881086,0.020677941536350757,0.08858373846400228,0.02629217720435551,-0.015263523870283813
2025-06-23 00:00:00+00:00,MILKUSDT,0.3151936444885799,0.7110354650291473,-0.055772799991660245,-0.003961380171339808,-0.0641744644655722,0.01064865890742656,-0.021311347559345765,-0.02328583287224978,-0.04234406456929545,-0.016629296198048607,-0.1544371943423299,-0.03294806585020035,-0.02496122687280824,-0.024046473371684418,0.11663560898508503
2023-10-24 00:00:00+00:00,MINAUSDT,0.5921848013816926,0.7852681450365305,-0.03667511987898576,-0.002134033760662217,0.055243501001331616,0.014065028741613288,-0.11321826600667245,0.007255859697592291,0.031410845275439435,-0.005134037910883948,-0.23379393521452063,-0.014047625576113382,0.0325798354132421,-0.022789095366793268,-0.010154287007894424
2025-11-01 00:00:00+00:00,MINAUSDT,0.2235169491525424,0.9775699766988792,0.14349412744191425,0.05586766985054796,0.018368706638173044,-0.0012998521028628877,0.2727234700604544,0.12090653029706255,-0.01250194349062404,-0.028054949745718587,0.3747727521940882,0.18886917830414177,-0.10878898135934034,0.022405446890980774,0.06414415376517538
2026-02-26 00:00:00+00:00,MIRAUSDT,0.21502890173410405,0.8554403927048471,-0.09691274273940652,0.03978581563093174,-0.03541730729936632,0.007903320907729529,-0.1204247899266569,0.0019454842441467674,0.031029230803044972,0.018172724614020908,-0.147030303908686,-0.029952587378826872,0.06613585655852591,-0.005582752629761776,-0.00957694779229512
2025-10-11 00:00:00+00:00,MITOUSDT,0.20950217305412888,0.7308241285574142,-0.14235493606303487,0.002564966448639719,-0.04057737497075384,-0.04754603751918698,-0.16077413013902575,-0.03078420063705976,-0.07266753835909256,0.05566786874682287,-0.021276962058740398,-0.04371402415710367,-0.03914018655382405,0.0032438729405812466,-0.02092942615216369
2025-11-05 00:00:00+00:00,MITOUSDT,0.35421371686675385,0.6989243047713002,-0.2598693622039483,0.015195156028619733,-0.21018142395194056,0.016864131957863588,-0.3344379137807329,-0.012783802258376198,-0.21288650256106614,0.0051658309845354616,-0.30083843932339627,-0.03259643983076543,-0.11133828307302858,-0.06813295234428532,0.0658551412892447
2026-06-17 00:00:00+00:00,MITOUSDT,0.3470149253731343,0.5491446141006943,-0.11358215090191721,-0.008992543015613355,-0.06792425679180675,0.01219702414394086,-0.13007333464472381,-0.015093484110161634,-0.12354123988130312,0.009196992606481134,-0.044971578959334776,0.02888718093105742,0.01329112969314487,0.003993744775357237,0.01723305228272114
2023-03-12 00:00:00+00:00,MKRUSDT,0.24341558081508174,0.6769195078254496,-0.06950392361394289,0.004581464233532323,0.009390736066047334,0.013863547597850598,-0.23024681336958921,-0.008234585943841456,0.05420074656960665,-0.04350142970048905,-0.40956860428683056,-0.033255242499286686,0.0026098538436308827,-0.06377121378171997,0.11621447322451654
2023-06-30 00:00:00+00:00,MKRUSDT,0.21084074020107835,0.6478862906218398,-0.02096371821454856,-0.015261902331937466,-0.027577567269409232,-0.015548727665499825,0.09841490308606146,-0.002234383326606513,-0.05488627772827566,-0.025519224924786733,0.14284011432612925,0.021164199866158417,-0.014353082398291254,-0.031129909765266483,0.051689680390734384
2024-11-06 00:00:00+00:00,MKRUSDT,0.2371262829094154,0.6962474400299261,0.07173011714222434,0.002369420615483905,-0.001867250058771898,-0.0025836404284807412,0.006431531345616401,-0.025876217596584872,-0.009695781189461666,0.022032149581420774,-0.017690783333870988,-0.09207744541292193,0.001021902988502401,0.09083025092214084,0.18081767379802427
2025-02-20 00:00:00+00:00,MKRUSDT,0.21720961964864416,0.7266276804547348,0.032330670333727635,0.003216369106510756,-0.0718388305521777,0.003917966621053181,0.07789999879154302,-0.015659115084766764,0.06702936695364234,0.010601446446863352,0.2906600148176407,-0.024736067475747064,-0.09390823974926288,-0.019497577328142862,0.02107666980091476
2025-08-12 00:00:00+00:00,MLNUSDT,0.20229100658055077,0.8505427598006058,-0.0516957455837606,0.003683872085276909,-0.03214356184792683,-0.03197392533453954,-0.013951955598483293,-0.030262534185691886,-0.0118554188666043,-0.020266719856765023,0.0454826916401824,-0.02051944427491001,-0.05366550592938314,-0.04112741258638443,0.060833841815093145
2025-11-28 00:00:00+00:00,MLNUSDT,0.26994451884446136,0.6175988413247196,-0.11446100260980384,-0.0019571117537871005,0.0007917158020842557,0.014168649137754747,-0.11686593404277491,0.011041368346236086,0.03301752537061151,-0.00672669349782765,-0.17052884191987447,-0.007010959460929382,0.024817106932375287,0.034521637909667925,0.004906971319729525
2026-04-05 00:00:00+00:00,MMTUSDT,0.29136690647482033,0.7880162651177945,-0.12414951882422073,0.0037712908562925183,0.0463696764721924,-0.014355725388378898,-0.1591402111166437,-0.0128161295800378,0.03269701100798835,0.011220732673399809,-0.17479987976286027,-0.054293812825375695,0.05504961822458754,0.174986817772052,-0.0173656864514526
2026-07-10 00:00:00+00:00,MMTUSDT,0.3291884816753927,0.5254972907759166,-0.11137250177571259,0.01033522333785906,-0.032390431587124194,0.02658056201908564,-0.15535877899142347,0.02154812975096344,0.009121631153560615,0.08737542815714464,-0.13018607091922607,0.006713014696804726,-0.09371021216938716,-0.09197087672528838,0.011456099055426706
2026-07-30 00:00:00+00:00,MMTUSDT,0.32378969286829795,0.4306990348491819,-0.2871780457493371,-0.000403383649648778,0.0889954661740209,-0.009848551907813136,-0.5063643951359231,-0.004429688950366712,0.015230907952807154,-0.005207456917774945,-0.42252997525108305,-0.022307966762890086,0.224138599521318,0.02400822504269773,-0.020065868944172994
2025-04-28 00:00:00+00:00,MOCAUSDT,0.2857142857142858,0.8279833821054841,-0.09914212917754978,0.009143048783965569,0.03130937956261452,0.005748043721727814,-0.1541022586291293,-0.011893362252502093,-0.002654279979402098,-0.009559661566846688,-0.07369733492357008,-0.0389757076015948,0.16233810123661993,-0.04946754520625214,0.034609093680243855
2025-11-23 00:00:00+00:00,MONUSDT,0.21621621621621623,0.41556288292596066,-0.0860947036247238,-0.0256471251770653,-0.005910773909720299,0.028921946000277587,0.30193375602388295,0.03011159331322153,-0.010129747193758068,0.025219509015759735,-0.1708174196149496,-0.06682528587372923,0.03739422046834915,-0.010236107374732878,-0.003019633975545011
2025-04-22 00:00:00+00:00,MOODENGUSDT,0.23679608254634488,0.8921093561647524,0.04616191892677402,0.010704368420800962,0.0003819297253396456,-0.036587622709563845,0.05777201239805046,0.048197872444557505,-0.03950211383891926,-0.06363071249993071,0.13864030192097762,0.08729543647764268,-0.06854462488202158,-0.04340235068225212,0.12160434417810677
2025-05-08 00:00:00+00:00,MOODENGUSDT,0.9147110774665659,0.8625349284061302,0.37391774917641557,0.12078683756187847,-0.04526384046855293,0.021784276961887162,1.0274692339669496,0.1678176001084182,-0.13052581068311347,0.005007802527897562,1.0089575248408758,0.24775066598590606,-0.15145524363327098,-0.008318248423948866,0.181098486305592
2025-06-23 00:00:00+00:00,MOODENGUSDT,0.21512816480578723,0.8257197825665376,-0.023493412000587945,-0.006858432731860262,0.06220392629996635,0.008870692774060225,-0.0646541731893858,-0.04450020045407853,0.08391033795682554,0.024606909114633486,-0.03761895642482489,0.08236079250415862,0.07578122584525634,0.0098581462179561,0.12916886704406066
2025-07-02 00:00:00+00:00,MOODENGUSDT,0.28434106251834446,0.8348244648503801,0.0772286238130103,-0.009737167984812185,0.020922670514398833,-0.013839126226856194,0.09625137256236391,-0.023856746137866387,-0.1466743498120941,-0.06347208970214388,0.0598768220850422,0.01272377794536927,-0.17697692384037816,-0.12368688080482948,0.11345025203903783
2025-07-21 00:00:00+00:00,MOODENGUSDT,0.23810518619104815,0.8699733502183153,-0.016227689014185944,0.03043348302813993,0.007851368515393451,-0.013773649834749043,-0.03631346539443017,-0.048385579816195,0.015368633189744624,-0.049180505508961005,-0.06013016321038028,-0.0678955804627259,0.052791903706059816,-0.024258619914856006,0.04249718695176776
2025-09-12 00:00:00+00:00,MOODENGUSDT,0.24699689566743155,0.8797031522689753,0.12840097073685056,-0.016765210791962925,0.00570650092433109,0.022451673136745197,0.02093952867879373,-0.0077540363814000215,0.09345138691712382,0.006919609002378013,-0.007017454542353391,-0.022700085280499188,0.05860292258025297,0.013882589511972746,0.052697522845621056
2025-12-06 00:00:00+00:00,MOODENGUSDT,0.38557558945908466,0.9457716805230575,-0.22093620198876177,-0.017186355118465838,0.026179860469630917,-0.012570579192506148,-0.24714662745825766,0.040055965163349694,-0.06219120551426074,-0.05847484762256773,-0.30271721779810307,0.0064112463462792,0.14254933793912855,-0.16851034393589076,0.03578131681655443
2026-02-12 00:00:00+00:00,MOODENGUSDT,0.2955446699323536,0.929303511167437,-0.03877075383722315,0.0031694074888696396,-0.04425010530659167,0.020577697399264273,0.02067303201453833,0.036033104242934266,0.005391336103863981,0.049972878718482626,0.08947487912699634,0.037721725046096354,0.05564200173552432,0.01441931954457545,0.04061856415920451
2025-01-15 00:00:00+00:00,MORPHOUSDT,0.24420357768632073,0.5312123500703424,0.23751547126037295,-0.005085445380898777,0.009393475867214311,-0.0014589504961453246,0.2691080404123479,-0.0019640785739049203,-0.032667676648985705,-0.011554753578272537,0.23490807110702258,-0.023351874972285417,-0.03277800346240082,-0.0024025627325172326,0.06626802892467358
2025-05-01 00:00:00+00:00,MORPHOUSDT,0.201401050788091,0.8583135126556467,-0.007742798704094694,-0.005195100168146768,-0.0124115155204507,0.016285207568444742,0.03816065571649753,-0.008338008549046262,0.022327823291717196,0.016649613609353374,0.0050762208133317,0.043532699339737094,-0.07472068265103327,-0.03062804797810769,0.016497693280925207
2025-10-12 00:00:00+00:00,MORPHOUSDT,0.22394014962593523,0.7902666900353649,-0.03203191143442998,-0.008819894795934962,0.0029089824128748034,-0.010009399221836818,0.014530135081294367,-0.03096121137442188,0.05778629516839083,-0.04738293722410808,0.07218394412875781,-0.03855309604848206,0.013960310458391346,-0.08464643029550027,0.11746807267365425
2026-08-23 00:00:00+00:00,MORPHOUSDT,0.25949668644691815,0.43916751424102174,-0.04949945458135743,0.012688611015904367,-0.025802168476601918,0.00529165473466648,-0.08676219834382619,0.002672980549638296,-0.011535523609710196,0.048118969544946544,-0.08436537427574879,0.03325255193064154,0.06625407054667884,0.07198145659307711,0.06866644918073414
2025-03-25 00:00:00+00:00,MOVEUSDT,0.26524953789279104,0.7019892236871167,-0.09227856890600174,-0.0025276950037270342,-0.0013479846579284097,0.0036396207489861132,-0.05085664986645418,0.0065732570543893,0.052734776380929195,-0.014203832849187003,-0.12261955089454162,0.02175766027481545,0.05390070896028383,-0.0019564378443076144,0.007050745892996724
2025-06-23 00:00:00+00:00,MOVEUSDT,0.4215938303341902,0.7096734933167521,-0.06494129285420076,0.012865299284710311,-0.03755681170149751,-0.02068536037439746,0.16388233215287723,0.011779153053527253,-0.019028968064768892,-0.0003096625639833608,0.007957633757471591,0.014488423467812105,-0.06589405469616075,-0.005938849711398185,0.11306519541639296
2024-05-03 00:00:00+00:00,MOVRUSDT,0.20704315738809576,0.9132582703097973,-0.04241643807004352,-0.02279900048038097,0.018034818954580506,-0.010349939169814212,-0.02456273097436549,-0.04121499704023411,0.0021239756707910943,-0.016401139366427942,0.08671027706400875,0.002341615508605552,-0.005709002150839743,-0.018002622192189524,0.0328645899308741
2024-08-21 00:00:00+00:00,MOVRUSDT,0.2798181600669938,0.9125643261897922,-0.02288664627387384,0.0034401206080469657,5.919543374572483e-06,-0.007084260353711948,-0.0935571801723757,-0.00026113464678391153,-0.05298038019929811,-0.04032611664216966,-0.09279845955667976,0.003944348331333755,0.05697358907149967,-0.016229302776624523,0.03462239850653707
2024-11-08 00:00:00+00:00,MOVRUSDT,0.307103490508267,0.9208457935877341,-0.10609672397232192,-0.001438778210041783,-0.023741272975963488,0.020047295827190482,-0.15177361626521868,-0.009638048044300298,-0.08387043552100362,0.01619287616923916,-0.19835791951945414,0.09581056773654244,-0.03853626341594803,-0.003165632457717238,0.007779168619966326
2024-11-23 00:00:00+00:00,MOVRUSDT,0.45908907698508683,0.8117750162495849,-0.050413221572529386,-0.017900386309641268,-0.010987109567821842,0.036121295129311747,-0.08171134309132047,0.007210181656648334,0.007257478930411095,0.08944038815195894,-0.16253445415138001,0.004218599461843405,-0.08519049975778115,0.003096098489849014,0.08722999190638488
2026-08-27 00:00:00+00:00,MOVRUSDT,0.4016521862982483,0.5368370470278105,-0.15773364685420718,0.015121044120995667,0.015876622037842972,0.031909075941080556,-0.10834879573753348,0.020242259152591043,0.08038021113658236,0.02915019614993994,,,,,0.007451183924887694
2025-05-09 00:00:00+00:00,MUBARAKUSDT,0.8972904851921868,0.6057160143120368,-0.20907875612997812,-0.03322592896266129,-0.0662123790416175,0.021835111179262148,-0.07374928461912003,0.007025634032160802,-0.056429244693751136,-0.004047605410613074,-0.08067837823462559,-0.030378669772438215,-0.04446916023983587,0.038677208932380344,0.2657147121641154
2025-09-16 00:00:00+00:00,MUBARAKUSDT,0.200327868852459,0.9272358253675657,-0.08153510573414352,0.0005349965677962483,0.00772063858272005,0.07500872062805831,-0.015983679787519606,-0.019643222611322758,-0.04871392961291184,0.0014629863381314667,-0.03641364672730462,-0.022452974254811835,-0.053354738080933196,-0.03170465634604701,0.02098561701379184
2025-10-12 00:00:00+00:00,MUBARAKUSDT,0.2429623213512344,0.9008323203577182,-0.05020357023595336,-0.02691944815382803,-0.021888122019190083,0.0113275655496114,-0.05918687041518697,-0.04388951678018525,-0.0029173473616714908,-0.010009900035089234,-0.0940465452012844,-0.0654212910305916,-0.06269627914187295,-0.00928693733620337,0.14135940843198946
2026-08-09 00:00:00+00:00,MUBARAKUSDT,0.6289187460012795,0.37964167871168525,-0.3132282956452629,-0.11096418123579369,0.05896335836437198,0.00608876109296398,-0.3807166262373819,-0.2024583353427533,-0.0032042836977228427,-0.007516072380018545,-0.4365018100941306,-0.35502621767781656,-0.043238393291506416,0.009254787550210522,0.12265057038881255
2025-08-29 00:00:00+00:00,MUSDT,0.2906729634002361,0.4745525102501123,0.08844280225603886,0.07010477106929111,-0.0009667351764387023,-0.01963413351871378,0.45403498302682455,0.0568197085321145,-0.008899734969501843,0.001230648740510907,1.1150434303311416,0.08325316580493652,0.05218296451845435,0.026402111427412982,-0.0553250632994859
2025-09-30 00:00:00+00:00,MUSDT,0.44403987345550044,0.30307728244434723,-0.09520371890926957,0.037996559722420886,-0.043905592022527105,-0.029316164189546773,-0.23714829405818616,0.08229292991292306,-0.056679718802822576,-0.026538721764267525,-0.208870657704295,0.07959134798485049,-0.02543906310348304,-0.01345146371123479,-0.0806130050199343
2026-03-25 00:00:00+00:00,MUSDT,0.4243432574430823,0.43195308727528364,-0.09135138352496448,-0.05855117447998344,0.06883211846341548,0.04347777098867278,-0.01411176185350077,-0.11366105432441038,0.05308411270974841,0.019853696835283045,0.0691644556086425,-0.4748553378595831,0.12101271666612674,0.018954832641085207,0.19187359075299876
2026-04-16 00:00:00+00:00,MUSDT,0.33134507464793717,0.3635525234742344,0.13553994449747772,0.06539143442745565,-0.1117308512607625,-0.026389297922842732,-0.022619676241052628,0.12726764781938543,-0.05657913534979849,-0.06731583867448818,0.26058620176163483,0.06134064824878316,-0.01745354977881065,-0.1123234631016237,0.05916275159979947
2026-05-05 00:00:00+00:00,MUSDT,0.2916207276736493,0.38697471311958787,0.046339518091250594,-0.008441972196502678,-0.0018999583051478842,-0.03283648842955117,-0.06892024694298393,-0.02667775600673698,-0.13639702824555938,-0.07749589001062893,-0.12272812154773471,-0.04798553393661707,-0.12194811037879787,-0.03194482241820552,0.010608154241123824
2026-06-30 00:00:00+00:00,MUSDT,0.25314732902347736,0.2744488146177256,0.442653746697874,-0.0049493656578882056,-0.09540898100767162,0.014990103324426088,0.6777250753276634,0.041650840526099006,-0.2116872393560561,0.0051520538604496085,0.5810278524610475,0.023082544012398766,-0.20495005227031848,-0.0009220609895886176,-0.03648156041175075
2024-07-15 00:00:00+00:00,MYROUSDT,0.26239570346216556,0.7698903443407777,0.05709633710491064,0.00125978257521939,-0.06659510082387306,-0.005224094859262412,0.061488967642269236,-0.029791482195948175,-0.03851798962486536,0.0335338413126642,0.1564477801526549,-0.034991854838015604,-0.05715898431375821,-0.0037415587566916276,0.0713135535195136
2024-10-11 00:00:00+00:00,MYROUSDT,0.23939223410241972,0.85950167671821,0.000521926088271122,0.02010926514790893,-0.0203293767544837,-0.01512009272790536,0.06071253414411075,0.15168978702478447,-0.041523060603701714,-0.02624285792047738,-0.05989553207296382,0.10992531386667545,-0.2977920060772254,0.003893011815376776,0.06992706315774913
2024-11-13 00:00:00+00:00,MYROUSDT,0.27105585711784275,0.8185432108448776,-0.047995460757910134,0.0015478381649229335,0.03479319621053863,-0.010057824050235442,-0.11569776695231562,0.03276853052486883,-0.02609269355291364,-0.04363662688787843,-0.2431220475610764,0.09260991045523995,-0.02690612652321898,-0.045581889411695484,-0.05484339770616216
2025-04-22 00:00:00+00:00,MYROUSDT,0.2829900839054158,0.8066728508046104,0.12713352287436963,0.010752027659465768,0.029040219448612847,0.05213422775783344,0.03467970974263723,0.05086023652760666,0.026477206027024996,-0.05018253680934096,0.21294341929588745,0.1116102142732536,0.030171040789408243,-0.07675740752147106,0.14570656402276327
2025-05-18 00:00:00+00:00,MYROUSDT,0.2217727105553513,0.7227455438071727,-0.04249435338087327,0.00664524149018654,0.015119591197672502,0.011680687274062995,-0.013293665607900886,0.03681668144783738,-0.04121818084130822,-0.002256219853509857,-0.06445433445014603,0.027195139089892285,0.05467361613524534,0.007060103127574087,0.10654437528960478
2025-10-27 00:00:00+00:00,MYROUSDT,0.24554455445544554,0.9512700187952984,0.01866489546317174,0.021159362229987322,-0.05844843667965248,-0.003342277730930255,0.001197739255963514,0.03497709180738332,-0.1039890837961619,0.0020070015279880795,-0.033078956914210124,0.041531811781213845,-0.19321936876042162,-0.006654671093637496,8.49841750500957e-05
2025-08-03 00:00:00+00:00,MYXUSDT,0.48027474462839037,0.38974365726753746,0.8271698179845237,-0.010879487743713442,-0.007184354075790644,0.011647417135112534,2.3020871726659826,0.0686879707878191,-0.022224906089642775,-0.025190992395891558,2.1131680558914634,0.003764123711049015,-0.08709765561118085,-0.046261338666109146,0.016796597641669363
2025-09-07 00:00:00+00:00,MYXUSDT,1.6674824105230956,0.4740588834123055,1.3188360028627382,-0.03222908925711655,-0.0010207018289482325,0.00212287354894989,1.4341098716714873,-0.0524235885279561,-0.021296603109808413,-0.026285098893307417,1.0038208754458724,-0.01790307579604953,-0.025250906338228858,-0.04704950646742105,0.016727053753208976
2025-09-17 00:00:00+00:00,MYXUSDT,0.461069500087093,0.450032183308125,-0.2212636501982607,-0.008159488802336332,0.0020434812031849383,0.0026910505297858983,-0.460614729519571,-0.02986826944070269,0.05776687086112355,0.013471562509097928,-0.5244097879704747,-0.024852687443514397,0.03355141150866238,-0.007520534920243643,0.024784422858425737
2025-09-27 00:00:00+00:00,MYXUSDT,0.3949198377438672,0.4889675443265672,0.060021362989496244,0.033207681662438114,-0.011019535293146133,0.02182437063839053,-0.03129004798372603,-0.02610458257134583,0.02356932547754819,-0.01778754537290176,-0.9946505895276586,-0.01011593162388406,-0.004151433191002654,0.0003967087211508319,-0.014026774782607604
2025-10-06 00:00:00+00:00,MYXUSDT,0.2765864332603938,0.4675167646086125,-0.043504064834213124,-0.031624769066687194,0.0438703508926696,-0.006707272480078731,-0.0736691382709942,-0.04654305501371898,-0.01754628693237891,-0.0013740359969835942,-0.32759995505701034,-0.09774088275796529,0.04600331587527083,0.00835378360119587,0.09905130087843775
2025-11-01 00:00:00+00:00,MYXUSDT,0.20326409495548958,0.5673517568321962,-0.09134546363548675,0.011905901935398339,0.010997875800244672,0.006472216046253554,-0.03896677002231517,-0.05336112310681647,0.06138786405681176,0.00814593635989796,0.07294975355672177,-0.07456426880040869,-0.016072165311095815,0.004569981515256448,0.05931883899991338
2026-01-03 00:00:00+00:00,MYXUSDT,0.5436598329536826,0.38837111373443,-0.027052266932885483,-0.012817133122716401,0.008679279268675639,-0.021617621940566982,-0.2707434913942005,-0.03376433369394212,-0.03148184275029954,-0.05563322288274677,-0.20842530306444232,-0.026514303686728812,-0.036447931094792455,0.015871235079627594,0.0016217087316141078
2026-04-13 00:00:00+00:00,MYXUSDT,0.2094117647058824,0.4453272936912511,0.17287591445448938,-0.0008806305899434784,-0.024053151894390435,-0.005983615367686422,0.0631094457673973,-0.03764138906392893,-0.045135315023064074,0.058964363213625914,-0.06893413275305574,0.018340674658151476,0.09883921972417375,0.09181564971344494,0.06433108442820992
2026-05-23 00:00:00+00:00,MYXUSDT,0.26771653543307106,0.5962711729128788,-0.05972169895629762,-0.012272130747799878,0.027935479296840853,-0.0036480438233788244,-0.020116638601025083,0.0014571918779196374,0.026915419371430625,-0.0003162129741486136,0.10218024518877122,0.03356685169832454,0.018371340294530365,0.01844100567890734,0.024860621255370096
2026-06-01 00:00:00+00:00,MYXUSDT,0.2022071911712353,0.5740142409882203,0.22386185282896315,0.02402616715283677,0.08777519699902347,-0.002118206061890919,-0.05467593658788489,-0.022071342492037703,0.05083530581658058,-0.008355055025070814,-0.03876626526714305,-0.09838162618549126,0.029444417615162487,-0.0005256461365623591,-0.021446952084231263
2026-06-27 00:00:00+00:00,MYXUSDT,0.4035087719298247,0.4478096302558582,-0.17242821028015148,-0.00465401837787854,-0.009003796303177927,-0.04002140082958357,-0.14244657064668995,-0.02294499173325732,-0.026623591912475708,-0.023404299871199033,-0.3434082195408406,0.01211684882896023,-0.048769521255920614,0.04437763529076242,-0.04508471939125047
2025-10-02 00:00:00+00:00,NAORISUSDT,0.27990430622009566,0.6461241917400926,-0.0999688668506753,-0.0798017968722903,-0.03420023509538696,0.003382605436712388,-0.08399660022401081,-0.07640742473368527,0.026752943844394805,0.022215289348480976,0.26125602437657314,-0.06068927732204706,-0.0394313552859442,0.14688918991344924,0.007355533859402108
2025-10-25 00:00:00+00:00,NAORISUSDT,0.24277715565509506,0.5938291827630551,-0.07394328718751232,-0.016578913798538042,0.015644974595276424,-0.009384403118762534,-0.024531590866169226,-0.017991986181091414,0.06434992350512318,0.018680639944938144,-0.06969024396170972,-0.05662761054518371,-0.09365165479338101,0.02367206877792729,0.00978290472631651
2025-11-24 00:00:00+00:00,NAORISUSDT,0.21286031042128606,0.600643156638949,0.0902957034752874,-0.03177380787310121,0.016244885492526805,-0.01661225432639608,-0.06898370703376275,0.03576047234095009,0.03126641088329498,-0.004954951726558405,-0.18211692022815792,0.025593165995284474,0.03285237621029113,0.018211781992821002,0.08409744630683524
2025-12-02 00:00:00+00:00,NAORISUSDT,0.34008683068017365,0.5961122190507819,-0.03515609653876556,0.06134952936482039,-0.07564815456237076,0.005218279524986391,0.04664948736169239,0.11396629011098738,-0.04842028176091346,0.04158103339814524,0.05081249487301355,0.07720397363972682,-0.16135210624274018,0.04168196025047728,0.03848420834415602
2026-02-13 00:00:00+00:00,NAORISUSDT,0.5933239304184299,0.3669963389061707,-0.19972752952014974,-0.05201440183929079,-0.02365264634120264,-0.0049075076621343545,-0.1902501392664166,-0.07014172764072986,-0.024821738477381637,0.03063874319473625,0.20850096140048552,-0.07261111212897689,-0.07721308121767093,0.09426877537686593,0.04504797707184083
2026-03-09 00:00:00+00:00,NAORISUSDT,0.29654178674351583,0.3834860428902649,0.22742378324421944,0.0031198611385662434,0.0010024276689783469,-0.0002031622516962546,0.2471794910783252,-0.019101729686178067,-0.023622274184144927,0.004658534329261088,0.22964536031429347,-0.046320636506525015,-0.05148303385679755,0.02764472098963695,0.01870729631494017
2026-04-20 00:00:00+00:00,NAORISUSDT,0.2692529287497598,0.33273046924847427,0.005476810749966747,-0.006041738492531752,-0.009585226271796159,-0.009028942827622684,0.004316951404527831,0.07266801697168979,-0.047942572795742065,-0.003521308881464837,0.31174574245144915,0.08161091484370445,-0.040571505717552865,0.001301943196036469,0.09117786750774429
2026-06-11 00:00:00+00:00,NAORISUSDT,0.24861878453038688,0.3252109538032732,0.15071232129101894,-0.03792719096933418,-0.00437864854365444,0.04669239636093589,-0.1300979374836171,0.09112064624847596,-0.021478875567022958,-0.25081302628479085,-0.19623152764918902,0.13600281898826444,-0.03637288808059798,-0.28464798437180594,0.014011526231522431
2026-06-21 00:00:00+00:00,NAORISUSDT,0.31933048900557925,0.32403332467707874,-0.10585761638699227,-0.03965048703236816,0.023503320409182897,0.014962572448823309,-0.10241844425914902,-0.07103707148931374,0.03916523113699337,0.009434714438118835,0.05073171322809748,-0.18219919126124226,0.0067219437772533695,0.348233213449228,-0.02092336825044163
2026-07-03 00:00:00+00:00,NAORISUSDT,0.2023411371237458,0.35006006399850903,-0.02940122428276635,-0.008095946727560442,0.0032405465270413597,-0.0005416537859649475,-0.1467604081084558,-0.016815356089892722,0.035275229593282977,0.01666592345898548,-0.09250186992891415,-0.02182656236133452,-0.022674679090739,0.05573792424728134,0.025179770700554993
2023-12-21 00:00:00+00:00,NEARUSDT,0.2433286516853932,0.690055593796177,-0.08717825750231659,0.0088911348010584,-0.01961580827146054,-0.0004908170706055384,0.023804603855055423,0.10228077243592817,-0.06046462092757284,0.04523071011049907,0.009544949538885988,0.10273514080311903,-0.058190320029218756,0.027305816140033457,0.043249555371457624
2024-03-06 00:00:00+00:00,NEARUSDT,0.3884705882352941,0.7519941560214682,-0.12965831777419068,-0.02104073050212504,-0.01107405115524927,0.004609763722043069,-0.04670549982306871,-0.06557356161571158,0.0007586861913170262,0.02357708451187812,0.13867731004187284,-0.030377555941644784,-0.09386141252409577,-0.02279457912237958,0.1050075352413867
2025-11-07 00:00:00+00:00,NEARUSDT,0.3209169054441261,0.879280137446162,0.14557477592207957,0.021812335021550035,-0.016062385093503825,0.0029185693805662523,0.04549500932861339,0.005983390306512538,-0.058528618310948355,0.00701720779598944,0.0386393812707569,-0.010866688545680736,-0.1223929599643248,-7.642266244336781e-05,0.09052350296778748
2026-02-25 00:00:00+00:00,NEARUSDT,0.2155440414507772,0.9438175433296744,-0.01934010518260978,-0.011038137731395743,0.11684375923698043,0.03979145671361551,0.009593335761943374,-0.009556487576491865,0.17155264175736182,0.0010972748271583124,0.10620725234539642,-0.0017722603960713234,-0.31954896658647164,-0.01177248733117901,0.15461784462464503
2024-10-27 00:00:00+00:00,NEIROETHUSDT,0.6500777604976673,0.5694878120170893,-0.22024864789496962,0.005976699347304645,-0.045405961314206114,0.004218242638897145,-0.1390998778566787,0.002015900846554395,-0.07132244967009782,0.011655158640027492,-0.13849040611205937,0.021964744705493644,-0.04300891512837831,0.014638501805711166,0.033817183678996984
2024-11-06 00:00:00+00:00,NEIROETHUSDT,0.40254237288135597,0.5440656303091339,0.0008001810384535308,-0.01817092968979066,-0.054964450910390115,-0.0041621438501244015,-0.0814822739953845,0.08632621508207754,-0.10733207369440108,-0.002913443761171853,-0.2610894681869343,-0.0032496456389653925,-0.09329169464843937,0.028971199341798825,0.11316859601837184
2025-01-03 00:00:00+00:00,NEIROETHUSDT,0.2965708989805378,0.8109082428144847,-0.08974773194835821,0.029294506395141567,-0.008914955315363252,0.009531702878098859,-0.14635503492141583,0.002208397280513806,-0.046921445991805553,-0.004334848042312216,-0.1941810266574827,-0.058246509102172425,-0.06084145548556356,-0.00636838781478428,0.08415681256718147
2025-02-12 00:00:00+00:00,NEIROETHUSDT,0.30818278427205104,0.8219362616002502,-0.07684239647648108,-0.0030245144184217173,-0.007947232893924532,0.0069133169720736855,-0.12360206985133848,0.026346805831484243,-0.013172080631719494,0.014188097639734313,-0.16733129228750632,-0.022074179439753934,0.12896460035070395,0.0043628706898324095,0.06419452949327056
2025-02-25 00:00:00+00:00,NEIROETHUSDT,0.2254413761883205,0.747681759131038,0.01852757314861068,0.0099757670083322,0.002311940268669483,0.025279571060128868,-0.1690610655229822,0.03774822894727892,-0.056816820722680995,0.02189503781276309,0.4872889803109883,0.05400488867531887,-0.019374990151120968,-0.020121452504668562,0.1118919757824246
2025-04-21 00:00:00+00:00,NEIROETHUSDT,0.5438871473354232,0.5096646901473052,0.22697714080495363,0.08387943186491453,-0.0568301915092122,-0.010528831673908823,0.6497961472840982,0.10825288084125557,0.040083493561614635,-0.009365555805744833,0.6238893483643098,0.14585830608743666,0.2552295551385447,-0.010255335729577602,0.08947884196054945
2025-05-08 00:00:00+00:00,NEIROETHUSDT,0.2511210762331837,0.5865962275557444,-0.2819249260891827,-0.0018854153900305648,-0.062328772802752064,0.009245818950937469,0.20224740154100163,0.03346700976965296,-0.09461795717770001,0.029904161196045033,-0.08396072786103295,0.03261278133144509,-0.10710937967869787,0.050789485229016475,0.21754405473170105
2025-07-10 00:00:00+00:00,NEIROETHUSDT,0.3225880201188842,0.4963299156020787,-0.10886918388199629,0.002373693737319127,-0.04145476295886561,-0.0005037216233104963,0.028283626438780685,-0.0047061203331018545,-0.03357412833165663,0.0035197361509817864,-0.1665430268890567,-0.039891111179847505,-0.0019509580864494336,0.06095346013074304,0.06468058350157309
2025-08-04 00:00:00+00:00,NEIROETHUSDT,0.4805148373257062,0.5678721929720052,-0.21402375731044365,-0.008934955791238968,0.0826642534982305,-0.02681558273969033,-0.22579811611749603,0.0037074158720764123,0.01601647622128887,-0.01297466470732539,-0.3275281028299941,-0.001235627308503668,0.01251874752499604,-0.03233497026398312,0.04336126173473309
2024-11-06 00:00:00+00:00,NEIROUSDT,0.5485113316545696,0.6005712637389709,0.029620817011474468,-0.055431424290423546,-0.004530031276126075,-0.0018251817404912683,0.15497372457003367,-0.08966755372819926,-0.017516756862209205,-0.018355834795515853,0.027258465627406712,-0.0998142699223292,-0.07911994667456304,-0.06049053262646196,0.2312661307718596
2025-05-08 00:00:00+00:00,NEIROUSDT,0.31046065259117106,0.8515096517407971,-0.03453571264442514,0.18182535520256984,-0.01916864094071892,-0.0441968454629428,0.18691657215365848,0.3087538443509302,-0.0930189678704125,-0.059078812175433225,0.4539134460813954,0.2999237194940347,-0.12421420233137796,-0.047882452668484586,0.25599399523678706
2025-07-02 00:00:00+00:00,NEIROUSDT,0.3265019651880967,0.8812867296531162,-0.022384721557831565,-0.005023220656034943,-0.004789769484542934,-8.096251320752063e-05,-0.054114904395829125,-0.01593654380451436,-0.13250806041631097,0.01778637506253978,-0.027724721211124573,0.023513920378645324,-0.17328618082438788,0.05088987671551374,0.1125601133502033
2026-01-01 00:00:00+00:00,NEIROUSDT,0.235867446393762,0.9453961544565892,-0.004784261024207738,0.04209678024655179,-0.21326322303333645,0.02706682996879974,0.08043248002282305,0.13889327843305976,-0.28797225968084184,0.014249200796827422,0.012195737804214492,0.0944092960485152,-0.399179771599431,0.012133765900257913,0.09314895910400786
2026-04-13 00:00:00+00:00,NEIROUSDT,0.2391972518531913,0.8923155563948107,-0.014235365756818039,-0.027043241730643836,0.08648842653064878,-0.0005314720968755841,0.5090532992690089,0.12277201620554497,0.04441827059494206,0.03410122819291036,0.23795345879107782,0.1187571952556592,-0.031354817124305656,-0.0639457360424407,0.11465973059619428
2026-08-20 00:00:00+00:00,NEIROUSDT,0.30632727272727256,0.7046457974531312,0.13770175152180325,-0.01732625097701771,-0.03882713369558961,0.001400166308757876,0.013230668647372781,-0.004326860323375726,-0.10020899380050077,0.014653855072998148,-0.021203500116595803,0.02029344284139854,-0.10140740031685888,0.012205366543644089,0.12461342130738755
2024-04-08 00:00:00+00:00,NEOUSDT,0.4111305928956426,0.8984950268653492,-0.0750415830216582,0.0166952300166746,0.019458075148300023,-0.01098292674892317,0.0753175326042827,0.06346054416567762,0.014563073081466111,0.03983590706526269,0.3049232191619964,0.12538409956417382,0.02441782570901308,0.11762241984092067,0.06444015889314557
2024-12-03 00:00:00+00:00,NEOUSDT,0.44789762340036576,0.9080984393856509,-0.0660679137152349,-0.008240669051971548,-0.0047847585338465105,-0.012160321327319512,-0.11420028303157972,-0.03849276481488687,0.034989600760779914,0.011644490820531423,-0.15450200290762317,-0.0931390930436895,0.08593462794069281,0.04152967200465581,0.17482925388597198
2024-03-07 00:00:00+00:00,NFPUSDT,0.2607689340362609,0.633880975830525,-0.016596374556776716,0.003947185552219454,0.04754597720705665,-0.007422027177835136,0.022892871997404553,0.03656178873488852,-0.018990171190356488,-0.02675087679703909,-0.08929072539298798,-0.04499388500376185,-0.08338578471578392,-0.004295773591319868,0.06699992020226023
2026-05-30 00:00:00+00:00,NFPUSDT,0.22954303931987252,0.5296420227906375,-0.129010551973696,-0.0064550329945389645,0.010623838819765878,-0.037920856144432316,-0.2245263798741776,-0.043960414628881526,0.04299786527438721,-0.0950355338125494,-0.22560092509222118,-0.08542686668526218,0.26116820228760346,0.021444943352192807,0.018020547326670668
2026-07-01 00:00:00+00:00,NFPUSDT,4.289675767918088,0.4604493423962669,-0.34227242503792504,0.05163468721701413,-0.020993318582032468,0.01380382737564497,-0.37108505830406485,0.03479193502411042,-0.058135326425308845,-0.053155272751115645,-0.2985066090373143,0.033380502674096306,0.03755906324255685,-0.03573626686212878,-0.00349463691821158
2026-02-06 00:00:00+00:00,NIGHTUSDT,0.22978235967926675,0.41469068159474576,0.011805316526216813,-0.026570150164891226,-0.023684026712828626,-0.037206470099524096,-0.076523158662683,-0.02986426513829573,-0.003882767753579995,-0.0034177237539572925,0.035616650322532646,0.021094466235598446,-0.16081151563923324,-0.025674847751292168,0.1262386524412398
2026-07-21 00:00:00+00:00,NIGHTUSDT,0.32858707557502753,0.2867722789659481,-0.09973689394515489,-0.013467184387067326,-0.011731577456852018,0.01782420634154018,-0.1893127709054524,-0.0451745615159424,0.001994436257856854,-0.0211707423236328,-0.2580458232882048,-0.04423075238005745,-0.017643304247956636,-0.024248156176397924,0.04103755908079958
2025-05-08 00:00:00+00:00,NILUSDT,0.2236981934112645,0.6805645194327911,-0.06131340445347617,-0.015931158752771686,-0.07149097780517052,-0.015953656729100596,-0.0008786637157863833,0.00024659350490408016,-0.1621973880560793,-0.06521725677813342,-0.09473724884935153,-0.007678204008763434,-0.13525355652012483,-0.03784538853280111,0.2140552251794583
2025-11-15 00:00:00+00:00,NILUSDT,0.22676579925650575,0.7800607021207121,0.16753611237025035,0.028896342956361794,-0.024514970052673685,-0.004145441136203819,0.18762579351433978,0.0574025374819959,-0.079099013550427,-0.02219740473169643,-0.5806522155359979,0.08207944472277186,-0.046326789703533613,-0.23860621586627687,0.022417242565007676
2025-12-26 00:00:00+00:00,NILUSDT,0.23721485015655275,0.5817739037489498,-0.1035584076996795,0.0012055425848649145,-0.03893894818336482,0.018388573277226428,-0.0897192841316794,0.016133154996513126,-0.043416756365042705,0.021037742503884897,-0.127869266839797,0.07914848318253669,-0.10738872004603177,0.003993424311259097,0.029441945710311668
2026-05-07 00:00:00+00:00,NILUSDT,1.1125858123569792,0.5328672002509431,-0.15562699275308772,0.010815284337375192,0.0038275965048430033,0.005186283565417408,-0.2962854446224492,0.01695497951095274,0.16793433690512066,0.005163228190931053,-0.3889820617587567,-0.002449710012575354,0.1951250920569155,0.09252269506541738,0.012531567331168069
2026-05-20 00:00:00+00:00,NILUSDT,0.2780840144459229,0.5685001730060779,-0.18987436219939186,-0.017891091775501862,-0.0729123640067335,-0.0057365611764173844,-0.1583241237401307,-0.056549203608952936,-0.16314889280418765,-0.010680673202496938,0.0456403006825033,0.015403723489650255,-0.7137919723338416,0.031122852168160426,0.08723197393353495
2026-08-09 00:00:00+00:00,NILUSDT,0.2243831640058056,0.5090280843934596,-0.08267171647338038,-0.02063435644831691,-0.11811291589403425,0.00308421379897549,0.03191334986875953,-0.022521464641368543,-0.12564715465073745,0.0033928172305414035,0.16318581173013266,-0.041422892849306545,-0.24476665809981898,0.015787109885826905,0.0367155811839545
2025-04-18 00:00:00+00:00,NKNUSDT,0.21639150943396235,0.8980867067526942,0.021983164923106334,0.2570785439003641,0.014002837237659854,0.014382108331087811,0.26745407968906426,0.2798816041236778,-0.05890291821251883,-0.016285480715594235,0.4338652305492372,0.3631400668787097,-0.0972291475992227,-0.08038615245874112,0.09377423546618738
2023-09-02 00:00:00+00:00,NMRUSDT,0.7728937728937728,0.7061657517763865,-0.016596355934682776,0.00244817830837823,0.01083619531986807,-0.005113623726813311,-0.424904878629952,-0.004875703489544378,-0.005660365446988775,-0.022547555381057013,-0.4968621982084884,0.024701416284789543,-0.03687978517992947,-0.032265696171602014,0.029229771109943282
2024-03-09 00:00:00+00:00,NMRUSDT,0.3259052924791086,0.5823214346533803,-0.133469556863949,-0.018872873293744506,-0.03330715173074379,0.0027974085499542787,-0.25645544833924194,-0.07796035493511906,-0.05477812278332239,-0.0062748285292066695,-0.3511957799248375,-0.11376355646806147,-0.10959093831552984,-0.03548536120271629,0.1261216902528996
2024-08-19 00:00:00+00:00,NMRUSDT,0.2932759904060873,0.8734343455087347,-0.020534913807229677,-0.0066608523341587875,0.029065960048843698,-0.01622537463024044,0.05767761335902845,0.04676842021449627,-0.012597695321585844,-0.005245418659182537,-0.0080297154938593,0.024931074814990094,-0.017112045809799893,-0.03921110830729277,0.04734398113168799
2025-03-17 00:00:00+00:00,NMRUSDT,0.30013121794107134,0.8938164264926624,-0.036992013566994185,0.02230920448428403,-0.07847954262372765,0.012100745661525641,-0.06252825874797438,0.006980282397187497,-0.036807452597269544,-0.009355141838892075,-0.2007261928167384,-0.007449918170487869,-0.03172387007048657,0.01509624005723107,0.04709769300642748
2025-08-26 00:00:00+00:00,NMRUSDT,1.0141781681304893,0.8908964926305142,0.17349949362380862,-0.0006767460729066842,-0.0020766270103626653,-0.014962591737895973,-0.06117110001787229,-0.009371291311689666,0.03932102654596155,-0.00521731782531464,-0.22543924469993934,0.019349936886126583,0.03893626522341466,-0.014246515346494126,0.04929061735343634
2025-09-06 00:00:00+00:00,NMRUSDT,0.3745134672271524,0.5728164855602808,0.10292078645935726,-0.02355593993082923,-0.004092104770309692,-0.012810531150317684,-0.13600329138298578,-0.03502040813497728,0.022407647305713204,-0.004896558246719103,-0.1296635928810221,-0.09467244524257211,-0.013816777008884331,-0.05913411564811284,0.01988768793530949
2025-11-20 00:00:00+00:00,NMRUSDT,0.28758809710258415,0.8642474876259504,-0.10199688950089994,-0.007956461323526615,0.04310935716753946,-0.030127960220907274,-0.08104653893458076,-0.011446451669049796,-0.034437328656896235,-0.033401549414155386,-0.11447869417114034,-0.007081125119225396,-0.0414114020649061,-0.04457353670132913,0.0165164651688265
2026-01-24 00:00:00+00:00,NOMUSDT,0.21269177126917715,0.8026766259541297,0.0673336754809454,-0.06318089350134963,0.016587386655383625,-0.0035198243364517948,-0.15239529118496883,-0.10341356422818078,0.022407596135201727,0.006490724282492258,-0.2151898415974742,-0.11434291307557476,0.14508432219133932,-0.015327775768155008,0.1012065480661584
2026-03-28 00:00:00+00:00,NOMUSDT,0.6554487179487181,0.694511252719017,-0.15171054510061166,-0.017397311203428342,0.026393101554683017,0.004444862604321804,0.42251587285192943,0.013605115845685328,-0.03275390720724969,-0.004933349139724399,0.7957554281826399,0.007286768149870717,-0.05777712589270882,0.011744158284439693,-0.007053354470932716
2026-07-01 00:00:00+00:00,NOMUSDT,0.46487294469357243,0.695993777632987,-0.04433337146138554,0.0425904819225771,-0.08264784529374881,0.03588756700100351,0.0020196089843319553,0.04421431473436218,-0.04026111849521954,0.022661104920464154,-0.1018212891659479,0.016572054905368373,0.06990246094208127,0.01884369558251794,0.025170192236947653
2024-07-06 00:00:00+00:00,NOTUSDT,0.2858548101514855,0.6179986165949305,0.10966373802156476,0.04368839157314405,-0.049235670393140904,-0.0026099083458923063,0.17057035409631127,0.07429453732065014,-0.01469391710987088,-0.007571034649455149,0.0486713864837298,0.026187709232769217,-0.08426433990948935,-0.013585097316006451,0.10568041907355796
2024-08-06 00:00:00+00:00,NOTUSDT,0.28169161519941377,0.7516518632049716,-0.11221427832464392,-0.008032862526045747,0.011065928807460611,0.014223997003975902,-0.11730640816088102,-0.011352826289026657,-0.029721417015322393,0.005433921156454262,-0.17700061984132343,-0.0006592056837270363,-0.050109974757955734,-0.013743716345357116,0.1133586542225538
2024-11-09 00:00:00+00:00,NOTUSDT,0.22544464028200606,0.8239310841598163,-0.0655401608890188,-0.01817214875779999,-0.03026672288219383,-0.014708393964341487,-0.07376242274843409,-0.0022458096657279325,-0.0064545199088519994,-0.0007766397513338907,-0.09894292534617105,-0.008523958770256423,-0.026020783294103768,0.01137981377150227,0.1015345044364349
2025-11-07 00:00:00+00:00,NOTUSDT,0.27942304741445456,0.953315535423919,-0.026807740452484463,0.015686067408144648,-0.004430976769918158,0.006604472979541693,-0.065808046141946,0.011290610852365605,-0.09702314399050609,0.005458022913386554,0.009147027199977821,0.01865593375781228,-0.0828693413502249,0.07365253222064039,0.13139246878568583
2026-01-13 00:00:00+00:00,NOTUSDT,0.22941381716678322,0.7960604672589869,-0.07511773506701579,-0.030192841395574477,0.06698965213606145,-0.01098846739166898,-0.06827887628059802,-0.03896408619420589,0.1688150171764481,-0.04733085751759523,-0.12924617620727197,-0.040768026016746374,0.43554406794748585,-0.055409447798014135,0.11285958643911256
2026-05-07 00:00:00+00:00,NOTUSDT,0.2672035139092239,0.7625655815030095,-0.10081973350026148,0.012407892483633892,0.01548667028636419,-0.03294838976140747,-0.24187888034774468,0.0014599950831362674,-0.0123672144669319,-0.04186914249324279,-0.26169456333090707,0.01879643379429062,-0.002103054435169521,-0.03512177867908675,-0.010027690057609595
2024-01-04 00:00:00+00:00,NTRNUSDT,0.35961880825217296,0.6083110431973255,0.12502604162643793,0.005432322339313155,0.16038492578531194,0.07468940185321901,0.1803015614242679,0.01698386886831008,0.09010508801927847,-0.03166679063050693,0.0861111939573807,0.018552323263174637,0.08234425769976744,-0.09738813256963016,0.04060207256031845
2024-06-29 00:00:00+00:00,NTRNUSDT,0.22695738354806738,0.767867916667729,-0.12648187692041324,-0.006194310086035848,0.039023989566792185,-0.007791742674914839,-0.14338632029809983,-0.006886348381812771,0.082138674035458,-0.0010294568031778723,-0.16151323928115185,0.014623646317381065,0.18668821433699545,0.004682482458859533,-0.019066728868627657
2024-12-03 00:00:00+00:00,NULSUSDT,0.2179401993355483,0.8990342257335626,0.0267020200665994,-0.0019522355333702556,-0.035913100770811,-0.029027070883492434,-0.04101266111750003,0.0274301398477323,-0.017691002167907522,-0.07843163570878528,0.014902738937411064,0.0010436124086489224,0.04441131827606533,-0.09750331389648495,0.10472914532234445
2025-11-18 00:00:00+00:00,NXPCUSDT,0.21465682253213014,0.904511901693873,-0.04292809055834988,-0.010391980462369863,-0.05809770089099355,-0.01355029097449808,0.06352701861670063,0.03327150849180344,-0.0020357138390792754,-0.05562882949552446,0.06038873974368744,0.025270112381008875,-0.05895013601197745,0.0032001647394282714,0.020214321280460988
2025-06-21 00:00:00+00:00,OBOLUSDT,0.27605928790075707,0.32042285120142416,-0.06842828082580826,0.0005061407766434267,0.07005136385631469,-0.004224648523594105,-0.16905068863357858,-0.027842023935678202,0.08357865874802414,0.022497463152934247,-0.1566763315263614,-0.033617915047509994,0.06423299658338841,0.0508145509932393,-0.036234865618294386
2025-07-26 00:00:00+00:00,OBOLUSDT,0.250750628905299,0.4248956214184047,-0.3326443179616188,-0.020287782850740677,-0.01360361229869098,-0.006476737430165242,-0.13865454428344817,-0.03431326845926125,0.035726841616287905,-0.019120576674930584,-0.16328897367741987,-0.007883212294681427,0.08074917833710911,-0.028633799147710116,-0.0012260422284447793
2025-09-13 00:00:00+00:00,OBOLUSDT,0.3441631189782657,0.5345170497862338,-0.12230960776065963,-0.021948996823418034,-0.0235747029765619,0.006991427922519414,-0.265975341238369,-0.033863678120117945,-0.007941117718604038,0.012182340696192673,-0.24229256636911709,-0.05129352234231741,0.002642476336593866,0.02378535407734743,0.06971871486657262
2024-02-17 00:00:00+00:00,OCEANUSDT,0.3074916138650765,0.8608889363722401,-0.04165173644949039,-0.023301221199606675,0.02310986710208938,-0.012718340496304336,0.002611257895138719,-0.005437284870035704,-0.01729127749421569,-0.021143948769181343,-0.04410047049756429,0.0027697273423292245,-0.039894899196518105,-0.02310862577372728,0.009558539327017857
2024-03-01 00:00:00+00:00,OCEANUSDT,0.27607507721549074,0.7067210257301682,-0.04128087917990368,0.018091459339906073,-0.05465057798072426,0.023566686759549853,-0.0560692289830053,-0.030267855638509984,-0.05082319383938414,-0.005903805439369356,-0.001912621803860079,0.11123822131906806,-0.1173280492942099,-0.04425693230130915,0.11470130297033312
2024-06-19 00:00:00+00:00,OCEANUSDT,0.22252586375170802,0.9236191807450476,0.04017774844504111,0.02760198383757666,-0.008159938314753297,-0.002352076168670493,0.0013479017590804013,-0.0002966021186215393,0.009097096162362681,-0.003729720426838227,0.13825709177726175,0.050444224566465176,0.028289505396181847,0.012263260445322175,0.11980142979737654
2023-07-23 00:00:00+00:00,OGNUSDT,0.6312997347480107,0.9378986439263961,-0.15351578419219752,-0.022656748359969316,0.033338474648222545,0.0017513656422682544,-0.04768397980469613,-0.025638355022595993,0.055393759718218985,-0.014340616464445838,-0.07099233931736107,-0.01677637681947222,0.09133357141077644,-0.003344669606788686,0.029726103684713977
2023-09-08 00:00:00+00:00,OGNUSDT,0.27374999999999994,0.6532669223366081,0.008679442003263713,0.0014923636649524,-0.013662445052303246,0.02132429456067661,-0.013308237509827963,-0.03100373902704074,0.004051641570726865,0.0017369207376446206,-0.030108077729089175,-0.03735369734467332,0.03671894390861983,-0.006942878526276272,-0.005576928156542904
2023-09-30 00:00:00+00:00,OGNUSDT,0.24190476190476184,0.6047624540125118,0.033423716175953806,0.028335107383855262,-0.005327423758206713,0.014406506361775559,-0.057187718922870404,-0.00808623071242831,0.0308950156798009,-0.009750286908821636,-0.06996969212507195,-0.0057664467732807066,0.04466946465988435,0.0035380627512442615,0.02782537583429324
2024-05-24 00:00:00+00:00,OGNUSDT,0.21778711484593827,0.8651387905723439,-0.15037800963001507,-0.010096797329967941,0.003159502819727506,-0.018419466008486016,-0.20931991815059084,-0.016236470201542556,-0.022531261163251957,-0.03072721383230349,-0.20648359616726755,0.06603604538404499,-0.062430847166916895,-0.07709921936289585,0.025825693467840593
2024-12-27 00:00:00+00:00,OGNUSDT,0.2994505494505493,0.8732099943501916,-0.05544168446872587,0.013592140736119867,-0.052478390482557494,0.03113220655186178,-0.1025718046135506,0.014573957767590212,-0.04863053805833889,-0.008170020338692624,-0.16514520692014506,-0.031622351638592575,-0.08165635557911338,0.036466546831653866,0.021706838097761104
2025-08-08 00:00:00+00:00,OGUSDT,0.30444806075400055,0.49264160110554567,0.0888358976992724,-0.0159537239706615,-0.029842699909452264,-0.005215266364936999,0.2895698927057429,0.012625276423807869,0.057156852008331746,-0.006981618981247839,0.4937856021265074,-0.02647693744926255,0.017772187047598552,-0.00046660863939665257,0.01675360907130905
2025-09-09 00:00:00+00:00,OGUSDT,0.21987967564739752,0.404066627577647,-0.0138835911673276,-0.029299509275501973,-0.0027731118168797197,-0.012115399745833585,-0.43926472463007976,-0.05985620008764044,0.13094998736759936,-0.05783548712139932,-0.3685174289561261,-0.05301759552227157,0.2727025247815593,-0.045133858126722395,0.059816305187203336
2025-10-05 00:00:00+00:00,OGUSDT,0.24252590770148363,0.31445914493868654,-0.04869328898050533,0.07281606952754405,-0.0073857813644748055,0.015327541532587289,-0.024582081734633936,0.08636989529717284,-0.019024419177300533,-0.009812550237921996,0.23508509351163032,0.06760122647357882,-0.017094765784571385,-0.026850412740167973,0.00647800272212512
2026-02-03 00:00:00+00:00,OGUSDT,0.2137049941927991,0.2435799542622036,-0.03189968377057546,0.032378262296315234,-0.01261553531223133,-0.016565651040479662,-0.0699657803341739,0.030489875716386165,0.06182725855711466,0.00492204660976211,0.2486067356991426,0.21275605682803658,0.027247245700527056,0.04436252377236998,-0.008626913487419952
2023-03-19 00:00:00+00:00,OMGUSDT,0.5821823204419889,0.8668716066558609,-0.05752123192076522,-0.01573359871673373,-0.005951347985890899,0.003599163040677958,-0.1505087046078049,-0.022015915077175437,-0.001462306709787696,0.009446315560903588,-0.12661786747524045,-0.015039401117540005,0.0026135187817933753,0.008722227051065666,0.08397388018078011
2023-06-24 00:00:00+00:00,OMGUSDT,0.2756443079023725,0.8702769475916124,-0.07469043742488238,-0.03866855006601178,0.008770324974130436,0.005559945087095536,-0.14948934415032786,-0.042215111819383415,-0.013953455676625426,0.02265150621385597,-0.13912862581146895,-0.042422981678893565,-0.11302817277596897,0.04153678290700834,0.03439975218432447
2023-12-14 00:00:00+00:00,OMGUSDT,0.2834526431718061,0.76984771129402,-0.06963010636169875,-0.007871596930496248,-0.015516184910903879,0.007598453543862621,-0.1155762856557333,0.009986338462729092,0.07353434103277609,0.03066496114007018,-0.14445349600639112,-0.00665564446164571,-0.004105296928789204,0.03887426079389998,0.016882737662025728
2024-09-15 00:00:00+00:00,OMGUSDT,0.4403086699954608,0.7647113588314156,0.05378340356620004,-0.02204596962396201,0.031318275794905086,0.0019578926558586514,-0.050729135361597205,0.019637010134987844,-0.061194874337134664,-0.01655628033199235,-0.11092278705729469,0.048349251157546964,-0.1138295365068823,-0.02389375539882386,-0.05124027171899577
2024-11-27 00:00:00+00:00,OMGUSDT,0.20997304582210252,0.8492473644284347,0.11793654774495904,0.008645109396724578,0.0074692324123945605,-0.010990779835855355,0.08705687490451783,0.008409309786074015,-0.014880041100275868,-0.030070648137670613,0.143557090044833,0.13094270942356775,-0.14522832700852367,-0.010696622692043523,0.07447247866157573
2025-01-17 00:00:00+00:00,OMGUSDT,0.22561492790500415,0.9043408694212068,-0.01339617808408923,0.003184416860461342,-0.058686286087037874,0.02539553951112387,-0.09312486304511444,-0.005652316250488019,-0.12391267624454852,0.04791707803298027,-0.06232132698612972,-0.011397880424045052,-0.1386383310679947,0.03975674774177655,0.07709924138654575
2025-07-10 00:00:00+00:00,OMNIUSDT,0.5448592010478062,0.890609335307096,0.32863586917179655,0.014836722245412003,0.024481820058208058,-0.031269474372272385,0.18503737154462405,0.04877829501212943,0.0003399026410712713,-0.035122915284044584,0.052796215983938466,0.057598403055659185,0.017560155336728483,0.02328141627082639,0.11798280340016305
2025-07-29 00:00:00+00:00,OMNIUSDT,0.9972408356326372,0.7224050097590882,-0.04196449283524817,-0.00764543222048171,0.005706774655266328,0.010957558900823162,-0.06849080232974387,-0.03111488801903295,0.018626797272766994,0.01483156342857377,-0.16688494539181029,-0.028570146641208705,0.5117397913883587,-0.0007390709912152626,0.012930394420677005
2024-04-15 00:00:00+00:00,OMUSDT,0.22801470078357955,0.49091658806811633,-0.13320744947215077,-0.008541195332358437,0.00520931048902126,-0.003064193218890808,-0.27359712565036,-0.0160743195872969,-0.02697518518152923,0.018372284800446326,-0.3317241570419957,-0.03456155043151711,-0.09205504123597555,-0.004821565452414009,-0.05333337733557382
2024-11-14 00:00:00+00:00,OMUSDT,0.2124958644399373,0.5483934065541616,0.31779861440500334,-0.004253333304185408,-0.014064939939299631,0.00927819458258675,0.8091544126049574,-0.028700527790664003,-0.03765128071485052,0.031173560822663766,0.7245988474356521,-0.06201005178985445,-0.06299660322194928,0.050737237818782,-0.008995438687907443
2025-01-30 00:00:00+00:00,OMUSDT,0.21198511374312812,0.5192010889150348,-0.05352270575390538,-0.011928349971724502,-0.01913258641831677,-0.0044955205132094275,0.14624795575984223,0.005897112914542599,-0.06343801353295483,-0.03236883992554197,0.4054818993496682,0.007620798682920071,-0.06000309941052888,0.0004913034414011141,0.019081984058692835
2025-02-14 00:00:00+00:00,OMUSDT,0.20630045284504828,0.4588125167955329,0.06571931668356445,0.0002060063448658514,0.04002343391121397,0.0013307811303841523,0.051738285189647557,-0.03887446584210292,0.08741031424092655,0.005077418910284746,0.10016617750972988,-0.09874135882212268,0.1204845535042561,-0.005907369945693861,0.05384643382378025
2025-04-15 00:00:00+00:00,OMUSDT,0.3424142158921044,0.37789883773541944,-0.0881313961872975,0.0024102937142843083,-0.02683763455354925,-0.0010142874409580405,-0.22522827250769867,0.002306452283768374,-0.10024004940137705,-0.09380246826784151,-0.5194257207692881,-0.007336581255717819,-0.1386697407527637,-0.1303058301382232,0.0014989791843989409
2025-05-10 00:00:00+00:00,OMUSDT,0.22772949129538267,0.3873946041490536,-0.04977354430623067,0.007685427829476138,-0.0432731414144621,-0.017496335827798304,-0.03714491460728175,-0.03183562193208096,-0.015355145217378855,-0.03833695399562246,-0.02295710522327418,0.00801434215625262,0.0358663698064951,-0.02620022521125568,0.04732885755114015
2025-07-20 00:00:00+00:00,OMUSDT,0.5193468832383707,0.8710380464672071,-0.1127522072839839,0.001608892969175013,0.012603653369915379,0.00907052118214126,-0.18792428903755803,-0.02695457532058853,0.02108460545793327,0.03039525839330387,-0.22989134622190543,-0.025275454410451436,0.14018857768762044,-0.00198356956111585,0.03882400983051344
2025-10-13 00:00:00+00:00,OMUSDT,0.2730348081545446,0.9466633533712475,-0.043384405384115206,-0.0054422308362394155,0.10753258118910261,0.004698044014034469,-0.027687736526027684,-0.007947793573996277,0.09842098217188257,-0.016447222307958642,-0.04195403576456332,0.0866818793257461,0.011767653572241743,-0.004924878195048342,0.062347594220991585
2026-02-13 00:00:00+00:00,OMUSDT,0.23272490221642772,0.8508917590443656,0.11778718053604981,0.02006895601209437,0.004076663633578894,-0.03343090814768185,0.09461620126475012,0.0242556935197858,0.05782855091580835,-0.0207265258862399,0.20080289540214022,0.016304974462694296,0.10319361684847583,0.062341849354711695,0.052988605478815655
2024-03-20 00:00:00+00:00,ONDOUSDT,0.2870569806148422,0.5034228057024012,0.06505576524249032,0.053450271093650525,0.009976851484781947,0.005391503001504814,0.00950589335407967,0.07694558027319057,-0.003682369225468069,0.011062869144952869,0.1322781852051101,0.13956838338024619,-0.03648385274510113,-0.061955960409883847,0.14834208671067378
2026-05-08 00:00:00+00:00,ONDOUSDT,0.2806469920544836,0.7188526161756674,-0.11827441121454307,-0.008991698186053007,0.0017623815781302303,-0.010244889488471387,-0.07699817687638368,-0.013912634948045377,0.017921555740488364,-0.02206278206332644,-0.17350875930409843,-0.05842565905398933,0.050261503073085766,-0.023015392519527497,0.0511442727600774
2024-11-23 00:00:00+00:00,ONEUSDT,0.20879120879120872,0.9250382452482422,0.12134618170524011,0.06231932547567898,-0.029776504412645167,-0.005282977245230997,0.06739165710028634,0.03997224431361349,-0.04182873664019905,0.00780813382457469,0.12806742640507535,0.04857867248030312,-0.10569198695232104,-0.015726057988197154,0.09579418331334424
2024-12-06 00:00:00+00:00,ONEUSDT,0.2468671679197998,0.8730243193910499,0.1462270479547373,-0.015859328432914134,0.0002161295407506935,-0.012766836338794805,0.018269458515686177,-0.0626573433738674,0.012886693257214654,-0.02267662596386669,-0.04903902092676157,-0.05715612037748415,0.0692719134150064,-0.017178787584676187,0.059758172105510154
2025-11-07 00:00:00+00:00,ONEUSDT,0.2536082474226804,0.9720377141090427,-0.01211011942845485,0.006897089132112573,-0.014421271133528377,0.003949116452565225,-0.014326236720158318,0.006094787301319758,-0.09278250043299019,0.0009563348656085963,-0.0077886857509563475,0.013304045334510845,-0.1031969764082143,0.051553466899998804,0.14248426530827854
2024-04-11 00:00:00+00:00,ONGUSDT,0.37490403071017275,0.8875956128386042,0.0894252475662879,0.06606062680581345,0.026414694747265564,0.013953450868644673,0.1113353760115403,0.044196349000214324,-0.008679988859158516,-0.00976811409492592,0.46951411899500084,0.08607919174960821,0.0031397665381966864,-0.016495891953347202,0.025471480874042468
2024-12-03 00:00:00+00:00,ONGUSDT,0.2100985221674876,0.8707896543408487,-0.001993287153630253,0.025833860144106935,-0.035913100770811,-0.006285425599316932,-0.07815968997418413,-0.04828187659269345,-0.017691002167907522,-0.013299467612260338,-0.12151676602142311,-0.061067037151047145,0.04441131827606533,-0.017082355074718454,0.11205553400477389
2023-03-17 00:00:00+00:00,ONTUSDT,0.23109640831758038,0.883014209739003,-0.04828226461205501,-0.01393409005289659,0.005817629122313553,-0.0008241975213112054,-0.0649657865476332,0.09187528835730299,-0.021195978355490884,-0.003485798453064991,-0.07862961395649849,0.08277095594264952,-0.046442978782463645,0.013303963902599737,0.08568991497460124
2023-12-31 00:00:00+00:00,ONTUSDT,0.3572009764035802,0.7821603515742782,-0.03421025081997934,-0.011264663340415126,0.00948277240695438,-0.01794014040739999,-0.12925871916017723,-0.014656858526722494,-0.013030645651256046,-0.07459430617919313,-0.18132528292296193,0.008505505490664433,0.03403523082767792,-0.017134248078932223,0.007106597158559549
2024-12-03 00:00:00+00:00,ONTUSDT,0.2715850515463918,0.9196531998124877,-0.007311095963214221,-0.01607603450714858,-0.008394510279116082,0.00123150842150396,-0.06538119853447624,-0.07616521561258818,0.021328102708114922,-0.026987707876419333,-0.11798572641299294,-0.11539522267695049,0.07721439487814792,-0.0718164027169667,0.2173738711200945
2025-08-25 00:00:00+00:00,ONTUSDT,0.223918575063613,0.9248060258359706,-0.09082182222451782,-0.014902220548962333,-0.019947293953545723,-0.013244247371972166,-0.17139210923287979,-0.01789207639361945,-0.017907442509193544,-0.023784143546554275,-0.21342721431187484,-0.025461760027297463,0.006673887276964973,-0.03470125724227913,-0.049217596166041135
2025-12-27 00:00:00+00:00,ONTUSDT,0.21132075471698109,0.8970171233392221,-0.037415708008845104,-0.003276532851121266,-0.0062778123402981445,-0.01739720099617163,0.11555278592695054,-0.016865903375181724,-0.040095975633310486,-0.055044289899578304,-0.027651939266561024,0.026358151504381484,-0.3116545699530572,-0.23079352002952355,0.04698423816102677
2026-03-24 00:00:00+00:00,ONTUSDT,0.4214285714285715,0.9007293461132371,-0.09404255903366886,-0.001798447488682245,-0.005005636357757302,0.03127502233506445,-0.24768332525049974,0.016328550958504346,-0.08301852922446284,0.00958783213954823,0.21201127933105812,0.034644511894718996,-0.04642830471656998,0.00265403297319588,-0.0025698015020421128
2026-04-13 00:00:00+00:00,ONUSDT,0.9496562172240999,0.41550587746676315,-0.06088145739916339,0.05416625506302684,0.0076322319198723395,-0.014756514419727574,-0.22908211555858657,-0.003113388281354859,-0.04743310923730996,-0.03846248822788408,-0.2298856459705709,-0.0395185414036686,-0.05682425462404854,-0.044446489124406324,0.012802974808394919
2026-04-21 00:00:00+00:00,ONUSDT,0.23752810860331475,0.39886516624902607,0.07106035497171931,0.03649390334948334,0.015127648414859146,0.004511039510510007,-0.08631398511332593,-0.0027072678460625414,0.024655171545351923,-0.05109722536108748,-0.21965663154878895,-0.015609648957040515,-0.04492910129774743,-0.05732845638396013,0.028462042229808304
2026-05-01 00:00:00+00:00,ONUSDT,0.25102844638949673,0.3902603734942162,-0.06950017206932835,-0.019729441262381527,-0.018100715395870208,-0.011841988014195896,-0.05028541401296825,-0.0736045100734212,-0.033553238925023376,-0.009352480029600877,0.06913384367264472,-0.03180606627625858,-0.06818635820045242,-0.037469783482543054,0.06000804440891176
2026-08-06 00:00:00+00:00,ONUSDT,0.38560912771439093,0.3571379013565956,-0.14059681784430678,-0.02618293479364551,0.017029627875204498,-0.008277673097540425,-0.06763630434707082,-0.05516798693954421,0.0028979389144110452,-0.04566547693669844,0.07974047225335318,0.06865127059912103,0.044933530339380134,-0.0432740863078996,0.016518845734210676
2026-06-14 00:00:00+00:00,OPGUSDT,0.7135621834552617,0.44643638037437067,-0.6198562592251308,0.0018426687544572536,-0.0075602820026738765,0.007805476277674285,-0.6620366412078452,0.0012524707188721397,0.01807195531189082,-0.03060119275102468,-0.5819084230802971,0.03540491677282065,0.010299188344457574,0.012580292869739778,0.01732248378955905
2026-04-16 00:00:00+00:00,OPNUSDT,0.20000000000000018,0.4763137872048075,-0.02968330166223424,0.03556878007194338,0.04311262595907836,-0.029080373690980044,-0.15158566796443854,0.03703141645001823,0.1594498038685735,-0.01216783248897655,-0.0999273997304043,0.03291415484772665,0.1812335910655669,0.08290469726601159,0.05297660572796721
2026-04-24 00:00:00+00:00,OPNUSDT,0.2675977653631285,0.5366654991226044,-0.10802694615328033,-0.004354704452557229,-0.0284430449015576,-0.008978686311510485,-0.1829374463793797,-0.014963902068173541,-0.08795369513486195,-0.028529582775912183,-0.26469133806458744,-0.019360873488338887,-0.027585461100253263,-0.00908895210693942,0.03664571312393824
2026-06-03 00:00:00+00:00,OPNUSDT,0.8976705490848584,0.6978605073130724,0.29495333915912897,-0.03600465821436619,0.04902904938412996,0.03181540921742145,-0.2833553898670077,-0.07986688712534802,0.1277435845032054,-0.008412777609628828,-0.6023020661419174,-0.07981084425605203,0.13004660443953509,-0.01183927491419836,0.049877815059261185
2023-03-12 00:00:00+00:00,OPUSDT,0.24417555590935613,0.7516079317863706,0.07191757423820204,-0.006149635486382421,0.01955121514268419,-0.002849183563663988,0.011633937190117474,0.0458861661658488,0.015609005680348254,-0.0292700393406493,0.01811968181299932,0.07761915240292654,0.013236887396217206,0.023111445804690676,0.11830902552860603
2023-12-07 00:00:00+00:00,OPUSDT,0.26843640606767805,0.7522222715923487,-0.055440451467935775,-0.03940217051313682,0.015650228828424515,-0.02031690270984219,-0.023836566644120552,-0.05150132070032901,-0.0027981961111459954,-0.04020101035022638,0.027252662562806673,-0.059636450073194514,0.025289213851821722,-0.05742120475240551,0.0779602551203846
2023-12-22 00:00:00+00:00,OPUSDT,0.37521794262165153,0.6528244051270434,-0.003284192694601642,-0.020969069761542482,-0.022182556768697254,-0.028001905715735787,-0.03875694772659527,-0.058059237765229366,-0.029696837079944326,-0.043761645382417814,0.09780399198532297,0.023305402514805833,-0.017318677665297787,-0.027238934022155402,0.10775354459322288
2024-11-21 00:00:00+00:00,OPUSDT,0.2638981509548348,0.8851214231511906,0.04142215374094747,-0.010628203248560638,-0.01909593909601841,-0.02734370177791373,-0.08964098697420485,-0.023716331678139885,-0.07200836167131047,0.036835471870932626,-0.04028175165322659,0.11369339837458452,-0.11341481121558528,0.013884905354629487,0.10157315838000018
2024-08-06 00:00:00+00:00,ORBSUSDT,0.21362372567191867,0.7646347594528822,-0.03794392688835334,-0.0003433448604048289,0.015607751384608246,0.014583735632251469,-0.1085253906185916,0.010756756856380622,-0.03620560848265365,-0.001065881918005035,-0.10206062155721,0.058989245294087334,-0.05064244774178388,-0.034227243103763114,0.06185630187747988
2025-03-21 00:00:00+00:00,ORCAUSDT,1.0166987797045604,0.8958186205605434,-0.1136972202418041,0.024199319297184243,-0.0948660052156817,-0.019308814217435917,-0.2823035108704537,0.02773597360091138,-0.1819622618228674,0.01861119112255808,-0.1665979015233102,0.062027443259771366,-0.1490517993889169,-0.06735804887215009,-0.018146694275715892
2025-04-11 00:00:00+00:00,ORCAUSDT,0.6222570532915361,0.5225881725840378,-0.11419788259913295,-0.018177144663574566,-0.04272836274039445,0.004856915378494109,0.06602165199631138,-0.020840568346558685,-0.509566639193775,0.045645571223303046,-0.19038411237155167,-0.057060989266199416,-0.4900636209091509,0.04212145553549187,0.05458790720156759
2025-11-27 00:00:00+00:00,ORCAUSDT,0.27463503649635035,0.9211152445694338,-0.03448026695242774,-0.0037745026048499318,0.010668366869831653,0.0012132263851946004,-0.009488262409559578,0.010785513539500613,-0.03166100511827367,0.029557143500921878,0.04800816930702961,0.02111999584610464,0.038924563809935905,0.009165960924541337,0.004722365135661555
2026-02-17 00:00:00+00:00,ORCAUSDT,0.4598997493734336,0.9247664102000369,0.12409425671844498,0.007931511698793558,-0.024625760146380227,-0.02614748094193068,-0.1026294237190922,0.008802817656329478,-0.0774687169098409,-0.08066285651928254,-0.23003284721499584,-0.006892855671827909,-0.16506197843880796,-0.0785916495791791,-0.018287251538707156
2026-04-26 00:00:00+00:00,ORCAUSDT,0.20108205590622186,0.664091832893148,0.252899042795938,0.0013971160914903428,-0.030221727803670006,-0.031057034082817302,0.2660485764638506,-0.008711742201449638,0.0008232320973798168,-0.0182501071324639,0.41224717338720385,-0.049799879476656934,0.006271065428569006,-0.01737176524780757,-0.040716450257581895
2026-06-12 00:00:00+00:00,ORCAUSDT,0.20213799805636556,0.523756763345022,-0.06537803291010211,-0.005885641248254854,-0.01720998943226147,-0.01645292330384602,-0.095159714234781,0.05694865062147745,0.07672816155130957,-0.017719592310322187,-0.018898041399361368,0.06950867014417503,0.10878711830710171,0.015979265789925524,-0.0006406092897648152
2023-12-25 00:00:00+00:00,ORDIUSDT,0.4417109844282052,0.6388200020721871,-0.17399459161060404,-0.021977027110197105,0.034221385179978706,0.0030262243947603074,-0.12608863963167144,0.02400185468114805,0.09226828420000252,0.000674875560683258,-0.033342236581244133,0.028383036534532537,0.012611997503639652,-0.018007148774142324,0.016757585308540816
2024-05-30 00:00:00+00:00,ORDIUSDT,0.20620124613648616,0.8406414080608338,-0.016146798054467133,-0.020469296408445498,0.023346652577531324,-0.007334318197501128,-0.07107477308459619,-0.06077889010185307,0.035733350945274654,-0.010450954238947036,0.16494668302073784,-0.04071947423298013,0.0553108398135857,-0.04595675727943264,0.0531390205910494
2024-09-02 00:00:00+00:00,ORDIUSDT,0.20107423748321507,0.8703068876608814,0.029317244582199288,0.0031217863638875578,0.042128259053144816,-0.014474742442045718,-0.03041755146012335,0.0423571912218732,0.026186667150920585,-0.03129044454915412,-0.06652102651065567,0.09218615909475389,0.008777790005956123,-0.03656442149153939,0.0822445953136147
2025-11-07 00:00:00+00:00,ORDIUSDT,0.3648449039881829,0.9652745680913158,-0.1276531550823641,-0.006132395319033045,-0.014421271133528377,0.004196042042751299,-0.1479481921097774,-0.007626727015462317,-0.09278250043299019,-0.01549386552397978,-0.1352307450925325,-0.006605072481768862,-0.1031969764082143,-0.00012061539110228003,0.15941111119994678
2026-01-13 00:00:00+00:00,ORDIUSDT,0.29922004254313395,0.8307962226925915,-0.06706665925132857,-0.004940053639052422,0.055299735068702505,-0.01772050267320843,-0.03191747867391517,-0.005317350392476145,0.15822019761599584,-0.01386445704871445,-0.11735756204295343,-0.0006745375683900656,0.3635731398261335,-0.05721661654994038,0.1172284475152415
2026-04-15 00:00:00+00:00,ORDIUSDT,0.40598115526423606,0.860908957998052,0.9872665890485605,0.11863737191819763,0.1291495316095273,0.038800412366997064,0.4206138267213829,0.06975438757614098,0.030662845668260552,0.033951665433397525,0.22741742942171794,0.05154673321965771,0.06646972231604768,0.08990196007962352,0.08004264369312267
2026-05-02 00:00:00+00:00,ORDIUSDT,0.22291853178155785,0.8650038269455204,-0.02095874466240728,-0.019258403444221202,-0.00026941444466448453,-0.018609450613156657,-0.07600029710490355,-0.030273263625952306,-0.008193421101463193,-0.02713876567421874,-0.08046522338609997,-0.038672184765003406,-0.09984349038310394,0.001021284521666821,0.062172037097664126
2024-11-24 00:00:00+00:00,OXTUSDT,0.41016793190706236,0.8162988007801093,-0.045466703273063014,-0.011734796065489744,-0.01149264644253529,-0.0025940261198401024,-0.07669951155652399,-0.07666374233374759,-0.032466137785046666,0.011530993931697906,-0.1046275364369332,-0.05986573391709362,-0.0512104453565209,-0.01794480614238241,0.0513374276741124
2025-05-05 00:00:00+00:00,PARTIUSDT,0.3148863148863148,0.5775367707312318,-0.2789653635019198,-0.0070784319899086,-0.003245181005217458,-0.010544150939098048,-0.3605037199954925,-0.05699758532644099,-0.04399571449769858,-0.01792889829082418,0.034606490807922885,-0.04443135400253284,-0.10703723265159862,-0.007273655267418655,-0.03286687297313773
2025-08-04 00:00:00+00:00,PARTIUSDT,0.22228704784130682,0.6265325989609799,-0.08797258897218237,0.03523854716204415,0.0027510452603328934,-0.009329156199166553,-0.11256299223084659,0.03613999966064653,-0.027663337688922714,-0.012411294869006873,-0.17805838708539595,-0.019970440724985227,-0.005309118800536164,-0.02664551410534318,0.0693863752043304
2025-11-12 00:00:00+00:00,PARTIUSDT,0.5624053317176616,0.9283760184147454,-0.06526374666360249,-0.007437788775976455,0.08429456047935721,0.08500711595258878,-0.2118861102715367,-0.0007276196894117189,0.03908268283608484,0.03279688416424155,-0.35240902989549655,0.020179533327258206,0.00860062288192116,0.0520451351350245,-0.006891007768861174
2025-11-21 00:00:00+00:00,PARTIUSDT,0.43160621761658047,0.7960730399022948,-0.2821196533328216,0.017817672647377176,-0.03716543676630289,0.047506175301587815,0.41034560553694677,0.0014016791053725777,-0.04652908213722904,0.023765349607763546,0.0756869535231352,-0.040984937912308145,-0.07584861509437726,0.01729643894246479,-0.01623985766547964
2025-12-02 00:00:00+00:00,PARTIUSDT,0.32257442913575507,0.6490887364628306,-0.16093022722611555,0.006099154469195954,0.024269782914955178,0.02418949270743476,-0.07882275694650748,0.010133684920654373,0.061772752278023965,-0.0032646528988916554,-0.21426979231895668,-0.017032592021282135,0.08308432305836708,-0.02835735725415576,0.03872013933713081
2026-05-03 00:00:00+00:00,PARTIUSDT,0.23357125276889001,0.38249799214804214,-0.03233497438350789,0.03440329277626371,-0.03144683122961089,-0.014260677095684174,-0.06233291478079317,-0.0010473809465809934,-0.1088804983507842,-0.002333845749799824,-0.04676916688776466,-0.028472075390797758,-0.11447702413410403,0.06761490077132426,0.03023791526497166
2024-01-10 00:00:00+00:00,PENDLEUSDT,0.2779203139148809,0.65055873730175,0.04253060648720518,-0.06199267818008303,0.006475827504914128,0.006777615805262749,0.01403604866730445,-0.06927000793002988,-0.008791857402036746,-5.124015570619547e-05,0.19852816549261973,-0.10014291900403594,0.030381479460875473,-0.016042183734845502,0.11085879008438024
2024-03-31 00:00:00+00:00,PENDLEUSDT,0.20683614705817943,0.6249691950387813,-0.03181433164819472,0.0049582636544607235,0.023269677197632076,0.017437208567569345,-0.014131704723414962,-0.001613362533738956,0.02989302700859032,0.025623927483169433,0.3236826380112726,-0.019934502403558395,0.0040265771552898426,0.015687443366721128,0.025445059325136243
2024-05-20 00:00:00+00:00,PENDLEUSDT,0.2526199783747818,0.6415573350511555,0.05785762631652739,0.02152271130403205,-0.0038110063927797077,-0.011232530767597575,0.05922747483593394,0.029571209449491508,-0.0033243284394946005,-0.029484143077409524,0.1101709205518949,0.10370552337133954,-0.07817624265082519,-0.006730769081211942,0.0971007347659129
2024-08-06 00:00:00+00:00,PENDLEUSDT,0.24332074097674217,0.6935688572789469,-0.04223741642889278,-0.016742820630980836,0.0001871793965517038,0.024959044987741076,-0.07510277543294297,-0.023500850472035782,-0.04216152730380737,0.04866684239085749,-0.014504345896276433,-0.01749542019666068,-0.054437479292830035,0.03866452544048248,0.07416407018036172
2024-11-06 00:00:00+00:00,PENDLEUSDT,0.20844320964400076,0.7714453487359838,0.05427990746240526,0.0019756151366774497,0.010574056818422163,0.015851440377244733,0.006283970345510384,0.11069438404922724,0.00938735840137326,0.036331890794007574,-0.03880568004219602,0.03574165330326632,-0.03966466680590125,0.17003410529899263,0.11595322679661993
2025-04-09 00:00:00+00:00,PENDLEUSDT,0.23299576505247654,0.8610746995217313,0.0025343968579740264,0.011263270314429917,-0.0006467642891376322,-0.012112292220220885,-0.012522693275068976,-0.004399252430065485,-0.05413447448984445,-0.044585418887932236,0.00977537610072056,-0.012333132587697785,-0.019390042977728804,-0.013835340899115913,0.10405403159736429
2025-08-07 00:00:00+00:00,PENDLEUSDT,0.2523331836103211,0.7944940811074593,0.04023323749257812,0.006475764990276642,-0.030867216435177286,-0.008238868202801152,0.035335746406180604,-0.005930299896676386,-0.01247955695774948,0.008306389429385766,0.08788907857026126,-0.0033953205622225028,-0.048387271809262236,0.0058862795220926845,0.04703892393855143
2025-04-22 00:00:00+00:00,PENGUUSDT,0.4050279329608939,0.8600169588537803,-0.06434814807770967,0.012090158770639747,0.006924938642865595,-0.025539663506829836,0.1500058440201989,0.034072794763151365,-0.02617830800408396,-0.07792409383898374,0.4327823410789751,0.0538635248745097,-0.05798976091350079,-0.10116863738528925,0.13718959852959017
2025-05-08 00:00:00+00:00,PENGUUSDT,0.257814587229495,0.7007498151722112,-0.07265454316407846,-0.03314957823807361,-0.00912339207038089,-0.007234538536517884,-0.09620859271281856,-0.005062076976794241,-0.11864676889487114,-0.07916406921062472,-0.06142248612793257,0.08990869163631804,-0.20789931913256768,-0.10474168388556744,0.17763592994210503
2025-06-28 00:00:00+00:00,PENGUUSDT,0.29331844407221297,0.8385201437943275,-0.044564855214312145,-0.002077850567765023,-0.03054981913429073,-0.008624361732456145,0.07269700006405086,-0.013098462271160146,-0.009353339628187952,0.01268820825325207,0.16622143050274735,0.054697490776672616,-0.2149839517003546,0.022622800592097446,0.04328752305500705
2025-07-10 00:00:00+00:00,PENGUUSDT,0.24279674796747974,0.7595254862163694,0.21569794779384693,-0.023660214151382575,0.08605964206466017,-0.00513170014582518,0.39260262190187073,-0.023850182879394742,0.010923909456719543,-0.014310562687820294,0.34757608483334024,0.049137429051297775,-0.01765705481440722,0.03271619975400676,0.06573403528964458
2025-07-21 00:00:00+00:00,PENGUUSDT,0.20065205461764424,0.7186865280171311,0.12708093268728468,-0.01885021670787858,-0.006187565737830218,-0.011649982804632437,0.07938570541806773,-0.0710374052243696,0.0378781943625345,-0.03136769966867984,0.16667840870217204,-0.06567340163423956,0.0821518699109322,-0.035637824077400106,0.029427339947387998
2025-12-02 00:00:00+00:00,PENGUUSDT,0.25384142593730785,0.9174407316385752,-0.02943348753922226,0.005473898280237146,0.03411656638198447,0.008754169064883752,-0.09559739915840634,-0.01064233831618934,0.054892574509622684,0.10388557960164162,0.042006749727642845,0.029342192799473532,-0.009905964202740225,0.1163966086505511,0.10170384509632549
2026-08-21 00:00:00+00:00,PENGUUSDT,0.24348432055749125,0.7946653974579083,-0.0009280604513449073,0.02787346644001782,-0.003853085953253238,-0.036923058085663055,0.1561832643067801,0.03959888346752245,-0.03753315258843785,-0.04901658970279961,0.08314637780869866,-0.029078645597588344,-0.03760423742541452,-0.03801351987493369,0.16340637504878833
2023-10-23 00:00:00+00:00,PEOPLEUSDT,0.2944111776447107,0.7977307687245204,-0.05974783564717817,0.003997275547562927,0.02267617284657822,-0.02408324035906878,-0.019918231897220834,-0.003066061646126582,0.008355103367955294,-0.03288994120276771,-0.1377538480543927,0.00839812525501073,0.03288735377642192,-0.0173818275438937,0.05722326626658214
2024-01-03 00:00:00+00:00,PEOPLEUSDT,0.6382660687593422,0.7778298348881483,0.10906070185907299,-0.0013020905969721177,0.0018111265182349373,-0.01912751571301221,0.6805940270511623,-0.004019660605054065,0.042140974928764244,-0.028398720484880118,0.48875627139014743,-0.014016252120112056,0.002597772266006222,0.05043699299328388,-0.10874486459190344
2024-02-29 00:00:00+00:00,PEOPLEUSDT,0.43656716417910446,0.40868676250132074,0.15392094177523516,-0.02499777267374279,-0.0035696600969028656,-0.0277485822098556,-0.09978916435150811,-0.026920485260295095,0.00892430135604843,-0.056745568164675055,-0.15594458358756377,-0.061578258478501104,0.04122426377200384,-0.05978431276809115,0.03301391187452413
2024-05-15 00:00:00+00:00,PEOPLEUSDT,0.47656477438136835,0.8968480417066311,-0.04586073571060089,0.006275095415969971,-0.014813643178316299,0.008385753315851775,-0.1275581712998288,0.006500341908370741,-0.020628355396316005,0.03324737274187443,0.16149186686434164,0.024301118753514823,0.007317106142741536,0.06600181562275487,0.06248178549849441
2024-06-01 00:00:00+00:00,PEOPLEUSDT,0.2925313635830695,0.7347903986246694,0.042232011192552675,-0.019462820412416166,0.0422287470366332,-0.016067977165546813,-0.05963675698883839,-0.009237162005589768,-0.006969217512026662,0.010398045914651544,0.3290889501020901,-0.05845010034400085,0.06631341886853334,-0.014471426667696047,0.028026954484917856
2024-07-06 00:00:00+00:00,PEOPLEUSDT,0.25624599615631016,0.536021947232069,-0.050169715792908604,0.010942558353382627,-0.025769389777731567,-0.022277969002901344,0.0074954613267467635,0.00816926989220226,-0.003319122705715982,-0.06596032161037386,-0.012780123189279603,0.016778546896777876,-0.03761167837237025,-0.036563083668590235,0.11112582594315863
2025-05-08 00:00:00+00:00,PEOPLEUSDT,0.2019374068554396,0.8890981232476369,0.09749087596940588,0.07184864453414332,0.0029772113824015982,-0.007731610472216136,0.15923285639271278,0.07136207832366415,-0.09653668570911327,-0.016733660064764483,0.3882229500999683,0.08708226405588652,-0.1791553185616047,0.04564618027269891,0.1509575626210024
2025-11-07 00:00:00+00:00,PEOPLEUSDT,0.36354581673306785,0.9757361526867928,-0.08421637949514868,0.0033928548728861183,0.0016332991323559577,-0.0015653939711088318,-0.09294405457364949,0.03821412567103351,-0.09817637509994961,0.06039427211277234,-0.07649303618550389,-0.02997149107815919,-0.05283592654596943,-0.059446250913446054,0.1349090883013035
2026-08-09 00:00:00+00:00,PEOPLEUSDT,0.20983736612455361,0.5009360801755091,-0.06029012572173498,-0.014724124976929737,-0.12973258394845202,-0.003623764828367766,-0.0720017149849208,0.03707329851888546,-0.22426203710519638,-0.012850983092454965,-0.14984889896678236,0.10245694632086033,-0.40467856650634326,-0.04504459012430482,0.08009173528028501
2026-08-20 00:00:00+00:00,PEOPLEUSDT,0.296127281697089,0.5555460038859419,0.001962224756747316,0.0005221758300687704,-0.223279349955721,0.00592671177586066,-0.0530552781089258,0.021897277361525504,-0.23779399649685679,-0.021647515968176167,-0.2865570427702936,-0.03968696459915588,-0.20106022333882248,0.02054376893068508,0.12861979340558446
2023-09-05 00:00:00+00:00,PERPUSDT,0.6272943208810193,0.8015257503929366,-0.04219242681378062,-0.040231631830635974,0.010194408963002157,0.022911577433722886,0.34563174423988163,-0.026119781956354116,-0.022476071717740596,0.01691342351617536,-0.19754765500819876,-0.006466649369620709,-0.037831205183386535,0.016827111938544713,0.1214984017386723
2023-12-20 00:00:00+00:00,PERPUSDT,0.2196990424076608,0.7484666869435339,-0.10660068692857702,-0.00444940971616741,0.03164299811582008,-0.003553519741521813,-0.1420139847570404,-0.004518783188388023,0.024582407317577114,-0.004047083463523712,0.19963278533566747,0.04573136462245815,-0.01785473504400894,0.09719487119085567,0.030989143544605115
2024-02-19 00:00:00+00:00,PERPUSDT,0.21239722714815423,0.6076023946599334,-0.06916651244170244,-0.007499456560199317,-0.02345812684562417,0.011521293416861134,-0.11698838516503973,0.0007397091618655177,-0.06303886284002318,0.05101767651233193,-0.09757613141505773,0.01952076797780474,-0.08868564110382089,0.025511692300812145,0.018843058130471803
2025-04-20 00:00:00+00:00,PERPUSDT,0.4423076923076923,0.8832740581529925,-0.1516632517442142,-0.09107822642042512,-0.030445471371273968,0.011679416640710242,-0.158635187548879,-0.15795803368413439,-0.10248564315862554,-0.023909734787018105,-0.0026794885388447265,-0.011796526244208645,-0.16085434751794497,0.054271484007506664,0.22233064759432067
2025-04-30 00:00:00+00:00,PERPUSDT,0.21878297572986272,0.7976718704406001,-0.07144065109300006,-0.057745971540882776,-0.004577425644981442,-0.005443845584814709,-0.10470277044264831,-0.10466523547955742,0.039433236146193984,-0.0033543096708216987,-0.0358609344824563,-0.14210203688581857,0.04574689988595286,-0.009073892165729472,0.15856137551652588
2025-11-07 00:00:00+00:00,PHAUSDT,0.24123588829471188,0.9521667545061557,-0.017426858819263057,0.057358935739834215,-0.017030439405706012,0.008864942368505593,0.0009307687789212801,0.02420747328466457,-0.032434178530315334,-0.010642027595665534,-0.02077245509854629,0.05662974438580977,-0.12641537593772892,0.03133424147519879,0.16107600012256168
2026-05-25 00:00:00+00:00,PHAUSDT,0.3296104603650232,0.6452338317914088,0.14659542999418299,-0.009321703617734814,0.012199198841897404,0.00855743196492489,-0.03980278820632388,-0.012754776855649703,0.04804916148455331,-0.002700038696120245,-0.16426258702392113,-0.033376401623710916,0.15941216781901923,0.02378132266579041,0.012029019862180967
2023-05-17 00:00:00+00:00,PHBUSDT,0.3228646903434105,0.9002324279285382,-0.026858280803160942,0.012742221496414047,-0.0214710314271337,0.03162652237610265,-0.1527516546951574,0.012377510226138751,-0.025430440444811908,0.01519749989506981,-0.19200680950907045,0.03122291726994929,-0.03735776217420476,-0.007365659075261435,0.030407017666076275
2023-12-23 00:00:00+00:00,PHBUSDT,0.5280409245926485,0.7352362614209526,-0.2134044313049972,0.0024029964655486284,-0.00495336264778197,-0.03309214804226546,-0.32262601106951305,0.022981209822527462,-0.0170962579737746,-0.014814066116672958,-0.42390190856603793,0.013499722775467005,0.059597635951389484,0.0015748671519790868,0.0037418510222067434
2024-02-19 00:00:00+00:00,PHBUSDT,0.20667541174755844,0.674865250248735,0.003041926884872013,0.014079924224975721,-0.029261372126354407,0.03193369240138999,-0.02326175078925289,0.025981383918870025,-0.06767850756457158,0.05247841086512417,0.0628586157802318,0.0002947999252725486,-0.07368259476558219,0.04230209681504341,0.025002022819463694
2024-03-06 00:00:00+00:00,PHBUSDT,0.4790671217292377,0.6510368169342955,0.23113177702836146,-0.010983638193358718,-0.021946677468378924,0.009273117408655837,0.2769339802632153,0.012780460557241816,-0.03954533376319556,-0.031097127770436696,-0.01725373159848914,-0.09451680433545298,-0.10970507828476835,0.015954990242642297,0.13434972721598212
2024-05-15 00:00:00+00:00,PHBUSDT,0.23773705324580607,0.8424160275856833,-0.00019415879410027495,0.0016778636654831043,-0.00868992582761939,-0.004475253933715961,-0.06314543221731013,-0.028184337009538697,-0.045394898061795544,0.03050518272458061,-0.0033528401761578515,-0.032026602358231224,-0.07465539314819057,0.014070630003330236,0.09283708457301018
2025-07-20 00:00:00+00:00,PHBUSDT,0.23928280358598197,0.9028697253728029,-0.13334614435191502,-0.010431128793840404,-0.0015400294826326954,-0.015834998091172718,-0.15892695997049738,-0.018024333630490625,0.07239461891049782,-0.004999925993095266,-0.19004906816651349,-0.033670161810765986,0.015827091880641787,-0.014539630810161302,0.05541238274510159
2026-04-18 00:00:00+00:00,PIEVERSEUSDT,0.2636009033052762,0.43134992190510735,0.47056543084071617,-0.01180912829112778,-0.0019035254471065966,0.0027139173886310554,0.32776865346166845,-0.0073098709446540785,0.05564691176128785,0.007053005176863475,0.15099212019460445,0.03227765849832298,-0.3453955812093016,-0.017432972741486558,-0.06087975813075095
2026-06-01 00:00:00+00:00,PIEVERSEUSDT,0.31869078380706295,0.34689601587416974,0.21184440164711862,0.005612115301878962,-0.047873232121065236,-0.011168888359853846,0.010476105531239899,-0.006731081699521496,-0.08902858923979518,-0.020656011924027877,-0.2338804174308921,-0.003898415059903948,-0.16719115882313879,0.029689604200614606,-0.01728585866348611
2026-06-27 00:00:00+00:00,PIEVERSEUSDT,0.21860816944024197,0.46773385979792703,-0.15038004741585814,-0.049086530277078814,0.032037448063035046,0.002499007816126171,-0.11145105794707456,-0.03623818092492696,-0.019912269290154112,0.008900051270782663,-0.21300335600456188,0.07312783014490352,-0.2669102056042746,0.048673704396431,-0.03550782623471438
2025-04-12 00:00:00+00:00,PIPPINUSDT,0.22643097643097643,0.7174635620861398,-0.1265061727063157,-0.048411939004300006,0.06485025122569131,0.036075583098365394,-0.26747509402870395,-0.06674448235406648,0.0783864701192608,0.04490088981778037,-0.19098480790800645,-0.06102693558055368,0.012129004569881854,0.013816008898311031,0.09815332873903529
2025-04-22 00:00:00+00:00,PIPPINUSDT,0.26259758694109303,0.7745919703020654,-0.1140339621260793,0.026395040473430654,-0.027274025300016998,-0.010369282896735834,-0.03788939579552639,-0.028203452199070105,-0.09468045567342065,-0.02498774006649997,0.1083787656353383,0.035621541569983595,-0.08812460740721088,-0.049839997910042025,0.3342031866031815
2025-05-08 00:00:00+00:00,PIPPINUSDT,0.27919708029197077,0.7618578971504764,0.11985212433137031,0.05157428590198441,-0.0009721625916624371,0.019910036737337676,0.4415318112608042,0.14162991931435762,-0.07727779047569545,-0.0032967197431246695,0.2548453317140655,0.21998317787233868,-0.09240762815632102,-0.09104066672354265,0.24267556368922896
2025-05-22 00:00:00+00:00,PIPPINUSDT,0.22494261667941862,0.7571006469106838,-0.11481692443836117,-0.06998481628640728,0.027657466986872985,0.013000374976849378,-0.13213699420533276,-0.06396121255873166,0.10791262507557084,0.00018464319024432546,-0.33456925719277825,-0.16263374247054813,0.12018203945737875,0.02793711759859266,0.10083816564119888
2025-09-05 00:00:00+00:00,PIPPINUSDT,0.3532934131736527,0.678008483962455,-0.03635114872387768,0.0010737399502178332,0.003104523907342103,-0.005646124452769634,-0.10745341567143492,0.10517155197956425,0.02155925036213991,-0.01955772387104286,-0.12132854863779552,0.07410255614309591,-0.008599988646262408,-0.04960872629460654,0.06554865127135825
2025-10-11 00:00:00+00:00,PIPPINUSDT,0.39641434262948194,0.8322131135437486,-0.12902116115046416,-0.01902075163123336,0.10713988287982565,0.0032128111736559302,-0.13608152617589117,-0.06240223661841972,0.1685778651232163,0.012294946017049089,0.22840702677631441,-0.018258121429301548,0.11789672785273782,-0.05033608880623206,0.011047698435764008
2025-11-22 00:00:00+00:00,PIPPINUSDT,0.32326420198376926,0.5831129465502514,-0.15480509046001015,-0.06463338885950468,-0.024332252136051644,-0.00591037988808159,0.5414417285948377,-0.010487684628086613,0.00709990794868603,-0.013911561462157305,1.147431145734365,0.05499501210942677,0.04608180403105022,-0.001632359687403974,0.03622864541951145
2025-12-09 00:00:00+00:00,PIPPINUSDT,0.7435911787753273,0.5577066970103565,0.07477030811586782,-0.008772776198659207,-0.03102232056969203,-0.007514946803631672,0.10048808904532414,-0.03695144688014939,-0.023445243597135373,0.005779512959300559,0.08018654584228238,0.12264079007025568,-0.02009781881791669,-0.02272766069808519,-0.017137856020760456
2025-12-23 00:00:00+00:00,PIPPINUSDT,0.2905840086891136,0.34229490593413214,0.011195955339628715,-0.004428318839131647,-0.12688246539024212,-0.004516346196439964,0.04415259289396671,-0.020294977189755474,-0.15072515559226432,-0.013494946010794762,-0.10595929699800455,0.014786271294560557,-0.11796539084523798,0.009772024300289003,-0.004775131631186247
2026-01-08 00:00:00+00:00,PIPPINUSDT,0.32946569259418435,0.3421628303734687,0.0825545421732265,-0.01911040839500966,0.019059413314911004,-0.010459251608606232,-0.10120948115687099,-0.028487291566777068,0.04367585845394051,0.04633661567768198,-0.19441450430763835,-0.055800806407522455,0.04495468642668873,0.0041811066670735374,-0.003709944266519871
2026-01-21 00:00:00+00:00,PIPPINUSDT,0.3450601205979946,0.3369601697466793,0.026039687530185526,-0.015382986694776155,0.011160850530627675,-0.015838208320220825,0.014321059381533954,-0.041930198457894405,-0.038542877618550055,-0.012464902283403897,0.10190868523188688,-0.04462771611859604,0.09725591828436715,-0.027428990950258275,0.03464366769816203
2026-02-08 00:00:00+00:00,PIPPINUSDT,0.5062164155515751,0.3982292442270377,0.04173014226440897,-0.010655034365096449,0.02005766452756817,-0.034141941119706844,0.6455366146089474,-0.13657566582168906,-0.009491446607977145,-0.04798655090869251,0.9074103427250167,-0.23972914337304657,-0.047185950312858486,0.01810967868241627,-0.03996501691562533
2026-02-22 00:00:00+00:00,PIPPINUSDT,0.27500204098293746,0.47071562599527705,0.1623194820923941,0.04125889050869469,0.0033550322623023933,-0.012317937632699057,0.14187232989570267,0.0468732914014486,-0.06813060198678292,-0.011848452070371924,-0.07592872220244562,0.09353675701899666,-0.10015209281258679,-0.007773194570641467,-0.03910850419557114
2026-04-01 00:00:00+00:00,PIPPINUSDT,0.2085053674649051,0.31280598497096435,0.07437445465972442,0.014845504157936142,-0.00021870390634730065,0.01838262860663566,-0.3752996200843781,-0.05473282907133388,-0.007886981151276748,0.014922900018296192,-0.6370574113427645,-0.01960296175825662,0.018105494276020113,-0.004945513045675362,-0.024293060256997057
2026-04-16 00:00:00+00:00,PIPPINUSDT,0.5864077669902912,0.284644953289702,-0.26696054840496897,0.03460345271626455,0.038687484720037746,-0.054396877757929785,-0.4202283536984005,-0.06998708028391563,0.010559989466928299,-0.06981944986374089,-0.4798991805204575,-0.05734386966389721,0.10535905176259219,-0.129825099154882,0.054030814512537884
2026-06-07 00:00:00+00:00,PIPPINUSDT,0.32916053019145797,0.7650113124046948,0.3778398697236683,-0.005859307895809127,0.017258659597394713,-0.0015501348091940168,0.18498080412139428,0.029898917354235076,-0.012101413494794867,-0.003174061341454912,0.08321918044598514,0.03942773776137683,-0.07414376099598849,-0.014437142494551452,0.035103475413066576
2026-07-02 00:00:00+00:00,PIPPINUSDT,0.23809523809523814,0.6131548699166193,0.004460973649731567,0.0007604934654914547,0.05613043209023185,-0.03733070255001665,-0.11444012693692719,-0.0057841892543334045,-0.022314397888616867,-0.011091255971774783,-0.18623997309760493,-0.0061764470591333534,-0.04507420510488985,-0.019764603697581606,0.01709137429843155
2024-08-12 00:00:00+00:00,PIXELUSDT,0.20826446280991728,0.905246294101671,-0.02333576865280884,0.013808188153082337,-0.009607405564889463,-0.007486558673818056,-0.013549464701278094,-0.01672248087396085,0.006893501566737089,-0.0018985414459540633,-0.0018296661041596884,0.00816166067393444,-0.02634241686907913,-0.004270379029490349,0.09526264026372726
2024-10-29 00:00:00+00:00,PIXELUSDT,0.23886639676113375,0.8366470690933149,0.025629918702118594,0.0001958779408344935,0.008024586664298707,-0.006953021031060038,-0.057017618764123375,-0.015179163455837618,0.022565556639380105,-0.010417942363852812,-0.10228242516118705,-0.0140288559389671,0.04377559216791587,-0.02740886989257544,0.05521082043227168
2025-04-21 00:00:00+00:00,PIXELUSDT,0.46199021207177826,0.9235610018484648,-0.18671086330377573,-0.032781746352302014,-0.0459864688212349,0.02104931538738239,-0.1857051429249556,-0.04197676295636033,-0.1290174490453801,0.01104069544972186,-0.2987434328504378,-0.07001064728289262,-0.17207201052442817,-0.004879961972197838,0.01940633304833974
2025-11-13 00:00:00+00:00,PLAYUSDT,0.22217675941080195,0.8631447270127405,-0.01969738857949292,-0.0005690736882565772,-0.021088131710687453,-0.009814758100760925,0.025113557584561855,-0.0030708662922656095,-0.10781955958336194,-0.009146878354253086,0.05381603903826565,0.0775006112377901,-0.11109822164637759,0.041872540097751584,-0.03799175463472722
2026-01-19 00:00:00+00:00,PLAYUSDT,0.213851401453359,0.4404410906809799,0.029334185071978193,0.0532288000092709,0.03366784722022052,0.07214722519848618,-0.07379351152760508,0.025607369837032722,0.03958902061148454,0.014210925805552338,-0.04976963536914992,0.01254299364630396,-0.013401029454063976,-0.02360107716901958,-0.046112782135603214
2026-01-28 00:00:00+00:00,PLAYUSDT,0.726130310066931,0.40930817121510243,-0.1204932389304246,0.014440983195983265,-0.00026928726518545,0.028348984066561715,0.10698899434942274,-0.01781885767977941,0.0005325522880267712,-0.005871133024570541,0.01558393986582389,-0.04359264063723544,0.038530462971214555,-0.06525300296977357,-0.018124287369606494
2026-03-10 00:00:00+00:00,PLAYUSDT,0.6308755760368663,0.32378385553259054,0.11551202684255654,0.04584334878417186,-0.08870685502087394,0.05092117947147325,-0.19100831432497065,0.028257143256541384,-0.14189325282963222,0.00875504751169132,-0.13236337171609164,0.024960375216790318,-0.4610562436736229,0.010008684103584306,0.004143163386021609
2026-03-22 00:00:00+00:00,PLAYUSDT,0.2153716216216215,0.3527642254154268,0.015980978321761357,0.048373745804722625,0.047823728450388014,-0.04385242762079826,-0.031746517405345606,-0.0067321217133286095,0.013654115049455896,-0.08779555456881123,0.4328034779922967,-0.06942824047277443,-0.059116872448279977,-0.16267408328085994,0.0010567228327153621
2026-04-05 00:00:00+00:00,PLAYUSDT,0.3732691149909695,0.348622453083368,0.22791559558379082,0.043891312629193095,0.050927373483089323,0.026520653637797414,0.0814732547725659,0.05688752710173924,0.133937977459947,0.016783896403869913,0.06461868320257097,0.04246719629374477,-0.18419030265734324,0.08500683893751085,-0.007894589767690353
2026-05-06 00:00:00+00:00,PLAYUSDT,0.5536889674820711,0.33123024226693565,-0.5653547581287319,-0.05666075466269125,-0.06595818692523922,0.008681755440281352,-0.18853447594068673,-0.054534335095557065,-0.08634374114343633,0.05313731893830642,-0.39022641100729194,0.03661043719394752,-0.058007915338872465,0.04311602766199657,-0.023251833603278094
2026-06-09 00:00:00+00:00,PLAYUSDT,0.33387991927346095,0.33595725533952,-0.6621014373801473,-0.00912651409978473,0.05208957150432222,-0.0161327716073573,-1.026083023254994,-0.005108777706366864,0.2540786856151957,-0.060588944424252965,-1.1243593194321795,0.01749714731323098,0.04573260130444224,-0.07247247900021021,-0.01756726014064869
2025-09-10 00:00:00+00:00,PLUMEUSDT,0.2076938213301851,0.8136401509114254,-0.05239330757103303,0.003976516375249246,-0.018099976275419,0.00437072346933224,0.019311799627441666,-0.0030574761545951235,-0.016576096321569853,0.010807010351057746,-0.00811604521918921,0.00988076512547456,0.15469662471290951,0.06041430058711167,0.02541672901427596
2025-10-06 00:00:00+00:00,PLUMEUSDT,0.24799835762677058,0.7640901918870051,-0.03032786370491526,-0.014953353328333746,0.03596914056273126,-0.016739682319067254,-0.08021974637416635,-0.015761459559901582,0.057897416517331046,0.018475910391412532,-0.08223656293243911,-0.03581639056765011,0.10728794601486036,0.09358067161404415,0.03422206968256327
2025-02-14 00:00:00+00:00,PNUTUSDT,0.2311075028753129,0.8093255608416786,-0.12183483953456427,-0.013036288226138875,-0.005351135053380751,0.00799844998585469,-0.12423567426143846,-0.048480479111801936,0.0033277066989689185,0.019768903619034692,-0.1507580848093838,0.0032520969718391663,0.008076949399870529,0.013542111988191797,0.08851435503779995
2025-02-22 00:00:00+00:00,PNUTUSDT,0.5219046300782062,0.7834236365372262,-0.14431630601565193,-0.004411706941479759,0.0004234083895972185,-0.018434748056929844,-0.044190851791529956,0.05997347265300731,-0.0036293501582270347,-0.01500047195005838,0.20480442613080177,0.07086186153182299,-0.004257914201591037,-0.015964552920023932,0.12151489202846663
2025-05-08 00:00:00+00:00,PNUTUSDT,0.39846524606798606,0.7725155535745296,0.3686203907483917,0.12308463548958481,0.009475544142119019,-0.013244163165740919,0.46175176252543376,0.30171452851298974,-0.08004963092195037,-0.008556965195001162,0.3667195748587796,0.4010849960485062,-0.04034454800493072,0.0059278803061236065,0.2778645726601291
2025-07-10 00:00:00+00:00,PNUTUSDT,0.24202904687301507,0.9195103517164354,-0.05280235231490296,-0.0016301562217789888,0.02448182005820806,0.039662931158530076,-0.03915177927307645,-0.009763746738166268,0.0003399026410712713,0.042883086648950006,-0.04694084080099079,0.012517718770727266,0.017560155336728483,0.00406131636306406,0.11935511860960304
2026-04-16 00:00:00+00:00,PNUTUSDT,0.4036263303113916,0.9094019106677216,-0.10654713305478972,-0.040096979642330374,-0.029101528301761735,0.046068210208901936,-0.17614196764905268,0.03481684711498317,-0.1043071374451694,0.05242813924118489,-0.28915298180589766,-0.04064163505313609,-0.14175130311861492,-0.001961333740366929,0.1729160804798359
2024-03-20 00:00:00+00:00,POLYXUSDT,0.6953536961496367,0.854103873670606,0.19917138004261287,0.014376841266058843,-0.03168218274885802,-0.026558074871094205,0.14402383965300727,0.013205965947820513,0.01121757264357948,-0.03322848686050003,0.4234178287885693,0.05652990781389046,-0.014249117198724879,-0.03301530781401588,0.10187414815654242
2024-11-16 00:00:00+00:00,POLYXUSDT,0.21474308917694818,0.9142841101742674,-0.010647052011225504,-0.042464073977896845,0.01820157186886851,-0.010806668175266335,0.04042684577321317,0.05334311854033278,0.006104337052976601,-0.0314295270739172,0.023188372807138258,0.06660170823496817,-0.05498926156923813,-0.0835217788910538,0.1232830013668876
2025-02-20 00:00:00+00:00,PONKEUSDT,0.3317203000241953,0.8490307990609866,0.04033618285754607,0.02847521199288238,-0.005246510023839973,0.01113021658455995,-0.1013503278325546,0.044031526902450296,-0.025273298209362756,0.006033129257600591,-0.13346611119080853,0.013757234809885078,-0.04777771807449159,-0.014179754342716733,0.05549320515257592
2025-05-13 00:00:00+00:00,PONKEUSDT,0.2227150694525506,0.878765108138718,-0.023643379502517346,-0.012413650281025621,0.020135872488526795,-0.02913765991986238,-0.06870534522603788,-0.03612698814256905,0.08039247408622588,-0.06466484435451542,-0.0456646124554172,0.01774052855538536,0.027552817758612624,-0.04635832613626247,0.06036640824145374
2024-10-04 00:00:00+00:00,POPCATUSDT,0.2166317991631801,0.7391341249055436,0.0631461090780486,-0.0007141359030740903,0.02365457148235838,-0.0021130758612096534,0.08727303233417139,-0.0011369457708844128,-0.0192936760063182,-0.010514679391039599,0.20071774275739257,-0.009322112861777474,-0.03744317024269554,-0.03420729248643377,0.04723202467893606
2024-11-06 00:00:00+00:00,POPCATUSDT,0.2700441919191918,0.6632555741587787,-0.002584648511057802,0.004879445415885456,0.003037305506957505,-0.007865615090296941,-0.20161324921127094,-0.005765261368435011,-0.03163774018168584,-0.021244831255622116,0.0858100333287982,0.11466430484928207,-0.05541879333051679,-0.08203124818729826,0.1213523779471033
2025-01-17 00:00:00+00:00,POPCATUSDT,0.2145509790681972,0.8236176279573602,-0.11632996117148756,0.0836694703868612,-0.04946002293645664,0.0008087721287451111,-0.3234937719332709,-0.06267277132409135,-0.08178348181462755,-0.05167701546598754,-0.31489325506154275,-0.09250877160725826,-0.08995071121490707,-0.06526108457962645,0.06630454704392821
2025-02-08 00:00:00+00:00,POPCATUSDT,0.2843866171003717,0.75669537072525,0.10347397311370476,-0.027631608268941944,-0.024440469668884256,-0.006994411694798264,-0.04367619987660551,-0.06756222233130352,-0.04988212784720567,-0.02390877810123155,0.022606630860247945,-0.042690204617332625,-0.06149487038915372,-0.005662444149076344,0.09564363473121448
2025-04-09 00:00:00+00:00,POPCATUSDT,0.360223642172524,0.8698472207085242,0.041373389520550474,0.009146646693914996,-0.01515502296997876,0.007508342357286969,0.41952387853702144,0.018930894438972702,-0.07333251994801729,0.012232403893022263,0.4036483446559125,-0.010017195650633016,-0.052778651483080405,-0.3681830834087886,0.11825220872748379
2025-04-22 00:00:00+00:00,POPCATUSDT,0.2900267481849448,0.8380751990525125,-0.03642318125662602,-6.0528823315370714e-05,0.0003819297253396456,-0.010482693123100656,0.10448101036365767,0.05362439139088192,-0.03950211383891926,-0.02370707913687148,0.024736562031235733,0.062024865511179236,-0.06854462488202158,-0.05879236593163115,0.13294501412616935
2026-06-23 00:00:00+00:00,POPCATUSDT,0.22004662004662,0.7375104037924144,-0.08820405479298708,-0.0064148595908011235,0.01761393467461337,0.0024444948479985296,-0.14118722959106192,0.012702968608930845,-0.01614575664136653,-0.03393856140609591,-0.1869980439034731,0.0548330579360501,-0.07404887485911402,-0.02152094970770559,-0.030327164557453833
2025-07-20 00:00:00+00:00,PORT3USDT,0.33229259589652105,0.39375743435871624,0.16048407934663356,-0.016450538815674452,-0.0056229453862401526,-0.009031496893676012,0.3975330887883626,-0.020204560933845823,-0.01648384297653811,-0.035457802904900526,0.29909247949037987,-0.01572145968628703,0.20227370852399856,0.008077861371112511,0.017658596125984437
2025-08-15 00:00:00+00:00,PORT3USDT,0.28937728937728946,0.3806840198704461,0.026430370096186956,-0.025073389622776256,-0.0060781202387305425,-0.000505087073855312,-0.02081473986604545,-0.017163259929489104,-0.023112247845885628,0.0010644428494690317,-0.1391650675751978,-0.04439013662583356,-0.02609993898687296,0.015143280528212682,0.013271576780507744
2025-10-04 00:00:00+00:00,PORT3USDT,0.334485738980121,0.5336367397601313,-0.03081202342911193,-0.019251766987352127,-0.027824804356272447,0.002252389367532374,-0.22963603242474745,-0.03108576982205281,-0.0604917579878733,-0.026313485913599655,-0.7671631685480721,0.015328488481919875,-0.09641145732028339,0.001470032682434802,-0.03686086469143411
2025-10-16 00:00:00+00:00,PORT3USDT,0.4349827387802072,0.8286192710626288,0.0497846092151835,0.011200153960726747,-0.025868930295095283,-0.0055362285259926616,0.034628494183808325,0.006813747010877456,-0.04056345693352449,0.0015944516505930928,0.25230035167580267,0.023543250458292895,-0.05129350939419197,-0.006285240563208514,-0.03736403010364806
2025-10-31 00:00:00+00:00,PORT3USDT,0.5793510324483775,0.7670009677602488,-0.3001776019237906,0.002228994196183101,0.0026107558774701176,-0.0371660885078746,-0.19820463155097398,-0.009365039984584564,-0.015984035796596647,-0.031827692632912755,-0.3538342443609606,0.019644968871461187,0.15287519839438352,-0.055997006471049306,0.03286280620689448
2025-11-23 00:00:00+00:00,PORT3USDT,0.4138755980861246,0.6086523267966479,-0.04617242946950211,0.016528040691270677,-0.0151928633961885,-0.008850724822724598,-0.06805232555337257,-0.019675364710506904,-0.030652675987867323,0.014130743343235223,0.034176250087557654,0.14883789448347143,-0.02233653842941855,-0.03433582479381977,0.04347247676720991
2025-05-16 00:00:00+00:00,PORTALUSDT,0.25268817204301075,0.7695042629878761,0.2477920854078952,0.021548850140498562,-0.014549406347561206,-0.03234971586831849,0.0011781531583750227,-0.009904764177660286,-0.022270468981302593,-0.030310589849452,-0.07610621502589865,-0.03707981412757948,-0.02666238225109886,-0.0321332211241893,-0.012015153359068543
2025-07-03 00:00:00+00:00,PORTALUSDT,0.2026509572901325,0.6153482389242741,-0.03179852918113422,0.00927304747256558,0.0213254507336595,-0.009209795179295762,0.03257581777907792,-0.010838093886431442,-0.03939285486396364,-0.0013825740303208454,0.013273929902719181,-0.016459102881553674,-0.10047501914465126,-0.017798530792672622,-0.02446318920461086
2025-07-11 00:00:00+00:00,PORTALUSDT,0.42508474576271205,0.6314156276642884,-0.03453127222080947,0.007762340326861536,-0.019624089449412494,0.0019949505146523916,-0.05112765539667612,-0.004517751998297062,-0.006425610249085012,-0.01167322892652394,-0.09619122397296094,0.00991571210659547,0.02091093193225793,-0.021700600021360296,0.0034269702217171183
2025-12-22 00:00:00+00:00,PORTALUSDT,0.20279383429672437,0.5968623459685938,-0.02442235874102493,0.018965321324546904,-0.015687106989106983,-0.014931712157632917,-0.024579003598815045,0.00791106174750628,-0.19928235391602528,-0.030902220743163143,-0.13354103501494094,0.030104535829546857,-0.2758919799501621,0.00587489124240464,0.011306986402551877
2026-06-16 00:00:00+00:00,PORTALUSDT,0.3400843881856539,0.498187954467212,-0.10975600636179396,-0.00037829805346387135,0.019326863181567962,-0.0361710966005241,0.08935127706076618,-0.022377637714490563,0.021830913068121578,-0.06812401387714162,-0.013034796851045388,-0.0522125161426298,0.032526649514646865,-0.09567365846650136,0.031155320542117705
2026-08-16 00:00:00+00:00,PORTALUSDT,0.5206991720331187,0.5054482941722098,-0.054983800868875554,-0.008972190739202093,-0.00838966808911204,-0.20306729772658855,-0.4611049521573625,0.02583831832328659,-0.011890967302280914,-0.2600477887362997,-0.27805737930471663,0.0954017925237898,-0.14957238725542202,-0.283703478314585,0.0063718376486378405
2026-08-24 00:00:00+00:00,PORTALUSDT,0.25332348596750354,0.29777016414334584,-0.15220527528119263,0.09735480153359667,0.041617707181738274,0.006013104479084449,-0.07545276659888187,0.06958882876879482,0.010607117805856495,-0.0140946893477585,-0.16401864905368324,0.16884321915545766,-0.008624226156144596,-0.032325960928885,0.008024044778791017
2026-01-21 00:00:00+00:00,POWERUSDT,0.33152927199524784,0.3421588588089863,0.011298348347846432,0.018261595385007462,-0.013294714252698504,-0.007512375639458968,0.04744289067985426,0.008396072148194225,-0.05173349371521594,-0.018376847289913394,-0.018509213219998072,0.10028258928377846,-0.08694515516199297,-0.027751846517814392,0.13937173851989262
2026-02-09 00:00:00+00:00,POWERUSDT,0.20937633591412164,0.32797937905987745,0.39575753894349985,0.07154482978673382,0.036094733337802255,-0.0030138296644225014,0.49367197489467685,0.09183448086652385,0.0564377016380878,0.06340533512484715,0.13746039819220124,0.1331092674390169,0.06792990750396599,0.09764427732616995,-0.009508410320642735
2026-02-24 00:00:00+00:00,POWERUSDT,0.5124961621123734,0.3121785495536427,0.20520714478031643,0.019438164008097253,-0.06783023343247023,0.009891643176753482,0.6917989362062915,-0.043812929258212154,-0.0018877413987254954,-0.00299452906292966,-1.3645822504084208,-0.15611197999619986,0.03619520120618595,-0.032263156190513925,-0.01996441417224921
2026-06-08 00:00:00+00:00,POWERUSDT,0.28654328732747825,0.5853676001032972,0.08151050770590668,-0.007294636922868398,-0.034884994731582755,0.03556910325562958,0.12769088031217074,-0.0014122589890868567,-0.08302338380996789,0.10139562159746843,-0.08363681410625211,0.024412660779988278,-0.05844455417208818,0.028576422044735417,0.020683586244013903
2026-06-22 00:00:00+00:00,POWERUSDT,0.22724839400428287,0.49182765433564635,-0.015183930724046672,0.011074310901710358,0.007784114279862165,-0.06351704275723871,-0.06874089992748501,0.02283741645922397,-0.15624783862541972,-0.09667981179341827,-0.07426151389773795,-0.009346205585904214,-0.10108040375042882,0.09207930916799226,0.006816451093138998
2026-07-08 00:00:00+00:00,POWERUSDT,0.2527722110888444,0.443561703028878,-0.1699638618132157,0.0061391783001708946,-0.024715760992544956,0.001450657670357794,-0.29189732639877874,-0.00019806243804345523,-0.03006610648719994,0.001348508074748983,-0.2397299201169081,-0.002394798687887817,-0.023820086316734247,-0.06146560011420502,0.025159916043660323
2024-01-03 00:00:00+00:00,POWRUSDT,0.5926640926640927,0.46564219059710166,0.03606721264905244,0.007872436409726319,-0.033356064435663045,-0.011760880120345912,0.5976657373276808,0.021445716722332385,-0.02752745060930557,0.00535986109111016,-0.3549131144295014,0.0018298098695638191,-0.0256719239607475,-0.007779030134907318,-0.06873291576269623
2024-02-11 00:00:00+00:00,POWRUSDT,0.2693930542031808,0.4883949723603406,-0.034958478268797465,-0.0103324628530822,-0.005898704557689897,-0.012052867897611627,-0.1625176788107818,-0.0431720338333265,0.005404406439930032,-0.029505856127066455,-0.25296164452943887,-0.03142059528000777,0.07035704536829188,-0.017638567693479913,0.019022511971934625
2025-08-23 00:00:00+00:00,PROMPTUSDT,0.748349229640499,0.8022320195340275,0.3879850137144883,0.006845762877151745,0.006872619848580952,0.011895236064017444,0.09472343262928651,0.016006855539213986,0.010251143090869946,-0.005784484901684225,-0.19110768225638586,0.03367338255604263,0.06821782063605279,-0.026466468060743105,-0.014447289529107853
2025-09-09 00:00:00+00:00,PROMPTUSDT,0.304245283018868,0.49601462780858424,-0.19823981885481531,-0.07070587836228323,0.012457982779428129,0.005836072236061068,-0.22276620845564007,-0.1235155562104417,0.07468400778025525,0.019519914201765593,-0.26885759262816455,-0.11327445011562993,-0.06276331874970828,-0.0016626438545103372,0.09553011705803689
2025-11-06 00:00:00+00:00,PROMPTUSDT,0.5274832816832489,0.8114232174813305,-0.18979161367458217,0.07413206772095762,-0.013583055187695092,0.006424683732648978,-0.16678070617297075,0.05374459429583743,-0.07225671953823201,0.007303374152659016,-0.2902388836600275,0.0503716150389912,0.014262340051647577,0.06094763684117872,-0.014398471612901531
2025-12-12 00:00:00+00:00,PROMPTUSDT,0.3164861612515042,0.6240294770180352,0.04098140694105739,5.017788155300823e-05,-0.022425905775873577,-0.0011668572419680809,-0.13465125284058688,-0.02564847515247254,0.07150985682044779,0.009701743848277622,-0.1575150585150787,-0.04949203904271769,0.06256974473786184,0.0073401368460725815,-0.03192278702264053
2025-09-16 00:00:00+00:00,PROMUSDT,0.2030435245291049,0.24140320100966886,-0.03806276826936498,-0.019860979383465413,-0.025763563573786185,-0.008032592850192661,-0.1192229900030625,0.029429435559319695,-0.034586090315167455,-0.01830872861791576,-0.06235740727715876,-0.0007784410452723739,-0.06436626460730399,-0.26352830776807407,0.09255211185092779
2026-08-01 00:00:00+00:00,PROMUSDT,0.20479704797047993,0.4795056439522076,-0.03791602277411547,-0.06765995829600734,-0.007227261280184185,0.0022357791428632536,-0.028850232548181948,-0.01742928038764189,-0.019418013337468724,0.026484091660297766,-0.06600406419786328,0.0988616686596194,-0.06014019583763521,0.11050460312567427,-0.028575477920700677
2026-08-12 00:00:00+00:00,PROMUSDT,0.43365695792880254,0.40643275271009116,-9.976019721360521e-05,0.01999272801844682,-0.01690521424564285,0.01971386274533097,-0.24395819049378756,0.05436327870145918,-0.02618965495963039,0.035741014332258195,-0.34299640536672504,-0.039333492545400646,-0.022540151181411984,0.07854319236214849,-0.057157977972850896
2026-08-21 00:00:00+00:00,PROMUSDT,0.20613441587731152,0.4144965847213176,0.00954877140966838,0.0010847280313916394,0.012319822675048294,0.015848385907316,0.3734602246421902,0.020578338886448704,-0.010540047966950137,0.011901526855150182,0.692402023471113,0.05778596715387987,-0.010141196130328463,-0.02398221677884794,0.05322024919804382
2025-10-11 00:00:00+00:00,PROVEUSDT,0.3055751587861679,0.8630155487962284,-0.06719240663511736,0.012835618923344061,-0.06607143724062539,-0.017202077093752478,-0.09376414324539137,0.01126956277533156,0.06422931004512536,-0.021012350291666516,-0.05047348777415965,-0.010441461620634007,0.009910643706531498,-0.039354955684508725,-0.02128043768726593
2026-02-06 00:00:00+00:00,PROVEUSDT,0.2808908045977012,0.8105316276392832,-0.025099485571897017,0.005038749639242904,0.01424271852231628,0.009538900280257062,-0.05306720189580917,-0.006815144353791294,0.06106690271969768,-0.06139436423611282,-0.05042477731449625,0.03385425556842418,0.005670468701940046,-0.07513604072041921,0.10585657779086333
2026-03-25 00:00:00+00:00,PROVEUSDT,0.2247191011235956,0.7648905247559771,-0.021862365460497385,-0.006578824190665635,-0.013571315521173388,-0.012439820895868453,-0.11207729992759839,-0.030741796533260025,-0.0664306617395323,-0.004193734705228179,-0.20300043724886724,-0.01709797600798977,-0.0068885794943841176,0.010837012478060886,0.014197378877804567
2025-10-19 00:00:00+00:00,PTBUSDT,0.2502325581395348,0.31624167724851593,-0.11301165662445133,-0.013611208759080371,0.03792863418113991,-0.008231528814610709,-0.0895778063992314,0.09323392958515211,0.07500062373487158,-0.06770791290293118,-0.21384069590520446,0.05414003336525978,0.08066035766250157,-0.10597204922566823,0.0024234573568541863
2025-12-16 00:00:00+00:00,PTBUSDT,1.013751199232491,0.32932551869393384,-0.42509211950157266,-0.03378952252261632,-0.04922297987440337,0.01921429371824305,-0.5671195480764175,-0.024450187102659712,-0.07034831224037842,0.023683396901208808,-0.6159150195601267,-0.02016377654016916,-0.08131029582481543,0.004301250155492905,0.04170134956768119
2026-01-27 00:00:00+00:00,PTBUSDT,0.6520057999033348,0.5920274427562269,-0.31427101728352375,-0.021882715236491723,-0.09470972607344912,0.0164428116900707,-0.5019072345168072,-0.04914178932440584,-0.051794870430234605,-0.024761428477442005,-0.589673992135552,-0.046446601572211046,0.09166523709428218,0.013664982984325346,-0.007948880483008836
2026-04-04 00:00:00+00:00,PTBUSDT,0.34658187599364076,0.3244207117535721,0.31641844732209307,-0.0331213891544702,0.024865555648308148,0.06820798914806196,0.1461757635508651,-0.03102253351619158,0.020907643822693785,0.24936221131810027,0.09008120777492162,-0.09198385423897755,-0.0808676141524559,0.09724227222094593,0.06259544133727787
2026-04-14 00:00:00+00:00,PTBUSDT,0.22161075246057793,0.3498109059382616,-0.05416996018204048,-0.06363520148550812,-0.05302854507911804,0.03866279647665363,-0.11080956075330145,-0.04742568896226533,-0.0675715213967534,0.026943185954419847,-0.32221512182347556,-0.15835820039931087,-0.0844562125138542,0.1297319924596509,0.06853108331682956
2026-05-09 00:00:00+00:00,PTBUSDT,0.40017997171873,0.3770402898965047,-0.12469412230038769,0.017387822853964015,0.00655252429101876,-0.0016788085628591464,-0.035442925774087,-0.03862164179417679,0.02597985156215024,-0.01599695952024991,-0.17032450996242027,-0.07811408158537717,0.045461037205577405,-0.0035689579779979996,-0.00796928650938442
2026-07-01 00:00:00+00:00,PTBUSDT,0.20828950136755742,0.5757849515109427,-0.0921087856361779,-0.009682680037164177,-0.2598275470900599,-0.0147043338197074,-0.12482658425574358,-0.012273093883633106,-0.24953297560478277,-0.060534820189992754,-0.09003146170338404,-0.023758916884310633,-0.3190946195962302,-0.0303113354675554,0.038565524183962904
2026-07-20 00:00:00+00:00,PTBUSDT,0.20401278409090895,0.608394041266376,-0.10688551775688272,0.0027928726277732948,-0.013627121082138854,0.011263003766578992,-0.08286829049902392,-0.0021378526503990684,-0.016781928562029536,0.008803552422252538,-0.008139152207255404,-0.012567239223359112,0.03499739604847377,-0.005532667163243579,0.01887676721854411
2026-07-31 00:00:00+00:00,PTBUSDT,0.21655437921077958,0.5813801511199319,-0.00879493908502021,-0.017589322996632954,0.11031605978281558,-0.011245020757366947,0.25599519864384157,0.02184271771561361,-0.0027578875726979534,0.0051505420400011,0.12341436296307673,0.023205538864590057,-0.01828127050328335,0.010554809176056121,0.020750860620015344
2025-10-28 00:00:00+00:00,PUFFERUSDT,0.3393554142968662,0.9400392388815411,-0.11900878545457191,0.003644513618407953,-0.03233208703411766,0.006313408242413413,-0.22485962843901644,-0.011317699632101354,-0.04586850086996662,0.03652603988743329,-0.3278759971775914,0.05248268672361126,-0.08672328979672028,0.03787048417388557,-0.03236536956194271
2025-12-05 00:00:00+00:00,PUFFERUSDT,0.21155288822205542,0.7368022105262668,-0.12324986289953355,0.004402157358088343,-0.00946201595817195,0.03095663956418022,-0.11844264935908382,-0.02963781018739136,-0.011061475224509943,0.016636663777701864,-0.15543332090527043,0.009035339796776398,0.22342037144074456,-0.036283601366672615,-0.047592789907150615
2025-09-05 00:00:00+00:00,PUMPBTCUSDT,0.20356738391845997,0.6974369148743881,-0.010037435062608221,-0.002828191280226787,0.00048602090689873253,0.004116034797758166,-0.025543574956780987,0.04140476309883197,0.06211493674967915,0.010424617574050863,0.9549741239535182,0.0235556837380207,0.09929406177210302,0.00034516323654590965,0.03741666727828398
2025-09-21 00:00:00+00:00,PUMPBTCUSDT,1.3255409372621507,0.593005157025803,-0.3187295052726239,-0.0056782797404571735,0.012052369578138893,0.0035181238787709637,-0.7432204463526934,-0.0378419003567863,-0.004358322634712386,-0.007678243029023976,-1.0621756011029788,0.039577629061025875,-0.06296944482560256,-0.036657267355280285,-0.026978699317278122
2025-10-24 00:00:00+00:00,PUMPBTCUSDT,0.5223567768979971,0.5182422161591672,-0.09465510050128353,0.0021578195891781117,0.033705848361052795,-0.009306373454252063,-0.25344501359529065,0.014742109904618819,0.041020987516700066,0.01500259522278743,-0.18190391899333433,0.06776639036039099,0.039273894263055754,0.0014086233707208407,0.032214630567977506
2025-09-13 00:00:00+00:00,PUMPUSDT,0.2028612763221347,0.5898956352866221,0.08372008340397913,0.0006791175905472354,-0.009486021516947387,-0.010226572707689952,0.09975618647658649,0.025176002790191755,0.04283468934870325,0.00569940884644701,-0.009927813537139132,0.022921158245881028,0.009109922157458145,-0.033551530929044227,0.018231901812275762
2026-07-19 00:00:00+00:00,PUMPUSDT,0.20228777844671897,0.7479244443583217,0.004917779113684715,0.009110525166329247,0.005093201818328877,0.021794835289143593,-0.05089917826000334,0.007218640155924734,-0.003276332321413178,0.015476999180176676,-0.009644970498571114,0.005885620589351477,-0.006219232103978398,0.0059036371668811875,-0.004214998075758203
2026-08-20 00:00:00+00:00,PUMPUSDT,0.2768154563624252,0.41021299725481164,0.012908883628627119,0.060347428200892006,-0.04655193290339382,0.007324561411929889,0.2573668002616535,0.046255009665552696,-0.028909663667456443,0.046186307754575676,0.185594201089417,0.06398334728855806,0.04706418992028973,0.03661700028982816,0.08667322738543955
2024-02-27 00:00:00+00:00,PYTHUSDT,0.24064352243861142,0.6111665335957482,-0.07186029901432762,-0.014179483036440598,-0.032820561661153436,-0.004871483504440934,-0.14496112080793117,-0.03378802327454442,0.05344206562092172,-0.027929419684225444,-0.24510224009940448,-0.04597160175949885,-0.01643907805486115,-0.0993665766704114,0.04063473712788973
2024-05-20 00:00:00+00:00,PYTHUSDT,0.21361256544502627,0.8783863311099405,-0.03182119078443708,0.005468991441893266,0.006668393175814083,-0.01600264966859652,-0.08681384335283449,-0.013570366051506744,0.021490418580392367,-0.026487311187680235,-0.0965287298452533,-0.03181348404120586,0.04984213708397939,-0.038147811949769225,0.11718648132448357
2025-05-09 00:00:00+00:00,PYTHUSDT,0.27160899881594536,0.8971186678397114,-0.03163088546379054,0.005247159673960308,-0.06258481680893603,-0.03683067171034047,-0.05294532883025143,-0.012259442395895232,-0.053437567453693116,-0.06228114591866377,-0.1249652672444015,-0.023173379360911787,-0.17169270507067527,-0.08900562451284913,0.0758021751843583
2025-08-28 00:00:00+00:00,PYTHUSDT,0.9920318725099604,0.9503668600586834,-0.11040063972091935,-0.01192506458047213,0.023952473770801057,0.0031933009759085237,-0.2267302986281769,0.020190187709127744,-0.0018720151177535256,-0.004288721547719121,-0.3851955592035622,0.019568635754876794,0.04203346703196174,0.0024196094142338366,0.0436759388702805
2025-11-07 00:00:00+00:00,PYTHUSDT,0.2152693621240498,0.9496621511967444,-0.036766982531401024,-0.0018711650446243309,-0.014421271133528377,-0.01399067384227554,0.007114448328944235,0.006578532819809277,-0.09278250043299019,-0.008211199346460377,-0.028553231627927195,0.009507806307962326,-0.1031969764082143,0.0038438349706667457,0.12728877732824803
2026-06-11 00:00:00+00:00,PYTHUSDT,0.22340425531914887,0.7509277195877907,0.04031320896796815,0.008882425512696957,-0.2539287915024234,0.0026257840948134964,0.03362609441550245,0.03136935536321056,-0.3648214561787243,0.008986599670859756,-0.02726708265449699,0.08116686106683615,-0.26546806964500835,0.008030126643628724,0.03721440163073518
2024-11-16 00:00:00+00:00,QNTUSDT,0.3225513905683193,0.82243920317141,-0.014841673089268516,-0.01961483510715436,-0.0023994784173002673,0.004128430177057158,0.06457452031845282,-0.020296024269656755,0.016875440479502474,-0.011476789404427899,0.033698715280060514,0.1564144489968582,0.1078531032817089,0.0075663264894010995,0.09007117984671589
2023-03-19 00:00:00+00:00,QTUMUSDT,0.2041920216362405,0.8711906422080787,-0.033189347629048696,-0.02173005822119892,-0.005287795342765513,0.007603854332724288,-0.04995791783513562,-0.04340351912693692,-0.022563808571026335,-0.003015600828116881,-0.05077018476382529,-0.02488852903229142,-0.03436554460340095,-0.01146565456820358,0.14163730563391855
2024-03-04 00:00:00+00:00,QTUMUSDT,0.2586494869959439,0.8733397124857942,-0.05976971434797894,0.014407419998035798,-0.029428470087155156,-0.01628251495532034,-0.14302833650788593,-0.0003892241558689863,-0.04861832498365441,-0.0044882197405028594,-0.17924482768311167,-0.020067116379954623,-0.0863439160245508,0.21505284127181165,0.07425687214596696
2024-12-03 00:00:00+00:00,QTUMUSDT,0.3428504563538499,0.9013681062618476,-0.02773649757189735,-0.009995775653589412,-0.008001851392113513,-0.02004827985773188,-0.08886466775099977,-0.04056511987007167,0.02723995356493335,-0.023846012158856022,-0.10333175042932814,-0.09151409890373507,0.09819899039102978,0.006980661509708652,0.1888668718011289
2025-01-31 00:00:00+00:00,QTUMUSDT,0.2161223071577485,0.9278518636454833,0.1377771660169196,0.034206129232930045,-0.01655404979694163,0.03613646241052885,0.14688637656485581,0.003553134766123885,0.009674400909463938,0.07389504941440196,0.1680933275240293,0.016672158120812748,0.07284298301841727,0.08042135988593024,0.013186319635964727
2025-08-24 00:00:00+00:00,QTUMUSDT,0.2115760657019945,0.8755155366651483,-0.04933127581455181,0.019257634197403034,0.03429758513442551,0.0043235856856895395,-0.08791528980231414,-0.04306895817870067,-0.03389550810188632,-0.0335235663892374,-0.07626292758397471,-0.05287174070580116,0.01134822258249378,-0.0553812597538587,0.03189770572018613
2025-12-31 00:00:00+00:00,QUSDT,0.4421982502335853,0.3509026529778377,0.06844009298573953,-0.010327706739959294,-0.05010645428381325,0.0065449085074754994,-0.09519307077869205,0.017000973949049324,-0.08494336210405977,0.026540841735035715,-0.015120624185925774,0.03820699231377577,-0.1152835808275389,-0.0903749873468067,-0.044391295505408636
2026-01-28 00:00:00+00:00,QUSDT,0.9425412559228801,0.32149733951879156,-0.28788645447045746,0.032115477475128745,0.017316086040423513,0.019351349750238615,-0.4448485742999144,-0.06694729129119074,0.05618706967840974,0.04631241266929167,-0.4302579158095352,-0.1594374197435213,0.15083744895528034,0.08889725698809633,-0.056725477651445554
2026-05-09 00:00:00+00:00,QUSDT,0.40086277063324105,0.34100097549016506,0.0934896412641413,0.00047969559229183443,-0.004638303597560015,-0.03159528105934624,-0.018572320726219366,0.032428525051865095,-0.013694659795370287,-0.03009177349764257,0.39114793566613504,0.002672615155217423,0.011110911031102625,0.03835820007173388,-0.008150999566944784
2024-01-19 00:00:00+00:00,RADUSDT,0.24509283819628647,0.633533105408632,-0.16194551969322307,0.011218129012929715,-0.01803045668087677,-0.002399745829209979,-0.15708977540294355,0.013292885728331944,-0.025639403806339618,-0.013445355774139068,-0.2176938545046541,-0.0001749617915630261,-0.03676871962707501,-0.021408621496367693,-0.01764377406828015
2024-11-01 00:00:00+00:00,RAREUSDT,0.2782782782782782,0.8057578961155594,-0.10040756347628511,0.009030425161560945,0.02344197982705809,0.008081238255436333,-0.19099511291841026,0.008561518665439118,0.030310820386222303,0.019651042210806092,-0.16475731086583384,0.052498979682001214,-0.055997037091345694,-0.026001231591590835,-0.009175156612464663
2025-03-09 00:00:00+00:00,RAREUSDT,0.4744048872972404,0.9246664408919285,0.5085696181364787,-0.028003561133458844,0.053262836494218715,-0.014551680594461661,0.23792288093950986,-0.007769489349562564,-6.997796080218943e-05,-0.0540866728251574,0.23072622134374315,-0.015686669406393943,-0.01355653411614168,-0.02092433221998239,-0.1160206994282851
2025-04-03 00:00:00+00:00,RAREUSDT,0.29443614637789395,0.518947082551819,-0.06894810827777081,-0.038288020201526766,0.0331261187921645,0.001327252405030906,0.14927727347429132,0.029872673628372197,-0.014913535668440215,-0.008775126351215717,-0.037133239730127166,-0.02971862386561242,-0.03508489070477422,-0.028235740861546087,-0.05307150702257126
2025-08-04 00:00:00+00:00,RAREUSDT,0.2890243902439025,0.8193481790951431,0.02508780583587829,-0.008052234139107429,0.004566347592411928,-0.0014639945300959432,-0.011373242979602242,-0.014136588853442381,-0.08583829419613218,-0.014754840357286126,-0.11852171773950043,-0.02848549417063026,-0.054657012004522464,-0.018302202820167927,0.04478891500214521
2025-10-11 00:00:00+00:00,RAREUSDT,0.21201635734507707,0.920927901619358,-0.0666011067014296,-0.007519350898940338,-0.021171612527899127,-0.01776820830162198,-0.07501455775750347,0.04591419667939881,0.06632521754330337,-0.025431851960398977,-0.01559105407169599,0.050255304268886705,0.01606708653594905,-0.010730073921171642,0.05511516519808406
2026-02-19 00:00:00+00:00,RAVEUSDT,0.2815389047481862,0.4460414044106722,0.12438027924223673,-0.03257031158536035,-0.03341196720832701,-0.0043952322658367005,0.35445433649947883,-0.04144333111324742,-0.01181007037633606,-0.013486441165392654,-0.22300559585389945,-0.03321994365087147,0.03667761804847848,-0.00022281225481530776,0.004921669623823455
2026-04-09 00:00:00+00:00,RAVEUSDT,2.157756465039724,0.4336845814559872,0.47300105855696717,-0.00832307268106225,-0.011389946047275737,-0.017467243021235528,1.7554186875663558,-0.05335394775943183,0.04584669682537281,-0.05731329756261905,2.676795996199573,-0.04226866772557017,-0.0708253023759272,-0.0036774785507750927,0.01302415981265601
2026-05-04 00:00:00+00:00,RAVEUSDT,0.26537475976937874,0.4874715235980281,-0.14826474564930997,-0.008942050389639725,0.014546727856795241,0.02999697909153442,-0.1728701860590316,-0.02282079572251316,-0.019140919879689525,0.014499684404919822,-0.22972853738711244,0.03981330307900252,-0.04289108435442496,0.025629926065476837,-0.022219478188293628
2026-06-28 00:00:00+00:00,RAVEUSDT,0.2858261550509005,0.5261016388300009,0.13508974115664235,-0.013157687129252716,-0.01464196055825441,-0.0021104264428208437,-0.14354623828311625,-0.011957224874625994,-0.12050281866563076,-0.09697476846566166,-0.15748155182283302,0.04588576906972817,-0.02263783233811666,-0.0126273963451802,-0.022134544548600664
2025-03-02 00:00:00+00:00,RAYSOLUSDT,0.23829971806549577,0.6490991639398629,-0.05313887495961969,-0.031185193638871622,0.03482641390864452,0.02058266182593378,-0.09443991362490192,-0.024928796541296285,-0.01771622541432692,-0.04389170127760024,-0.17340066870414061,-0.023941746758576805,-0.03440424581435652,-0.04271497968076186,0.17069006184671906
2024-09-02 00:00:00+00:00,RDNTUSDT,0.22095339264373925,0.8137037959677169,0.07404888558715783,-0.0010610248984055646,0.043126367993182875,-0.00765352442019322,-0.019632485346746942,-0.006931350075457379,0.028814930964106856,-0.023487532657209986,-0.12619545580343863,-0.030597699311152138,0.0569036626171195,-0.029181421752817478,0.055528800062304026
2024-11-06 00:00:00+00:00,RDNTUSDT,0.3420741790692181,0.8779543160683559,0.06015038849833899,0.008947427829044475,0.002563731244517338,-0.0011374997532150836,0.022691826684086917,-0.0007400380701125841,-0.02647149020371143,0.010484680693732885,-0.051778123654586033,0.027677464860270874,-0.02608911135960044,-2.789613883754857e-06,0.12071549228446661
2025-10-11 00:00:00+00:00,RDNTUSDT,0.5934676858929813,0.9768654064951964,-0.06359779367259942,-0.031895550204852616,-0.05224559132388866,-0.010860726670351619,-0.2137939443717969,0.011184064259081717,0.05164443937225275,-0.009969232088981797,-0.22900774953951664,0.00837635315332945,0.0014272053135164554,-0.02517763581680842,0.10443564870401482
2025-12-03 00:00:00+00:00,RECALLUSDT,0.24431818181818188,0.5082486206678272,0.15303305177923257,0.012712106549149883,0.044665326115646775,-0.01147046556120687,0.08087821581806648,-0.03594663285222031,0.036965486462544786,-0.016907513385665502,0.11858712473844435,-0.06325037880220383,0.02960095848015787,0.005895150579473275,0.04312934060494801
2025-12-30 00:00:00+00:00,RECALLUSDT,0.2824742268041236,0.5391929252788217,-0.14495936012512955,-0.02955088704715953,0.022124109535357105,-0.006588242159809812,-0.12293693597489674,-0.0047601988230111395,-0.04142378571701917,-0.030152802988811567,-0.21887357021409873,-0.014902979703671682,-0.08451502696506442,-0.04346788773434873,-0.0013544133744311626
2025-09-05 00:00:00+00:00,REDUSDT,0.6306062099556431,0.734400271621042,0.05140630045577371,-0.004447865040410787,0.006898615813809203,-0.005512899331952617,-0.005887460915012771,-0.024002575875407987,-0.004071621447385906,0.0011078148080047507,-0.1541639708396825,-0.047936991483427574,-0.024058289411065064,0.0355603229223051,0.02719466473208256
2024-03-12 00:00:00+00:00,REEFUSDT,0.27987238979118323,0.7754463904619537,-0.05027815884243624,0.06150143889618481,-0.028397818815650948,-0.016147959557494165,-0.07764492406841342,0.06974027395673735,-0.00331038690430458,-0.02713653533482166,-0.19231922686077346,0.008965334748036222,0.0658323024367842,0.013910665833282671,0.0001392078514634798
2024-09-02 00:00:00+00:00,REEFUSDT,0.43320363164721165,0.5977681292761396,-0.01609817124238737,0.0021326184946665024,0.0350069651333147,-0.018945495636493274,0.11589690419724613,-0.0027438503757913754,0.03070510741945831,-0.01422355548729795,0.35047247653684277,-0.004219037728320433,0.037042354600784685,0.016979567215539254,0.04345026506614101
2024-09-19 00:00:00+00:00,REEFUSDT,0.5910727141828653,0.4756335253112035,0.07585318508823935,-0.0024773677010545233,-0.057502233191812434,-0.01023013570034052,0.007107967472277696,0.00309670932988156,-0.14080924317870874,-0.007271375996395582,0.030897610348114862,-0.0039607892176387015,-0.2446192492347615,-0.03633351343171775,-0.0021241959864618993
2024-10-03 00:00:00+00:00,REEFUSDT,0.25336979878882593,0.46778754268826966,0.04537426937609074,0.022601230547941036,-0.037523959270009115,0.015888194020733385,0.059886843352035604,0.02486775657156389,-0.08331786275061807,0.012057735337881303,0.12721512355029785,0.023135576298375475,-0.03612518586823317,-0.004519045733661717,-0.012801295860499051
2024-10-14 00:00:00+00:00,REEFUSDT,0.4432740213523132,0.4598812458459055,-1.1034039312050956,0.005654200524823455,0.003894870679109784,0.03466340961403176,-1.473692846100433,0.006114279010354195,-0.0007797013363095656,0.04271767266790058,-1.5088366029406168,-0.011876310390086617,-0.04516403419393862,0.004824039550072057,0.04063460350042136
2025-07-25 00:00:00+00:00,REIUSDT,0.40208574739281566,0.7636205447346753,-0.08221975352304327,-0.0120625441502855,0.02487619035040787,0.03161832595321088,-0.16514258391334996,-0.02774465507287749,0.0241620991000221,0.08536682597964397,-0.16769780241738938,-0.0518275977837082,0.0874187526461345,0.053552252710485235,0.03108069962107666
2024-11-11 00:00:00+00:00,RENDERUSDT,0.22872340425531923,0.8783623931305534,0.06335656246063004,0.03374224309479588,0.05367464263618812,0.013038389057729255,0.07762049608962823,0.02799365764677717,0.08184018302601918,0.03267524051601669,0.07097659612297205,0.07791564764990488,0.028391764228120987,-0.014910527483710866,0.08267992548274088
2025-11-07 00:00:00+00:00,RENDERUSDT,0.2552753474009264,0.9650750829154962,-0.002259172385488166,0.010259147572692775,-0.055029339991576276,-0.029649959668204447,0.056916980478202706,0.03351730015571437,-0.16072251897241452,-0.0033253545085257853,0.03403056064859568,0.03395132528704005,-0.22050361115624137,-0.00703231773297755,0.12542091201360744
2026-01-03 00:00:00+00:00,RENDERUSDT,0.21174142480211078,0.9254300036620435,0.056430197283959184,0.005868975237557526,-0.06585295037299567,-0.010355722857260632,0.20108579836844176,0.023985703932868946,-0.09115175533318542,-0.013682269924604043,0.2404536320048549,0.08332367497156722,-0.06450953024691827,-0.0020254404379197954,0.02760381868984816
2023-03-19 00:00:00+00:00,RENUSDT,0.3398420827998292,0.7529707766400693,0.04191303532314432,0.0314120127376573,-0.0007214123650141166,-0.002345793554674977,-0.08215210887249909,0.05541618151936678,-0.02396387766874188,0.05616726736016749,-0.13002978456197284,0.04102441167964872,-0.014420053366652835,0.04852817406428307,0.03119345445664832
2023-11-03 00:00:00+00:00,RENUSDT,0.6311411992263056,0.7779177527098817,-0.1567663143026817,-0.006100054207789657,-0.004623785639982124,-0.01854034946863662,-0.20336607315475674,-0.008383820784802815,0.044148574518835575,-0.03996302299248847,-0.29098588315395213,-0.049541097013595964,0.043052245611872854,0.18474532836774832,0.035224134400793014
2025-11-06 00:00:00+00:00,RESOLVUSDT,0.2641475962391342,0.909376251088211,0.027304248347565147,0.004402275405553431,0.06602053342536526,0.04314432492231933,0.36453544821639194,0.004491656926544033,-0.0329804898531373,-0.033112847350407315,0.8372034453512992,0.012762646825781909,-0.010236635465841632,-0.22673759002594393,-0.03551131360204564
2025-12-19 00:00:00+00:00,RESOLVUSDT,0.35599673646994856,0.35307099055321467,-0.1537879247776457,-0.021655946233182666,-0.008822437571002793,-0.026305242954294993,-0.30915758294740336,-0.027939386319653668,0.008085713746860141,-0.009710623782735319,-0.29329831418807095,0.0247979646400571,0.01157367078801281,-0.03007052582636428,0.044230513972570405
2026-01-19 00:00:00+00:00,RESOLVUSDT,0.3064894448788116,0.45290045287899894,-0.020990718110526385,-0.025802188963259292,0.006505543492069341,-0.042724531193483475,-0.06415613273119591,-0.012395174333893828,-0.04876823841074582,-0.015690440720570447,0.14496264015392354,0.049579747379917175,-0.16939200521637168,-0.005868580249221643,-0.007390112941776073
2026-03-08 00:00:00+00:00,RESOLVUSDT,0.20722209110219514,0.37410921745599907,0.10170619823677049,0.009177767054362698,0.0051351193979051,0.017021240815712546,0.09168264801536306,-0.002906862044581507,-0.0687532227130064,0.02767848559267826,-0.49367518932568716,0.006587054431693174,-0.06553158602320226,0.041327412813749936,-0.02476835216879879
2026-06-20 00:00:00+00:00,RESOLVUSDT,0.3989071038251366,0.6049061997807254,0.09930528897104372,-0.01854217180819864,0.0026625687097279194,0.03798669637285409,0.3038616231272183,-0.03280955930449617,0.049959482140260233,-0.009132938638378723,0.17260291167504455,-0.03074431782114418,0.38293464276965994,-0.021466471381594014,0.02475186729893704
2026-08-19 00:00:00+00:00,REUSDT,0.35103170608958245,0.42249384249171956,-0.08922526370733508,-0.0009070400743732429,-0.027762199907012064,-0.02318374918679363,-0.15182836636590707,-0.039152846606753354,-0.10663594632009366,-0.029108012181693267,-0.1282229076292145,-0.06345266852778512,-0.1412779712971183,0.04925576728235109,0.02502385747592841
2024-08-08 00:00:00+00:00,REZUSDT,0.3586680223690899,0.8535825166557792,-0.029443297679913903,-0.014963453344702653,-0.008859413737538588,-0.016160090056507353,-0.13296477720665048,-0.04079848128644705,-0.01624548428660178,-0.06235804294478205,-0.13315772587937988,-0.004112585512461924,0.0008902298348418741,-0.04512599402234184,0.13673161194332364
2025-02-25 00:00:00+00:00,REZUSDT,0.2088150289017341,0.9454106035351579,0.220954163494517,0.008024321200704104,-0.027403076883331073,-0.024524483393119273,0.2086489236639782,0.013364092072389191,-0.03189311762524938,-0.001990542112240509,0.13443782608016736,-0.030001601884499907,-0.018626683299197193,0.08251059883181379,0.036936568330874796
2025-03-30 00:00:00+00:00,REZUSDT,0.35961272475795303,0.6736338194439278,-0.08387666912069672,0.006450106966772529,-0.0016805332531342504,-0.01127768247049346,0.004130164950010964,-0.010708646050344984,-0.033766037596576697,-0.027920945681789256,0.013810891751329032,-0.0787699652946196,-0.036910537711328475,-0.005417161481675889,0.013889595005491095
2025-07-10 00:00:00+00:00,REZUSDT,0.2693133047210301,0.9357229112003216,-0.0013509094502830088,0.015231028346285494,0.02448182005820806,-0.04381216477696783,-0.06260141734720347,0.007246548270543908,0.0003399026410712727,-0.022170171158170486,0.04711383196225458,0.04341592171467532,0.017560155336728483,-0.011123019577077453,0.11855248012153334
2025-10-12 00:00:00+00:00,REZUSDT,0.33810010214504604,0.9137334608165999,-0.0547639263719883,0.015916649684546712,-0.01449589137785762,-0.019657350459052085,-0.008960699141491953,0.008853053319603689,0.08317921503409478,-0.0188242941897092,-0.05816439486005756,0.01722528280891681,0.005038703877884048,-0.04738355510817781,0.11987339343338492
2023-12-04 00:00:00+00:00,RIFUSDT,0.24831745476793987,0.6364704263351461,0.10964939221280648,-0.019832770864253214,-0.031684707013882825,-0.0029102518326596938,0.01807469164137253,-0.05222986298597153,-0.05639787732367337,0.015094519669487622,-0.09638472930731726,-0.08972869329430236,-0.12386457705204126,0.0008755074313306854,0.1120761731034896
2024-01-08 00:00:00+00:00,RIFUSDT,0.2871350147187526,0.7153534990854211,0.08642094918094424,-0.04091824462317753,0.014261249180217251,-0.034598541402770265,-0.1034814225716843,-0.07701075907343641,-0.023146438262466346,-0.05237313440998139,-0.16892426605699054,-0.11414827956560958,-0.0734354594220049,-0.06368313787168009,0.09924115206444566
2024-02-15 00:00:00+00:00,RIFUSDT,0.3218755614108628,0.6347219359410303,-0.18927735589586156,-0.0013947563166294718,-0.006090012325604076,-0.010701337830840194,-0.17750337387251078,0.03101030850946368,-0.013349227010257958,-0.0005360572200082639,-0.2939646540581675,-0.045850129265877206,-0.031509365849843096,-0.023347319351563162,0.02122339845272565
2024-07-29 00:00:00+00:00,RIFUSDT,0.2699026979212735,0.7751520922866117,0.026499872843045644,-0.00018242872754727635,0.06890266783138445,0.015966126123813065,-0.08395842966574243,-0.00923142128651607,0.12911780805586162,0.022341209259714424,-0.20338547359575124,-0.012626943254502341,0.2868950500672405,0.05967297138190288,-0.005955977708576876
2026-06-01 00:00:00+00:00,RIFUSDT,0.22692659153213546,0.3711241908873611,0.11200396305548202,-0.007782602466492207,0.07781152140136437,0.021833899970899462,0.15377030968850192,-0.03390796310194532,0.09686866301947471,-0.03931356524541456,-0.06017269884104612,-0.01597192202186264,0.34506309038139543,-0.06140394768796322,0.01034598712455841
2026-06-12 00:00:00+00:00,RIFUSDT,0.26148969889064966,0.3884862263288699,0.3363815023662937,-0.00852029166287241,0.014266197516955379,0.0010117881527884121,0.07627440984844625,-0.00974316030686686,-0.10491982365807409,0.016313406515772795,0.12771280278706226,-0.04121681339871658,-0.2854109738547523,-0.015101974118276639,-0.03410368851338328
2026-06-30 00:00:00+00:00,RIFUSDT,0.22959945689069938,0.34554855500313414,0.27190967061155474,-0.019765982652126042,-0.060001369850280394,0.006025386576882176,0.15210854473349572,0.008676227329120675,-0.09951290859870884,0.03803246409434896,0.38265184986781,0.03359734611508917,-0.1211937882845557,0.04910560208935731,-0.03357744579180664
2026-07-23 00:00:00+00:00,RIFUSDT,0.7716077026421855,0.304751593731979,-0.14365424413338562,0.20738558967573625,0.028580421033350723,-0.033919669978929354,-0.4778541186890646,0.18329256301042035,-0.09837917513103184,-0.033339663907815155,-0.271141415877906,0.12609102873460065,-0.06714643699262345,-0.024772769871479187,-0.22466576310135372
2025-12-09 00:00:00+00:00,RIVERUSDT,0.21042958878934082,0.37170798820787815,0.17962724006881312,0.017766381124190576,-0.00026629350855971454,0.023994100101229966,0.31786064263926006,0.015430802060844203,0.008127927520201028,0.029528019433915392,-0.4921237867718787,0.08975524573042994,0.08242253602512349,0.0593740994301067,0.0061821469257033355
2025-12-31 00:00:00+00:00,RIVERUSDT,1.2336601307189543,0.3559918308019261,0.21438634305506588,-0.025059069530367583,-0.05809960717558116,0.022324050636166635,0.1580110201014936,-0.06387784037281544,-0.07435888761198194,-0.1049379973567967,0.2938629587105661,-0.06565180365651087,-0.08643917304078948,-0.19074198662168312,-0.024207575623897748
2026-02-10 00:00:00+00:00,RIVERUSDT,0.303925290410751,0.3700545509396851,-0.1173164533692636,0.014170178249942591,-0.11361820313558642,-0.004480531655164623,-0.059815734249037245,0.09412921987165382,-0.2955666950391538,-0.0015230543548852935,-0.7019162564207895,0.1572386096218153,-0.36037775245964787,0.012022796340726673,-0.020695669969922913
2026-03-03 00:00:00+00:00,RIVERUSDT,0.22712996992983636,0.3312348517723143,0.007680050586193886,-0.004702293883947795,0.016754493909636434,0.009068808339365058,-0.1377676170186037,-0.005284793272746368,-0.004311645588989133,0.000211345780918111,-0.24394073688826992,-0.0325026760787605,-0.02134932820722657,0.01455260922830626,-0.012553231335961446
2026-03-12 00:00:00+00:00,RIVERUSDT,0.2857731392474594,0.3571496921843767,0.11164852852329435,0.009169091989627454,0.010161077702287866,-0.021769850778915502,0.19580481427020596,0.015380885577401688,0.020259267083221406,-0.03128435711271942,0.29856006942991486,0.037664461600284374,0.07620402696671294,-0.03132444840521719,0.019174793946666036
2026-08-06 00:00:00+00:00,RIVERUSDT,0.2763578274760383,0.5566578432677856,-0.08548623967756634,-0.0053958648344420495,0.018097781622225726,-0.0027105463782558315,-0.25915329647310237,0.00864964975720476,0.004291922764124401,-0.0011005289753644454,-0.2122551215420126,-0.013547537432395035,-0.04299669318596255,-0.0011038899802423494,-0.004654003436105542
2024-01-19 00:00:00+00:00,RLCUSDT,0.3238253958079611,0.7481619431247307,-0.1396514906743005,0.07074372307481207,-0.005399593707215278,0.027662229555080055,0.06038387568413886,0.06223629910324181,-0.018660485083486313,0.04612221557648499,0.030726648072669033,0.03482934887911422,-0.03318503649115394,0.010351217448153208,0.006687415216683046
2024-03-09 00:00:00+00:00,RLCUSDT,0.24454748874450694,0.5116799985328051,-0.04349954427973812,0.017721551364910226,-0.032972575217637426,0.04595748526694869,-0.08306967103136219,0.07235106742110725,-0.06540695071945195,-0.01101710896423236,-0.1725708529883611,0.030458553131610833,-0.16094246033972115,0.029092398188524528,0.04415636646556844
2024-03-17 00:00:00+00:00,RLCUSDT,0.20496625713791294,0.5292401744276894,-0.05464561849697128,0.010851015218612195,-0.014590044810658277,-0.00267302978309472,-0.037076720450413644,-0.008517361632938095,0.018953330449577758,0.08567238753480907,-0.10087707694652437,-0.060799482561813355,0.07713122413315565,0.08617050813128516,0.09130179415468573
2024-12-28 00:00:00+00:00,RLCUSDT,0.2085987261146498,0.8900938493968674,0.008143980323616469,0.024107432206783304,0.06182761572755313,-0.0059643878918112314,-0.061740986520673405,-0.01424166412469828,0.14679749118363916,-0.00774834443411922,-0.05842434085968817,-0.061882692960465224,0.040252743413780996,-0.0003366657438260437,0.06671904974075167
2025-08-27 00:00:00+00:00,RLCUSDT,0.5739679456046625,0.928753318339816,-0.28185872018801805,0.03003526770965572,0.038853571858269036,-0.0056715255433258715,-0.33761757326988096,0.015222122513352079,0.028311652925655156,0.01451917031204164,-0.23860684440107693,0.023736645504668953,0.04209532735724491,0.025208086599488293,-0.01021843974083909
2023-11-15 00:00:00+00:00,RNDRUSDT,0.26303433001107446,0.599810952788669,0.09767374504619439,0.017885424636954188,0.008488437605314134,-0.006212246832707635,0.23482898427244628,0.03775008230155464,0.03415472904103915,-0.010346749057240675,0.19844483522051423,0.05815168454508155,0.06638738241669852,0.1369454602791234,0.08054586814655966
2024-03-06 00:00:00+00:00,RNDRUSDT,0.35224387342029284,0.5778286088444421,-0.02961318869019124,-0.031966851857870834,-0.06020018579806128,0.02518511151285206,0.12753171771268332,0.10592316170902223,-0.06342488326748187,0.05712382640092271,-0.006340449064198842,0.02497457010671376,-0.14448919798593693,-0.00806824104515362,0.12861432580067317
2024-03-17 00:00:00+00:00,RNDRUSDT,0.27827581852970606,0.6785456323570793,-0.047970120471064345,-0.06578042044511694,0.0036917420373627774,0.0210775668938867,-0.08902912682094823,-0.0329342352634527,-0.004237948897840035,-0.009156906228063828,-0.19772347577097363,-0.09550454678087274,0.021220059634891916,-0.039002358658838436,0.14249123480680911
2026-07-30 00:00:00+00:00,ROBOUSDT,0.25483304042179267,0.33136579225154833,-0.16880295452075675,0.013178352918713512,-0.02595883558682917,-0.03237362648943452,-0.23264112388652608,0.021270649733752266,-0.057368374359005436,-0.05153849944257579,-0.05755124410037657,0.04952393030215872,-0.14518827779095125,-0.030887566224148726,0.01677799722468184
2025-05-08 00:00:00+00:00,RONINUSDT,0.2018722018722019,0.839718184005088,-0.01240579443509588,-0.013718116450752386,-0.006180314261212891,-0.04774872901140811,0.047199286289501166,0.02612723676672838,-0.11841899859337239,-0.07150147423898132,0.08241890214725237,0.09883847786137082,-0.18110627601803045,-0.0899791238102395,0.18205646729331706
2025-11-06 00:00:00+00:00,ROSEUSDT,0.20882188721384698,0.8993278100861725,-0.04728232150167178,0.03712948483368938,0.0027836929920770637,0.027265587122052293,-0.07312572009372065,0.004260373851825816,-0.1030085440002512,-0.004045294488269286,-0.15523163223184144,-0.004422326010480771,-0.0749448549760406,0.0055009969913441875,0.0060760410705681615
2026-01-19 00:00:00+00:00,ROSEUSDT,0.41887062187276625,0.7776181626336264,-0.1161752158354075,-0.010278935888168356,0.02695234088313305,-0.01097392557788424,0.06777552797718799,-0.0019594514245190307,-0.018107196918503883,-0.0011844048493120803,0.04695452037590998,-0.01251445016579944,-0.01650985931842772,-0.012704454267769366,-0.01869620612147569
2025-02-09 00:00:00+00:00,RPLUSDT,0.31643499591169255,0.9453229277931463,0.03537712758437237,0.02454983029767678,0.056060965852795616,0.02670476364384783,0.08596789657870202,0.1665710016399353,0.01391870512564274,0.07308629181485007,-0.04792111248057045,0.10405544865357748,0.0805618382101849,0.08390346615700653,-0.01906804144054406
2025-06-10 00:00:00+00:00,RPLUSDT,0.20378006872852228,0.7188222459228344,0.013669463457399014,0.035870866881837306,-0.00349305068030982,0.010936907893859923,-0.009223744110512085,0.009350915660230103,0.03217879026203662,-0.009636044864999273,-0.04122297061097067,-0.0024580048569495354,0.11904195270527909,-0.01054312712885161,0.07365377251352312
2024-03-06 00:00:00+00:00,RSRUSDT,0.4558335178215629,0.6485313087661891,-0.12195733650728618,0.024669543277257237,0.017555780741617906,-0.01002501710161341,-0.18043120372400326,0.06720581013077484,0.06037766552615764,-0.03579121980127662,0.046572738156449967,0.008492781265848081,-0.03871186383034667,-0.06928044909625716,0.0536502601878431
2024-03-21 00:00:00+00:00,RSRUSDT,0.5232674924673586,0.6915496506595621,-0.0613989823860749,-0.0014940926951595387,-0.003975119495942599,-0.007498362690464416,-0.18743990011983314,-0.025593869025991818,-0.0037422624379436662,-0.016078208331777682,0.0743689534729242,-0.027785211992810116,-0.06443028227743244,-0.020820535403966816,0.000562700166482366
2024-12-03 00:00:00+00:00,RSRUSDT,1.5599723128646295,0.8523088406832464,0.008460548204347888,-0.0037739475742024895,-0.040576796509941476,-0.014093648388678081,-0.2670004420788661,-0.006288254539539076,-0.029533802381437557,0.0014878512026779381,-0.32996225191076645,-0.05021314642813759,0.046338147002788134,-0.0063740979769974695,0.10794296637746752
2025-04-09 00:00:00+00:00,RSRUSDT,0.21255488697349167,0.9061049711904093,0.0064025974667277046,0.011092088761076774,0.0015498033272906054,0.0005409467845235765,-0.019839647112056425,0.004676476656507693,-0.04290701732917564,-0.007448682371501797,-0.05002784378326551,0.021063988426798443,-0.020318016886218017,0.002130130933752747,0.10239328704540637
2025-05-08 00:00:00+00:00,RSRUSDT,0.21447527141133893,0.8460925085698084,-0.0638132259783813,-0.008020762135909146,0.002001491937535718,0.010038985971830918,-0.12918984939450423,0.02296518060443018,-0.09885128596513504,0.09214248565741319,-0.1769539206191853,-0.011680574625205302,-0.19481688844024614,0.0507264065817337,0.12461868072184401
2025-10-01 00:00:00+00:00,RSRUSDT,0.23913432301913806,0.8915947230904031,-0.03866731002858881,-0.013550115653124797,-0.03347637113948705,0.0009001516379711395,-0.0496938480549952,-0.010071479636558158,0.07010130063352696,-0.005077781945438724,-0.13556252029956606,-0.03303149149495534,-0.007534708985855222,-0.019647808750331362,0.06807992808479468
2023-11-15 00:00:00+00:00,RUNEUSDT,0.24052181002853668,0.5344277080468739,0.02939008097426426,-0.01252471957732113,0.00074236016901469,0.005922703984308095,-0.014192954341939852,-0.00454180964347895,0.021318196531882983,0.0029142949895883076,0.004400215001754415,0.014287007244178456,0.03792568670926627,0.022523466905168515,0.047595696259760026
2024-03-07 00:00:00+00:00,RUNEUSDT,0.31846531846531834,0.6890914473034224,0.047352575087206875,-0.011340111196808732,0.004966356359847721,-0.00651521288150306,0.1726467557356789,-0.020795857367322874,-0.06855669173082013,-0.038023879164404736,0.3076781580231291,-0.05206561296775656,-0.06844861886893995,-0.03792429534653917,0.026842003330562796
2024-03-20 00:00:00+00:00,RUNEUSDT,0.26727861771058303,0.68970972978461,-0.09597194967706985,-0.0014328699139496818,-0.02813409253328053,0.0009534980950474129,-0.12382965883850659,0.00708397349896418,-0.011068240794605442,0.11100245099093835,-0.11633621554776849,0.09973402013205022,-0.038013121695038926,0.10776128547107078,0.09106499178377836
2025-01-25 00:00:00+00:00,RUNEUSDT,0.2962786259541985,0.7342974436180232,0.005665529095197366,0.01546704042123256,-0.0034571499268662527,0.0028852705671739047,-0.1450456824634067,0.012288774296710703,0.02328321925638394,-0.01567634801184011,-0.8168591302763818,0.031411300819564704,-0.02186795658511072,-0.0018369092896133976,-0.0034080359057962694
2024-03-26 00:00:00+00:00,RVNUSDT,0.33805248618784534,0.8155074922721945,-0.06644919767388092,0.001496732308565621,-0.021224666219295807,-0.010915373635356069,0.17917533726076115,-0.011889320328633312,-0.022451777292101904,-0.0003813041534783387,0.30606171430413687,-0.011182801592616969,0.005738813507909568,-0.014817816355165197,0.01610686891985973
2024-10-24 00:00:00+00:00,RVNUSDT,0.26086956521739135,0.8966267279527284,-0.07492862820660931,0.004432188365122905,0.05854290717374096,0.021797197030634343,-0.12773715472732314,-0.0004091207214419107,0.04281419307704527,0.0024133645227643412,-0.11577809662946255,-0.006728871363952215,0.04596956954489689,-0.0020659832372145635,0.008639875725630686
2025-06-05 00:00:00+00:00,RVNUSDT,0.3588560885608856,0.9340506443140996,-0.12587304840374414,0.008143670595399962,0.000738957834846847,0.01649232450185986,0.05039415593010163,0.014962347565639472,-0.03135855142910235,0.042047352565944315,0.3308899839223083,0.022373476662505963,-0.11811465889141778,0.01883468723113188,-0.0707495151642828
2025-12-27 00:00:00+00:00,RVVUSDT,0.5255263916931066,0.6878980549697256,0.4330540724076805,0.020362048412877677,-0.0381586665488061,-0.034889028147848174,-0.04805526497106927,-0.0070870467102097075,-0.058806643591049756,-0.01662979676785683,-0.358428054972752,0.03832899124222932,-0.11022097889749434,-0.07271985123689204,0.021829787817589263
2026-01-30 00:00:00+00:00,RVVUSDT,0.22720694645441397,0.5006273319760949,-0.13511434168475397,-0.01762938514884664,0.025937025990458006,-0.015402502037652633,0.018598639782735932,0.03980025456901888,-0.01225053185143786,0.018137181223834533,-0.578863261882256,0.013814860176545204,0.10636449843956688,-0.020012615118830474,0.015265146071875813
2026-02-08 00:00:00+00:00,RVVUSDT,0.6012613875262789,0.5488800033957875,-0.41001927891804024,-0.002307754635061702,-0.022055346405369297,-0.0049764237216902915,-1.2481468285204063,0.002543426705270183,0.00521883441044953,0.00884072504278686,-1.292052135883894,-0.012450382667659592,0.04184770952976492,0.05375152414224377,-0.03240877583782126
2024-12-05 00:00:00+00:00,SAFEUSDT,0.2885108878950071,0.6502108766121972,-0.09833040122040855,0.040497010609060746,-0.011578265785242424,-0.021817772118896992,-0.14828503796271386,0.013321888156328931,0.02968944285111904,-0.02720387868916303,-0.17080382073064593,0.11142673603332935,0.053504925326806375,-0.045246966114844654,-0.030191285557347465
2025-02-27 00:00:00+00:00,SAFEUSDT,0.21629094002552085,0.857846028459029,-0.11915167084935802,0.00578341266878669,-0.010097175540614975,-0.0008468437080769373,-0.15184492942523972,-0.00650766443929097,-0.03532028518692759,-0.015191095864320667,-0.12008608891819891,-0.02584513664310382,0.048857587816397985,-0.08862168380009083,0.040439964676715776
2025-03-27 00:00:00+00:00,SAFEUSDT,0.28592222915367005,0.804697428747026,-0.0193714261598205,-0.015948293088637513,0.08382844719323164,-0.0042769731614122385,0.08453334545300797,-0.03246450259078712,0.07943778565964929,-0.04136263468717266,0.08707218470957878,-0.06830179155154571,-0.14375358358020146,-0.058725275169797996,0.00605328604387686
2025-04-29 00:00:00+00:00,SAFEUSDT,0.22668704957414287,0.7161032748193479,-0.09322255897773978,-0.010691045268394808,-0.015497001570089219,0.06505690969137887,-0.12814278448122912,5.0445381972546995e-06,0.0034713229519691075,0.04750491900518346,-0.08730904243698161,0.0019378088544359435,0.022407775184857096,-0.013328744643546494,-0.016047733862181064
2025-05-08 00:00:00+00:00,SAFEUSDT,0.21733333333333316,0.6473709872232998,-0.06260778926460742,-0.0007836569524632603,0.0960637485003569,-0.02499000954949578,-0.040892242059327844,0.00872439027447588,0.012980412112121253,-0.04231460262200238,-0.0790314140673781,0.043598431053698525,-0.04965413843524121,-0.0631713113378441,0.10693066173027474
2024-08-08 00:00:00+00:00,SAGAUSDT,0.30999999999999983,0.7797357885470764,0.07727215274978025,0.006520851644268069,-0.004800338459964903,-0.007575014416890108,0.09318446599125207,0.016428679086528793,-0.001930488171105478,0.001898986253092251,0.23935460051681456,-0.004701678985924674,0.015757317474985533,-0.021370463487646787,0.15241329955460511
2024-09-17 00:00:00+00:00,SAGAUSDT,0.2380281690140844,0.7870963805527221,0.1614748311034528,0.00903105886121645,-0.018855476079100302,0.006370482468291828,0.1712042721972296,0.00877152050222792,0.08264811607512572,0.02880406048396721,0.1432566434011694,0.06841700589558561,-0.029886044688675912,0.03152044450784845,0.05588338496293338
2025-11-20 00:00:00+00:00,SAGAUSDT,0.33880422039859304,0.9656496255978931,-0.10426307807214874,-0.06961921923875934,0.036204631060604384,-0.03224178392729242,-0.17869180166460727,-0.08251219666535228,-0.006519816624732011,-0.01731662734483249,-0.24718529215448173,-0.10929073034170404,0.02060245713118173,-0.022927743632933015,0.09192943489502259
2026-05-11 00:00:00+00:00,SAGAUSDT,0.30130130130130106,0.6475471454779191,0.25458666466156066,-0.020977686688729607,0.10466813339289607,0.002597696333639587,0.026846388188022985,0.008269120499407995,0.092856472442084,-0.0072483280253460595,-0.0847474933016199,0.020965287054129728,0.09907141594961996,-0.01698610303631205,-0.006317494741064911
2026-05-25 00:00:00+00:00,SAGAUSDT,0.21147880041365053,0.5780249995457325,-0.09341449354055724,-0.02070947966133594,-0.029563692839424525,0.009961462847049438,-0.15108141058924818,-0.12468740240599004,-0.026040054230345454,0.02152797554941983,-0.20977989121686585,-0.10080817949248488,0.05942038956894093,0.015394144073050547,0.01645675526248863
2026-08-08 00:00:00+00:00,SAGAUSDT,0.2074506939371803,0.48186973111670905,-0.08877631570207448,0.02087743129529937,0.004991017871002023,0.018845073667977823,-0.13829231390458446,0.03026630868855299,0.009081619559873971,0.03926470036186709,-0.16952006232108896,0.06101231338900827,0.00995180238135189,0.05621776488475044,0.025198571457627404
2026-02-27 00:00:00+00:00,SAHARAUSDT,0.4689793195463643,0.8897561248062809,-0.1383403658155805,-0.003341561747211702,-0.03253960451667928,0.010113690928410685,0.17096269322052737,-0.013739730111914917,0.09007870480024505,0.051054851155312844,0.03705400530277159,-0.04701819727286205,0.11154151987478196,0.08934104445461441,0.014910429147400506
2026-05-09 00:00:00+00:00,SAHARAUSDT,0.2442125855885231,0.4876946560280411,0.05181708325505238,0.017989814696771023,-0.025364897004225357,-0.0096602112809763,0.15426431336661117,0.08697320973090497,0.008189831564541537,-0.01714847998006912,0.10340560642136323,0.06859952205011859,-0.022012857588585365,-0.0030336741006089045,0.0013886017674324513
2024-11-16 00:00:00+00:00,SANDUSDT,0.35391158212436125,0.9289363371847825,-0.03479743116570429,-0.02872496077349147,0.02744774805440502,-0.01858412791154242,-0.06412178491919203,0.03397110097741291,0.015920800309672106,0.03321567860918747,0.0738182974496076,0.08432195669513406,-0.07830377099748709,0.108999136316868,0.14358646241507061
2024-11-24 00:00:00+00:00,SANDUSDT,0.7637694711154697,0.8996781095095612,-0.1113631595969804,-0.0350173042200449,-0.014604690834589438,-0.006654594662465821,-0.2645321565326546,-0.06402972621389069,-0.04758291679483737,0.014253727221932144,-0.2521652560422789,-0.021780855176937213,-0.08642320822553826,-0.03510206216396698,0.1246169853222046
2024-12-04 00:00:00+00:00,SANDUSDT,0.21025137064239163,0.8303446066340966,-0.01200051648205155,-0.0035966904058002,0.047844252955614015,-0.00526831312469052,-0.006030675097592,-0.059510935632551984,0.08116972488641763,-0.025093893889646446,-0.06051048521850186,-0.09797147997139158,0.1405312591195688,-0.05390033936705032,0.030543688063451542
2026-01-17 00:00:00+00:00,SANDUSDT,0.20886636093008293,0.9166897708104516,-0.042028369665774515,-0.04628382899088951,0.06524954373348373,-0.0008769868411756421,-0.021604163419243552,-0.033140730485002726,0.12948585121829748,-0.01583068422052878,0.01288527758573492,-0.04670972563621105,-0.029282967617294774,-0.00787046562008655,0.03008736490676909
2025-10-14 00:00:00+00:00,SAPIENUSDT,0.49602282552308474,0.6056247171375183,-0.19056232115038657,-0.002745089339009435,-0.1338916431214447,0.0018365319808549441,-0.24376788358649476,0.016666477273557235,-0.09224332685104664,-0.023552482697033136,-0.24263327975354987,0.054114758301523916,-0.5212840849104841,-0.019037439678814362,-0.05670367028931894
2025-10-29 00:00:00+00:00,SAPIENUSDT,0.46658932714617163,0.5388655135927725,-0.05944280431122888,-0.012996500005797596,0.059807346924417484,0.1069823273209402,-0.03884938301811984,0.005054922134873069,0.013248440090589914,-0.1177799001716171,-0.2468084505772351,-0.014707629842965808,0.2402099382424771,0.12910799833528303,-0.008658301983764627
2025-11-06 00:00:00+00:00,SAPIENUSDT,1.7874516752577319,0.5201468988562867,-0.36731113779652946,-0.020448726523717712,-0.0021978879199996693,0.01879270514099432,-0.30290817589479313,0.0006275172827283432,-0.13812428728135545,0.019050097105304094,-0.5984389674677814,0.04057549457079885,-0.13146157473736192,0.02584145056923811,-0.018823015707082936
2025-12-03 00:00:00+00:00,SAPIENUSDT,0.7102421180978922,0.5564524077730535,-0.23085474725023022,0.04462164273431067,0.01964753705196307,-0.02525368160998175,-0.11364518031309429,0.04991649066713338,-0.021504321427109264,-0.05453811147536945,-0.21992833938380169,-0.028856320536244366,0.04768025626350046,-0.0358212358383453,0.02448456004701809
2025-08-20 00:00:00+00:00,SCRUSDT,0.2421875,0.830640794807648,-0.0470585853112707,-0.012541237140220558,-0.03746443257212663,-0.011881792658603594,-0.0957716118104206,0.017587608986616585,-0.07315389204655752,0.018075621552105202,-0.13784816660441207,-0.014203582610877553,-0.021744476972250137,0.06381128902364773,0.06424819159628203
2023-11-22 00:00:00+00:00,SEIUSDT,0.2136986301369863,0.6824615583746646,0.10717938075083747,-0.004421191656217335,-0.00961154462927391,0.00889274108997884,0.15842005527881353,0.08408982159061722,-0.01942026158613837,-0.01796061001240585,0.25848645627744093,0.027497397797666363,-0.11377946036366109,-0.04294926122756818,0.08605793049515499
2023-12-18 00:00:00+00:00,SEIUSDT,0.26726726726726735,0.6437472269819102,0.21147529990908792,0.06538504515845728,-0.011175962342765224,0.005952703294446754,0.20081088783258483,0.07164882275998555,-0.0008891391156445688,-0.004909365017958664,0.1827753183595223,0.01610645015961055,-0.043288145078786755,-0.02792223878447885,-0.04911466927067765
2024-03-15 00:00:00+00:00,SEIUSDT,0.2180390345305463,0.642448018068582,-0.13830653921949726,0.03818650129580832,-0.01182071451160572,-0.01947512944930356,-0.1792281547488972,0.06765432484632103,0.014994391753229707,-0.01726055067033827,-0.22330451436708915,0.11960897057642081,0.019228160456377996,0.09097400112660674,-0.04531343935674764
2024-08-08 00:00:00+00:00,SEIUSDT,0.2351443123938879,0.8620257368538418,-0.031003167995919352,0.00487189301220627,-0.010170396724808808,0.0006105275704967495,-0.05696668783387528,0.031648347808058155,-0.0005292023413525533,-0.004511539637930129,-0.035072430204870164,0.025275951488445293,0.048474290328697114,-0.01901712747551528,0.15115300987244257
2024-11-24 00:00:00+00:00,SEIUSDT,0.23530509423399892,0.8333996280991627,0.03959909600556707,-0.015441376677538837,-0.0037018986569261362,0.0025546108522310927,0.026293683928012006,-0.004872347018633194,-0.032171341299135466,0.030463923881270217,-0.09512616164709947,0.03501006802053446,-0.04789788829105428,0.072258123596593,0.08987009177575175
2025-06-23 00:00:00+00:00,SEIUSDT,0.22166499498495496,0.8497575749820211,0.15242606300925984,0.008231004585185294,3.874895972400608e-05,-0.021742289248021567,0.04164286967192821,0.007793731003690828,0.05356566837670471,-0.043101153135889456,0.12272157185491664,0.01486788086480817,-0.0011830270414167072,-0.05255882607199702,0.11052637180575615
2026-01-29 00:00:00+00:00,SENTUSDT,0.2757367783609206,0.3345161626436311,0.12114452181643671,-0.029536029031958018,-0.03930491090991293,-0.010244355224791042,0.0733619289087326,-0.046473243240313294,-0.033248334127616554,-0.014113810679053596,0.05855350101482938,-0.16913549822317522,-0.0739595814488047,0.025542555581787186,-0.0649001155238795
2026-06-16 00:00:00+00:00,SENTUSDT,0.30512991339107254,0.58704749327536,-0.10085289230249506,-0.007377240125739695,0.03943019814944908,-0.007074688945204907,-0.15136290434894956,-0.02009566029224623,-0.0027819600945653304,0.004093003545126534,-0.25327891500075733,-0.08938809481873693,-0.023711594550934224,-0.0073350832207337915,-0.0020131176966706075
2026-07-09 00:00:00+00:00,SENTUSDT,0.24725676664228224,0.5752737544725596,-0.12295298338573502,-8.242652584034699e-05,0.007235227509991965,-0.010784880444846542,-0.1710605627082852,0.013678737467613333,0.08127093377827446,-0.0037290220789780643,-0.15306338465106428,-0.005489234696736832,0.03982429875087694,-0.04374951181397303,0.010219280815006958
2025-05-05 00:00:00+00:00,SHELLUSDT,0.20833333333333326,0.5705043196820677,-0.0728244112037955,0.006726687891641894,-0.03340044154403248,0.012761177672571043,0.01689542175031862,0.03219044572257836,-0.09214349157952725,0.05952357403155016,-0.03980458151729163,0.07989135090479285,-0.04213657589698891,0.08515400778731069,-0.010891006750947518
2025-09-23 00:00:00+00:00,SIGNUSDT,0.45337015187649055,0.7169501708530209,-0.1376989579858597,-0.0043657296362298705,-0.024696140671245634,-0.00038840583361569837,-0.3149297813373476,-0.0007257295083591218,-0.006174085283524641,-0.006430564169641009,-0.47106549475044296,0.003005104297267928,0.06196704403811555,-0.020818737984667043,-0.018600475105820052
2026-03-06 00:00:00+00:00,SIGNUSDT,0.3716275021758051,0.5409595654693493,0.049045770474987885,0.02096912431700247,0.035055788004653844,-0.05857627004304515,0.14393392286906734,0.005250201254137126,-0.07052265185742278,-0.022602872553166165,-0.037594103949263546,0.05104331649409568,-0.19580490198141456,0.0020402155962041028,-0.0035917895526457857
2025-05-09 00:00:00+00:00,SIRENUSDT,0.40258418964289344,0.4302710069601291,0.016593323292719113,0.0034106575691148153,-0.052954929168455525,-0.019414692937062134,0.18228589350178517,0.03175339713148804,-0.04040499984843447,-0.018370165960527235,0.2770033219202994,-0.17807612512078155,-0.023783281938809256,-0.0789926869951308,0.14526919237892735
2025-08-07 00:00:00+00:00,SIRENUSDT,0.27187960085064633,0.32156629718849233,-0.11679161547827066,0.01537825725206243,0.015945910115184602,-0.013200293060351507,0.2927200639326039,0.017964094543602586,0.0883784315111968,-0.028232451203953086,0.02456866884670522,0.046907166053175034,0.1448982006720133,-0.03051696452238179,0.05236616194645621
2026-02-16 00:00:00+00:00,SIRENUSDT,0.542113867367972,0.5098170279266556,-0.01963183803764628,0.04291363652366297,-0.0016713664937328386,0.0003207274055525712,0.04132405815652017,0.019774002853564586,-0.0048191255681924615,-0.05562901392143991,0.38505320494203454,0.09627234523578426,0.07885024088598859,-0.05843917975835694,0.00690858905476629
2026-03-02 00:00:00+00:00,SIRENUSDT,0.683121655084272,0.505860441196431,-0.0798415038464375,0.0018134376817563233,-0.04254631092836364,0.003515023259030568,0.052657874427485,0.03753629090391678,0.008619015933367962,0.002087536481035014,0.08494957773220367,0.1533145543999023,-0.018093003417334046,0.06905073625599163,0.02373881000646909
2026-03-17 00:00:00+00:00,SIRENUSDT,0.5397305823173331,0.494345405976265,0.24081365401950142,0.0006295702121902156,0.05505909995733767,0.02707358290724962,0.2747897089170281,-0.005411528327867211,0.12745782274048953,-0.011655445199481553,0.58406640767521,-0.03359761752155595,0.2895115014484217,0.008549068799843629,0.022937460549087164
2026-04-16 00:00:00+00:00,SIRENUSDT,1.5155374426897605,0.33725206896727056,-1.040560537033652,0.05483296292004839,0.014021181211330511,0.04622187711788163,-0.9994820916218323,-0.03535308257732542,0.006568366461788186,-0.036018612783270954,-1.073878704412774,-0.051676798070789086,-0.01636597496504958,-0.041869096129852665,0.004713674651143807
2026-06-01 00:00:00+00:00,SIRENUSDT,0.2001211631663975,0.49050826425716043,0.0033574725767221217,-0.0070141676318173155,-0.002256100820913677,0.002779708268913962,0.30768460428966316,-0.043414820523061795,-0.054664605820019675,-0.015588429677593954,0.8272786229620487,-0.013244137318321664,-0.11263868721559848,-0.019876716731162897,0.00015915317000354535
2026-08-07 00:00:00+00:00,SIRENUSDT,0.2141646899356151,0.39201729815860686,-0.15324169351441283,-0.023602872563549843,-0.006717098716876137,0.025091674694477033,-0.15634179050529298,-0.059737679441447214,-0.012667929427556434,0.02794306312945702,-0.2734190624366575,-0.04032733956906113,-0.007215941523432195,0.1348773071381699,-0.025835910964452147
2025-08-05 00:00:00+00:00,SKATEUSDT,0.3996501967643198,0.47971637774774534,0.026730348902977694,0.10942696438570787,-0.012982268795004854,-0.009018620505704409,-0.08730343512473768,0.06710516131979767,-0.016005574043668574,-0.0015352736147714527,-0.2854986489587384,0.046460172451797614,0.0969223238613056,-0.004018897865234017,-0.048957679092231074
2025-09-26 00:00:00+00:00,SKATEUSDT,0.22736797988264867,0.5478101248415859,-0.08474832938749818,-0.037790001826515346,0.008492230234636319,-0.006470278074018636,-0.1709830422537811,-0.029990041488353873,0.003260192640345377,-0.010877346167214908,-0.2560592087101172,-0.03916228495609296,0.016283623842757267,-0.00784410207998969,0.07815789468480135
2025-10-06 00:00:00+00:00,SKATEUSDT,0.2101576182136604,0.5652007075011317,-0.09583952775874971,-0.03789673572840728,0.019672140257177527,0.0059724008528465825,-0.1071118767629052,-0.08432278918357645,-0.04662294267016246,0.0075374583282370785,-0.08236902163667263,-0.11205735534990753,-0.02801772237078907,-0.09127482820848114,0.08866069383616652
2023-11-19 00:00:00+00:00,SKLUSDT,0.3433903576982893,0.7809756214380777,0.36949698058372876,-0.012365401343777256,0.001446814899704587,0.0041353443823989615,0.25900292724848395,-0.011829981726856353,0.05616708613068986,0.01923091864803428,0.058218546414849026,0.01804400637675087,0.009531493399531998,-0.005059679703131953,0.05659983033275392
2023-12-27 00:00:00+00:00,SKLUSDT,0.2425395858708892,0.5346678294105558,0.028135329638795163,-0.020244352867679283,-0.005812473423862548,0.006576673919063751,-0.0840620683452816,-0.02787362242304408,0.005633932025613855,0.00674861537116479,0.25198761982345635,0.010728903420272506,-0.048289176071883336,-0.007590833312480267,-0.003387113362377381
2024-01-10 00:00:00+00:00,SKLUSDT,0.2952591820786663,0.5229923341311422,-0.10002538827714239,0.0042149046942101765,-0.03347125428113759,0.044416921859193145,-0.09022008573813428,0.0005796436129170017,-0.010563187938841445,-0.004118113737363437,-0.1640207611693268,0.00877883276975963,0.0022731950418019065,-0.0066946086085738375,0.06400199345147109
2025-01-29 00:00:00+00:00,SKLUSDT,0.25122549019607865,0.8181788514874848,-0.10585374718512774,0.013890369941715894,-0.009776614156255603,0.018112468874703903,-0.133795249196215,0.06741770840444618,-0.04737397200496187,-0.009775870352961558,-0.1664834441684194,-0.0070396249382142645,-0.049419130644108036,0.04948400841461385,0.03510382782950465
2025-08-13 00:00:00+00:00,SKLUSDT,0.2724498692240629,0.8233611099933082,0.4937872854937356,-0.003898076608681056,-0.039258843204690516,-0.015423725511455405,0.20295235857559069,-0.02029931528162755,-0.014380038610254641,-0.013927926280161495,0.05007659761871591,-0.03657759265723681,-0.017598963710898467,-0.023910225752933827,0.02489344302323837
2025-08-30 00:00:00+00:00,SKLUSDT,0.22302706824247043,0.4489994328596788,-0.005077679863217471,0.008323820600167254,0.012080820317491785,-0.013292541884512015,-0.027323731317086524,-0.007723463951824464,0.038264747848938546,-0.006571593828531864,-0.07003383951684972,-0.03366552457332064,0.09590720568860875,-0.1487778691269665,0.00988676203732558
2025-07-02 00:00:00+00:00,SKYAIUSDT,0.5206518685023884,0.6214909052710307,0.01728050342428101,-0.0017904620680399236,-0.009722229203167943,0.007329016233631061,0.007227018770812041,-0.011187784083246952,0.01857012827367423,0.06671743523644988,0.02857315202044193,-0.0007990267232040645,-0.01835327960596645,0.07192475297363968,0.10828791950178643
2025-07-12 00:00:00+00:00,SKYAIUSDT,0.21727794194333394,0.6151799993505491,-0.031246378073345148,-0.02373704973554822,-0.033626011904933424,0.0299938810125289,-0.12655781966227841,-0.001858406212812247,-0.07829890388643082,0.03359733094829841,-0.1491764268586567,-0.03866184980339507,-0.11133215019392217,0.026902896241055362,-0.010185600993403576
2025-10-12 00:00:00+00:00,SKYAIUSDT,1.6638554216867472,0.8319442400847615,-0.38800356223911114,-0.00032414543499311165,-0.018033392992403162,0.008287537541696558,-0.47542382173190995,-0.015196563433373902,0.0012536687347522169,-0.024788358882438938,-0.6927967527278659,-0.014360159931237026,-0.00016923631237447667,0.010193699753922788,0.12278325632352241
2025-11-06 00:00:00+00:00,SKYAIUSDT,0.2412121212121212,0.7779891881962102,-0.06638391830425394,0.03383962500110495,0.1680583241603749,0.033321341963897064,-0.060176669411937625,-0.006861763792458862,0.04842836272758919,0.10269245843563637,-0.065051012993336,-0.01021344528830856,0.07285403305367581,0.05964972110555231,-0.02229753924001505
2025-11-18 00:00:00+00:00,SKYAIUSDT,0.23785594639866003,0.7562561234229077,0.07702494623986153,0.01408671702983796,-0.01830711916840703,0.042980181151850316,0.1711813530947212,-0.012217267045589366,-0.08315592791810471,0.055421151914069,0.09722113205692462,0.0908957932821823,-0.14281937364978406,0.049130255824810065,0.011146417111388019
2025-12-03 00:00:00+00:00,SKYAIUSDT,0.34613490891186594,0.7346421296091701,0.13548316312785236,-0.00630108433662995,0.0018068056536449135,0.004204056917383308,0.27397624257703035,-0.008350052511339667,-0.01904335742424374,0.007576154571845542,0.17139645692746217,-0.014509511527267071,0.03239570952525757,-0.020845215082408528,0.033613689931034786
2026-04-11 00:00:00+00:00,SKYAIUSDT,0.5895553400748026,0.36187620918841124,0.1396731853361851,0.0037794631595738397,0.014814823414270917,0.01677283749854035,0.05805648446387615,0.03236706439203429,0.03900989972051238,0.006950566489050447,0.46647069002737485,0.058248939336266695,0.09737920938999747,-0.04169747161776395,0.002502159525213342
2026-05-12 00:00:00+00:00,SKYAIUSDT,0.2319514019538953,0.38343957202092716,-0.10774753843897766,-0.035532333199200294,0.07433559101892222,-0.08119605096531467,-0.39898748923937255,-0.004967164871917189,-0.020778201727318445,-0.054386453600189996,-0.516680858633312,-0.02049628863667301,-0.1350706556274912,-0.11691680679504315,-0.017323354563791506
2026-06-06 00:00:00+00:00,SKYAIUSDT,0.8817545748116256,0.3810880763370973,-0.48202594401380294,0.013991855678745483,-0.11101911804214404,-0.02329280201464453,-0.7095649841612248,0.036296068092203586,-0.1811456265770665,-0.02231166601299136,-0.02940770792693498,0.10524364575405623,-0.27086714605736806,-0.045548455967907325,0.009941987396920015
2026-06-26 00:00:00+00:00,SKYAIUSDT,0.30279035994605996,0.3886562950355032,-0.3867364334842984,-0.01891052249848484,-0.031743983230059634,-0.040470312884717,-1.101126156446154,-0.005372188641698137,0.02459176676671303,-0.037461322766610905,-1.5778629484546056,0.02351022874481818,-0.03777824218237445,-0.08419773170133735,0.0005399019406307715
2026-08-03 00:00:00+00:00,SKYAIUSDT,0.38361330133699,0.3388169773970603,0.32538446816858557,0.015478221318484317,-0.04294801286906228,0.003007127447982684,0.9155658915877041,0.058977730114992785,-0.04446517526523244,-0.014963413983134072,0.9156470677261195,0.04413723259959248,-0.01824278681287174,0.00481219099286237,-0.004307819036007343
2026-08-19 00:00:00+00:00,SKYAIUSDT,0.2135283363802558,0.3960276530838921,0.034639780049936446,0.035327085255235646,-0.05269645892074304,0.03013648934296609,-0.06552899324634698,0.007057322321634568,-0.08065909921329238,0.03715945992144274,-0.36514223161153914,0.016666709938487,-0.050072180510613885,0.05206723154967112,-0.062263584635009764
2025-03-02 00:00:00+00:00,SLERFUSDT,0.21509971509971515,0.8628970344377438,-0.042143759804651126,-0.026365177344177017,0.02181057706951383,-0.031014469565754876,-0.05606202430204486,-0.029433538205201216,-0.0687531840620148,-0.03619075338016592,-0.08423327384771284,-0.030845639316503005,-0.07587123218952294,-0.05673183847106554,0.13352137227258992
2024-03-02 00:00:00+00:00,SLPUSDT,0.3355954465849387,0.748719343061364,0.07285051305998018,0.01892238148738717,0.0307780238754533,-0.023937415954473802,-0.09143049610002381,-0.03399302787624328,-0.0060672635695137615,-0.025208586374204166,0.05529956872087412,-0.056342120993101895,-0.044879990579179053,-0.05076681342199853,0.09306955712272526
2023-03-12 00:00:00+00:00,SNXUSDT,0.2766055045871558,0.7583601556781215,0.03091923554549195,0.006358385116299448,0.009593489256692893,0.01476935264550237,-0.11683695180444273,-0.002679216617949184,0.03386072984433767,0.0197960765115966,-0.10251653475635461,-0.017256822424817474,0.05930233822920853,-0.009550356827506734,0.08446772915259623
2023-07-14 00:00:00+00:00,SNXUSDT,0.2511436413540713,0.7887429092838472,0.08382504382684627,-0.009493428130491756,0.01149751957061776,-0.013368824896310205,0.009051026037781185,-0.015421837432185634,0.013277485305121368,-0.014958520989985147,0.153634722539649,-0.0009480050567584955,0.08831548343734666,-0.006085507567612074,-0.018862919491762487
2025-09-24 00:00:00+00:00,SNXUSDT,0.3833333333333333,0.8640541809829205,0.00032369464530746656,-0.0030496926085648163,0.05240501006201279,-0.0009173906535800018,0.28253981929381145,-0.016160462187969495,0.06020985755609639,-0.007925622097397417,0.4343572731066854,0.07256314113217421,0.017235838761415538,0.07760599021537054,0.014464072032349673
2025-10-12 00:00:00+00:00,SNXUSDT,0.8095744680851065,0.7031820972131024,0.19494691485981824,-0.02091025131881708,-0.02705097893876183,-0.011373488050950273,-0.02896922998729387,-0.016753071957990633,0.05668351585067029,0.019038271884532824,-0.08506506992323443,-0.02243094497684838,-0.011823963477333771,-0.03471574665919754,0.06780237001890779
2026-06-27 00:00:00+00:00,SNXUSDT,0.20837487537387833,0.7991181348249123,-0.06786244063862289,0.007921084300437378,-0.005536634676398864,0.011607349015082568,-0.10323537115535747,0.0003648781527829867,-0.01918777851632425,0.11263350433319912,-0.06394232105898118,0.05458384063940262,-0.11954194950880026,0.048656272311558814,-0.0196764301362498
2023-11-10 00:00:00+00:00,SOLUSDT,0.25105396755325016,0.6460172554588984,0.006262644892486579,0.008664857205440819,-0.01591056887081519,0.0209354474777455,-0.02167856465591766,0.05729474682758266,-0.026866990129073166,0.026073942584096656,0.054579152459322156,0.03851069049649915,0.005201699190097914,0.0006194488082939403,0.01665164767762725
2025-03-02 00:00:00+00:00,SOLUSDT,0.24418442680038988,0.7695489280950658,-0.042835687598795996,-0.04137997829891216,0.014351265936474442,0.016315133400166576,-0.03347500362024444,-0.033834355605346075,-0.044088094775555496,0.036486786317132966,-0.013790382371237052,-0.0500038038188302,-0.022474316727128952,-0.0024935050949486614,0.15959253754008149
2025-05-31 00:00:00+00:00,SOLVUSDT,0.3189655172413792,0.6587863641569057,0.043622447504454945,-0.0055889909028436855,-0.05518303194717287,-0.008221179124409422,-0.010369390668509518,-0.011463799133203719,-0.2000674260622764,-0.009832667725522905,-0.012501783369179162,-0.018533806635745224,-0.17928564152227935,0.008239050533856169,0.02936105722177045
2026-04-02 00:00:00+00:00,SOLVUSDT,0.44025806451612914,0.6619291690969112,-0.07097652224636673,0.015279844817429033,-0.06682539003052454,0.04214834246567957,-0.10418195257827895,0.008760933403059376,-0.028495210911125602,0.10375165322046169,-0.07493682402605147,0.0017725325537514293,-0.08284314870403038,0.11727113898927458,-0.04202756239869747
2026-04-29 00:00:00+00:00,SOLVUSDT,0.2543252595155707,0.5100965512469163,-0.12026271044679061,-0.045750113159971184,-0.02896258613922057,0.014527707547914983,-0.17957863566464927,-0.021860305383789035,-0.006967456782362119,-0.01662234156901344,-0.24349511470486757,-0.08238488020875624,-0.01937679548031897,-0.0412852631252426,-0.0017456443836310065
2026-01-24 00:00:00+00:00,SOMIUSDT,0.6686507936507935,0.6051418471097127,-0.3150356878710475,-0.01771050014242536,0.06295093394391268,-0.012974095681238338,-0.290425258782662,-0.019603891685667018,0.029901209424701945,-0.03395415352821353,-0.1915773028337066,-0.08392741251735858,-0.0672173505726558,-0.07072682234626228,0.018632531286595144
2025-08-09 00:00:00+00:00,SOONUSDT,1.0059857837635615,0.5009841412933598,-0.2669104653057454,0.01059407861393365,0.07036180635221254,-0.010077238780440357,-0.009094613715092903,0.06947652630017558,-0.0256566607776822,0.009451773150928267,-0.39517666242076654,0.035454879320646254,-0.011027306688973382,0.03596735894285125,0.03978151383274957
2025-10-02 00:00:00+00:00,SOONUSDT,0.21399002493765584,0.5651318063172005,0.03464368433287268,-0.007453770085076625,-0.01995506438369075,0.0011369764343269737,0.00798896533455696,-0.015869089273199587,-0.014539534692512294,0.0007643564077012184,0.5914952955579543,-0.010418710391494246,-0.05367937131999904,-0.04208180606875883,0.005757642662536855
2025-11-05 00:00:00+00:00,SOONUSDT,1.1781219748305904,0.3920865103728838,-0.12247057627004779,-0.0515710491000827,-0.009170351355462078,0.08795205458450717,0.2670670983675447,-0.07610244875676755,-0.038495028032075815,0.03377971654170549,0.28253778688940145,-0.04245408989448309,-0.07191184866864872,-0.02807168730184053,0.0045993164371072705
2025-12-19 00:00:00+00:00,SOONUSDT,0.3027133050016346,0.48662884776630594,-0.10977732869580575,-0.0014747396479816773,-0.047891585199061545,-0.014851030280084632,-0.010356047632796586,-0.015152860091582477,-0.01712664281631257,-0.026740349179435748,-0.13439671236903894,-0.02166846223165959,0.03496581110050862,-0.022212638469835067,0.07000363848504132
2025-12-19 00:00:00+00:00,SOPHUSDT,0.5065824117956821,0.700915466972733,-0.07641909738674874,-0.013303488177341458,0.00917355753398122,0.023882240531539912,-0.12502727922899365,-0.029373172449451108,0.05326131371893944,-0.040014032219450324,-0.2619279700211612,-0.04829335010985564,-0.09367370961100448,0.04601788414715553,0.07034340401348085
2026-04-16 00:00:00+00:00,SPACEUSDT,0.6303299247540033,0.44343090437516575,-0.023715281072434757,0.01951302397254589,0.032816600172663496,-0.07764228748116898,-0.08907590191953263,0.05799594099401732,0.0368811093310721,-0.08072950525686165,-0.030973823928745575,0.012700235119680579,0.03386002598525294,0.024630056387723486,0.1016642140503814
2026-05-02 00:00:00+00:00,SPACEUSDT,0.29126493020578503,0.7155018894902396,-0.2234403726216345,-0.02496145508235914,0.009011007449532902,-0.021808071268172326,-0.1792273305681797,-0.030722341194442847,0.011314514990036316,-0.036041827123977445,-0.12705220125735928,-0.08736801901715383,-0.03989189845184269,-0.05567271146478375,0.09879289983057275
2026-06-11 00:00:00+00:00,SPACEUSDT,0.2752941176470589,0.7092203228296059,-0.1885577990337712,0.014622912504040608,0.0015426450999790403,-0.029315953868483624,-0.30251289406532955,0.02297100875932935,-0.03295557685456062,-0.06935958964033274,-0.26533936088575927,0.07559883725721105,-0.058380380197542825,-0.11687692740429774,0.055259994349734984
2023-09-12 00:00:00+00:00,SPELLUSDT,0.2468387776606955,0.8624202421336523,-0.1362653825453994,0.005480568786811602,-0.006973567053009289,0.0004897617129607914,0.020149608351623133,0.006753188930846375,-0.026322785674352856,0.013271807794970971,0.13561926751688005,-0.006373027376175141,-0.0007343510035388287,0.03523187957581307,0.009214060313440253
2024-02-22 00:00:00+00:00,SPELLUSDT,0.6336551264980026,0.7992809849158952,-0.2489612564116684,-0.009994763960287003,2.9178239142724216e-05,-0.005543599161235328,0.005163736040131844,0.028559929014520834,0.052710203553600676,-0.01808816977729793,0.15935618064550294,0.05466926343247547,0.07896134912730758,-0.013106326527220541,0.03262629093163409
2024-03-28 00:00:00+00:00,SPELLUSDT,0.2224625623960068,0.5258604079857102,-0.050371579674559415,0.0019139641559213368,-0.010046492029995798,-0.008899043235553097,-0.06801815627529255,0.03178075637962731,-0.014201048290224668,-0.03154977581047127,-0.08197907310691649,0.08049374861241967,-0.054617294468798636,-0.05303161385453127,0.020201340345541753
2024-06-03 00:00:00+00:00,SPELLUSDT,0.20454754671821784,0.857258070659275,-0.060977681115823766,-0.015715364365799532,-0.012236907532306312,-7.037724091130542e-05,-0.1047696095700423,-0.026036733424780113,0.0017409118171655413,0.0011959741838127222,-0.18862074809893867,-0.06484599523302494,0.07411747006654588,0.05026989422572929,0.031315406690494686
2024-11-09 00:00:00+00:00,SPELLUSDT,0.22383309759547387,0.8648946189041584,0.006555222939441135,0.011381208130343906,-0.026712288933034272,0.012811516400790183,0.0345375699062467,0.03724162513433341,0.008769244858872342,-0.0509297741758218,0.11718149485717093,0.0970571936476952,-0.012267077788677439,-0.017345689875218624,0.043449862183150764
2025-01-17 00:00:00+00:00,SPELLUSDT,0.4868781825303563,0.9017271784884462,0.03755696534343929,-0.006282735802348694,-0.042693951331757116,0.005445545409804471,-0.02000452106757873,-0.03219846401240975,-0.1007120532378091,0.01964237942831281,0.2365711291426511,-0.05015010264487961,-0.10089004320905666,0.018839644404647853,0.09595759488837308
2025-01-26 00:00:00+00:00,SPELLUSDT,0.555886306894565,0.7872073998588257,-0.08323041407505594,0.038568615996830195,0.023938804118859604,-0.0078098923011470246,0.19148151266552071,0.05039545925475196,0.08675942459818206,0.00778185671974795,-0.05418830462319547,0.051573230558326966,0.09823243591430329,-0.037515907456533326,0.011538461394624683
2025-08-06 00:00:00+00:00,SPELLUSDT,0.2503761014399313,0.9415485790836545,-0.11451011247929972,-0.0009922185205721121,-0.03965642046495683,0.0024895523305177303,-0.19071572004212597,-0.014973914860452159,-0.09046279804484726,0.013538082158715844,-0.20753844589380754,-0.012491047885252553,-0.015172348351975253,0.009860789492968067,0.019056803837490355
2025-08-04 00:00:00+00:00,SPKUSDT,0.30967323090240195,0.4978998441555986,0.03328991876491384,-0.004600749485468939,-0.020825415369402106,0.017078682024617892,-0.05756458283182936,-0.024507665305944885,-0.05394034800517898,0.03344380041727011,-0.19639486069115575,-0.056874154501258566,-0.10516346699940908,0.027957721294549563,0.03884613717451062
2026-05-08 00:00:00+00:00,SPORTFUNUSDT,0.2553588070829449,0.4914809744717137,-0.03513693584162456,0.0032575328562399032,-0.004391584500036102,0.00914944308931602,-0.08610103681585689,0.025500511750565003,-0.004271332153734453,0.010987405120436841,-0.32386554190700817,-0.005634179705112798,0.09795945314972734,-0.04091586853199972,0.04616283443351774
2025-03-02 00:00:00+00:00,SPXUSDT,0.2407829722538959,0.7380809122436813,-0.0707494481242795,-0.04160322771690074,0.06551718473408741,0.027941307561075917,-0.1270965170967222,-0.028917800115884972,0.02735486768855631,0.027624815634695626,-0.1702255585696285,-0.049818937890218684,0.06095244288705912,0.06673942530428997,0.12302280763938392
2025-04-09 00:00:00+00:00,SPXUSDT,0.20111026999747672,0.8262280627852381,0.04616653459516455,0.02178847407435438,-0.007358632744723851,-0.02527130790062514,0.13215705693773544,0.05185950294526189,-0.0583658255000896,-0.02088408164117846,0.007140405431188927,0.04198047196447596,-0.049596891501256936,-0.04030542019897066,0.155182520590453
2025-05-08 00:00:00+00:00,SPXUSDT,0.2700990099009901,0.8056980968476459,-0.007311839926854108,-0.037768680341147734,-0.02831994188239544,0.028860795092670567,0.10250086577474009,-0.020889071716339434,-0.10120697716190392,-0.009460801847133044,0.05851505540525641,-0.02621797907933156,-0.09364663907112392,-0.03324060102473188,0.1529554580616201
2025-10-12 00:00:00+00:00,SPXUSDT,0.28100830707533664,0.8479954496533914,-0.015439214933000683,-0.020244053258256307,-0.03696282746885869,-0.003896272541057298,-0.10226575538110055,-0.04522809339233323,0.011688711952746464,0.024182403233128827,-0.1989439092328266,-0.04423086531891004,-0.04766096545121797,0.041803731978355206,0.1320593378663384
2026-02-06 00:00:00+00:00,SPXUSDT,0.2322217758135796,0.8878648424463262,-0.022406805795559738,-0.0006847677180024665,-0.014910801297416714,-0.01049306270120021,-0.009106232604860848,-0.018837837245272236,0.03648467287029273,-0.03130890619493709,-0.026366435200981024,-0.017281015073859637,-0.09472015362811663,-0.04850407117553805,0.1070900290485691
2025-07-28 00:00:00+00:00,SQDUSDT,0.2541954928419754,0.44078217183456303,-0.12994022789010082,0.03421583981787407,0.008097106159950723,0.0028122465072642536,-0.06202126576265998,0.0381830104468532,0.02181409390636314,0.014128451574257048,-0.1399507226426353,0.08090633187589838,0.0026994059597998028,0.023262788885826752,-0.04889176227515245
2025-09-25 00:00:00+00:00,SQDUSDT,0.3431944444444446,0.6582606343611302,0.43682778275015743,-0.003923038794206056,0.0025857988034992075,-0.004581314520549126,0.05703022347122505,-0.03241835719614814,-0.02742049765156157,-0.02587155588804438,0.357959248609908,0.05427789688290363,-0.008175143632195092,-0.06305254279946115,-0.10576277063935276
2025-10-09 00:00:00+00:00,SQDUSDT,0.31329257246376807,0.4682376862527164,0.08751591075231949,-0.0341764630561587,0.11722450391134873,0.11884751773969111,-0.0341323253877637,-0.06105314918319178,0.14058276196230168,0.09020782706385432,-0.1565518065460302,-0.0784245170444263,0.12597182688101385,0.09135704483078358,-0.03879290532943179
2025-11-27 00:00:00+00:00,SQDUSDT,0.24836713647301467,0.3446192659571289,-0.3097506156913155,0.008211548369565605,0.016491891259919827,0.027172520947551227,-0.2519908334738403,0.01693773307971064,-0.05753185299884117,0.030455047202412443,-0.42070401166409815,-0.02214893391294124,-0.0822242120247397,0.015284265613024529,-0.009411719721250034
2025-12-23 00:00:00+00:00,SQDUSDT,0.27092773670403036,0.5201573239074089,0.28815928951521647,0.05296503931038623,-0.023971479985018085,-0.003072249968265008,0.12489712947982426,0.050801744793149785,-0.06205789510203934,-0.018600189937494578,0.6142697939462325,-0.0003252514553822444,-0.12792194350850436,-0.008907771743039385,0.018714576441174774
2026-06-12 00:00:00+00:00,SQDUSDT,0.22427745664739884,0.5383623678939177,-0.03732156462372441,0.024785033435038954,0.05224477942846898,0.012093484706403942,-0.03309236406881444,0.03745109675753911,0.028390187317041377,0.010346168412729756,0.0908622665042686,0.07119398943471998,0.005090562397621711,-0.025368649753713758,-0.030954337579091627
2024-03-13 00:00:00+00:00,SSVUSDT,0.36070019723865854,0.6276042196137335,-0.07184519558698459,-0.0004116493379194886,0.041328910661908906,-0.008463850623690988,-0.007652794049274672,-0.003567842615946977,0.09387773769887471,-0.008052948215524752,0.20301386890120282,-0.0611462453891653,0.07554812302229688,-0.0347201100029279,0.037979999095838754
2025-05-08 00:00:00+00:00,SSVUSDT,0.2673346055979644,0.8947096610367018,0.01807152847308542,-0.02095443744998851,-0.02161592205503173,-0.04978014628434213,0.06313923670466023,0.024176955943688693,-0.09117691132086017,-0.04602158215802636,0.0722144140692206,0.057750240984512466,-0.10160179433108614,-0.0348130463647401,0.16004482082435292
2025-08-22 00:00:00+00:00,SSVUSDT,0.259535655058043,0.9255874780409001,-0.039844719916665695,0.000612512919066665,-0.003099165603325211,-0.015076435094061891,-0.0894864295684787,-0.013998652165219238,0.056537631041287686,-0.017438748451467968,-0.10954769341140971,-0.005865456678771172,0.08766974880540347,-0.022142290044873607,0.11400644249609715
2025-10-12 00:00:00+00:00,SSVUSDT,0.21086327963651397,0.954661708200282,-0.03931520296655289,0.0008134026909198344,-0.0036425504929611862,-0.0012205281938971705,-0.019819730992354054,-0.008066024531441628,0.06685682068695327,-0.03502621883394216,-0.010200353878788461,-0.011479154672921705,0.03558971291431286,-0.060153738196732046,0.11538041645462407
2025-12-19 00:00:00+00:00,SSVUSDT,0.2654075546719683,0.9022157889104108,-0.005070155889802233,0.009656701784028424,-0.013296895360268627,0.025426224114289582,0.03646656985862428,0.025977931519502912,0.03452181512135252,0.004875140384169951,0.034110528983597614,0.0052761399441253135,-0.09411635088353423,0.017650863697056422,0.07206073298432517
2026-03-31 00:00:00+00:00,STABLEUSDT,0.22901748542880918,0.43992177895309403,-0.059739563006973785,0.022110380738883106,-0.02464205972191113,-7.450762103633733e-05,0.0075505512659219745,0.022147243324738053,-0.017541773045970772,0.009540265121326174,-0.07671242103644332,0.0035161769664986214,0.19378511921598243,-0.018266697581697133,0.000759228573619719
2026-04-23 00:00:00+00:00,STABLEUSDT,0.3809888846301266,0.43500653736057765,-0.13976295433107674,0.016348313425248312,-0.08245129151568928,-0.023311827058902973,-0.08437086561586092,0.02939496798846002,0.04998032932437796,0.16883747138396105,-0.04713856729368705,-0.0060606371881474054,0.0028223900007138063,0.12334289252718644,0.020514737450204202
2026-08-02 00:00:00+00:00,STARUSDT,0.2505935109469797,0.34427052385061235,-0.13248012588091124,-0.002786756581500105,0.06579365810334908,-0.026281487235501583,-0.24737513223855073,-0.04856740330658828,0.17104452278853927,-0.07995480728999178,-0.09343433853086434,-0.029316719435814615,0.20580474289612027,-0.01073958941580679,-0.0008002038447330939
2026-08-17 00:00:00+00:00,STARUSDT,0.45203384646753,0.32691952382611067,-0.2871365636247032,0.0009200886229374869,0.0638179109228167,-0.04086746676233282,-0.12279064835808245,-0.029989526927791898,0.044932044226990736,-0.15850741232375265,-0.25218505121583723,0.05817656786935308,-0.23382530538505586,-0.112618784834534,0.013166814064740073
2025-11-07 00:00:00+00:00,STBLUSDT,0.20710950444344034,0.6691876664326823,-0.047282439002312195,-0.002987211786778958,-0.005074161939365922,-0.005670999527697616,0.16068018069317608,0.020871788732007162,0.008293862867092123,0.0110118749719365,0.16954389685018237,0.04671180250674081,0.1732271016496557,-0.02050866912383764,0.1107309335365086
2026-02-06 00:00:00+00:00,STBLUSDT,0.20982815797407306,0.6618978251757885,-0.0233931111367809,-6.972597847839431e-05,-0.018069386915669592,0.031084545034248966,-0.008416057408254948,-0.028401168357621714,0.04494814320634394,0.04771846851234527,0.035698919311735564,-0.04052342723044525,-0.12723438764974734,-0.008877689552292914,0.0862994264837321
2024-12-28 00:00:00+00:00,STEEMUSDT,0.568489014817223,0.9060665818548739,0.03591617275244578,-0.008285974000655456,0.0828309073086397,-0.005881419700483653,-0.07740795329513636,-0.012801567757677611,0.10855405399574314,-0.017358670090624983,-0.13310275858275733,-0.029280893537260395,0.01650487724416072,-0.0033345300414795833,0.08765322723822769
2024-05-30 00:00:00+00:00,STGUSDT,0.4766183377578108,0.8922067823086032,-0.009071725228308646,0.012108516703424877,-0.008620861207181262,-0.013615568102873518,-0.03862674034473593,0.011518263544454382,-0.02885200793506589,-0.02071083347513899,-0.14581885646919823,-0.07613158011110022,-0.032256972823754324,0.013344664461383998,-0.004966936168690211
2024-11-09 00:00:00+00:00,STGUSDT,0.2743517869656624,0.8775649966893267,-0.12130579164232283,0.004172531695286905,-0.03026672288219383,0.028959174064802695,-0.11542303369633634,0.03653434532328985,-0.0064545199088519994,-0.032119672200577105,-0.18823746964324584,0.047831074959119625,-0.026020783294103768,-0.042069442374750014,0.05381733330502327
2024-12-25 00:00:00+00:00,STGUSDT,0.2257571122667481,0.8128028629403303,-0.0030443347902468845,-0.00021443059463735898,0.007393294246688724,-0.011376902880290175,-0.11506928599857869,-0.0018639522713653407,-0.05395024741187813,-0.006327526862920039,-0.055070480392048836,-0.002962889920167534,0.04069099900540073,0.0369300977478821,-0.014690430314529523
2026-06-08 00:00:00+00:00,STGUSDT,0.22133832475432857,0.44872669675905924,0.28284790096538087,-0.009308963414467143,0.028533758113250283,-0.1176143992853584,0.7422522420557649,0.028225300570797408,-0.007171971669760446,-0.167455016205638,-0.27591824108314705,0.02180548774403375,-0.025666245214062616,-0.16234489692080262,0.008503164329971558
2026-08-06 00:00:00+00:00,STGUSDT,0.2865400495458299,0.47177523337846844,-0.11475662197767955,0.0462500299413662,-0.011723964700501528,-0.01573322025686786,-0.1679447046459231,0.00698338564600397,-0.020723533824464936,-0.040172399029802845,-0.05650403275819364,0.013891671594772486,-0.0011531738134822,-0.08321335659666797,0.008767259860897613
2023-07-21 00:00:00+00:00,STMXUSDT,0.2985386221294364,0.8283033011101946,0.24917977413569098,-0.006194133767450141,0.006687741075331659,0.011784682302566536,0.12208155488991873,-0.014711375016721998,0.013331384347865825,0.006768070993634981,0.1257278936388448,-0.016032112397275165,0.055794562644291,0.004243850776229194,0.0031619908885984704
2023-09-14 00:00:00+00:00,STMXUSDT,0.2863157894736843,0.44955275070290124,-0.04352105455924423,-0.010598049870337634,-0.005968558967390067,-0.017837110685238265,-0.14601453212753646,-0.02070821143193176,-0.012316953297132952,-0.009803645328986189,-0.04641677923978051,0.017210286238204885,-0.000665814069424471,-0.03404271877444609,0.010192582815571583
2024-07-23 00:00:00+00:00,STMXUSDT,0.25899280575539585,0.768377854140111,0.12848555859104166,0.007470555321646621,-0.008835633070791011,0.019939348989785256,0.33124553793425376,-0.004016643329156909,-0.023237350133348496,0.07011500341429104,0.2474175600429573,0.01614692620687036,0.008822804533483792,0.03920508946491706,-0.019604117721147295
2023-07-04 00:00:00+00:00,STORJUSDT,0.4248939179632252,0.7556906909318649,-0.19438046162629974,-0.018164799042037594,0.017337607369900233,0.0025131791879287046,-0.23710242492242567,-0.028208800881296153,0.028217414972759293,0.042140178138347924,-0.3467618638308848,-0.04717945079028373,0.08979478957508329,0.03320441556761988,-0.007035212596819562
2023-09-15 00:00:00+00:00,STORJUSDT,0.24499999999999988,0.7216638626526095,-0.0898285780606626,-0.035113155625471675,-0.025438462494374054,0.007488548269963938,-0.07041575463705743,-0.057183762905950085,0.006470756154606194,0.00216883064688711,-0.11515881822639847,-0.05473598857023785,0.013042881748709134,0.0063195287809756275,0.032620809305391296
2023-11-08 00:00:00+00:00,STORJUSDT,0.5066812705366921,0.45065105538388694,0.13130189374145335,-0.0009218971059403846,0.0004021624666393192,0.017465807133996182,0.11285250169342442,-0.010470254665783012,0.021306461090048925,0.00519243594413746,-0.019653265156843847,0.020285722169402432,0.09120095286029764,-0.0003147479543363113,0.01757634402902992
2024-07-27 00:00:00+00:00,STORJUSDT,0.26434372543882634,0.870706604787846,0.08947941405010823,0.0015928444906463577,0.03116703368691711,-0.015046774483955727,0.04899216620874218,0.008020617432679986,0.08638351311383848,-0.027492927753048013,-0.09003515134404926,0.008355210945902395,0.18714227506242603,-0.036747079047400634,0.020157633126537712
2024-08-05 00:00:00+00:00,STORJUSDT,0.29977338944642273,0.7937594255686369,-0.07537375024032135,-0.0027282799829194634,-0.021543008742620794,0.012516625103455031,-0.16659169281497765,-0.0012072267415274556,-0.04815305503657874,0.027820659799649195,-0.2481714687064818,0.04194068535825888,-0.06394631703412156,0.03365018694098469,-0.07288743033168628
2024-10-15 00:00:00+00:00,STORJUSDT,0.27469981040657254,0.803278877628524,0.022342499242716397,0.0017796302209578305,0.01382498020117991,0.005541576727612857,0.08613955932982363,-0.009814065098130273,-0.0036552185282656704,-0.024193943683525492,-0.14499056256831697,-0.01476948002367326,-0.02677609577880134,-0.0412275781361406,-0.011254273819774974
2025-07-10 00:00:00+00:00,STOUSDT,0.2714752236262956,0.8428707242745082,-0.05295117212144512,0.02019632753205823,-0.004019505717956144,0.022061992550281198,-0.10140572009365847,0.03524424014439608,-0.0094473199417489,0.030517542595929027,-0.10779246850004082,0.055604617540382616,0.034357279969683754,-0.0230757157242726,0.11441916010067825
2025-10-05 00:00:00+00:00,STOUSDT,0.34709808801900666,0.8813356883228934,0.18943077226833963,-0.009096645153493333,-0.035547654499962486,-0.0024939289839038094,0.3832435463406566,0.017409301415745794,-0.027987470159346238,-0.03814647490288877,0.6849393995534907,0.09378833328961049,-0.07438106623274628,0.015610621285378126,-0.007044995543533142
2026-03-29 00:00:00+00:00,STOUSDT,0.277166026461801,0.43824707288385933,-0.040177402700734596,-0.00883339169748249,-0.015259916012407167,-0.009650581568856089,1.1104048270062685,-0.05409621443075937,-0.1398216178054706,-0.0031118713642549088,0.001167413080435449,-0.03937702687359031,-0.17232418924263382,-0.03997266212847246,0.04340400415776986
2026-06-03 00:00:00+00:00,STOUSDT,0.3216310111537757,0.6166825389781613,-0.07356846236646836,-0.007293714709749678,0.07715482066746629,0.07081936944009286,-0.16629782764885775,-0.10750224666884907,0.3041145686135063,0.11474088025523006,-0.1870388007974336,-0.06894440895602237,0.6025956527708135,0.10726845802521638,0.0017594568226935614
2024-01-03 00:00:00+00:00,STRAXUSDT,0.23253446840011116,0.5560029133359745,-0.10037289039438654,-0.018611767773909094,-0.004447059354029663,-0.02005405687474227,-0.10677190095848313,0.005314194102813747,-0.011599302159951228,-0.014954514814953048,-0.23282288931023354,-0.03944849768568761,0.003418250652384844,0.06351745329985589,-0.09152479730478516
2024-11-11 00:00:00+00:00,STRKUSDT,0.20271453590192645,0.8949468294804094,-0.03366719761639602,-0.008961239666992856,0.05367464263618812,0.012592988419928324,-0.11421450249143715,-0.025020524255929388,0.08184018302601918,0.009434613589774835,-0.11191127311517177,-0.02558201114699981,0.028391764228120987,-0.0013331381874822578,0.07832394414649428
2025-10-06 00:00:00+00:00,STRKUSDT,0.2037283621837549,0.8552265476646527,-0.03586474680373691,0.0009291084959582863,-0.0035197186022350264,-0.006797703180597565,-0.10433986477677881,0.01271042051089974,-0.045100879963491144,0.026265749135395134,-0.12861880269036746,-0.0077609461637244415,-0.23232238480236272,-0.02275928181318787,0.02506847810170083
2025-11-07 00:00:00+00:00,STRKUSDT,0.3846153846153846,0.8568698882759179,-0.011562529095413394,-0.013052994079402908,-0.04790149978687837,0.009554270819220388,0.1779623382758302,0.03571037562657785,-0.17756667646725738,0.0004726241141576423,0.35638678224723913,0.061496253781262375,-0.26524726051888126,-0.0002237256691233924,0.1520024197398442
2025-11-19 00:00:00+00:00,STRKUSDT,0.21641426477772363,0.8120220730681555,-0.09105801342475875,0.0009841754255824648,0.04657014339172304,-0.009924863097097298,-0.4499775275685265,-0.04235478694386763,0.02357165250050418,-0.014782450191154812,-0.4679238608268032,-0.03901576941586,-0.007839010564104545,-0.042969571015433035,-0.00046509952310413993
2026-04-22 00:00:00+00:00,STRKUSDT,0.21330153683094855,0.8154173227686698,-0.09932603804943922,-0.0026068104981957336,-0.015034839088516595,-0.020922424158774166,-0.13367065601270645,-0.0057728902914762755,-0.014991562132458341,-0.008265966147281029,-0.16231788300583389,0.06339326536473719,0.07890904766597634,-0.010278680550860505,0.049738492685438326
2026-05-08 00:00:00+00:00,STRKUSDT,0.21860060843111695,0.6416942316965306,-0.029638338497911518,-0.009439406943528298,0.04461501997678948,-0.007566555743133451,-0.10605964415498832,0.019935640711753872,0.020418370303472478,0.007741655742709487,-0.1382056402736712,-0.05174464674303812,0.22588088235698472,0.044814919404324215,0.06548379094007248
2023-06-20 00:00:00+00:00,STXUSDT,0.26391231028667805,0.662454085009665,0.048525777254181716,-0.015769655983445423,-0.017972005760856412,0.014592152504653877,-0.061842326862187186,-0.032852168601586615,-0.008550192517693716,0.012669104807956199,-0.14071419292912765,-0.03820605009236405,0.020817216342868546,0.009827274187087894,0.0426801945538644
2023-12-04 00:00:00+00:00,STXUSDT,0.42502410800385726,0.7026642784612396,-0.06430940166784661,0.018400903938185,-0.034024279368299125,-0.007424727704117197,-0.20562999167283885,0.017745566269676778,-0.08180427751095926,5.6897164246691444e-05,-0.2431361571044976,0.037623015366781545,-0.09396722297177826,0.07355972112783676,0.05558958235308076
2023-12-20 00:00:00+00:00,STXUSDT,0.24224921430391566,0.7038091729467535,-0.05183613753278499,-0.04239509417276571,0.009901016979501898,-0.0010013700726206741,-0.028258307235986983,-0.08007208063224767,-0.015461859173476566,0.03305253809522695,-0.061059341460841125,-0.09668840246870612,-0.04479066668161393,0.06630731570647527,0.11284692501248812
2024-01-08 00:00:00+00:00,STXUSDT,0.21466722678989392,0.6832705172217779,-0.08595774033845255,-0.013534786799436104,-0.006346311384866932,0.017671684280659752,-0.17296836373676083,-0.05278628307465496,-0.05070033325016308,0.007383970168220566,-0.24271378763562823,-0.05310906499377612,-0.05881151838550863,0.016697448578945045,0.10889356544401889
2024-02-14 00:00:00+00:00,STXUSDT,0.2042788777329454,0.681746321910056,-0.0776422229956922,0.07951788837676452,-0.02007464686308197,0.025190539399046946,-0.11304954981866919,0.11688550037880034,-0.050990304179256894,0.012716136408841972,-0.09634837329753526,0.13653429516140064,-0.06551357566196844,-0.009820295161776932,0.05679673735334463
2024-03-20 00:00:00+00:00,STXUSDT,0.2703725693929049,0.6177543386190847,-0.035472098286640934,-0.005695610217105618,-0.006211181894479536,0.0029458544621525596,0.05684342547422753,-0.010513704996837231,0.023373038915208182,0.09646847874478402,-0.09654543279404754,-0.04429582913590361,-0.033597158905598626,0.06007380115591785,0.10068324710527325
2024-11-11 00:00:00+00:00,STXUSDT,0.2098214285714286,0.843826335851109,-0.0435116233043436,0.017854572677568886,0.06692307922985326,-0.00892601373778435,-0.07919163249508038,0.0008513314505871963,0.09693067990448478,-0.0074544289494852065,-0.15522588091085252,0.016829017541185244,0.024704535586380756,-0.008942084779012288,0.0898543978198501
2026-08-21 00:00:00+00:00,STXUSDT,0.3008910212474296,0.7131909596254888,0.15701453867370718,0.015735894051020133,-0.021652369364500317,-0.029975619662552598,0.22420900754027126,0.006070671424644236,-0.06655578957031394,-0.035219447554543884,0.3045550382445572,-0.05147551229209661,-0.08158842112546669,-0.046401963102938384,0.19704267189925329
2024-01-11 00:00:00+00:00,SUIUSDT,0.29842061512884444,0.7279086231753868,0.14259434391813255,-0.009999842525852152,-0.017659687751398485,-0.004661733884472312,0.22382941092769557,-0.019902560865162185,0.012668850558126863,-0.041547659271232516,0.1607087185187073,-0.03935277831551436,-0.06004345046079999,-0.07975953005333539,0.043372374226246936
2024-01-26 00:00:00+00:00,SUIUSDT,0.23771535262666554,0.5842651907319653,-0.047254403268496725,0.009511936122461229,-0.01928697196712883,-0.011748194483538994,0.047376032877722546,0.014952568933158874,-0.03904314307727356,0.002806808886722134,0.00739128577089887,0.015681738130434254,-0.051980211137517184,-0.01854128971932051,0.05837759227087608
2024-08-08 00:00:00+00:00,SUIUSDT,0.38240545366012024,0.8667115890531528,0.024144400479479397,-0.00820703804053188,-0.0059276644410835395,0.016001393290866618,0.10365834480781783,-0.014459726269208929,-0.002719327800265016,0.0229906561454409,0.07124811323122564,-0.01759867509014288,0.05325966941504303,0.03799865316750563,0.13879316325519092
2024-11-09 00:00:00+00:00,SUIUSDT,0.2021071959429921,0.6452551670531654,0.06835767858833054,0.005032288118577602,-0.05056574864910315,0.052226172577213494,0.07956450174576173,0.011058772809323106,-0.07871520290414222,0.04485423873687748,0.20237134496535353,-0.02064762154360312,-0.09944442426549069,0.020613795879786307,0.06260856565029778
2025-04-22 00:00:00+00:00,SUIUSDT,0.21468591991982855,0.9165273901124813,0.06002246607485067,0.02354674634901915,-0.020282750602430833,-0.0030442395480990473,0.19664764280951766,0.06787077151092155,-0.04394260807327151,0.0326421250548378,0.21172359683785003,0.07628043804360607,-0.09025853255238973,-0.00970549824610054,0.09713683456071669
2025-05-08 00:00:00+00:00,SUIUSDT,0.21222589366176026,0.8441979290841811,-0.10334892203314218,-0.04639891406446458,0.0029772113824015982,0.0764705773335966,-0.10678195498817673,-0.06486167657806885,-0.09653668570911327,0.03381960126395287,-0.08839726260323318,-0.05895448274987762,-0.17915531856160472,0.013602370062300062,0.14795063356175864
2025-12-02 00:00:00+00:00,SUIUSDT,0.21062420950822114,0.9462151931796956,0.012506928505136551,0.015544822638071259,0.04739834653984294,-0.015968980567412906,-0.011996309685783812,-0.013188878140906668,0.10573511565507192,-0.011943263577169221,0.01721164426312163,0.04434497603831846,0.10448126661088097,0.0026847358335023693,0.09431701242596029
2026-05-10 00:00:00+00:00,SUIUSDT,0.24509254066180586,0.9075350798723049,-0.029603081774570286,-0.0017065427033064254,-0.022945031333789376,-0.01698647030414916,-0.054884562914280954,0.002608818796935638,0.0778886820251671,-0.05593966288279785,-0.10054769157709093,0.036829685121386194,0.09165787910426977,-0.10596262938440323,0.030937003712330526
2024-12-03 00:00:00+00:00,SUNUSDT,0.6387745017295339,0.7033516787252206,-0.18605935443616098,-0.011221360505220285,-0.017397909194714668,0.0067999974875334835,-0.23377841896402385,-0.0005051290908175285,0.009860727712900471,0.019641737964254634,-0.2731725573555032,0.03625126108229978,0.07358890116099395,0.032421551547426514,0.0794702270627314
2025-09-20 00:00:00+00:00,SUNUSDT,0.36332151053619866,0.4976248099869277,-0.10691138690470481,-0.010465048212693406,0.022162501438844538,0.011105814485283296,0.07355614906473076,0.045101895937602096,0.031035268700641973,-0.0006954880726329063,-0.0886027981952485,0.06100600147136387,-0.01321224738397403,-0.012854530604736814,0.008298025812603171
2024-02-10 00:00:00+00:00,SUPERUSDT,0.21978971626098232,0.7010923586449955,0.013108498761623531,-0.041286723967950884,0.044920054677395724,0.007945523650684913,0.2015567377597529,-0.04976680154161997,0.028746529968834728,0.023473410567967555,0.11631553079370782,-0.02487711074563332,-0.031241591701621208,0.05897718289904732,0.023236069387647707
2024-08-08 00:00:00+00:00,SUPERUSDT,0.2038561015753586,0.8411897004186082,-0.004457629757023497,0.0035031808050412063,-0.011339203868794204,0.00044127481223696607,0.12390359204865409,-0.004678493722512546,-0.02234431483393947,-0.010758901277046738,0.08091112923964983,-0.0035012491042344953,0.0024517214375243345,-0.0016760892199130582,0.11084524862765832
2025-04-09 00:00:00+00:00,SUPERUSDT,0.2058823529411764,0.8796918044830946,0.041143131370437395,0.014363235150816254,0.0015498033272906054,0.004824402914681219,0.17089178169940608,0.023671079711383488,-0.04290701732917564,-0.014360308369632905,0.14529543927528324,0.02386607576197542,-0.020318016886218017,-0.022450648598419585,0.13570208290186064
2025-09-29 00:00:00+00:00,SUPERUSDT,0.27997705106138837,0.9077293958743009,0.030544698072483095,0.02151809621341349,0.018075009242017725,0.00024159428981544162,-0.05651032620011133,0.029959068129372456,0.00835367848577423,-0.00037891404214255295,-0.10174708678490375,0.04921350207906261,-0.001623626027850328,0.01929898858958726,-0.008506555178564534
2025-04-09 00:00:00+00:00,SUSDT,0.23645569620253148,0.7481399982004993,-0.014595142232446755,0.0018556207647750101,0.013882134008972324,0.04908567921462838,0.029845995181011657,0.02662394665456354,-0.028365313059822872,0.0639933775112735,0.008800770224595734,0.04801539826293648,-0.03451269134869251,0.14678745109408114,0.11780449812404743
2025-06-23 00:00:00+00:00,SUSDT,0.20060331825037725,0.8149974106007013,0.08764374699490507,0.00847372338268627,0.0007417449492836903,0.0057252096414122326,0.012369053876048058,0.026637725772069593,0.01681290343769545,-0.008141311787476726,-0.0014423125958082927,-0.005794826764802342,-0.04401085519990575,-0.02247854996974452,0.10849775055989082
2025-11-07 00:00:00+00:00,SUSDT,0.33896940418679544,0.9152641965095636,-0.02051437855840753,0.004156137062308567,-0.017376609023138694,0.011089605262963303,-0.1143070299291299,-9.828466693717654e-05,-0.06900520629014395,-0.008711425600136647,-0.09547418930343415,0.0029594788463604073,-0.07677374727807204,-0.003040929382107494,0.13140763314727527
2023-11-01 00:00:00+00:00,SUSHIUSDT,0.4810159388363353,0.6132186750019364,-0.08186039462906408,-0.02242387372510705,-0.010601452031261619,-0.004429361809307003,-0.09812637374973684,-0.009586327654566143,-0.059343570390680035,0.06414772819908296,-0.22842652220780418,-0.010106786970672596,-0.09931377243767067,-0.012332375041143886,0.048746693072543236
2024-11-23 00:00:00+00:00,SUSHIUSDT,0.23158869847151475,0.8522585498996698,-0.011115176204079806,0.027180823585932774,-0.04056946727502092,0.022964748281131604,-0.03881814038136579,0.05359270143596573,-0.023594537499695693,0.05059141768307705,0.0649344660946357,0.08184975333091274,-0.10814937871155857,0.0017624454941750091,0.07880181626092368
2024-12-08 00:00:00+00:00,SUSHIUSDT,0.3750451147202887,0.8436109514656666,-0.022605072825125888,-0.03157637016294119,0.023595312180275923,-0.02174874446310948,-0.03543029699852862,-0.05494833614724064,0.0457944764474994,-0.04431768235542525,-0.0543546448130054,-0.047547749925951725,0.027806556804781946,-0.010712741982693147,0.02830707256176414
2025-01-03 00:00:00+00:00,SUSHIUSDT,0.2223588902555691,0.8420731036990535,0.0491352329205093,-0.0020131442032613337,-0.013189088476056909,0.006928757984701614,0.014481569242719733,-5.9860217312600504e-05,-0.054053367130454444,0.010468913607621033,-0.01197051685578606,-0.012370168702937423,-0.12216060434855529,0.02420448800885628,0.05190737699670843
2025-05-08 00:00:00+00:00,SUSHIUSDT,0.26841842674205907,0.940875030784837,-0.060682296241284975,0.003470273552222265,-0.02161592205503173,0.020891285224858218,-0.049837804701104646,0.01433334810575232,-0.09117691132086017,0.010532863993309374,-0.07358767004305185,-0.017380736083095254,-0.10160179433108611,-0.006148214007634141,0.1515807608639227
2025-04-22 00:00:00+00:00,SWARMSUSDT,0.27769643728648097,0.6883618669856142,0.08765909333179128,0.06725191482157047,-0.03928592381476566,-0.012720848962228467,0.11127168529343025,0.002408992961624923,-0.11439452219599491,0.010945344549331389,0.07431215224509415,0.04978956641685676,-0.11025648406971038,0.07721858116234422,0.3065932063970717
2025-05-08 00:00:00+00:00,SWARMSUSDT,0.271458773784355,0.7474648273344037,0.12185452801083015,0.009722701858389205,-0.07202943111612463,-0.05321518624479719,0.17446898163856456,0.013985341832068052,-0.12659005517606473,-0.03695654024260594,0.038564756031741684,0.05236217902224864,-0.10731683756637307,-0.07995788767709675,0.17131795910296885
2025-06-30 00:00:00+00:00,SWARMSUSDT,0.271322266742988,0.8749876493190032,-0.12130459116069725,-0.021407716142730997,0.021503842724980956,0.006756832091292251,0.16592200500998983,0.009619815866368455,-0.04938282343695565,0.00037254452387149863,0.025785064703327754,-0.014762087102846617,-0.10856599439270251,-0.0015100090356683971,-0.03546653509919402
2025-08-10 00:00:00+00:00,SWARMSUSDT,0.30069284064665136,0.7444606356719994,-0.009707749643822726,-0.06633602827733917,0.03296562067083224,0.01427544137512958,-0.08450878363582184,-0.057797761698859015,0.020656708325014483,-0.00801510130043635,-0.20776906389000638,-0.10382865001988324,0.024130692511411055,-0.0059894713526340276,0.12114389581862554
2025-11-05 00:00:00+00:00,SWARMSUSDT,0.34591626630061767,0.8684841285631328,-0.06429580213970829,0.013019532408523892,-0.22539493106164424,0.0035514741360895886,-0.2747282646514717,-0.009437504113116085,-0.2330332575231286,0.005127748732733006,-0.2746246270066154,-0.018955897406329872,-0.25644321010886456,-0.01776422750255305,0.034592353157967895
2025-12-06 00:00:00+00:00,SWARMSUSDT,0.36545138888888884,0.7707301699285477,-0.05928675427521624,-0.039521728494131894,-0.016584864932291575,-0.01869606924331616,-0.16591230875744767,-0.05618936384218365,0.027460191874239637,0.009844839032265122,-0.21319596010530298,-0.08944526254452079,0.17030881188944585,-0.03156525049183608,0.09648528053582903
2025-12-15 00:00:00+00:00,SWARMSUSDT,0.24213075060532674,0.6289400602498331,0.22233073352600385,0.042959287382804176,-0.03207919285504942,-0.02728906905074987,0.11025889863094292,0.025945468396275716,0.09939972661372191,-0.031744975623121265,0.0646413341527391,0.00995319134085158,-0.005936854476002696,0.057886091781127594,0.03191249177291651
2026-04-16 00:00:00+00:00,SWARMSUSDT,0.3241278053555199,0.49859682672650363,-1.5576879062145776e-05,0.027469305973508447,0.049693594077848055,0.005087445078697158,0.12116019875214652,0.02426858465719489,-0.028018565222222173,0.02774502549263756,0.0318537999162751,0.014398595800490455,0.04639122769177717,0.012715253089314,0.0821666261115189
2026-05-04 00:00:00+00:00,SWARMSUSDT,0.28661135637083257,0.47941767814431424,-0.11363606754797773,-0.006594908636685402,-0.046980658813615996,-0.004359774910589513,-0.2285493626248523,-0.03844369812414201,-0.17875203799670752,0.0014479916554854672,-0.6148339035205069,-0.041590510916556765,-0.15225124745275578,0.01529272729075295,0.012614322900713754
2025-02-10 00:00:00+00:00,SWELLUSDT,0.5885416666666665,0.8756765842320021,-0.09989618293137528,0.005569862090922685,-0.007935821921376362,-0.00926426290850904,-0.19571950476364475,0.03978392974397451,-0.04194125268276734,-0.003589213414936518,-0.09742486628891026,0.017710143514478322,0.047844814512317896,0.046036782481977664,0.04650991809321274
2025-05-16 00:00:00+00:00,SWELLUSDT,0.31899641577060933,0.8012059106995428,-0.12111190625751296,0.0038685417660749045,-0.0007533004766330786,-0.009263245338379996,-0.20340939805223685,0.00034783201160619415,-0.015762771520752155,-0.01818064520028904,-0.2661236426420287,0.06732047493872342,-0.042573407202243785,-0.017243065926021994,-0.0384846374567812
2025-07-22 00:00:00+00:00,SWELLUSDT,0.2417750573833206,0.7953609780755502,-0.21467981416973653,-0.003744117047644302,0.11700462432253053,0.006351211480858952,-0.29371897297597027,0.010508000753043303,0.12221929851920946,0.016174296041687984,-0.3904737806151253,0.0013294248188167872,0.14200856446337612,-0.035886131426527676,-0.0036170507562331643
2023-03-29 00:00:00+00:00,SXPUSDT,0.7018960674157304,0.8339999775760166,-0.13968636399902737,-0.01612442413890964,0.0011810484009275887,-0.008766171686516654,0.1843337535556431,0.020512900725084302,-0.023025099839772772,0.0015308503314177657,0.24016350223368224,0.013064783921964451,-0.016943959572006524,-0.022709701144077655,0.08099671705651225
2024-09-19 00:00:00+00:00,SXPUSDT,0.49832935560859193,0.9077736708351353,-0.24006757725590372,-0.025338542018044686,-0.010660482160842926,-0.014240464579494145,-0.31401817862955456,-0.01661364525793166,-0.09358591339892783,-0.010461420903517173,-0.37514897705157696,-0.030651411888019807,-0.11565534854918198,-0.01983156368895795,0.07769078660647773
2024-10-11 00:00:00+00:00,SXPUSDT,0.24030316540347751,0.7356121707793284,0.01857677433265911,-0.009994542361509769,0.02428389259952473,-0.024977443091062895,-0.10618205917671061,-0.013992662968549664,-0.006262147653286224,-0.03425091431314398,-0.11145917803372168,-0.025155758979500585,-0.009714162245632662,-0.026552108595211,0.051808372834129965
2024-12-30 00:00:00+00:00,SXPUSDT,0.20235294117647062,0.8413029523002968,-0.10448110994949138,-0.004532387239115904,0.02336012598251189,0.00843391243956312,-0.14337132385604273,-0.008687447638921996,-0.06801335465714169,0.00011266228749969853,-0.04650969233538373,0.008237516201359835,-0.11647510073114223,0.0013363937428634508,0.012002813317307012
2025-04-12 00:00:00+00:00,SXPUSDT,0.2030250145433392,0.9426025858828689,-0.00035753688366316205,0.026423757502002716,0.0191803048781864,-0.05982534139900521,0.12637371551889215,0.037869538693793704,-0.030818805657997782,-0.04020710751869007,0.14664016860128748,0.09550262342325974,-0.052883820088206177,-0.06690521526153469,0.04488790597266279
2025-07-23 00:00:00+00:00,SXTUSDT,0.21469360860970776,0.7671662089809779,-0.11872681732988233,-0.015711065449289158,-0.05506479866884022,0.0019081716529493295,-0.1489585113751449,-0.02234877753088391,-0.047921814326732294,0.03908479834226154,-0.164679053992713,-0.034575980245599894,-0.042864384595108454,0.06111712637801373,-0.13861961515774662
2026-07-11 00:00:00+00:00,SXTUSDT,0.3321479374110954,0.6981559762295093,-0.13051455892322567,-0.017757732003107516,-0.036140961510167664,-0.002414849679965583,0.01464842910234837,-0.011892230992411832,-0.035865953036765666,0.028845114748878277,-0.17736908296878917,0.0022049344505459616,-0.2455591226063724,0.02373337694801773,0.008795151218794772
2024-10-04 00:00:00+00:00,SYNUSDT,0.20403881458169426,0.6683853270844315,-0.01611140616271524,-0.012108220011132246,-0.025448385232084137,0.004030420241808578,0.006729111883946908,0.0005364673671272094,-0.06587826715403926,-0.008834059956642874,0.05551559680233516,0.008052896095573806,-0.04956767162789163,-0.01762037287226813,0.060012974587762044
2024-11-30 00:00:00+00:00,SYNUSDT,0.20311958405545938,0.7714315348351235,0.006459822944987679,-0.007764927773048711,-0.00032555667835427045,-0.01905831229274326,0.03957194158563798,-0.028711013872423724,0.06252207955314912,-0.04156427667368416,0.19941814646205458,-0.05563724057750654,0.0019066602110943797,-0.04216232888489503,0.05867338017170036
2024-12-30 00:00:00+00:00,SYNUSDT,0.20831706364701286,0.8326360168320178,0.062261420530478784,-0.01156925116563107,0.03268773882972299,0.0026719014730588837,-0.0016021889194721695,-0.02493661596974109,-0.05787550476565687,0.0024518571447651764,0.05988204599868428,-0.03822178375531433,-0.10766245171441194,0.002842786734408063,0.002518988293588187
2025-04-21 00:00:00+00:00,SYNUSDT,0.20352369380315927,0.8944648701700946,-0.019467796309894855,0.0009189561957767489,-0.04105686095835931,0.0040980176904372,0.24229995540473326,-0.005795364309697471,-0.10706473867230352,0.03793598191850517,0.1842672582219122,-0.024456344695389744,-0.15816212268669771,0.025456520431035478,-0.0015023444217051817
2025-05-12 00:00:00+00:00,SYNUSDT,0.2167034584253127,0.7384620022544703,-0.05396555426092196,0.00374405305737661,0.046901967733307105,-0.009374968975827376,-0.2066910529273763,0.013359261795088251,-0.09121176070692014,0.006372123313405399,-0.23953368480303752,0.002132710376602191,-0.05804610677289128,0.021133935601890065,-0.014482960416170153
2025-07-08 00:00:00+00:00,SYNUSDT,0.21087680355160932,0.8301688521607581,-0.08510585307871868,-0.002044854076884708,-0.03816023937838786,0.01971740023711378,0.029168419677538776,-0.01287466304968809,-0.08143815261202822,0.08006781452782899,-0.04273149725745132,-0.014417415090187397,-0.14888839805364018,0.04794609026271292,0.0011633789621764202
2025-07-22 00:00:00+00:00,SYNUSDT,0.4072164948453607,0.7628596975333136,-0.12873571167062023,-0.007826937682399766,0.09487951701137512,-0.00499945530540747,-0.18718332522685238,0.017714391706853426,0.05253321929531498,0.050330279643501216,-0.28030517903031277,0.006360842359825291,0.0777178412923615,0.2121356807569283,-0.0034738375792000343
2025-08-04 00:00:00+00:00,SYNUSDT,0.2406504065040651,0.6840759659146886,-0.04119996887874078,-0.009182864288890657,0.04347687452314035,-0.007333226919615327,-0.10524969371442296,-0.002184772899388033,-0.02970946867226354,-0.004251433095856889,-0.12994246198648363,-0.03275349587877362,0.18462428668137973,-0.05893613099641426,0.04669987539203339
2026-06-15 00:00:00+00:00,SYNUSDT,0.32137161084529486,0.6433175197446726,-0.02379700501836817,0.0038844733234610117,0.021820025371188705,-0.0427108799153321,0.9701891874307245,-0.021501905529269637,-0.05908123011950479,-0.045081446455653276,1.673295057345096,0.009677075316267858,-0.1673822702447018,0.05744280130106971,-0.008254912271703895
2026-07-18 00:00:00+00:00,SYNUSDT,0.2778409090909091,0.3331402347092869,-0.059028331386505054,0.06114734566827566,0.00031365270413349043,-0.008068440102548913,-0.11678490714910633,0.030620912760929986,0.01589196234788925,0.014899013389849582,-0.26962893396865006,0.022484888018634235,0.11049977392256705,-0.011475387748085056,0.01401354594406561
2026-08-05 00:00:00+00:00,SYNUSDT,0.5068928950159068,0.256148816737334,-0.13885893996716175,0.0006193380875310593,-0.010986045243631384,-0.008065425652837141,-0.2850150911994509,-0.01914971758208752,0.04517134384202814,-0.012095171226343652,-0.23866827898540982,-0.05627353412847684,-0.1511583614161947,-0.036755222033657484,0.007260445582168584
2025-04-12 00:00:00+00:00,SYSUSDT,0.20205920205920203,0.913195720590954,-0.02672668403381733,0.00911625402989124,0.02183345930148446,-0.030930596056110066,-0.008678313238183206,0.012952981623613002,-0.013045323366794542,-0.09152982590935403,0.06997045192720265,0.0573034444357811,-0.05195564761692086,-0.08231263353543691,0.03677183310738995
2025-10-31 00:00:00+00:00,TACUSDT,0.28036723163841804,0.7481641004589362,-0.0304022462241545,0.014350480056581369,-0.16200379197338524,-0.013616254177437758,0.005697032214664437,-0.009364100470368909,0.19858355519770451,-0.06005871108338097,0.06617590975128576,-0.017362542506869076,-0.07349007272451262,-0.03746906253447957,0.011398986885311829
2025-11-26 00:00:00+00:00,TACUSDT,0.4370661730680241,0.659006273735535,-0.052960028043321,0.007217908418704561,0.0104969096426949,-0.011928902373343642,-0.14751205349621066,0.008497296458739324,-0.023414353797147746,0.00058440254380491,-0.29857462788598654,0.01633551866118353,-0.0977237516975304,0.027571444940903765,0.009407761193700116
2026-05-14 00:00:00+00:00,TACUSDT,0.34730884730884726,0.29326637463992644,-0.015336591658977466,0.05347601360075992,0.03058627525505651,-0.018702372284372753,-0.06045810082008814,0.07368412631012912,0.03467887813398012,-0.00833995357405044,-0.12496003748611742,0.0385959142112202,-0.02734013080412696,-0.03972801113050705,-0.0570440611795265
2026-07-09 00:00:00+00:00,TACUSDT,0.7425851336506775,0.41386216463781417,-0.2997842344845695,-0.08548696621354476,0.04458069434140545,0.021768801531375746,-0.5229335247960005,-0.3038869410245623,-0.11392873816370619,0.03807817166966003,-0.2960426692396797,-0.21120919514495426,-0.06656665168410222,0.057489923610854386,-0.11111144567641311
2025-10-15 00:00:00+00:00,TAGUSDT,0.5422422100867332,0.7864926601350024,0.013440710382173607,-0.00931413678294825,-0.027989716821740063,0.10839514238489564,-0.12784985611825006,-0.011294466467802163,-0.03097262980395401,0.1124279652762065,0.048069022023883926,-0.022964700835527495,0.06341773134270057,-0.3670267972957588,-0.03882661226192609
2025-11-06 00:00:00+00:00,TAGUSDT,0.21417462786047547,0.6649422744078395,-0.10808398745726437,-0.014396600791431185,0.015148155476496616,-0.004942419134813127,-0.10315220950392409,-0.07880023925242603,-0.017420814248596303,0.012165008480585611,-0.026523275016517425,-0.11135307265279774,-0.004968351234120874,0.02275508834977626,0.02896133805019748
2025-12-13 00:00:00+00:00,TAGUSDT,0.21168328923264812,0.5050253687802659,0.026900260332204187,0.01748545231660891,-0.046152703288354066,0.018990386663645373,0.047814769995790055,0.03333514390001374,-0.020073228942565073,0.02741315460810766,0.052932055038124454,-0.027625291662190833,0.018951478355735324,0.048115901961169286,-0.0016859775175882773
2026-04-30 00:00:00+00:00,TAGUSDT,0.23340190761174484,0.39479143910051373,0.18844665107561775,0.021071319913105284,0.006680282096996841,0.010598524438143495,0.7813589800003248,-0.024685789617878297,-0.00016566436590120733,-0.009137211320959564,0.6375528533617205,-0.10433720047834016,0.03328349056885301,-0.003931909974984401,-0.02574158970539022
2026-05-22 00:00:00+00:00,TAGUSDT,0.32912804668726414,0.2861558727256534,-0.14334665252917078,-0.07535378671959304,0.04082369013543167,0.005082499855573877,-0.054105347852700686,-0.06895814136126863,0.06502612919980263,0.00861884375783948,-0.18054930812558698,0.03113760243422107,0.09684790876547114,-0.014002859100178539,-0.03552887295789797
2026-06-17 00:00:00+00:00,TAGUSDT,0.21303501945525283,0.3851570631049373,-0.17961630401458795,0.0775988949573869,0.0287149444597537,0.009497700978170235,-0.24358403402189896,0.03465487720806473,0.06362219237090304,0.06602188876046335,-0.23387031193978408,0.12460935811275031,0.12690004133508084,0.08933033683745213,-0.0267223285707169
2026-07-27 00:00:00+00:00,TAGUSDT,0.21005385996409331,0.47992892623414357,-0.04850257812935341,0.022381414181479237,-0.011747003628697005,0.022745580030860118,-0.1832703084336367,-0.014034882934687604,0.022297388185806233,-0.005230576311966174,-0.12973929246165947,-0.032615587023464315,0.10305390618851236,0.016181770539033056,-0.03901556629820739
2025-11-12 00:00:00+00:00,TAKEUSDT,0.2428255228209435,0.5744950770346352,0.047278845368971915,0.006810270455404876,0.04627152851443824,-0.006139871119933008,-0.02524201499744029,0.005144348265140498,0.015316764272047822,-0.011006144533418482,-0.024270528118866694,-0.024120269784025976,0.006886798909451009,-0.02074186591794099,-0.013018843419690552
2025-12-28 00:00:00+00:00,TAKEUSDT,0.3288089997554413,0.31710758300108904,-0.22729817951521256,-0.03269637671699619,-0.004696083826641973,0.012540774014731203,-1.615557359092654,0.02639227263963658,-0.021050137753904814,-0.007735232456937946,-1.679971357161342,-0.02813991460147962,-0.07617251183631012,-0.02993682535803783,0.08527276450941035
2026-02-11 00:00:00+00:00,TAKEUSDT,0.4144050104384134,0.350066618462316,0.23884101320648563,-0.015355342518095422,-0.007286684417441706,-0.005213247923359693,0.39658059543353835,-0.025600109211337135,-0.03996660233395653,-0.004720758216522999,-0.20608394777695013,-0.07022347361698776,0.00788972542456598,-0.020638314319891556,0.002578633216744064
2026-02-28 00:00:00+00:00,TAKEUSDT,0.2011331444759208,0.38512482642700474,0.034549755064001486,-0.0006651813531275485,0.009970931449628056,-0.012773313960108237,-0.18227346026046906,-0.0014312658150206965,-0.022930899653485843,0.012561398277028454,0.006070064061296707,0.01766688959050717,-0.038494329139445914,-0.006958424997649776,0.03802022246725625
2026-04-23 00:00:00+00:00,TAKEUSDT,0.25341202508299543,0.5431671060577928,-0.041076294401274,-0.01681522337967014,-0.027652740358428442,-0.02002551860821062,-0.1406150379396714,-0.02828028723699953,0.00818034591315123,-0.022871966917685276,-0.20144395279371213,-0.048385520621503676,-0.027834416953879275,-0.09350031606855773,0.00016907322985453693
2026-05-29 00:00:00+00:00,TAKEUSDT,0.2779821334734631,0.6257436215604124,-0.10258317268347276,-0.007585366125810981,0.029908257094196845,-0.012519399006584156,-0.10643136648286035,0.014038272824008699,0.10651131384001555,-0.052997534388044776,-0.2742357306769493,-0.080016687204573,0.13543424378099297,0.047448718853031834,0.013484222168774162
2025-10-11 00:00:00+00:00,TANSSIUSDT,0.27448453608247414,0.8971383469900086,-0.0003361490564952052,0.003777467186029046,-0.03371662867502102,-0.03319314396123693,-0.07822651598157078,0.022969466743763885,0.06351144141649966,-0.07608877171958939,0.11114847626747866,0.03116116435350938,-0.05246043745216098,-0.08766504220819216,0.033819867998161814
2024-08-08 00:00:00+00:00,TAOUSDT,0.23130954303245588,0.6877153538061476,0.001806036057102084,-0.0002512989775640941,0.018068379452961865,-0.020865706117725084,0.0025022301959445395,0.004402901368243769,0.01274279453997248,-0.04242175306449145,-0.05428382722568721,0.001286650958143777,0.04033409691138492,-0.047494596004886834,0.11044617603496806
2025-10-12 00:00:00+00:00,TAOUSDT,0.2893293401083554,0.9035940623253822,0.0782055214067846,-0.005800452248827324,0.0035944143718810257,0.00848293294602317,0.07518497442187475,-0.017780239677819946,0.10268288182851748,-0.0016549931271943458,0.18965438530745743,-0.044146848844991,0.0627746101522902,0.05849984385486725,0.1171965620285873
2026-06-13 00:00:00+00:00,TAOUSDT,0.23884959924563876,0.8375758694805846,0.006002057356116884,0.005310701400843039,-0.02443278967145564,-0.007217943440109714,-0.05553893655359036,0.025401223335825014,-0.02695889371121991,-0.015715737992819334,-0.1364823775298197,0.022561827415979004,-0.04582105448964528,0.012387125360918039,0.01956415962952409
2025-10-12 00:00:00+00:00,TAUSDT,0.21629778672032196,0.5136989446848774,-0.09998171661542024,-0.007239636996704507,-0.04263806712866515,-0.029548649826110263,0.3484786172258092,0.017083382754329718,-0.05323034115846996,-0.038654782053529124,0.09103655243303937,0.05482151843558064,-0.030788630566137693,-0.05993307936007795,0.1431989253489121
2026-05-16 00:00:00+00:00,TAUSDT,0.20353810264385697,0.4558149940215074,0.026171932690367383,0.02880113129536809,-0.0036954322855596035,-0.0004834638462275071,0.11081949429494307,0.019041703934469918,-0.0030671139017935363,0.027513816325397945,-0.042383065822157034,-0.031020622901412553,0.07425338062349951,-0.03900446916897492,-0.06754926789258757
2026-05-30 00:00:00+00:00,TAUSDT,0.26889444097439097,0.26852292911390446,-0.06392517359223751,-0.002407410177175473,-0.0064654964718261956,-0.02194341695182952,0.2373266339400997,0.12469023725794341,-0.03294227808784093,-0.016627178739939415,0.12009661802455243,0.2636555393336998,0.001818971493505267,-0.04623991032767185,0.0008337332065303293
2024-02-26 00:00:00+00:00,THETAUSDT,0.29639928698752227,0.8631189018773627,-0.002778511002329863,0.029270323236251217,-0.011281525009298474,-0.019424993796318395,-0.05204459879432022,0.05652584885414853,-0.011601278909493728,-0.014925711680191637,0.1044846597980546,0.08673029777051297,-0.08553174132705307,-0.0534778173949557,0.021486916394849342
2024-11-30 00:00:00+00:00,THETAUSDT,0.2796815074203769,0.8914976759457502,-0.07265873451223756,0.03912642028143489,-0.002445044988047157,0.027482116864189377,-0.15324739141535942,0.09941257186856149,0.0933628511893739,-0.03532909440168196,-0.16528325505582558,0.03735144182562357,0.03847501508939054,-0.03553127962255909,0.01328631384991783
2025-11-07 00:00:00+00:00,THETAUSDT,0.23542065009560242,0.9741909014286071,-0.008620809882799702,0.008897210119179403,-0.003753993027902011,0.011234116874295812,-0.04011132484163448,0.010177552872529999,-0.10374809590586176,0.013712043139781731,-0.048819718991121586,0.019875455457179125,-0.09269142170979701,-0.022895289404808228,0.13916888788419035
2025-02-12 00:00:00+00:00,THEUSDT,0.42206141208683756,0.7674814553507341,0.01722392001934435,-0.011319761735737654,0.014871357406855796,0.010798976568179913,-0.01691085546530643,-0.02505108996685097,0.033102123693138294,0.00034021531201864215,0.09704204046022001,-0.019521213337625052,-0.1043565477123185,0.01021531335352326,0.07235412912378929
2025-05-09 00:00:00+00:00,THEUSDT,0.2520239352340725,0.8564877512351498,-0.07590084937218305,-0.02121519198924183,-0.06317363696916027,0.023123624055919674,-0.09356095893332425,0.002930548023948884,-0.05246846501091766,0.02066773297197899,-0.1166586882157179,-0.033144310863606176,-0.1596571639389912,0.023500763824782372,0.15230065874628834
2025-07-15 00:00:00+00:00,THEUSDT,0.6750079189103582,0.8286206474269189,-0.033254211336627905,0.03513230479909548,0.026429846996444788,0.05065767333055658,-0.20457756883028555,-0.014551631091149386,0.05053307969780842,0.03858439352402599,-0.265730642496588,-0.05484175469359085,-0.07871546123119766,-0.02691181723396412,0.04656330845713463
2025-09-20 00:00:00+00:00,THEUSDT,0.22798066595059074,0.8578817247784777,0.18451566987480433,-0.022773598183818546,-0.03532885792308897,-0.020032791864589877,0.08328314828620731,-0.009421483786615333,0.006999905286016686,-0.04933773418442426,0.08663027066000947,-0.04716122671414803,0.02809611060340388,-0.07710745501800742,0.038022375016316945
2024-01-04 00:00:00+00:00,TIAUSDT,0.2827761598096723,0.48267709492885763,0.05235891962749082,0.013055731801656667,0.01125779970768644,-0.004894782302713602,-0.01969712135812205,0.028527157657425816,-0.015045306680420086,0.027949888963617137,-0.00225759057005704,0.006066171663285122,-0.018415115754338587,0.0005597672544152665,0.0942291307705518
2024-08-08 00:00:00+00:00,TIAUSDT,0.25160391133135707,0.7473563039778817,0.0030320557587136497,-0.003568626253322734,-0.001600389557725583,-0.010354968501488458,-0.0394843993243353,-0.011557549317284027,0.011480683208258975,-0.02067483923441681,0.01977045024502319,-0.010540571208071519,0.05477232894567132,-0.03586355392456646,0.13668141673745177
2024-09-23 00:00:00+00:00,TIAUSDT,0.24028631767806097,0.8166386952250709,-0.06304560345861739,0.06529010136746846,-0.057562608115976355,-0.010797455065447537,-0.12173374767774353,0.03569419808296355,-0.055614670912070265,-0.004377547654685202,-0.1957868991869006,0.05303944118716242,-0.025170119853361282,0.004697233299076747,0.0626009029701184
2024-11-06 00:00:00+00:00,TIAUSDT,0.21090479006505025,0.6734835554917838,-0.004856490105437853,-0.008804928641204133,-0.008320325089582591,-0.03491435061851852,-0.006245134494295408,-0.00215412848763256,-0.040000659223173675,-0.011741891420973597,-0.10662119522400292,0.03708467166402415,-0.04107378506880328,-0.0032527271558490415,0.13879284306047973
2024-11-23 00:00:00+00:00,TIAUSDT,0.2488532511642565,0.7573582541700901,0.07118704833639922,0.001208925765134658,-0.018935424452800796,-0.008054697155406267,0.1256298787186799,-0.027281266311930685,-0.017968107234660476,0.055007939033447174,0.02495269773698236,0.05933995229837626,-0.06071134625738093,0.02412344361941925,0.0745319891991053
2025-11-07 00:00:00+00:00,TIAUSDT,0.3113230921704657,0.9622875350178655,0.018670777546962253,0.00998497552260345,-0.001475638880307843,0.006479307851229854,0.004807829226086448,0.009913558481220944,-0.12080043813335233,-0.019278823598694917,-0.030584575361775154,0.024182736874118756,-0.10929257048036718,-0.004512921245174041,0.12342750541250389
2026-04-16 00:00:00+00:00,TIAUSDT,0.2402538531278331,0.9191835160435955,0.046354198891466664,-0.0026460694802366395,-0.08039420838414854,-0.026901662658405684,-0.022149076801208374,0.010894401503124613,-0.11328981350666216,0.027330188375734633,-0.10881370404695767,0.012612746102868588,-0.1834128318671811,0.11355342616368194,0.05896618555238391
2023-11-26 00:00:00+00:00,TLMUSDT,0.20964207450693917,0.8282478803678904,-0.004773798007883367,0.0050844325636211106,-0.00980243922283432,0.002065622566823627,-0.06338195849547294,0.008281012080328196,-0.03943882468659374,0.00457734105217285,-0.0871116395188238,0.0024021473807593887,-0.05388585702945079,0.005304524882346971,-0.020734896632619938
2024-08-18 00:00:00+00:00,TLMUSDT,0.24729294702955817,0.8620111443419871,-0.062332072443300815,-0.002848113501679993,-0.018017505489125243,-0.010288475877139797,-0.06370743172588639,0.01614046825986954,-0.01803181637654427,0.02860416764422057,-0.1107864763236435,0.02689562993662755,-0.0762383322073991,-0.03672628206292668,0.032775880291869675
2026-07-18 00:00:00+00:00,TLMUSDT,0.24622030237580983,0.5887483950602098,0.289167494224174,-0.0004343633727463943,0.0114631480373767,0.010129039340121044,-0.005717508131141025,0.02904382141778474,-0.03811425207516681,0.03007710186719197,0.01908467081781573,0.046549859139353646,-0.006983241863059203,0.006278626764891359,-0.025209200992849866
2026-07-31 00:00:00+00:00,TLMUSDT,0.21881254169446307,0.5097635193632832,-0.056356112694185,0.00899406076114408,0.16645864768575785,0.04687340864939458,-0.06812850878335415,0.027220626037725765,0.006249754515379349,0.08363111776809304,-0.1261374825086939,0.03346633680485197,-0.1465796825945988,0.061748644921194216,0.012575762101159026
2024-06-02 00:00:00+00:00,TNSRUSDT,0.2511435608726247,0.7907850830012596,-0.0018612793392196944,0.0135238639680323,-0.0033705236554711464,0.0364834493093286,-0.07222290026777523,0.020758136030493698,-0.001579370236753972,0.041734104471710005,-0.1346866003214173,0.008311368088528453,0.1373606829720804,0.060039519920964415,-0.003534503516267229
2024-08-06 00:00:00+00:00,TNSRUSDT,0.20669577874818046,0.8734900373598755,-0.008303296856992513,-0.0003341275337198184,-0.007991799492988333,-0.003950401084538959,0.009053197771024007,-0.01037991551829704,-0.058609737499188484,-0.020099854063287823,0.004039376637267146,0.007794411625484834,-0.08495134021693206,-0.014878784609094909,0.09293656658731794
2025-11-19 00:00:00+00:00,TNSRUSDT,1.5607661822985466,0.8697912401628607,1.1075298204274546,0.026316506204211654,0.04153883264399925,-0.0052006925080082655,0.217438603614594,0.03172868240166199,0.03822167035471276,-0.03391822086638115,0.6781028931119839,0.035636607015067996,0.03079588637839955,0.014115796701062064,-0.04091332636871018
2026-02-11 00:00:00+00:00,TNSRUSDT,0.23812881993417956,0.7808614523493833,-0.0023484372580987694,-0.0033256000885664083,-0.09464883717570312,-0.04640057508604201,-0.03003033809481038,0.00364259254437082,-0.061059716519405186,-0.030638652577756102,-0.038027057269068916,-0.027451019367329427,0.08919247311915326,-0.11765199032310032,0.0064018270152929714
2024-03-01 00:00:00+00:00,TOKENUSDT,0.31632394008631626,0.6890263496713136,0.002128887242113374,0.015184556390367875,-0.035800779271438814,0.0006393002252659263,0.05009600136134928,0.047916469895804274,-0.01512516633211595,-0.0380982047170332,0.4450370789210419,0.0027939958410151287,-0.1028867877242354,-0.056434815320384545,0.07119850062041122
2024-03-20 00:00:00+00:00,TOKENUSDT,0.4904383144356068,0.5908481167904558,0.20967727214709847,-0.04990546965335829,-0.012149998479647636,-0.028950673437445527,0.42153764497195156,-0.05368942304359697,-0.045399897754677884,-0.016214966233497486,0.7182241316087304,-0.10417344707456148,-0.06455465065877622,-0.03228075947790097,0.18264669535661138
2024-04-14 00:00:00+00:00,TOKENUSDT,0.2044116072384623,0.6773580229260354,0.016364397704333383,0.006302781068647134,0.04222030008298956,-0.018209794616669356,-0.03383147714364593,-0.006266973090121178,0.0091013482188388,-0.0250204172584308,0.053581843856034345,0.02314363449668894,-0.051301068664337646,0.006465582314290619,0.1498419683004042
2024-08-08 00:00:00+00:00,TOKENUSDT,0.40603953943080584,0.8779328483407924,0.12774752454503835,-0.0033602210578289383,0.0003430932195656253,0.014192801704665628,0.08840154430045,-0.011749645639184948,0.008619921454809224,0.004500915399005217,-0.0747015384131332,-0.011987382341910907,0.027267635505895792,-0.006560177399796345,0.11581780089961524
2025-04-28 00:00:00+00:00,TOKENUSDT,0.6260869565217391,0.8630685953245397,-0.15641908148305952,-0.006270731143907918,0.045065527346272415,-0.01605680358520826,-0.19900938715331667,-0.01464212803171792,-0.0017762385392846082,0.023604205234060597,-0.10869149637260435,-0.050660507822091284,0.1382140156112838,-0.030448881042290356,0.041833607317625296
2023-05-10 00:00:00+00:00,TOMOUSDT,0.20960241804231572,0.6775978619706999,-0.016661339713937046,0.002658332065747311,-0.02391547113990809,-0.010962579362768215,-0.05249556936351046,0.0015251064076682453,-0.02409950097264614,0.008332224984253664,-0.01154525894990463,-0.014116372943606048,0.004779985444914124,-0.03767332364722266,0.00976436418365042
2023-05-28 00:00:00+00:00,TOMOUSDT,0.27681307456588367,0.5594646228109357,-0.12838128238868507,0.0007105445739056693,-0.02056404702940649,-0.0007929132430900723,-0.12676273651325648,-0.007773837338804349,-0.017199167117148667,0.007007725794343117,-0.18298900218968706,-0.01049197987498002,-0.05292209838948962,-0.008981950170573478,0.02708635516446368
2025-03-15 00:00:00+00:00,TONUSDT,0.22528656971770755,0.8513993446112004,0.021262724417601443,-0.0007187906126284692,0.004359961279329796,0.011327509238440555,0.01794123500016813,0.0011327322586454317,-0.15521003391336446,0.0059740418328298175,0.02511042886008679,-0.02255079489426703,-0.11892756047678765,-0.022006109592853408,0.017958441596540496
2026-05-04 00:00:00+00:00,TONUSDT,0.22161402470596925,0.5442777700679546,0.10961293447312476,0.017679655481554535,0.021694099163787412,-0.04837747182428998,0.3838808638987051,0.019301971501971948,-0.02460098086557319,-0.1086849610412495,0.2246166337352606,-0.0013939643861842006,-0.030182467666181555,-0.044191139379453,-0.00010962691190803397
2026-02-06 00:00:00+00:00,TOSHIUSDT,0.20912322274881512,0.8654856947807664,-0.03783100541027179,-0.0006582355354370434,-0.012764683330011706,0.03304580388383116,-0.013923646259637296,-0.03310032194714442,0.07831184486957812,0.030476153814517515,0.11413896365403772,-0.023172359955085053,0.013003666527010248,-0.014486610835084717,0.12139242686074452
2025-10-18 00:00:00+00:00,TOWNSUSDT,0.23122529644268774,0.8682893838548484,-0.04678034538035106,0.004165013898477532,0.01928789163528647,0.002098708150229543,-0.08203323024726389,0.015286048556688706,0.021900004112652638,0.0024366606254443168,-0.06040665562406272,0.010917109963816308,-0.03641558820053474,-0.0004179789754685154,0.017606711038370304
2025-11-15 00:00:00+00:00,TRADOORUSDT,0.29162656400385,0.7590153369795664,0.09775638089269205,0.013904486634566716,0.016162318971299154,0.009946861116610993,0.013745345621414051,0.03785867522341795,-0.023914414081491597,0.03169511854198677,-0.8834624285211126,0.11370471858463907,-0.013366994025503542,0.07950409105222134,0.03279785669804256
2025-11-23 00:00:00+00:00,TRADOORUSDT,0.23580786026200862,0.649308200195015,0.017607571828916306,-0.0017709342463303247,0.007454485425579432,-0.013337602366520335,0.08361942390181998,0.03216391075140056,0.019583039113558198,-0.03903300226123444,1.2397941476456704,-0.007877914393784968,0.029325491910236562,0.008201331500188003,0.09275894832327176
2025-12-30 00:00:00+00:00,TRADOORUSDT,0.39229181004817626,0.47175894422283815,-0.25851725997068636,0.007778841497933978,0.01384220365582466,-0.0074098071791611625,-0.2370399843757382,-0.04936246629608186,-0.11899600289731524,-0.04747243849280732,-0.24394858103119776,-0.025638275304798785,-0.23782185582431037,-0.037273810483747546,0.011572385540832064
2026-02-07 00:00:00+00:00,TRADOORUSDT,0.20302171860245521,0.43748824063781055,0.013441542332433918,-0.006997978260350615,0.045076616453478414,-0.012227230360600397,0.021473490630387948,-0.014692786549816688,0.13352133087533363,-0.0088366064443054,0.007313357332191947,-0.03364346891299852,0.19324450240125307,0.008460534380353633,0.005106424894654316
2026-04-08 00:00:00+00:00,TRADOORUSDT,0.25736196319018423,0.2745967017037519,0.06138611517436841,-0.12066061084462507,-0.02478210830197464,0.019973446143767382,-0.2236890623759609,-0.15509593882643685,-0.02911124241653267,0.06566176303792379,0.3026873188444073,-0.19234554551897465,-0.00412079328600099,0.07302827023165437,-0.031579243646482257
2026-06-13 00:00:00+00:00,TRADOORUSDT,0.2744841995299032,0.3214845291484637,0.007734941221476516,0.12696743468165206,-0.02928317870520687,0.007212076454792976,-0.01774980664610457,0.048798963634860505,0.009609122992763485,-0.03425127541622165,-0.10846615180443188,0.06759056518859659,0.06149514706880517,-0.039291557945049446,0.016694685118440522
2026-08-06 00:00:00+00:00,TRADOORUSDT,0.28976486860304274,0.4307848295707927,-0.07191130143425781,-0.008923334856853062,-0.019016981493873635,-0.005421151823289071,-0.1730891678295935,0.01082749482829754,-0.06401692761616343,-0.049850271685118304,-0.10781264565586593,0.031032078770581006,0.08133170054994994,-0.059822609933581294,-0.011865498197354185
2023-08-27 00:00:00+00:00,TRBUSDT,0.2886323268206039,0.7253342950427961,-0.037044189114677065,0.01822286154897575,-0.012392016933150713,-0.007386011380841907,0.048985371811461245,0.01970268479514307,0.004336876826378702,0.004382872029122943,0.13029368167767374,0.011952410953443817,0.013038161210959081,0.024845913487581632,0.016780336112066183
2023-09-07 00:00:00+00:00,TRBUSDT,0.47799577422275874,0.6338733866698781,-0.08346403313850588,0.05498883954861643,-0.03209260952180486,-0.05389542545466904,0.012897734258834101,-0.005939872514079528,-0.04040237262466451,-0.033491951952697614,0.3239644173728518,0.013292963715523867,-0.04696201451977676,0.009297434504667029,0.034006548771818
2023-09-15 00:00:00+00:00,TRBUSDT,0.2815240212424355,0.6041543869596075,-0.019518933889079982,0.008436607768690027,-0.01122087666194765,0.0016758928838978583,-0.2956057078224358,0.02598791007384536,-0.010224529599429209,0.007091587590418893,-0.13810667095253656,0.014733648119613002,0.0011303864885762072,0.007744982059087418,0.018155288198303154
2023-10-06 00:00:00+00:00,TRBUSDT,0.20252108420150639,0.5189699631433078,-0.07809603439715068,0.001413016099735949,0.0004799936698867503,-0.008330738430483039,-0.06874995967429229,-0.0013900789357173034,0.006654075299897769,-0.004232574387155132,-0.06707688328573295,-0.0013247754512901804,-0.006081034958576949,-0.02982888611287856,0.02143523848844331
2023-10-23 00:00:00+00:00,TRBUSDT,0.2874770766103236,0.5128737288910045,-0.0073514753833969285,-0.004956683677083392,0.017736587618651562,0.06363939239098677,0.1822488574701085,-0.027801002624202882,0.025590909169261232,0.024044978526012093,0.17459825559884248,-0.0201457342604436,-0.0009279201817362845,0.04771429626898309,0.04776243681969676
2023-12-19 00:00:00+00:00,TRBUSDT,0.20202600886705513,0.405385582529858,-0.12436637452539695,-0.02992417059375917,-0.019957137716815256,0.033489979822662753,0.10888939704600573,-0.009992455492245159,-0.040704240212772975,-0.0020074644316771828,0.14077533142102472,-0.08716393159331201,-0.06852126230235167,0.042684722286663014,-0.00027913699796178193
2024-01-17 00:00:00+00:00,TRBUSDT,0.23969547467805752,0.3622714614741832,-0.1017143509842128,-0.008215260795401537,-0.004102452992113428,-0.007031219067515472,-0.1979104200148024,-0.02401109271832614,0.0395575398232772,0.01542385431850116,-0.2955909859190458,-0.03029776184992945,0.020800263445929706,0.010118558973558517,-0.013335771490400838
2024-05-02 00:00:00+00:00,TRBUSDT,0.5749301631975803,0.8753372220854798,-0.09932028957986838,-0.01592322390188703,0.005025269709345461,0.01211586605636706,0.12477472612405112,-0.027426068993930512,-0.001511770428749859,0.002096348166906895,0.5099080966151176,-0.005081209605705371,-0.017072851252680807,-0.020643344409013133,0.028952694800533658
2024-08-06 00:00:00+00:00,TRBUSDT,0.24779568257829143,0.7303513166507637,-0.020902671390072652,0.0044554467791429655,-0.01652903636944681,-0.020850387635263513,-0.04371366104889552,0.005724107433246883,-0.06243633822167381,-0.018562243271706858,-0.046579818529105886,0.01964753754186127,-0.08858002019018288,-0.04140981348322006,0.0790563169655674
2024-08-23 00:00:00+00:00,TRBUSDT,0.30883482267523044,0.770496734484228,0.03821608378486694,0.023584673327878964,-0.007350029850466523,-0.017634244656843573,0.03488900778024553,0.007889412337529721,0.025380280737390116,-0.008498780428801098,0.011739921930051921,0.005044371556562904,0.07527212101210154,0.020644936979009633,0.07749112665528693
2024-11-10 00:00:00+00:00,TRBUSDT,0.5021244954323347,0.8585112472375354,-0.08375844103637609,0.00030161307634140114,-0.028627867841430104,-0.033976013091469595,-0.17195556534703169,-0.04996078685364834,0.03432723083918963,-0.05436777445212979,-0.2351948519994414,-0.05031004859103825,0.025511975654445684,-0.057238788777046,0.060859857418834415
2025-05-27 00:00:00+00:00,TRBUSDT,0.5150085122905528,0.9254364180905954,-0.06311925651757638,0.01128558196523623,-0.0040842377543589365,0.01124853317309676,0.10194199587874903,-0.0009934317092796957,0.18266698020995611,0.02553615295107996,-0.026186981226657996,0.02425868855627366,-0.051104818744745886,0.02944966740960097,0.026643703567377674
2025-11-07 00:00:00+00:00,TRBUSDT,0.2326583756117271,0.9611849453418913,-0.03805813025607187,-0.036806600083917514,-0.003753993027902011,0.008185531464050896,-0.035229164520969566,-0.043657768965839644,-0.10374809590586176,0.0074512065531618515,0.040367385946550254,-0.059979869746033906,-0.09269142170979701,-0.013031641221456803,0.1965518489186359
2026-04-16 00:00:00+00:00,TRBUSDT,0.43541756151438915,0.8639070905947147,-0.06306966074529344,-0.020099527500891983,0.008518083896137934,0.00516010681551843,-0.12980520778760413,-0.005211157455299953,-0.004425363430309276,0.056036372076322304,-0.15519251863100006,0.022516108392814878,0.07308723064542852,0.03943524606670083,0.08300401503817398
2026-08-21 00:00:00+00:00,TRBUSDT,0.21548004314994595,0.5996215295383581,0.07233873794483596,0.008527900360470655,-0.05903309499461499,0.0003591936906600868,0.07357447535221397,0.03365598142919792,-0.10803380904365276,0.04075560241366908,-0.015167356318526004,-0.014531164384279722,-0.0630475393148369,0.0674346455238188,0.12476678670349384
2026-03-22 00:00:00+00:00,TRIAUSDT,0.3056396148555709,0.46717661882943284,-0.12653333461837316,0.033921822412929126,-0.01739550513207696,0.011979563240142169,-0.3493659296159295,0.05434767298873537,-0.00451618915326436,0.007873582127721098,-0.24973584659193315,0.017844315778988463,0.038035281077231184,0.01719893800567919,-0.035819682129098675
2026-06-16 00:00:00+00:00,TRIAUSDT,0.36914235190097267,0.37170864077183197,-0.016177852689734377,-0.025387986459424104,0.03382904355090638,0.02580396281271291,-0.19861169549538757,-0.009242741909549726,0.025199727995265014,0.006175159332519153,-0.07972695094326875,-0.029392268969022507,0.032205731900111376,0.028881605623068345,-0.016347581754929452
2026-07-06 00:00:00+00:00,TRIAUSDT,0.36325678496868474,0.41953500694115287,-0.3550351711392846,0.0027688123925830054,0.21004111981896142,0.1994042566847242,-1.0082763389047655,0.04788692418988972,0.1586473849752191,0.1457797396834753,-1.222542236440567,0.030059448998567127,0.007238081564175047,-0.022174214929849508,-0.019641922998567863
2024-12-31 00:00:00+00:00,TROYUSDT,0.23525835866261402,0.2380006723688171,0.1966217797848221,-0.017557308714448862,-0.026124908734916474,0.010028155758361901,-0.41074566960616576,0.0033960175262077994,-0.00888142989526965,0.007203546279924982,-0.5052293835702119,-0.0005005899170952482,-0.06239936699365463,-0.01717472662373671,-0.017596377920950996
2025-03-12 00:00:00+00:00,TROYUSDT,0.34534270650263643,0.8601756557591909,-0.06135335125360652,-0.0023222631752721555,0.0005055288257332702,0.026275514415751565,-0.1085800509739896,0.010076002539561356,0.022167113293630504,0.016782142480238092,-0.2220707705806008,0.05629297481189464,-0.07431644096003134,-0.036491583548593984,0.0207261087153932
2025-04-09 00:00:00+00:00,TROYUSDT,0.39312039312039304,0.7056471415081451,-0.24484959143033524,-0.033570049861098857,-0.02246123308473592,0.00011838815269826844,-0.7931136686463893,-0.11671567185312352,-0.06706831987801672,0.0530482043853686,-1.114980427834394,-0.1365461836358775,-0.09330264312476182,0.048092588058244054,0.10245810018121544
2025-03-02 00:00:00+00:00,TRUMPUSDT,0.2888078413494415,0.4768354533470556,-0.10598386951054664,-0.047660839980111586,0.07869311017614684,-0.005073590867064326,-0.08057462198523194,-0.011484912645132487,0.08815649186575611,-0.0034924506804005634,-0.10678423334334632,-0.009485457929600403,0.1477040352790508,0.028311042349914717,0.15081538936312383
2025-04-23 00:00:00+00:00,TRUMPUSDT,0.44025157232704415,0.8951425161342257,-0.10001210378524958,-0.019088210587053678,-0.02407761883820166,0.007332291946393491,0.06735979847469797,-0.04507528844724819,-0.01960869869998088,0.0031827206236878297,-0.07362236063451935,-0.06101100032482961,0.004657072102021828,-0.04136821558351733,0.030755371740281534
2026-03-13 00:00:00+00:00,TRUMPUSDT,0.31559194814056624,0.8422964757173121,0.08017906215451383,-0.009568692723413286,-0.0498585558232769,-0.023811355516374373,-0.01387868704637353,0.022224284223859244,-0.03745688273957056,-0.023526772588312712,-0.09101178497021731,0.03026854995630666,0.006572383839113865,-0.009084376475405975,-0.010819837291684075
2026-06-12 00:00:00+00:00,TRUMPUSDT,0.23705408515535087,0.7808940860312825,-0.014302268743022687,0.020868980647500972,-0.01340680096388279,0.01926788351541662,-0.10429410351743389,0.017753919208285694,-0.062050295413386566,0.04851260626206657,-0.14821034424844076,-0.011650330213122517,-0.0704336885666788,0.10810585507058663,0.0019887071238446907
2026-08-19 00:00:00+00:00,TRUMPUSDT,0.2734375,0.5162046168289636,-0.1370656750016057,0.03945528365961199,-0.026660449118868213,0.029689496333381277,0.20915938653485397,0.15247312624328785,-0.10347135088826029,0.1134629370918935,0.1509834235060931,0.12077502199858833,-0.10612178804380272,0.09716521016668536,0.07198129982874905
2025-12-10 00:00:00+00:00,TRUTHUSDT,1.4030350601779173,0.30097169881211744,-0.29343978210738003,-0.017416740273615148,0.009059411944605559,-0.010361815479687817,-0.40263696712148456,-0.05492380195856568,0.010734295626647456,-0.0033195562416530773,-0.17189847480758677,-0.09334834239924719,0.0261953193779866,-0.007808505602961086,-0.04108763175200888
2025-12-26 00:00:00+00:00,TRUTHUSDT,0.21423759263417907,0.27526372124549603,-0.11152640377058592,0.0009885277339414412,-0.027667174560533102,0.027122699201278223,-0.11304862994832598,0.014456945867010698,-0.003359916601755941,0.07285019749418048,-0.24142492148080935,-0.22330231613892523,-0.017636832689787184,0.06423659723497537,0.03626513156335098
2024-03-20 00:00:00+00:00,TRUUSDT,0.43799106455091685,0.7974930768822667,0.07938275927417766,0.004365166699887801,-0.006458002823501924,0.001621811920014718,0.1430219084418058,-0.010555904584798421,-0.024511002577388814,-0.01597613004680986,0.5142316287212233,-0.005260942585189691,-0.02677653343643665,0.009678168667191006,0.10969654391799932
2024-04-14 00:00:00+00:00,TRUUSDT,0.39729850413038625,0.7612064448831568,0.011243384157994325,0.010141302871142552,0.01453498822728995,-0.008826497095685774,0.010874007468169591,-0.0007162372628779983,0.004458498609282198,0.0035101702016390123,0.004180622911464281,-0.007252977756857517,0.044277907285831586,0.022962526379809167,0.13332417549674538
2024-12-03 00:00:00+00:00,TRUUSDT,0.21682123440997758,0.8219219426797663,-0.062255379532546506,0.0037729167770419584,-0.035913100770811,0.03593530059275428,-0.09988782430936552,0.014447446742106452,-0.017691002167907522,0.05650511741707107,-0.10226428192708785,-0.04440850171572524,0.04441131827606533,0.0969448234070239,0.07398912384843663
2025-10-19 00:00:00+00:00,TRUUSDT,0.2332789559543229,0.9674497470646,-0.08676747405064819,0.006357091972635424,-0.02526684761020246,-0.004407823656078751,-0.17872274852861425,0.006515670972876725,0.0496026407776768,0.010415692778575555,-0.2507224450639547,-0.0008430550658298202,0.02461768925188342,0.006883010883056243,0.03175239503518257
2026-04-21 00:00:00+00:00,TRUUSDT,0.3205934121196883,0.43377223852924063,0.0007118394127719469,-0.05303800328471385,0.013148062227740962,0.0017774997021004241,-0.017857705143533898,-0.07757991669850055,-0.31660955306434074,0.01081579605359372,-0.010922004437877166,0.06719257926449729,-0.4331562021568832,-0.0054633426804578,0.06081837359372009
2024-12-03 00:00:00+00:00,TRXUSDT,0.9582128659197688,0.5275013242744611,-0.15922906542193596,-0.0806431243709694,0.009868597969521171,0.024872161732830012,-0.22929532246855186,-0.08172060806516483,0.026031534758684628,0.04699676360987669,-0.20398779409197065,-0.03362540651624925,0.017310254658204592,0.05869697376085037,0.06604011517725716
2025-08-11 00:00:00+00:00,TSTUSDT,0.2087597216537045,0.326702748141031,-0.12179254774184745,-0.042281593657952046,-0.048207903542594036,0.006232020098065697,-0.1518555133264104,-0.046559577313618226,-0.10496978728231543,-0.004120269320077112,0.06189445256075983,-0.008571997819537462,-0.10574384981180165,-0.023057953019445864,-0.0963780301977117
2025-09-16 00:00:00+00:00,TSTUSDT,0.4911284599006389,0.3866558541009293,-0.08447411249080156,-0.03514097353863223,-0.00016530817990955752,-0.003591662194807379,-0.03169839786910291,-0.025656749809317075,-0.02238363929491438,-0.005683009609003154,-0.22132598453602126,-0.006932006342382816,0.029773590369908242,-0.03605546577592109,0.05497693291226234
2025-10-02 00:00:00+00:00,TSTUSDT,0.22401847575057743,0.42430853353517695,-0.08487220251707972,-0.007990638254036193,0.0012008376723597748,0.024870574531857433,-0.1373230945141667,-0.003229475839979931,0.029905781364049182,0.003390116512891182,-0.08258825351055209,0.04757003843696729,0.05326822549014344,0.03520749156172319,0.05062486735984787
2026-05-03 00:00:00+00:00,TSTUSDT,0.3354102676612549,0.7501669413868516,0.47369953503133205,0.00875266775495671,0.022075866206906235,0.00297906134192739,0.19352438974764136,0.00740613585580002,0.011662148258115105,-0.05041580554111459,0.24107844571996878,-0.017587854527870254,-0.03473823676295418,-0.07744677058375574,0.0004117406401566992
2026-05-21 00:00:00+00:00,TSTUSDT,0.2155782848151062,0.5121686876007375,-0.07691814792874004,-0.016143288174527908,0.026706258095700746,0.027647696072613782,-0.09965779539697756,-0.043640930816782546,-0.03280204696380697,0.02418256675386024,-0.06735777403243735,-0.021742092825915903,0.11721851338009266,0.03875826305314816,0.002276662636967286
2024-07-15 00:00:00+00:00,TURBOUSDT,0.21680672268907553,0.6437424720126422,0.0343323460393234,0.009384014386260773,-0.03741345463704372,-0.0072402964992862775,0.00359195277456531,-0.021991415178142452,0.02065758732640071,-0.0050029994483017995,0.39762472381014646,-0.008114281155018627,0.012645839490142849,0.012390577769982867,0.07471720230450739
2024-09-16 00:00:00+00:00,TURBOUSDT,0.22493368700265237,0.8179255429457625,0.11941117093183831,-0.00045736960808432785,-0.019883533017440145,-0.01575936603633374,0.1746310125038696,-0.004418505248491198,-0.036190352640410914,0.019574266737197234,0.13065144467118386,0.007346039049419763,-0.16813038934408847,0.03210987989070944,-0.025700567695977
2024-10-12 00:00:00+00:00,TURBOUSDT,0.304726245143059,0.6790976640926596,0.004185714688133174,0.009500541588368782,-0.010414427117470482,0.007944400490107997,0.29748224622762903,0.05284732830661872,-0.05301645254250117,0.013004899057716308,0.15140354058165045,0.060568008449764954,-0.055359428056876346,-0.019736997868688422,0.036223714702586465
2024-12-11 00:00:00+00:00,TURBOUSDT,0.29128732397062884,0.6561871492431235,-0.07909405001815135,-0.029721025955205694,-0.002177945899233023,0.001367638780694315,-0.10879951966812118,-0.039585638106605446,-0.004450672036090153,0.03343212907312192,-0.17277690544390117,-0.07241742872474365,0.07516423572206216,0.027704483572010236,0.08638265886027104
2024-12-24 00:00:00+00:00,TURBOUSDT,0.26389169302555127,0.7059616557782827,0.009390546319684577,-0.014159376672531653,0.0107332721326178,-0.004574248524511685,-0.09242988771161767,-0.03504570796580987,-0.02071728446437327,-0.012850982132817263,-0.10874795014964447,-0.02718108222188128,-0.00958685120941428,-0.02827523105170081,0.021154409960915155
2025-04-22 00:00:00+00:00,TURBOUSDT,0.37754550369435935,0.9152300951688119,0.20452409829924192,0.014677676606159432,0.0003819297253396456,0.002909812350971946,0.19504043626630008,0.045708555096003724,-0.03950211383891926,0.09984362053183055,0.2698209171194758,0.00046639175671341906,-0.06854462488202158,0.09104859666518077,0.0984200834763019
2025-07-14 00:00:00+00:00,TURBOUSDT,0.36778878783765445,0.9076129257300123,0.0005835067493657684,0.02434671829170107,-0.047412338310048895,0.010371706730902302,-0.09678658511597593,0.05153859391963243,-0.0004960544723945498,0.027606195186456628,-0.1800730484383753,0.08267159428656398,-0.04062270234629273,-0.0033353427928896453,-0.011847707849083167
2025-11-27 00:00:00+00:00,TURBOUSDT,0.3142432130903683,0.9506696026833416,0.19556391148336302,0.0016543562264056157,0.01572238323547536,-0.004846349603584754,0.05150920742667284,-0.01776007406911835,-7.02546580895691e-05,-0.024560598925325243,0.21837749068156959,0.04337263312652113,-0.020534208911471126,0.004669571949800544,0.004643095452746748
2026-03-12 00:00:00+00:00,TURBOUSDT,0.2637208297320659,0.9592412744332701,-0.02971423830757665,-0.003536571707889785,-0.08623117102851145,-0.013168150045214705,-0.10852067883370724,0.0001499196126782079,-0.3126683870168733,0.0016850465429858199,-0.1642219073598108,-0.0070163532904431395,-0.2955200888074235,-0.005450952223370903,0.018217680421854343
2023-06-23 00:00:00+00:00,TUSDT,0.3028064992614474,0.9045569414758159,-0.061221322580236895,0.08307283387674651,0.012669907088208688,0.0340457840121015,-0.12837076564530403,0.01707013295003462,0.02843710656876221,-0.005635248687905856,-0.13304116543811287,0.025863725855687403,-0.09871399613332824,-0.05686449117416942,0.07004365939012343
2024-01-08 00:00:00+00:00,TUSDT,0.37816691505216116,0.6889419828333667,-0.10432575753115625,0.008167747713963556,-0.01063712958645928,-0.009593413581607665,-0.21160659590853967,0.09929712323002557,-0.021979352192493314,0.0028714996330734795,-0.1572798612966565,0.08713700126137308,-0.042762308432505815,0.034931679185384805,0.05900971135099951
2024-03-26 00:00:00+00:00,TUSDT,0.5597867479055598,0.8214636143268965,-0.062415718959064115,-0.001961606719717024,-0.010953604271611723,-0.01639123312811646,-0.1882547527138592,0.022550693097180427,-0.037681635312637164,0.01715990458333107,-0.19753034307572317,-0.03846714080657199,-0.04205931882973741,0.07243317577223511,0.05677336664073068
2025-04-18 00:00:00+00:00,TUSDT,0.4043679682329582,0.8603344712904304,-0.1311624896939279,-0.030312151231706375,0.024550042984324297,-0.010307604550802877,-0.1968605056187468,-0.02594166606803857,0.061572049458512135,-0.0015331743156010616,-0.26467999245028023,-0.06509707145952495,0.1511088814908994,0.005986622225691299,0.02305228656164493
2025-05-09 00:00:00+00:00,TUTUSDT,0.3006706408345752,0.4783017812029783,-0.11279562320432751,-0.036580478994465704,-0.07345834738539982,-0.008175082757202138,-0.01473997943948388,-0.009828454637637396,0.024151352129417897,-0.018161543217915375,-0.06246843919124701,-0.024593553251830692,-0.14220572618456456,-0.02168236634604296,0.09483972083748611
2025-06-23 00:00:00+00:00,TUTUSDT,0.25273606515652847,0.7127876666417997,0.05557404923697988,0.004105772559643167,-0.06339631538825297,-0.006976527970883774,0.15287353339243112,-0.013890889973126225,-0.04878782433803615,0.011815259788691908,0.21179302621944152,0.18217456209860747,-0.056609985374363805,-0.020258389090477908,0.14811369366003077
2025-09-19 00:00:00+00:00,TUTUSDT,0.7640217871338142,0.4115443640644755,-0.3961615471241467,-0.008208876296817571,-0.0034399732381209676,-0.01802437960188273,-0.22691987386864965,0.04263045960566219,0.01994478573941541,0.0013109101089874495,-0.1809296036988085,0.023748714865340578,0.01658748231035828,-0.008381063549257311,-0.035264547930657794
2025-10-04 00:00:00+00:00,TUTUSDT,0.21541760991302272,0.17475428942954158,-0.056643258645344065,0.022801101504616655,0.0027835547179794113,-0.011599644893039485,-0.21120426044496435,0.053505196082191155,0.08410741827104387,-0.0478872497363466,-0.8394431493025869,0.11676724717109326,0.09966832075722205,-0.06650171353121496,-0.040897821259652425
2026-08-05 00:00:00+00:00,TUTUSDT,0.3282336578581362,0.33765463079918745,-0.13022718238114875,0.06500530348714276,-0.08468375363140775,-0.047683050537034845,1.309475152100886,0.09213421820255212,-0.1189077886678747,-0.017192114770914604,0.9125883494292,0.0028099140371394896,-0.07344094309909296,0.055838776416203696,0.05385752679571536
2026-08-17 00:00:00+00:00,TUTUSDT,0.3524948934928509,0.590474517931157,-0.16481275002304435,-0.04687770230898629,0.022173628637782872,0.059823571270468015,-0.43333794506707063,-0.12993445564924008,-0.006963454780614303,-0.053400702279164235,-0.12587614547503242,-0.12563908362711781,-0.08690996083242822,0.007345951116325189,-0.06742335471463119
2025-09-19 00:00:00+00:00,TWTUSDT,0.25629803586678057,0.7653532902478817,0.21751556233999816,-0.007624146351810049,0.037891133402598406,-0.006414673517715417,0.15129587981822978,-0.019606637516112975,0.003326282795730133,-0.005113774622891554,0.24142326932258518,-0.01068184303065699,-0.1727264379505971,-0.03447664222820118,-0.03803817894298081
2026-01-13 00:00:00+00:00,UAIUSDT,0.3073047858942066,0.2630773463239019,-0.04954258088214205,0.013666847034864153,-0.0774523427982416,0.05764378383994444,0.06222009437822396,0.008961325095783013,-0.12145714308312631,0.18701957955556164,0.031235805356236775,0.009540551851594761,-0.17080027007673154,0.37920679527424866,0.05112021919069609
2026-03-06 00:00:00+00:00,UAIUSDT,0.6180904522613064,0.3701924396468693,0.014986672719450204,-0.0011926034716824394,0.012286698543880242,0.0009768876049906332,-0.23816298502167185,-0.0015023038193460916,0.01653751564570411,-0.007657173194135806,-0.00970918187119207,-0.029452440039122885,-0.13529260674696472,-0.02252022722419308,-0.0345813386182301
2026-04-11 00:00:00+00:00,UAIUSDT,0.24531925108017294,0.2568635415790126,-0.07840907774609102,0.011974045942561056,0.006043967492685505,-0.01239293757994886,-0.02429762236965973,0.20075609473994702,-0.005538780871835049,-0.009243279640135292,-0.26614047534699203,0.07565853423051658,-0.04039964117738016,0.014309759142010992,0.02128871392646623
2026-04-20 00:00:00+00:00,UAIUSDT,0.3803357314148681,0.2627418252282031,0.20755688128501654,0.026969893312587433,-0.0206151828973245,0.006695873505925357,-0.03576957978042844,0.15139807214323958,0.019467566999576358,0.011386244600567525,0.16243631517121448,0.13335910945522755,0.048478754325346145,0.06499347032954911,0.07620717081789534
2026-06-10 00:00:00+00:00,UAIUSDT,0.2887517146776406,0.3486209038970434,-0.08274813212905219,-0.014061870316805641,-0.07445020261681708,-0.010201205048086172,-0.32268492068719895,0.029614180887436357,-0.11292973158978921,0.02566000426830503,-0.2370444177091565,0.03205012427899717,-0.08558911357292384,0.007905322133274247,-0.04125495423376009
2026-06-21 00:00:00+00:00,UAIUSDT,0.2124999999999999,0.39461817403197574,-0.023931563214807675,0.029290957055374867,-0.011964874606482172,-0.01813911772160836,-0.08756889509110578,0.049020278701346544,0.0013688058771684872,-0.01836912158016184,-0.04907201444060633,0.3267661294506955,0.04601544504451728,-0.054896944333119646,-0.036978567681335915
2026-07-07 00:00:00+00:00,UAIUSDT,0.21087533156498695,0.34622569372995043,0.15631453518214614,-0.02170861180416997,-0.008575683819990531,-0.00490243854148007,0.09188142207444741,0.03538096806341123,-0.030194711481436255,0.007322032299254241,0.0607076350617502,-0.06985469805695108,-0.068664842111092,0.08100342537033137,-0.151572966760785
2026-07-29 00:00:00+00:00,UAIUSDT,0.42717178314826887,0.3340244101490831,-0.26577181128518107,0.009191384091642395,0.026623434605356943,0.004019204288770981,0.10579929815048478,0.026306653704008854,0.011000101548761786,-0.020965530096513273,-0.6168851942901755,-0.03994558699689336,-0.040407571256246444,-0.04184770518314366,0.016017339998313552
2026-08-24 00:00:00+00:00,UAIUSDT,0.2559800071403069,0.34877882897458895,-0.17627435638438987,-0.0042722926530351125,0.0027397022122527593,0.04518123835420268,-0.12628694343973335,0.038152783129370094,0.021121279195911037,-0.06237670319241926,0.09655444336254393,0.047278871958055316,-0.008228372362550201,-0.12202811539296536,-0.026686788409583273
2026-04-16 00:00:00+00:00,UBUSDT,0.21766342141863704,0.40319637685258003,0.16545458184942738,0.02172896280942848,0.012298639674258097,-0.04779680349708186,0.27890045383801026,0.0494232334686728,0.10144894292986573,0.010368365906841015,0.29313453730233996,0.026328197394225428,0.08859412010533307,0.035170179561286784,0.05919204093716779
2026-05-01 00:00:00+00:00,UBUSDT,0.8423738699329248,0.4093621694762577,0.10656454670016,-0.008502002694776354,-0.03213185333412917,-0.014119620217765888,-0.04772796388922179,-0.020940345111719542,-0.0423306656188125,-0.021673576742161256,-0.20681798060662637,0.03147960942149086,-0.10342788551431323,-0.06698092864859473,0.028020748160585817
2026-05-12 00:00:00+00:00,UBUSDT,0.2504410467509557,0.3744368937609801,0.313364024386084,-0.016316638638165747,0.016874436327936514,-0.03261843459837988,0.3351134232741655,-0.09701977242172796,-0.14915540805147695,0.01430706066613321,-0.17823747928814004,-0.17292455166827111,-0.17138332004695436,-0.011086331129248537,-0.005381170182854422
2026-05-22 00:00:00+00:00,UBUSDT,0.23804312137463057,0.3579285877467477,0.1544848590963778,-0.015602825195690156,0.015480573645409484,-0.04816836351807313,0.517512341620606,-0.04691739751004361,0.03202757768472281,-0.0004598883114297486,0.513340309501623,-0.06378054966337172,0.030664116573172733,-0.008731715742996245,-0.049043051892720554
2026-06-21 00:00:00+00:00,UBUSDT,0.5203706227006404,0.3659792549659181,-0.1277129802251471,0.010773303469346858,0.008349430434122996,-0.009268925348043144,-0.42486103567596173,-0.0007270117037227394,0.05193037919752458,-0.023486339084397845,-0.25176595845232896,-0.03364891203266625,0.038743150194737806,-0.019919599637950612,-0.012228105702273995
2026-06-29 00:00:00+00:00,UBUSDT,0.44368920660963296,0.3771154370939756,-0.268547027595856,-0.003106522068597839,-0.0062518438941733135,0.015097306496653024,-0.34683202070800856,-0.05230817613665113,0.07592254893108179,0.05156017598627385,-0.24056976493146068,0.04566214137426215,0.13659738382476241,0.07651638801987717,-0.010515061446704489
2026-07-26 00:00:00+00:00,UBUSDT,0.22700959311941782,0.47053137079636514,-0.16807199922716973,-0.019248081729495558,-0.024029912732246528,-0.006707705115138319,-0.049001547391025524,-0.0061906688258484294,-0.020706156937895327,0.006916991841533099,0.16789130092677262,-0.0041322638672939005,0.04193462656274247,0.10528407425766054,0.050075558205896306
2026-08-06 00:00:00+00:00,UBUSDT,0.20342396777442096,0.4452369450813136,-0.1111986002108271,-0.012836487119828854,0.16162973452083515,-0.02105468881919088,-0.1549424847012888,0.07323602760931905,0.01622039086758804,0.0019289780447919764,-0.13073189073860722,0.05415541859964823,-0.08010481273955983,0.04185615578219879,0.03670796220970356
2024-01-18 00:00:00+00:00,UMAUSDT,0.23434442270058709,0.7278568725262737,0.7053540739196394,-0.008936267812471059,-0.0015252449928703133,-0.006172393985572117,0.7360477970688496,0.0019261154865931993,-0.012345476242661637,-0.037014898582184,0.7506170606844295,0.002510363817826522,-0.038537927977045805,-0.052419848427159264,-0.06648629406529481
2024-05-08 00:00:00+00:00,UMAUSDT,0.32563510392609696,0.9135844042220274,0.1513707665264855,0.00818866597732461,-0.005392536611910648,0.0371704091305244,0.18928524664776963,-0.006505757469497417,0.025555224185088644,0.056870243838448145,0.12076566339007627,-0.02321179496122563,0.03170345548548226,-0.0036407384598916683,0.0018488580389191488
2025-07-21 00:00:00+00:00,UMAUSDT,0.3388931008339653,0.7678554993564168,-0.06446584950411839,-0.0033004572005037175,0.0032054028647274984,-0.0144114410204088,-0.12723075043584708,-0.017675452525785958,0.057627543706434484,-0.028114432890971125,-0.16839593486026355,-0.029640685478643052,-0.03390793510112968,-0.02369308867572026,0.03904912404749135
2025-10-13 00:00:00+00:00,UMAUSDT,0.2706467661691543,0.8791119595232445,-0.02039054753683346,-0.0001663860704527363,0.10143139891796624,0.008263083690187288,-0.06340430459970557,0.019392147563553477,0.08247960656048889,0.009396525193625965,0.0724115828649091,0.027473264243425853,0.059696612389684246,0.0076937637193877475,0.049712905933920484
2023-09-03 00:00:00+00:00,UNFIUSDT,0.23447723327547054,0.5514626130124209,-0.05577221884196438,0.035044462642376505,-0.06288528235844722,0.016265896462387776,0.0172132815683397,0.05022349104290367,-0.05878553760740653,0.011870601568200873,-0.14408063353711315,0.026196720128331186,-0.09572662734159357,-0.026978355871611726,0.0052837824961834865
2023-10-24 00:00:00+00:00,UNFIUSDT,0.2574272357110541,0.4364724185996064,0.04444907214385362,0.0032818854167480224,-0.00826852435285728,0.017651133661378358,-0.003677790484627484,0.0011865560856420417,-0.0017376037640238844,0.003607162022346253,-0.00045652064913973694,0.0033020607385583394,-0.026678654214512675,0.004861244922703248,0.02285992869255047
2023-11-22 00:00:00+00:00,UNFIUSDT,0.22650658046640504,0.5115125582499732,0.1332221586100328,-0.004991033014238103,-0.014532273502990075,-0.0019443712707447052,0.19046000349984854,0.02617140109184929,-0.0529654993059927,-0.017248561987022865,0.0757990575412391,0.03612657909735227,-0.021829414056818812,-0.008459944130570976,0.0847196489246442
2023-11-22 00:00:00+00:00,UNIUSDT,0.26025984739121455,0.7672060574803898,0.048841401022430904,-0.00042783983546844964,-0.013327525362395867,0.04356736866018019,-0.06340072385741946,-0.022438409358365996,-0.024363431126631162,0.03935722209658431,-0.05757902187182495,-0.02977578160351203,-0.12740879644345882,0.039314150821469614,0.0657139023494257
2024-02-23 00:00:00+00:00,UNIUSDT,0.5488252071166644,0.7661059207128735,-0.09774971129701891,0.009033488455468825,-0.0055632988764784804,0.05238643596904393,-0.23909075057082574,0.1460677039267591,-0.0048165680615609345,0.06870232761611508,-0.24983435956858124,0.08270423957530185,0.0708522288668771,0.03913174714186586,0.001768531864374956
2024-05-20 00:00:00+00:00,UNIUSDT,0.2215819800942902,0.8611018558520639,0.03069539451080367,0.002948953272719256,0.0025149008069460382,-0.01635222776644321,-0.0013872022454929425,-0.00033331467166121745,-0.005596755774598672,-0.0005823361317509642,0.13549983611021546,-0.0014817133664192233,-0.0629427327961507,0.03096738842830894,0.10996551715179739
2024-06-04 00:00:00+00:00,UNIUSDT,0.2075570992527105,0.8096485272545653,-0.02441660375487959,-0.0018803509135138028,-0.005856039988824642,-0.005462196506382726,-0.05278238585136835,0.002586245397139784,0.11658155576356699,0.0038056908540647152,-0.028953325379268546,0.01782420208666927,0.02554239028634242,-0.016973346546074543,0.037366637424787685
2024-11-06 00:00:00+00:00,UNIUSDT,0.2918114833866259,0.7114062361175881,-0.06589943430015181,0.009216414061337705,-0.0038458080462641904,0.01602660758587301,-0.0777082614652558,-0.008319809440462674,0.007199509312694088,-0.004061716521237456,-0.16889443272213467,-0.05482538117371934,0.05488828518762393,-0.03081863860413222,0.17282066731142914
2024-11-27 00:00:00+00:00,UNIUSDT,0.24421168687982364,0.7944359652583106,-0.01764921967592915,-0.01801199695595218,0.013966179724713637,-0.012800323684971365,-0.09532385621163116,-0.0107784182150259,-0.024417982982340842,-0.01731208255421343,-0.03290493999623552,0.0017986004944410717,-0.009084949580723992,-0.0371583448027584,0.10780164490788886
2025-05-08 00:00:00+00:00,UNIUSDT,0.2617972917521545,0.9092932097438793,-0.011676864613692307,-0.03506837752658759,-0.02728530162935176,0.06385394677227194,0.014323214953182811,-0.018209418009055213,-0.06348531397089549,0.0893639795378117,-0.02032631161275432,-0.0007245625221763196,-0.05112154928154927,0.11595411265574081,0.17790906837161669
2025-06-10 00:00:00+00:00,UNIUSDT,0.2667348728441976,0.8606925582753305,0.018673313196570878,0.021086662644908667,-0.002324768491470791,-0.02172668872214445,0.0352150113172323,0.013656048788264413,0.054257992360611795,-0.04304230541179253,0.05934141221902195,0.027236737998049498,0.149934072121575,-0.040403057818038546,0.048069504713607394
2025-11-10 00:00:00+00:00,UNIUSDT,0.42161339421613375,0.9515199875710962,-0.06693560374065258,-0.0037604387108645955,-0.0005883800086747187,-0.012421538294815914,-0.11167907624579297,-0.022028650266491746,0.015053952464872478,-0.031231275159595052,-0.06792995355581219,-0.033579339069823175,-0.10819461206906622,-0.07788469391520711,0.013950205089890644
2026-02-25 00:00:00+00:00,UNIUSDT,0.21492805755395694,0.9070729304723406,-0.024152691338822082,-0.02100116128597083,0.0015410152708463444,-0.012711779239221312,-0.023214857883695955,-0.019813861882846607,-0.032177017564557035,0.010614403695385693,0.007083986717943115,0.018308315111629198,-0.03409535771612005,0.04200894574747519,0.12465083722709977
2025-10-02 00:00:00+00:00,USELESSUSDT,0.24864864864864877,0.7380014935055248,0.03778805162541869,-0.005537555470656255,-0.02495000980612471,-0.002988303660614629,-0.01756211012362341,-0.01207056732442495,0.03296690720381585,-0.007922131715852062,0.49521366228305186,-0.029593788165146195,0.0035860116832876557,-0.02929184008795301,0.023959845204319284
2025-11-07 00:00:00+00:00,USELESSUSDT,0.23989033584647013,0.7429141213901895,-0.040859097202213944,-0.006804970450677876,-0.02452420863592371,0.012147981574681412,0.15888915776997445,0.03907692776124498,-0.10785814813179675,-0.01155573868782947,-0.01668555356972347,0.010681946621887303,-0.04739016463272574,0.0991596494981335,0.0918313422597801
2025-11-24 00:00:00+00:00,USELESSUSDT,0.21604278074866312,0.7672357404502597,0.08832204284468986,0.006026325437951325,0.008000843000733915,0.003091176190687944,0.03543010601205919,-0.004232112676899965,-0.0921555539556965,0.046769511287034535,-0.015940502080138072,-0.0155238746039511,0.06641805919694257,-0.015837717931220095,0.0630588344499648
2026-01-02 00:00:00+00:00,USELESSUSDT,0.30231624046057015,0.811202915480816,0.02892469974425531,0.06000449099250421,-0.03861052683294504,-0.0030447388220959898,0.08280304121136278,0.14241539693722213,-0.1616678277358415,-0.005629702352917128,0.09820708075123848,0.15338423598679612,-0.2015526219435583,-0.04879545350354207,0.07690319912645402
2026-02-14 00:00:00+00:00,USELESSUSDT,0.3085626911314985,0.8491280372387655,0.008353789183907296,-0.03855407082938059,0.06665285527967005,0.018675185130146533,0.11958851894289016,-0.02947527145999642,0.06390766422350111,0.011984744044590726,-0.049349314768217314,-0.04539782071632794,-0.14035192914715697,0.05674106021412208,0.1280413448872344
2026-05-11 00:00:00+00:00,USELESSUSDT,0.2034761235955056,0.7333341215793985,0.14317017488374933,-0.01921555571500975,0.04603343378065399,-0.013595747319544502,0.04076487684151674,-0.021911303372274864,0.059372283656468315,-0.01013469919808369,0.016743564274567968,-0.026889691050336423,0.04240079828546794,-0.011892846094168427,-0.0007900704254498514
2026-08-21 00:00:00+00:00,USELESSUSDT,0.32258064516129026,0.6454131023718513,0.06760052096180008,0.026132228150656946,-0.01467372246582661,-0.014516123964198765,0.07952759212919663,0.03350164943895163,-0.04155254992026047,-0.016993976375419863,-0.01612084251959975,0.03843500418496838,-0.05253620063271995,0.03899292480409212,0.09273455640395742
2024-02-15 00:00:00+00:00,USTCUSDT,0.24909354604786071,0.7971266613243516,-0.08665157769500346,-0.019774770378295427,0.020537358413790407,-0.0127273674746187,-0.1314052313629963,-0.033332561143031514,-0.012267669132284229,-0.022286345065637394,-0.1916116273585582,-0.05217938025699039,-0.08332552607256591,-0.031046303660410716,0.044670126819557066
2024-07-16 00:00:00+00:00,USTCUSDT,0.21844934917939995,0.7991705956678214,-0.0617921893834634,-0.011246469526729756,0.04434275124712651,-0.0007972350913792201,-0.09839907666189802,-0.0037307396685389528,0.021592439663000115,-0.003353511446120503,-0.08222646266135131,0.009241683370424945,0.10409830012473749,0.0011794879769271988,0.04598711873899626
2024-09-29 00:00:00+00:00,USTCUSDT,0.2715125601282735,0.8530705910370381,-0.03406935075503655,-0.018978244182328335,-0.01669935300644117,0.002089746504297072,0.14027388424725187,-0.024819265339715468,-0.00949166586561898,0.016623508576665207,0.13283116725085248,-0.042265944450401355,-0.02551122890983377,-0.011039656219288246,0.0364596169006425
2025-02-10 00:00:00+00:00,USTCUSDT,0.2441086667188601,0.9049565305827316,0.10014010905497459,0.009568589730287739,0.00822592389905956,0.0344672939740284,0.10559453695583569,0.18467637002732717,-0.020840520634487367,0.060020398788370885,0.1621708685889991,0.010116599862864029,0.0988042560835264,0.007727129237424318,0.05100695158114612
2025-01-30 00:00:00+00:00,USUALUSDT,0.5128900949796471,0.5905543431721026,-0.09853497700881549,-0.016050050989916166,-0.006352318962426268,0.007548074928783441,-0.12124314853830803,-0.06554502096739453,0.10572345458540548,-0.04498082059981888,-0.24612354693878202,-0.01270830386039895,0.3211523553099699,-0.09807507483301889,0.03586160947427288
2025-04-20 00:00:00+00:00,USUALUSDT,0.20746887966804972,0.7796306525128601,-0.14979617282044363,0.01200223413034257,-0.0171267434285673,-0.005650693757356816,-0.2159314652551488,0.12404012010537495,-0.03376063776352141,-0.020530069956434575,-0.3052822153413802,0.28194157390312957,-0.046387636467698605,-0.06963623589281506,0.026603035491962145
2025-07-13 00:00:00+00:00,USUALUSDT,0.34892541087231344,0.8958781829304145,-0.15550566346981642,-0.007775052458508627,0.00852296662680262,-0.012623819879951209,-0.19892406865078618,-0.0007337189189496731,-0.0636728857967985,0.06378474606389462,-0.2504966766284327,-0.00020229790169065952,0.042578074934940466,0.07960990421735259,0.025468758121145484
2025-11-25 00:00:00+00:00,USUALUSDT,0.3015075376884422,0.8852869257787079,-0.13957060170957558,-0.006074612565044344,0.010691618784519763,0.0009304082388196043,-0.19162933286931394,0.0026991399738857972,0.00027125280293308627,-0.03635884652356525,-0.19968597872194405,0.009868339384388065,-0.04442563399287226,-0.026968409932508514,0.001801796801105704
2026-06-02 00:00:00+00:00,USUSDT,0.9837141468157513,0.3493345620768973,0.1532679132663624,-0.03431861980146582,0.045017748622387825,0.02921737158303389,0.15409709635752422,-0.036425645228131,0.010139294592700365,0.11526764392635296,0.1099049918188812,0.014115350623276702,-0.12124601718710315,0.3537058811879494,-0.08518805545050809
2026-06-17 00:00:00+00:00,USUSDT,0.20460154446302048,0.37734591217840646,-0.013892302979379913,0.001333934035996441,-0.03602581799791865,0.008862021049618892,0.021244396844406425,-0.02185487664175703,-0.13577369457085064,0.013710679714723797,0.056327394267448615,0.059714617412499824,-0.09677854251003123,0.02013118701871979,0.004645468867964797
2026-07-02 00:00:00+00:00,USUSDT,0.35714285714285743,0.3633628955919943,-0.0023979160262218857,0.025385494582036778,0.023353188932204373,0.022151098396685973,-0.03982830330487352,0.01693164349662969,0.0246474377482999,-0.05259897939908444,0.5178183605547634,0.11984531885192398,-0.00036904729867671406,-0.003383064636896256,-0.011409275425785492
2026-07-31 00:00:00+00:00,USUSDT,0.26697657866055735,0.29416652181849057,0.03302476170386776,0.04783191997292452,-0.02214297802193676,0.007076408619049046,-0.054870794247210426,0.04039183786084136,-0.021645810990592217,0.04089621299582054,-0.15448673822668316,0.05474042024002316,-0.024767225512128812,-0.000983740574927839,-0.022912719219093138
2026-08-21 00:00:00+00:00,USUSDT,0.2961026359764971,0.37405498699121953,-0.05968494537170989,0.03003828714169795,0.0010470627514635206,0.023453760426848505,-0.3448187752210531,0.00491905478037514,-0.3153108097412924,0.010995824700138013,-0.17588022550735755,-0.011126349481124852,-0.4203037142631132,-0.011524451432849643,0.07678030298344436
2024-11-06 00:00:00+00:00,UXLINKUSDT,0.5670498084291187,0.6282754090037329,-0.25068652389952767,0.0024089493834232715,-0.008312235562349217,0.006051497433489224,-0.38363758588410746,0.029565861454566345,-0.04647718896614277,0.008149590804590757,-0.5821023223023826,0.0011440655211665152,-0.06360805077805681,-0.01894794509478917,0.18946467952863816
2024-12-19 00:00:00+00:00,UXLINKUSDT,0.2829846285226303,0.5198025644826,-0.09226370041485804,0.030526318235369332,0.004284752637908497,0.005199806640008747,0.1403050066877528,0.008399504530976182,-0.008457761942043032,-0.012290399529044241,0.45078585769099005,-0.0029766766764548537,-0.013813206452312782,0.005030490775293041,-0.11910367409749716
2025-02-07 00:00:00+00:00,UXLINKUSDT,0.21410669530970283,0.47745695838253194,-0.04752628010341708,0.018163142468289796,0.01194376909501919,0.008738863896773664,-0.11272246180937158,-0.016930548300866377,0.002421647226604665,0.0007824234463993246,-0.16771347490016314,-0.024085297952535403,0.000660754287581708,0.002502838656676823,0.013620528484050487
2025-04-03 00:00:00+00:00,UXLINKUSDT,0.22704837117472843,0.8175639052105101,0.0022415246614768958,0.0027790108784390482,-0.005315427964073782,0.03449750397872153,0.010139358726420716,0.0015431818636640663,0.04134583096087073,-0.01610808317846276,0.35008341761708905,-0.014381699826254948,0.019839388903635503,0.019618351787503836,-0.0034903511285319768
2025-02-24 00:00:00+00:00,VANAUSDT,0.2733722213463661,0.771678968714823,0.2060932248969357,-0.0001191811361738071,-0.060776780460045046,-0.011433456360921983,0.030977183261409635,0.010592784272234576,-0.08669157774976619,-0.02420502096114785,-0.1285795671337064,-0.028982460874853695,-0.05802566323365277,-0.04591926094741735,-0.1536632960423613
2025-03-21 00:00:00+00:00,VANAUSDT,0.20119930566514133,0.5493191359428173,0.022198826408158404,-0.006259967250210374,-0.005784101288793518,-0.0016336360245405863,-0.08418913720344103,-0.019536667743980732,-0.016047252714398257,-0.01715134251061067,-0.12578365520514673,-0.04569398855316929,0.013815484919355974,0.011289771198390506,0.01760589133506193
2026-02-20 00:00:00+00:00,VANAUSDT,0.20757363253856953,0.7654570550900155,-0.0283826578928431,-0.002793156294980173,-0.006222977539259431,-0.015400763611101894,-0.08121669486822763,-0.01721091919721899,0.10811127456037306,-0.0015768255153147809,-0.05883940580381908,5.857067200875643e-05,-0.09089117902955834,0.08177483172801508,0.04332106984664095
2025-05-09 00:00:00+00:00,VELODROMEUSDT,0.3900129942454056,0.8393490907694797,-0.07950534462657453,0.019841601243279015,-0.07502790582918505,0.0073543312952553674,-0.18553017707299457,0.013038750687851475,-0.028096043819003703,0.011769197576110632,-0.16186413046380493,0.003710999985082726,-0.16814841505417424,-0.0030422917784698384,0.06842865619910267
2025-09-12 00:00:00+00:00,VELVETUSDT,0.6461151305441963,0.4762900453783522,-0.051939350769336964,-0.015474989644394177,0.03435405984911876,0.004756549194978537,0.05896683479478716,-0.023813592099043074,-0.0051411446097292535,0.03356182102922608,-0.03561248494881663,0.051422963251603226,0.025867323619727635,0.017096171291057435,0.0403760666184934
2025-09-23 00:00:00+00:00,VELVETUSDT,0.31916642207220436,0.5233050415304137,-0.07345811171825688,-0.043403020263137915,0.027993931108499272,-0.01089942732866253,-0.18020254053874807,-0.09904536350189308,0.015513906192386443,-0.009212529159781222,-0.26654491999568947,-0.05352185098266844,-0.000785081318642769,-0.04491037998434094,-0.06627513862189086
2025-10-11 00:00:00+00:00,VELVETUSDT,0.2000525244567002,0.48657431746636337,-0.07527159381380227,0.046847186591618545,-0.037409491253397396,0.011179843088198452,-0.08873935803793015,0.012976462928123933,-0.0380457791228971,0.005296582503963391,0.03744649211374124,0.07432678741414407,-0.03262004619803868,-0.024554155046976882,0.0124637375921119
2026-06-07 00:00:00+00:00,VELVETUSDT,0.35365062195781505,0.2591425332145918,0.20761546352140073,0.11266258965304059,0.08266481991633406,-0.029988984990198853,1.3033033887104433,-0.010914323396891223,-0.008129858489461508,-0.10629062711529111,0.3033274646032048,0.047526078502011945,-0.04270779914042346,-0.08003603128553352,-0.12624847726328642
2026-06-26 00:00:00+00:00,VELVETUSDT,0.3152173913043479,0.493034221440457,0.6789481886678214,0.016804323611424574,-0.009024950755926013,0.04351314594796494,0.847643242074976,-0.007853330287913154,-0.007380513509783876,-0.013116786478461068,-0.411817993464899,0.04058879791860524,0.050414045441845065,0.01731889748459055,-0.03447340754371029
2026-07-13 00:00:00+00:00,VELVETUSDT,0.23975283213182297,0.3321060544126353,-0.012328032878451781,0.0003532935631171373,-0.009718870258407666,0.011439676598493159,-0.1504269496092688,0.0117049639088973,0.007165177101485144,-0.0233043738082838,-0.11006918132347494,0.026544966664120734,0.0019387013084071613,0.002588468023153967,-0.020715530817804417
2026-08-11 00:00:00+00:00,VELVETUSDT,0.4048275862068964,0.30093119726891865,0.2301595443001506,0.14544545780072465,-0.026992379855197323,-0.012572676280467765,0.5561243045166062,0.21982880132249644,0.003424272997144448,-0.0201397824983698,0.1513996227004878,0.02252710786213981,0.023623339792123516,-0.035491487854187445,-0.0025454500354674
2024-02-15 00:00:00+00:00,VETUSDT,0.28005578800557873,0.8143517502194279,0.024851131825077158,0.009058193324294726,-0.012316197727158957,-0.00017427120495088004,-0.021215843910200705,0.05423213065003209,-0.011755682288805216,0.003015726669454456,-0.05784460454146107,0.10055947544506964,-0.07134717947255577,-0.046139378596448996,0.03407165284926457
2024-12-02 00:00:00+00:00,VETUSDT,0.2505957797131593,0.8959364367116706,0.05491572725566883,-0.031120619683778782,-0.021510056568241384,0.04669554996391245,-0.044034768061309515,-0.0319258923836128,0.007005405447821196,0.05634886489859544,-0.016444742953536894,-0.05281123181561546,0.13616457134178253,0.04789481232439544,0.08293644502295025
2025-07-30 00:00:00+00:00,VICUSDT,0.22182254196642703,0.6500432615551099,-0.05474712712272582,0.012245266852355694,0.009645321488091883,0.0010583524500781733,0.026876131640667746,0.02802987748508289,0.03490190509384439,-0.00496563501509817,0.030523559518569512,0.005424849153078841,0.004873525208695384,-0.05477732703145731,-0.010615765151728813
2026-06-01 00:00:00+00:00,VICUSDT,0.41933085501858747,0.41262748730895665,-0.1430297236465196,-0.028821859014571134,0.008114671254176432,-0.012874819262461224,-0.06559824213074658,-0.07143549819225367,0.01660855902969873,-0.03772623683091518,-0.1951222085888227,-0.13254528323625006,0.19262954799978432,-0.0013371007245700632,-0.009989164599960087
2025-03-20 00:00:00+00:00,VIDTUSDT,0.25543916196615646,0.801818379331991,-0.0919764892964382,-0.06011291962793773,-0.04143805847596325,0.0253041073900021,-0.015017263665850086,-0.11172184049806258,-0.06073917454581066,0.00478767647881847,-0.17516398805797923,-0.20838635300717848,-0.04197561215717864,0.00874569318517596,-0.04219598499037634
2025-03-28 00:00:00+00:00,VIDTUSDT,0.6501079913606911,0.6882453115339621,0.09493892033239382,-0.007425484374447057,0.00185679781852265,0.010058072078204545,0.17234379981390044,-0.004362228194654971,0.015854176463812604,0.00523425787939157,0.32884783174626225,-0.03435056185435138,-0.09448220012194444,-0.008055755232944661,-0.06461454421674341
2025-04-09 00:00:00+00:00,VIDTUSDT,0.43871399866041516,0.4718457132805217,0.12463092170472752,-0.047104501766512284,-0.034097378729196846,-0.006475543592229002,-1.6667334549962303,-0.09318349376001203,-0.010628581172843116,-0.010523012295869988,-1.954347192548156,-0.1731560091717672,0.033760690757755014,0.015897703627145043,0.11579863901047069
2025-03-29 00:00:00+00:00,VINEUSDT,0.203178206583428,0.4647524496104262,0.06541595474043917,0.017520417740927517,0.009334904497311591,-0.01927130241905619,0.3587827451211112,-0.02838075773044787,-0.013004234039187657,0.011527917353281722,0.08951898901652425,0.01379263680456396,0.07741016360460737,0.03749904057571157,-0.05379668929482819
2025-04-09 00:00:00+00:00,VINEUSDT,0.449442379182156,0.5106206637067336,0.03375003381887597,0.008421187289307668,0.00814163586214707,0.022617754671045678,-0.06368731835093908,0.07966535387637594,-0.01609343275278565,0.015286888668367138,-0.22290992397108356,0.011693898713464553,0.0049667887508325955,0.05417583574354969,0.07323568357334702
2025-05-08 00:00:00+00:00,VINEUSDT,0.20895930073750346,0.5303652451241426,0.03792925654932022,0.03601487364708729,-0.06706373215994846,-0.01559135822123893,0.16293121577808095,0.03926700634274779,-0.10902270774523808,-0.0397827519950215,0.036667639965160315,0.09264707190697105,-0.11391696421624627,-0.010432278658654747,0.16350745905602754
2025-07-10 00:00:00+00:00,VINEUSDT,0.2145593869731799,0.9077471871977165,-0.04530148261464392,-0.027238422284323705,0.02448182005820806,-0.007506169610710278,-0.10457717513121634,-0.04057366604744119,0.0003399026410712727,-0.0014606495341545663,-0.09126395473430951,0.0434664532230463,0.017560155336728483,0.008981132636419248,0.1278090062119527
2025-07-24 00:00:00+00:00,VINEUSDT,0.4486221993304145,0.8756962309493973,-0.08836003276241494,0.02368834754109524,-0.04631211251069365,-0.023508000469107813,0.8411601037267298,0.054004860309935745,-0.08592480028050609,-0.04313606085795517,0.6181506105002328,0.0382369180372365,-0.04832254485984555,-0.015510424370100829,-0.048498026759463644
2025-08-22 00:00:00+00:00,VINEUSDT,0.2926748971193416,0.5419756526022432,-0.07741145723769467,-0.002511910747552742,-0.018140423970374873,-0.009883769707088246,-0.09173177746029573,0.00731850212984467,-0.005813966796852076,-0.01629514864629162,-0.02491314857625787,-0.01244484776564013,-0.0010982975470177777,-0.005630726680234002,0.09431790165431311
2025-10-12 00:00:00+00:00,VINEUSDT,0.5681937862032649,0.8428091053107902,-0.059350126040477964,-0.007692688362499711,0.12920795236159838,-0.04072632788145917,-0.07885796032046621,-0.016023316866834694,0.21640008117319792,-0.030095398994661283,-0.16963137325160285,-0.020486613770738227,0.04585836536594997,0.04732983180114031,0.1157178367061654
2025-04-22 00:00:00+00:00,VIRTUALUSDT,0.21505376344086025,0.8352807162340286,-0.004489833165022347,-0.017582600355385274,-0.03776909777035388,-0.02303901780042505,0.20284813687857775,0.03712155669043009,-0.10515675887191862,0.015795954455175464,0.625314472232927,0.0640054039957397,-0.1315865276753705,0.016041125640148417,0.13312190767691723
2025-05-08 00:00:00+00:00,VIRTUALUSDT,0.5002873563218393,0.7516921500625768,-0.14728929554113077,0.046609669552121334,-0.06906360353035883,0.035907588837811,-0.09362835725623782,0.14523472340542418,-0.13302612250586215,-0.025221605507171247,-0.15214095634762229,0.1741596450355024,-0.1361055476883967,-0.05342831307520875,0.1864077031060615
2025-05-18 00:00:00+00:00,VIRTUALUSDT,0.20557863501483675,0.7490206309286915,-0.0019771310993512495,0.010180051132309626,0.018247865501554442,0.04648514262791471,-0.00856072091083407,0.004107646929594085,-0.02796630163643954,0.08303251602198185,0.07317206324564234,-0.0006385580711498903,0.05073371227451062,0.06940267033528742,0.06465613293535719
2025-06-23 00:00:00+00:00,VIRTUALUSDT,0.2331632653061224,0.7522047588928287,-0.05575204922384714,0.008982965442248117,-0.04997947035840054,-0.005503786198509342,-0.11204381893469034,-0.0031491336012310586,-0.039222792736745296,-0.009829881912295849,-0.10788910814630356,-0.007631537677396663,-0.06462068240704047,0.012944351096583095,0.13607827066201708
2025-10-24 00:00:00+00:00,VIRTUALUSDT,0.2767777352227754,0.9616391768657742,0.2343578069706072,0.11403547156965718,0.053272405093718556,0.010834223498661344,0.36299223691409055,0.08807427055558174,0.09231591911621322,0.005746741722954887,0.44995413504494464,0.10230213402710228,0.057099311613324544,0.002261165798742694,0.05686069925211727
2026-01-05 00:00:00+00:00,VIRTUALUSDT,0.20645446507515453,0.8615218377620654,0.030947063125358845,0.0027877764210955448,0.006835580487760354,-0.029788569507823947,0.01512961538292109,-0.011304687474256484,0.08450728504827462,-0.03058916026706567,-0.027469698298841154,-0.001617903485177727,0.05488224493570896,-0.127513106242609,0.06501445753960731
2025-02-08 00:00:00+00:00,VOXELUSDT,0.24507658643326047,0.9566273398649379,-0.06326877092116936,-0.008520089225861727,-0.05554383977187448,-0.004092643999466515,-0.04597677440977147,-0.013050701185989829,-0.01234137439982631,-0.0064061236016010655,0.011410262511411931,-0.014156670906438629,-0.024759977691503295,0.04963473679486843,0.06734894977760321
2025-04-18 00:00:00+00:00,VOXELUSDT,0.29605263157894735,0.888516607786061,0.9325464046174641,0.09690646106352617,0.018326816537986027,0.023880118117071674,0.7234705403051191,0.18560352546719616,-0.04702874498713161,0.0546553812936138,0.7716816240898153,0.37485584372519254,-0.10292036083246081,0.02615026511293318,0.05504552009925541
2025-05-24 00:00:00+00:00,VOXELUSDT,0.21495766698024465,0.701426891840297,-0.10560380982566725,-0.0188535826280876,-0.010486069619217789,-0.00805555704887077,-0.09578497644795884,-0.01914212443282471,-0.014901908583223577,0.013068964257340197,-0.17867972361350673,-0.09060438568206217,-0.0003521679502083659,0.11366056600944552,0.12233048330342289
2025-09-13 00:00:00+00:00,VOXELUSDT,0.27553989891254416,0.7660334535815987,-0.11155617549131241,-0.009834385516142144,0.03300000971064182,-0.022832290335622424,-0.1841072210557853,-0.014072952374182792,0.09140751859157378,0.07285247428856945,-0.2682158136416689,-0.04172277784373324,0.13843010336075384,0.1062495522027905,0.022293494914898314
2025-04-14 00:00:00+00:00,VTHOUSDT,0.42714285714285727,0.9340780824801296,-0.08502330179168235,-0.0024214328375134217,0.0055658440916846715,0.007544425433139999,-0.20212335730765515,-0.026689168720433403,-0.020868428610927598,0.002705971125865131,-0.2913247805012237,0.017425450161246393,-0.09718565850571044,-0.03601333901831612,0.033237467482894203
2025-06-09 00:00:00+00:00,VVVUSDT,0.20173391130376794,0.6793366137387945,0.0353131397477191,-0.01120953453332502,-0.021246586472975386,0.0033049336307484573,0.12378447138557755,-0.026035804798290096,0.02419200610410101,-0.006579359837197882,-0.03680206067956715,0.03646399936460879,0.022823079592848138,-0.028326324210838416,0.08432643634390091
2025-07-27 00:00:00+00:00,VVVUSDT,0.20021037868162694,0.787407289740027,-0.058052845814338144,-0.001834333543085248,0.025498645204012137,-0.01505335624174064,-0.07563342696362137,-0.029664748935066508,0.054376538820002596,-0.014677077202021846,-0.14409115213548232,-0.03998501687098378,0.10125215022882594,-0.006886823132516479,0.03892266921197176
2026-01-09 00:00:00+00:00,VVVUSDT,0.24575036425449226,0.6420798013739305,0.05262645479172406,0.008950509983389827,-0.016831556629816634,0.008801918108054746,0.16469324286955808,0.004429647022030777,0.026649449031966706,-0.00029672268177516266,0.13504592002542234,0.05194727476510499,-0.17467377189193597,-0.012084282977715617,-0.008869208707654596
2026-02-13 00:00:00+00:00,VVVUSDT,0.6072408118486012,0.6735883751023127,0.04643539556972702,0.00804175547629456,0.03676728491890415,0.006877782335071231,0.39618190652431784,0.007810381472475973,0.05408582529525955,-0.0002760546658788568,0.4366100860686148,-0.010867465251126387,0.017230331827269074,-0.011718443813385368,0.035047687945479564
2025-12-02 00:00:00+00:00,WALUSDT,0.21907600596125176,0.8176548597699075,0.0025144340917380124,0.004623335786164007,0.027957603490708867,0.01725901454078478,-0.006964441669609533,0.19601934622995912,0.08070533692712187,-0.010446187181992117,0.022133862432571188,0.19063791141538536,0.08943291822255117,0.029543453254065277,0.06452218906312464
2023-06-24 00:00:00+00:00,WAVESUSDT,0.5733402288447866,0.8379271946900813,-0.17836718886096933,-0.030487659513755018,-0.0033773266717077115,0.010759850649955984,-0.2136493356299633,-0.018791833808931936,-0.02269885296566762,0.011639324228165797,-0.3039926122296095,0.004561276244028162,-0.04145763938454291,0.007512114770355594,0.04161415800230035
2024-03-13 00:00:00+00:00,WAVESUSDT,0.2820527280417313,0.8363349931093019,0.0012205644839978023,-0.019358768122318792,0.008071470361965418,0.005701549222851413,0.016663356949822253,-0.030261693569891713,0.043581993093911066,0.062419880981950504,-0.12469939652274893,-0.045616799486313454,0.09418127365590098,0.03055648995482236,0.02371247215141562
2025-11-17 00:00:00+00:00,WCTUSDT,0.2288786482334868,0.9091276896346334,-0.0017736759473854537,0.008368259450249929,-0.013176710899880104,0.013450091331628031,0.004874097586823303,-0.013065505588133764,0.008727001307713015,-0.023982688722245793,-0.1893059506708139,-0.010968765546181012,-0.0096869809942019,0.011913607158351111,-0.027279178578604978
2025-12-30 00:00:00+00:00,WCTUSDT,0.317278498481921,0.5772946275951517,-0.10127689337100075,0.03775620682725269,-0.01150049436689268,-0.03934845346163722,-0.13889290777574226,0.03690014077627142,-0.2033799114794641,-0.08391057353740682,-0.20638612058587769,0.023971500198877255,-0.3486390560497305,-0.11329138885227925,-0.0175992909316814
2026-04-13 00:00:00+00:00,WETUSDT,0.6312838360402164,0.37308841275152493,-0.029186866816490246,-0.009031614080475694,-0.009148809487863827,-0.015215792751192808,-0.3488849386986153,0.1473137943711405,0.02028986303354944,0.024467467960477343,-0.4547682764985679,0.08392981438914988,0.04208953224576638,0.1203036539664154,0.06421410273145414
2024-04-14 00:00:00+00:00,WIFUSDT,0.3144870252620726,0.682958184077074,-0.03761758312104867,-0.015370004342928689,-0.002417798945693124,-0.012582631381493754,-0.14494282434561923,-0.038414098328463285,-0.0015048696676260285,0.0017093944117032704,-0.062172497817683484,0.06727455538220642,-0.07814113767077284,-0.018102874002317824,0.09522571584130174
2024-07-15 00:00:00+00:00,WIFUSDT,0.24609961862937713,0.7106789963539479,0.014788914667868275,0.029683247947205182,0.02458173464774786,0.020758870100643513,0.10184313900408826,0.011618075570657025,0.060063856730633094,0.012788819066558692,0.22739497018697302,0.09962614446412991,0.06575529324410326,0.013567513990947749,0.14054298246008723
2024-11-13 00:00:00+00:00,WIFUSDT,0.28233375388497417,0.7833901212091334,-0.13300239734994027,-0.0046702393615833445,-0.014830610025738659,-0.001909412826458698,-0.2395416299793307,-0.018949094404579796,-0.07025182524955717,-0.03917648279140523,-0.31380027476736716,-0.024350710561756184,-0.0433711380769469,-0.005899412802617225,0.05861109704869512
2025-02-14 00:00:00+00:00,WIFUSDT,0.23478555687404667,0.7939515101277033,-0.00835498780981584,-0.010562477927750351,-0.000650508904656287,0.0058089352746485915,-0.06684586069957724,-0.04548311740304893,0.027487157574711284,-0.011688952224359155,-0.03129296414786499,-0.036531348707115996,0.05049352574181659,0.01742577329231878,0.06532506021497894
2025-03-02 00:00:00+00:00,WIFUSDT,0.24611356570119458,0.7700642813199354,-0.014089224704548514,-0.03627252218105041,0.07298463798720592,-0.013518338471857915,-0.12096877116771237,-0.07047923624963467,0.022882854924724475,-0.005097970368319156,-0.19840994408385287,-0.11826226394322994,0.014559483968416803,-0.03979035766250535,0.12809629054809862
2025-05-08 00:00:00+00:00,WIFUSDT,0.20250521920668074,0.8826715323149996,0.04415443203096907,0.024650603970178073,-0.02161592205503173,0.03143020943376593,0.18453889059220135,0.046312201633078406,-0.09117691132086017,0.027420418247232105,0.32085567058333625,0.07965397129545852,-0.10160179433108611,-0.016012264204595783,0.14726462163018295
2025-06-23 00:00:00+00:00,WIFUSDT,0.20633536762569027,0.8299098131390223,0.03794964945488297,0.004998897103028772,0.026935627334002076,0.009723144183318863,-0.04389708607436246,-0.010721236254097195,-0.04090216773106551,-0.0017650504305659024,0.03271042655267537,-0.013538653628956645,-0.0026248794243624364,-0.0028303017934504042,0.10878476559502874
2026-08-21 00:00:00+00:00,WIFUSDT,0.21302495435179547,0.70159461978442,0.009103731821008099,0.001966632983996669,-0.031438397629740406,0.04488348239403696,0.04104461594423234,0.04425789450376143,-0.07353421325279628,0.07132995639718165,0.04336039858761964,-0.011060492679481605,-0.076459380678413,0.0387251770408814,0.137841248891797
2023-09-06 00:00:00+00:00,WLDUSDT,0.20371927857209604,0.5985896151271877,-0.08482714569758774,-0.016246907556033707,-0.02330326579884997,-0.0012405712865508722,-0.1198013900600856,-0.022372073454587034,-0.04455633557282518,0.03490374073354605,-0.21883302780075953,-0.0534551704090365,-0.03603254916150714,-0.009833998122385402,0.03255359173818739
2023-09-15 00:00:00+00:00,WLDUSDT,0.24095934045343848,0.5936970142450401,0.09367677758292274,-0.0037130638272841717,-0.020448548449567016,0.003270291505463817,0.057939658849252895,0.004261222596483806,-0.010636558716056486,-0.0027279284468480344,0.19196343282187286,-0.015965769267425135,0.09489251452823712,0.0013846411859006424,0.026189388377906787
2023-12-16 00:00:00+00:00,WLDUSDT,0.546335333225231,0.5062290580471188,0.10631248340959565,0.02568533353927575,-0.01693256279801088,0.009385001562081566,0.010266263918561738,0.053783687698549486,0.0479617075488714,0.04511821980932017,-0.1920082757704965,-0.013810709025569735,0.008248255682685567,0.1274000447552421,0.09162093836590493
2024-02-16 00:00:00+00:00,WLDUSDT,0.28878763409851205,0.7619347504128202,0.07135434126102191,-0.0034121407565334675,-0.020614334297576444,-0.011736592266724105,0.4433389715442735,-0.006142096095420306,-0.04796261465345251,-0.002426926420944992,0.5520069170165638,-0.0017989156149843088,-0.10172841186071842,-0.023094629366411348,-0.018256609805223457
2024-03-09 00:00:00+00:00,WLDUSDT,0.5518796593531956,0.6227532757379397,-0.16333679816597269,-0.06523480282295992,0.006636242133025824,-0.004566348172841732,-0.17070137332761376,-0.10336836082344432,-0.011872594568904155,-0.004585703186740413,-0.19135235667291367,-0.16339901937629123,-0.04847545317713942,-0.043577674098215925,0.1682892055063136
2024-07-15 00:00:00+00:00,WLDUSDT,0.25792902913144156,0.7748586693168984,0.17129694376621132,0.00903763058043248,0.013776397541244267,0.02735150907400709,0.11958868417043583,-0.019634203428623938,0.057399460692201275,0.017597982892386402,-0.021970175623660493,-0.024259764726288335,0.047788959376947035,0.03660878062271503,0.07781481148734738
2024-11-30 00:00:00+00:00,WLDUSDT,0.24122012105461144,0.828419930945645,-0.04391678255007197,-0.046230622591057605,-0.018969054593112825,0.005206382349066028,-0.12217676964894386,-0.05935646907310051,0.08354217917200371,0.005517748858106642,-0.059250637141788666,-0.0032334501914639156,0.02045624385540166,-0.007339512352867179,0.08546719626210526
2025-05-22 00:00:00+00:00,WLDUSDT,0.26943396226415106,0.8568886486631466,-3.495707761007327e-05,-0.021052403879712595,0.06220300324757966,-0.012332286187906513,0.026622816640466798,-0.03219203928144632,0.10618052461978571,-0.01827797970077535,-0.05594778962521843,-0.028351638435688546,0.17960168138130456,-0.041630247672130555,0.07915281523289602
2025-09-08 00:00:00+00:00,WLDUSDT,0.5207868979552281,0.9086693699973954,0.10179292115047023,-0.0021701643989790894,-0.013007683616800136,-0.0042982017695415665,-0.10434594701400252,-0.006726441266751856,-0.008305904792642982,-0.025842913382521954,-0.1581344627140609,-0.035214610010624384,0.06267545914009301,0.004709924971737022,0.07434221630443058
2026-01-28 00:00:00+00:00,WLDUSDT,0.25639922563992257,0.9262969528292248,-0.11642796596447275,-0.03047381914497067,0.016948878763537213,-0.0035528544577527023,-0.1378977459306263,-0.04848809716769524,0.0499845502285869,-0.002397371683033773,-0.0998828746917236,-0.029447803601483757,0.08136758108181089,0.04360840111070936,0.01956999559832462
2026-06-01 00:00:00+00:00,WLDUSDT,0.25049985718366186,0.6846679782233833,-0.04968550320463507,-0.022329883117593933,-0.021362992174796907,-0.03676392389697221,0.3129302685252099,-0.03208139859429397,-0.07247252113533274,0.1118751217050126,0.2851030834080204,-0.07932509567699123,0.19129013672002004,-0.09736968716968611,0.003911041245897739
2025-11-10 00:00:00+00:00,WLFIUSDT,0.22072784810126556,0.8648671555045585,0.06453576432268845,0.015413201252972663,0.00600746078527678,-0.02113045304241414,0.06248542954910464,1.127890523238903e-05,-0.0231865442781182,0.008998275772874287,0.09650605753415231,4.545309522650254e-05,-0.09961066484770817,-0.01347744363327441,0.011554268032996334
2023-04-14 00:00:00+00:00,WOOUSDT,0.2013549708523712,0.8594546905992715,0.10020990114547053,0.007356640157453504,-0.0030613346935028864,-0.007528467370914563,0.024825714999109183,0.029685712797155782,-0.011057992037975101,0.0015993461109880453,-0.01446961916553538,0.020128954582375284,-0.019674103124051708,-0.004310083979543149,0.02013833014268087
2023-12-14 00:00:00+00:00,WOOUSDT,0.22640780450111087,0.7504333536537291,0.10654179010873102,0.0009869293026952997,0.01808565274313196,0.0033607969081405494,0.008599138729639647,0.0521717133825087,-0.013930974186700357,0.0009174390997062305,0.13113173372476977,0.02771667346762243,-0.047376110519426175,0.04547493242122171,0.03603823172974043
2026-01-13 00:00:00+00:00,WOOUSDT,0.22037652270210417,0.6989216710508364,-0.03740585395689822,-0.01020241144307707,0.06401190244775505,-0.026002399957877398,-0.025494721250985505,-0.0761523290849718,0.038227198647150164,-0.0452827993200396,-0.09820399288829235,-0.07779764141605532,0.11965917008697868,-0.11938327824096713,0.0851253914732677
2025-03-23 00:00:00+00:00,WUSDT,0.2142776967111908,0.9124412244817197,-0.06470621116863688,0.00030581799066323743,0.01939869709516075,0.02083659757840397,-0.05118459733656611,-0.007475708297457957,-0.0483747998924296,0.0013040065067683577,-0.12325283416314661,-0.06597883769063012,0.08271183473666449,0.07938513654502202,0.013064491288550983
2025-09-18 00:00:00+00:00,WUSDT,0.2200422577724117,0.8521327746106465,-0.021702871206435728,-0.015248974782403077,0.007649661280391656,-0.00797071191889279,-0.010208440909566179,0.024176457022486126,-0.015003633749509457,-0.034189402267571965,0.05720995377360225,0.038818833460952565,0.024983182946575262,-0.015454446516506282,0.02106052163229233
2024-07-06 00:00:00+00:00,XAIUSDT,0.257510729613734,0.7908594744225399,-0.08222312123125275,0.007515462763257342,-0.01470826919392581,-0.016769011324789418,0.0462328320966785,0.02749248387189619,0.02194006613795584,-0.023845580770612905,-0.1365965307361663,0.0017921261148038294,0.004722640418556393,0.025324784151160306,0.11705429904486539
2024-11-27 00:00:00+00:00,XAIUSDT,0.20184741703729037,0.9349644996642551,0.0014255473666792626,0.022875018569654314,0.01836372389694519,-0.005853215109312653,0.04610072152945822,0.03990906872022302,-0.011782766351054389,-0.01997663843955972,-0.06257624569633977,-0.007897831726546395,0.018952973116331005,-0.0015172463745257727,0.08485937975842381
2025-05-09 00:00:00+00:00,XAIUSDT,0.22344013490725145,0.9074598091116121,0.013020486411150091,0.013600840488441812,-0.0594802718817551,-0.0011155664852506464,0.06722669302620085,0.008437148887940971,-0.08823344809750706,-0.023793332860043946,0.002308698857611898,-0.015642906589319397,-0.08050549839972121,-0.0013617663053380885,0.11844026693433074
2025-11-20 00:00:00+00:00,XAIUSDT,0.3749347258485638,0.9734788040737922,-0.15653803814846823,-0.009498786689028507,0.09375969738717438,0.030236209005272907,-0.17275623640764703,-0.028801158773956375,0.04111166734200239,0.043452303931307536,-0.27664048212467074,-0.04533143496289256,-0.04138650147749036,0.031161392219292462,0.014055708792382127
2026-01-16 00:00:00+00:00,XAIUSDT,0.3042937149968885,0.8301516736696506,-0.21264764151356966,-0.008331935462759392,-0.028424913974881165,0.0468645290304785,-0.24911150878049534,-0.0019192435446341624,0.017140279624089774,0.1863520604447606,-0.3075733846487141,-0.07297506859445275,0.07644894180689418,0.1591055458578465,0.049647091812438406
2025-11-09 00:00:00+00:00,XANUSDT,0.2128966223132036,0.5607786342759825,0.0793562576885865,-0.021276610709799075,0.04182867224076649,-0.054993025702993595,0.09955929932615018,-0.018619960681251095,0.03562221918973663,-0.06270750732193625,-0.13152860237585107,-0.020623422966630174,-0.010841823788581796,0.04153207089022608,0.018430170882072775
2025-11-17 00:00:00+00:00,XANUSDT,0.2541521823097721,0.5594866926336979,0.5092257484459155,0.03296176327525154,-0.012371430732584433,-0.001658823902907313,0.23119543533071596,-0.01477586555991367,-0.16376782708944182,0.1266420631013799,0.006003026680024615,-0.04285782526049155,-0.22484140080765203,0.0668639372443162,-0.019880010479575237
2026-04-14 00:00:00+00:00,XANUSDT,0.40030078957262827,0.4347511097161628,-0.11945696796988906,0.007648075954476632,-0.01978435992232149,-0.01138562600704875,-0.23541963629849155,0.02434605725767256,-0.04685213594830574,0.03975704783369423,-0.3132981465612723,0.0044085060334960935,0.04518694801398818,0.07660088728972266,-0.0361784070621459
2026-06-22 00:00:00+00:00,XANUSDT,0.22023147117738717,0.5114603486108628,0.08455188205504101,-0.0201302819384754,0.008280521941009564,-0.03077688374352553,-0.03043424039336598,0.030203458841864445,-0.008562338230784417,-0.034300660969354996,-0.06933762935199321,0.07878790809580023,0.2759500066128172,0.0706843801437403,-0.0013713247514599333
2026-08-09 00:00:00+00:00,XANUSDT,0.5398162856550865,0.38670815461957775,-0.5897570369460282,0.05491794899743613,0.008534843836596449,0.007128269218988488,-0.702079511054765,0.011447813523091743,0.02432963207231278,-0.005337185499683997,-0.7405738186550335,0.02620122689091959,0.015964027940776716,0.03202579969411683,0.00012266983899500428
2023-07-13 00:00:00+00:00,XLMUSDT,0.614360041623309,0.6806330704761991,-0.07037916579106632,-0.004509218358984042,-0.016207422755299947,0.0002299763681419431,-0.05548732973017019,-0.005284172115402002,-0.01043199563992217,0.017412154933822917,0.17454518466965488,-0.0031206042015568935,-0.0003337909958706156,0.03784481671403482,0.07367218613976827
2024-11-16 00:00:00+00:00,XLMUSDT,0.5146010419522895,0.7427818844210268,-0.035979246249244465,0.043754646532216855,0.017365080300142766,-0.024547799588284434,0.10278437685024712,0.1191423327706985,0.05265539364520945,0.01563267808776267,0.7329175157704495,0.09748949902869238,-0.012364826236918966,0.12887034366396824,0.12242811794449773
2025-01-01 00:00:00+00:00,XLMUSDT,0.279657194406856,0.6837611442717634,-0.02132145154045474,-0.021776237392851363,-0.07335656510736903,0.0021038948404029805,-0.05673798497380694,-0.007173688273832221,-0.056920946063972536,0.001873515847061992,0.023621416652976263,0.009676816963750173,-0.1357004337580086,-0.006704561528635365,0.05284524123245249
2026-05-28 00:00:00+00:00,XLMUSDT,0.2421469960353766,0.6938679276660237,0.2974219382348942,0.03709030793224717,0.00845344674364967,-0.024517706508208666,0.23425510581040987,-0.017646418298732584,0.06520652932159265,-0.04151335361526483,0.09666959465075431,-0.070017464577326,0.1913350342695229,-0.06444526277670376,0.012088317208338573
2024-02-07 00:00:00+00:00,XMRUSDT,0.22533611058511638,0.43452470828510287,-0.03042652367713818,-0.01565834377763239,0.010849004281779814,0.0002585082522980828,-0.1291812462157038,-0.03919685986515063,-0.025231752945875173,0.0028449406929864584,-0.1447410642016959,-0.09227476903286423,0.1442679067363883,0.028274120324513253,0.02737946642602269
2025-10-15 00:00:00+00:00,XNYUSDT,0.45985256027097043,0.5573607594920195,-0.11983598402947439,-0.01726070284998351,-0.05029765433803736,0.007338993225898563,-0.15489936721051512,-0.039312877582552745,-0.04164431575880462,0.02857651463175106,-0.16019893845051117,-0.05163737586344819,0.08854208348682782,-0.01948166958517979,-0.05864891641690282
2025-11-24 00:00:00+00:00,XNYUSDT,0.2379448909299655,0.7219522496164714,-0.1024768562619924,0.007336925919860041,0.008441218790652643,-0.02192282927924169,-0.10775116349713124,0.04251781739026171,0.025691630661264602,-0.031647136887211075,-0.07056548622109757,0.04630558986164217,0.06349742555210328,-0.10537890471279968,0.011142218010735783
2025-12-04 00:00:00+00:00,XNYUSDT,0.2128370317346695,0.7185041126765842,0.03583705735209979,-0.0009787014571256039,-0.0019011431681644057,0.0013116929058394164,0.08343158010646548,0.009426221125173304,-0.025619787127663475,-0.01427315999785438,-0.035489913397208334,-0.004135974075628222,0.0867043631135081,-0.02302540232276776,-0.017885360570921584
2026-02-13 00:00:00+00:00,XNYUSDT,0.21437007874015745,0.46432732714759045,0.0019406887154180229,0.021593015805582563,-0.0058658450379728685,0.023738952668831293,-0.05353906490574771,-0.007501554833893637,-0.04632853229100642,0.013536385425071107,-0.1515118971763262,-0.06509766539043747,0.05115151195510291,0.010191898771591736,0.07394998705162383
2026-03-09 00:00:00+00:00,XNYUSDT,0.2716889428918592,0.4325299405621433,-0.05062129853587247,0.00014106779552925663,-0.016195940596313775,-0.01578423766020398,0.016443762896926513,0.00557254902042266,-0.00816760206450744,-0.02242895957400202,0.008780989300139243,-0.16318397983015914,-0.07780328743786356,-0.013991293672973356,0.028615350710910214
2026-03-26 00:00:00+00:00,XNYUSDT,0.3133541585318236,0.3906731570066096,-0.05835922569530965,0.04975050475543885,0.06921732163011193,-0.028221659134891018,0.014606747607100047,0.04507220862554246,0.025895280831224977,-0.07307576403155103,-0.2809994407770308,0.07660461050893166,0.04848862090249101,0.0031630378002121275,-0.015085169944247278
2026-04-12 00:00:00+00:00,XNYUSDT,0.32842686292548295,0.2316884767643183,0.08936875338609424,0.004958365323372399,-0.035358473757569606,0.03198345388213845,0.23636198723994303,0.07060635498238299,0.024797488172600184,0.06004304096152804,0.09703402759301061,0.04570426102391671,-0.09439394898547726,0.16577441800227397,-0.025403249922214367
2026-05-02 00:00:00+00:00,XNYUSDT,0.42685055865921795,0.2912861082656487,-0.1276692652315993,0.0018861026124363605,0.006321986136550861,0.01972529067460054,-0.1565866356509894,-0.07553907160178622,0.016717262161657358,-0.0051001705752161475,-0.04546642815097328,-0.07956591188525568,-0.017581588904132923,0.052009334686623485,0.01686383244063696
2025-11-24 00:00:00+00:00,XPINUSDT,0.21661409043112512,0.4470201102608439,-0.08499748818181826,-0.012028489331513865,0.12335182403505603,-0.005210666739320011,-0.03262059293253913,-0.01583719670967492,0.10304234122017734,0.0007574336327467693,-0.05012497533821653,-0.03341875942502441,0.13833837150579653,-0.020576747117581975,0.036150487315974277
2025-12-21 00:00:00+00:00,XPINUSDT,0.48512355017650033,0.3847895380264185,-0.19371507179310743,-0.009175734090690673,-0.017045742932456143,0.010817184754048623,-0.36566216483713,0.006403625179085597,0.008155776230824743,0.002056264931242649,-0.2819320472911164,-0.02116167785137132,0.013434977056680267,-0.005633928114927191,0.015387284375339932
2025-11-05 00:00:00+00:00,XPLUSDT,0.23201293451899763,0.5018317157394283,-0.15617604173264815,0.24870164944671322,0.0016331922182176717,0.0027523470926460775,-0.08014303094800201,0.24823388515278108,0.08780854751416874,0.00014792227081590614,-0.15587776180343643,0.2573515184171777,0.0943211262601944,0.125045674870692,0.05921628346363424
2026-06-11 00:00:00+00:00,XPLUSDT,0.23539996728283996,0.7603940278811558,0.10239383163355943,0.026622045850259866,-0.27417024020108743,-0.01096398867156812,0.14993330540342656,0.05300508785596465,-0.44898019707388803,-0.012324576041954985,0.2507516139228365,0.024362142630150557,-0.6016911351948819,0.012514814771441451,0.059233568642971024
2023-03-21 00:00:00+00:00,XRPUSDT,0.25743369943744976,0.772534479723808,-0.06083943886867445,-0.005425732298494438,-0.003155131750160827,0.006751937562211194,-0.04657412983550874,-0.009129845914349437,-0.02605432011348588,0.045358023290993206,0.1762141055731455,0.020157414184772342,-0.008442631539091007,0.03077664604801298,0.06955264670541408
2023-07-13 00:00:00+00:00,XRPUSDT,0.7323135755258126,0.6852495282909763,-0.06154066912976019,-0.006073143992066548,-0.015657645842730782,-0.01280019944298583,0.014552744945800784,-0.004108720118467057,0.02648792578733185,0.01153315459373122,0.0768009085345154,-0.0034944389437112436,0.04926874711341618,0.0761284360984078,0.08509231722272133
2024-11-16 00:00:00+00:00,XRPUSDT,0.25728372926938614,0.6883773332648998,-0.013277637310783436,0.09555691720519659,0.02194174698147665,-0.006911324552110939,0.011162033945092253,0.21433539290718367,0.055702332143221435,-0.02999419639022003,0.14916428773088494,0.2873409839393581,-0.02443131501965546,-0.07127922765695638,0.15634161472087799
2025-03-02 00:00:00+00:00,XRPUSDT,0.3414901387874363,0.7902685401977438,-0.027333359359649756,-0.02642629236083622,0.00915842120389912,0.02459312680460456,0.007079752192136322,-0.004326534294679938,0.0009573222290776451,0.010544444880627979,0.02104335153853923,-0.01505932893661412,0.005073451803646742,0.05422618075590248,0.15226053492551833
2026-02-06 00:00:00+00:00,XRPUSDT,0.2099538562953196,0.9031052742964014,-0.022777130062093535,0.0009379131633836469,-0.0014293094837263653,0.030536910991392757,-0.003249565826155012,-0.00507265625650582,0.10907762511650591,0.038341526174679515,-0.06122895977154927,-0.03443799232489035,0.023459400505027928,0.0147775342026009,0.1008179888263884
2024-11-18 00:00:00+00:00,XTZUSDT,0.481108312342569,0.9353360292294068,-0.04846388379624866,-0.02605864971553499,0.026989774668725163,0.015013663933469864,-0.034969284121625525,-0.018954386462045635,-0.00870210288586699,0.014736118443922702,-0.009793964820370801,0.12415386534504827,-0.1510839643293257,0.04453521352816438,0.10907397166146042
2025-07-19 00:00:00+00:00,XTZUSDT,0.47776183644189407,0.9259794251162388,0.03309777523268593,0.015531291166322786,-0.006418428908596774,0.045257435316272354,-0.08603507188145867,-0.00734808546298954,-0.016290667065915997,-0.020933252977820584,-0.10996188408845467,-0.01063895507077863,0.027325893366869886,-0.009434247596289658,0.03274665040199785
2024-02-25 00:00:00+00:00,XVGUSDT,0.5449748743718592,0.8691075484197484,0.18063407433303577,0.03852839744455754,-0.010580633855619182,0.05916336298851941,-0.06505132290201365,0.06189642182397903,-0.06245590971597509,0.04959750279539078,-0.19964348860869532,0.12958985109482585,-0.03696842577479009,0.10574545782881764,0.021458207847908306
2024-04-01 00:00:00+00:00,XVGUSDT,0.4962593516209477,0.6534643244773758,0.30976631972739405,0.021357901205246575,-0.025951265896214527,0.03153477654094172,-0.109163499440316,0.02407503470367297,-0.03079178760145635,0.13685713243944408,-0.1319733857756985,0.021299698205399682,-0.05347781177959219,0.19361718494664654,-0.011437511160047497
2024-11-15 00:00:00+00:00,XVGUSDT,0.526283554034932,0.8483312854551244,-0.11415562355070877,0.014563915727001686,0.011763983741612544,-0.015599567711133628,-0.05553692888257917,0.015803286457892446,0.0477930734622227,-0.015040103131554827,-0.059943365237110774,-0.009453895235111063,0.03206097047379717,-0.05503517110362812,0.05844287014019143
2024-12-02 00:00:00+00:00,XVGUSDT,0.33011114481921733,0.6427150533512392,0.5885183738342796,0.05372610396448746,-0.042502047647962914,-0.010580694917239092,0.5319571701468674,0.017490091878906128,0.013503776680136989,-0.019013080398026395,0.3211684105589138,0.022268152214819037,0.006873652854199835,-0.042391392497643524,-0.011440000745828672
2024-12-11 00:00:00+00:00,XVGUSDT,0.2024208086531032,0.7087727980547316,0.17259128086977543,-0.025659023198326265,-0.05569818736717282,0.006083963619947461,0.24201972763451726,-0.043429156419937914,-0.08578509572879059,-0.003887996278396954,0.14186090141091912,-0.030613603081749895,-0.04489806280694861,-0.026905462610049224,0.08987843082411143
2024-12-22 00:00:00+00:00,XVGUSDT,0.2680747126436782,0.7077053238362586,-0.05238815022004695,0.014564246165553563,-0.0036723661523578506,0.029895855814599036,0.007533862836719307,0.03127644860959091,0.03337434216430155,0.01765492729382898,0.0790599880681957,0.06646349093502142,-0.04837286369707402,-0.02281081658104627,0.002724873764990243
2025-10-01 00:00:00+00:00,XVGUSDT,0.2630732099758648,0.9406974668608464,0.3089686776649834,-0.0034638157062729783,-0.037685975721713096,-0.005884453231987949,0.2555068318826867,-0.0039508583442525065,0.08640913214768006,0.013869382893924493,0.1872623028748393,-0.02478737710614152,0.021921265871540557,-0.014677312988817252,0.060699954171320195
2025-11-15 00:00:00+00:00,XVGUSDT,0.21538703587161745,0.7177221997429879,0.0648970050482194,-0.00817699512962233,0.001535240535732426,-0.0016675929076414655,0.1574411231671764,-0.02068869898364234,-0.022083708541651655,0.03712967475705924,0.19583309498024143,0.014220284024042745,0.024794480658471015,0.026918772744699743,0.014811313460804821
2023-09-07 00:00:00+00:00,XVSUSDT,0.47747504720798495,0.7031925143752537,-0.27998155656436086,-0.002711471033849176,-0.008817888580935771,-0.0032741347180423623,-0.27999184596723575,0.018322834774512152,-0.00884666945987605,-0.002791105415369683,-0.27369332580609185,0.004301054532668514,-0.04648557718230063,0.014915898230863856,0.01753602002343951
2023-11-05 00:00:00+00:00,XVSUSDT,0.3099754127151386,0.5111903924378302,0.06879881959613815,0.015694845602971567,-0.01455882884439581,0.0025582366108709755,-0.11284378607844217,0.010337463736039911,0.004861037635326526,-0.013686890293049281,-0.31663475904069893,-0.037788302629135864,0.079395346274491,0.0027110335917367445,0.01915192366335253
2025-02-12 00:00:00+00:00,XVSUSDT,0.31623119556611234,0.7837938809099098,0.008127036688578046,-0.0017092704842917139,0.02005540145654419,0.007085616711688973,0.029905906291622236,-0.009587549699745637,0.08035275649022391,0.0016708342374207625,0.12188557861520072,0.020894573369686763,0.13843309111505128,0.0354026889817467,0.07927409354891388
2025-10-26 00:00:00+00:00,YALAUSDT,0.29682365826944146,0.6492317894134423,-0.07928841624935237,-0.018237616795704504,-0.02164195370348717,-0.009353041584948157,0.03175575339579301,-0.019295026606307088,-0.01752376586853551,-0.046311075902110276,-0.27088218281657317,-0.022355698879836083,0.02169754693603814,-0.05596807975878838,0.07083825093688026
2025-11-24 00:00:00+00:00,YALAUSDT,0.26814988290398123,0.5963191957873437,-0.09716337329413798,0.0062766347707319745,0.008541135293916927,-0.0101392041961897,0.13615046066631314,0.053671882732605106,0.08270433816969573,0.044451309350723,-0.20751454649113876,0.03332901897752617,0.148297646628208,-0.02904646001050239,0.058710748791255284
2026-02-08 00:00:00+00:00,YALAUSDT,0.20989505247376328,0.7700582417311816,0.24012531141439036,-0.012985831772979716,0.02408310783873044,-0.002373883090473424,0.5871798865469837,-0.032156026708466214,-0.026957344023296036,0.05415595494370547,0.5432745791834963,0.010353079644456573,-0.08781765291008138,0.021086216235618384,-0.031521623857134085
2023-11-16 00:00:00+00:00,YFIUSDT,0.2022090059473236,0.6608230995305807,0.020284112200093206,-0.023025777346663397,0.021043202707125848,0.0095297535591666,-0.4679612563946052,-0.026382617705260118,-0.0019271171957129171,0.03890715945008554,-0.49222995186277824,-0.07133482260368426,-0.0035381662560445464,0.07718125780646505,-0.0157386596309536
2024-11-10 00:00:00+00:00,YFIUSDT,0.2911275415896488,0.8857096107454687,-0.08945238937886996,-0.01636509694270369,-0.02402341635394231,0.03648910119888126,-0.07663455147628809,-0.0211455930119848,0.024185479006582272,0.013161569644957339,-0.13748041515914444,-0.0024538507248574107,-0.01833256787707515,0.004885049269495611,0.04655936524223618
2023-12-16 00:00:00+00:00,YGGUSDT,0.24856439704675948,0.6843891507426723,-0.07838179398177074,-0.013186255000612889,-0.0013820261707926634,-0.0076229129743277165,-0.14020356318638247,-0.024883102186417268,-0.02368500880147919,-0.01272438310964411,-0.14531293234002218,-0.03771936220354026,0.03419114495971108,-0.03542206827938703,0.027953158653015286
2024-03-09 00:00:00+00:00,YGGUSDT,0.39190821256038655,0.7814870248096656,0.14034892933295026,0.007076030097850959,-0.0250809152776979,-0.030811902224115884,0.033536073554390256,-0.017931354156213813,-0.06510295075423686,-0.003954603351066538,-0.057916974181312864,-0.06664811963340603,-0.09957855881943713,-0.03116729230755359,0.08148428340452889
2024-03-25 00:00:00+00:00,YGGUSDT,0.3663660477453581,0.7718815564480066,-0.03081317033233808,0.015958053453159978,0.01785109616881631,0.012962658022956333,-0.0966047402536444,0.023771833585923337,-0.018808249852365917,0.012285235636700798,0.16962897045678635,-0.012701380962544579,-0.036986038195899476,-0.05757625229746501,0.048778344577938795
2024-08-23 00:00:00+00:00,YGGUSDT,0.20596341768980198,0.9020338580398588,0.0042084138088490574,0.00909920567960888,0.001090862010286285,0.0004885361271358219,-0.038746795271456365,0.0023768178405799987,0.04173084759571964,-0.0035158419476049767,-0.04864685477967845,-0.006958930492196836,0.09514150555728804,-0.005423051600728889,0.07172621920383009
2025-03-02 00:00:00+00:00,YGGUSDT,0.28596881959910925,0.9470291794167339,-0.039063048409833434,-5.976335989494874e-05,0.09171138069527529,-0.010179395852704803,-0.085374838782515,-0.01254362554922855,0.03623721806173181,-0.013000326128390954,-0.13055886539081715,0.0011344006700328812,0.09391214982396619,-0.036072799587267175,0.10023517699253323
2026-04-14 00:00:00+00:00,ZAMAUSDT,0.23418209876543217,0.3818376198331129,0.0175108212510474,-0.010562171424655702,-0.012593706644369535,-0.049859522944348575,-0.15726279201296922,-0.010452787623449148,-0.00491060433921296,0.0070857686324378765,-0.15364266427240686,-0.005011899122940191,0.005084800005487669,0.08736067991003744,-0.018897539148533538
2025-12-24 00:00:00+00:00,ZBTUSDT,0.33154362416107386,0.7950385167455619,0.48954144262778065,0.047725616088343005,-0.0509784568862624,-0.018461351729994597,0.07297373653411277,-0.02172158623883557,0.015293584543303592,-0.029180613628022357,0.37106579827704944,-0.0071418223894574116,-0.08767306898378469,-0.03836806362174121,0.03686149253498021
2026-04-24 00:00:00+00:00,ZBTUSDT,0.24595212953185497,0.405442914536468,0.13957112702917834,0.0028235997870782264,-0.021240241674035296,-0.0013729367093354122,0.2004138657837029,0.018106572838342428,0.004130221572968618,0.01536154631689982,0.18656737392467548,-0.009554155881314613,0.19566395751309512,0.07839222769017282,0.004109368377386335
2026-07-01 00:00:00+00:00,ZBTUSDT,0.24628467635402895,0.3208847492605816,-0.07899034007579667,0.0036965604774742977,-0.22211397084207193,0.018311757753864257,-0.17571572203824287,0.0025346338136013765,-0.09714376935051672,0.022856284586603742,-0.189732104580775,0.025863760686504693,-0.14594646021818675,0.0842806741016598,0.028778808206268595
2026-08-06 00:00:00+00:00,ZBTUSDT,0.4781375561333021,0.3293375116104985,-0.55344966936225,0.010262799271528978,0.01188992279914561,0.007859592240819974,-0.6645496694388937,0.026520940541757722,0.037182139382364,0.1062176843604048,-0.7663400429999472,0.012672491505994896,0.06766145596521142,-0.0028138748211862935,-0.010157412979229629
2024-12-02 00:00:00+00:00,ZECUSDT,0.24181485790260915,0.6305587983280823,-0.11897017276818961,0.01393857804309582,-0.052270179276465066,0.04472197216921371,-0.17189827594218543,0.02723756655656261,-0.005486544691765731,0.029162178810290512,-0.21103490685537454,-0.028080930023072416,0.09228571698634865,-0.006706988402032682,0.04989626294332176
2025-10-01 00:00:00+00:00,ZECUSDT,0.6293498786080387,0.6371427974509957,0.10898771250995977,0.008764590642743205,-0.025998124314274722,0.041125321238911064,0.30664739495091103,0.01625519378311478,0.07847373513933827,0.013890929771453392,0.35076714843423074,0.04230066233559096,0.03311786246597527,0.06681053830433392,0.1103837041320355
2025-11-07 00:00:00+00:00,ZECUSDT,0.2064052947445174,0.4499050157276122,-0.0783745563326744,-0.09826096045570885,-0.0758064108917802,-0.008600463139541149,-0.1926358773669682,-0.1339947531710202,-0.1344818056175188,0.013721464677231166,0.15511889033685003,-0.05416238163448263,-0.29926087828342895,-0.03311419857045987,0.03850334957626948
2026-02-14 00:00:00+00:00,ZECUSDT,0.21089479595657057,0.6889432676618708,-0.04724107860716466,0.010698028124737765,0.04403919507302469,-0.007004168649990825,-0.040117516076197846,0.002043003200044588,0.0327927600253115,-0.029806031842758103,-0.1488489248089689,0.025182540421539484,-0.03620503167984196,-0.01636378562356153,0.03598494674280497
2026-03-16 00:00:00+00:00,ZECUSDT,0.20579394467436285,0.8018510781427253,0.011296091606613342,-0.016307485910633773,-0.027338711842830616,-0.021896077357027567,-0.0864593918536107,-0.039244300391674605,-0.023032625680930344,0.018840791273032165,-0.09286442057456269,-0.04490679367454513,-0.025842679920439805,-0.0021994283005853407,0.06968629789743339
2026-04-07 00:00:00+00:00,ZECUSDT,0.27394262523375645,0.7807129188191402,0.035929544797884974,-0.024876157897262732,-0.004425132862242645,0.011906424148772105,0.16212575846289068,0.09005233723548894,-0.06426636824046467,0.024773279931714017,0.09166983039816676,-0.003967613210642584,0.03077545456719912,0.029009565011695437,0.10641558550497829
2026-05-05 00:00:00+00:00,ZECUSDT,0.2230927639832414,0.6710008637018338,0.05504192490122834,-0.003646993655238612,-0.014906748826799201,-0.008097222802502954,0.09244037190343252,-0.01257668364883761,-0.03693329426581067,-0.1229006133123173,0.060473502156482464,0.008622899379543981,-0.0515571585004355,-0.04950800229770109,0.037029662216246
2026-06-07 00:00:00+00:00,ZECUSDT,0.2156196474943366,0.60309411937926,0.06441920663017717,0.015199024213660501,0.10613257914256369,0.015357133730101554,-0.004015038822699726,-0.02947548511362666,0.4936676547482032,-0.026867730959237945,0.07495002976287105,0.05250292378687553,0.15525398353550288,-0.6081266543028367,0.06816822181656237
2026-08-21 00:00:00+00:00,ZECUSDT,0.29139701744513236,0.6602828772482374,0.13313270090150664,0.04583256186252621,-0.030930971339565023,0.01947142935833047,0.17280290610636867,0.052285723013691096,-0.3624642860464353,0.004811819122034938,0.14431705307189419,0.023948254872898235,-0.43132690942958263,0.01962629129673026,0.09618872920344079
2023-06-30 00:00:00+00:00,ZENUSDT,0.25988700564971756,0.9244864291762115,-0.10853905620170315,-0.00020410504752568296,-0.01335624973678239,-0.0025364669024517585,-0.01593734622906215,0.012358082105575235,5.649978192866709e-05,0.0013343785983058077,-0.06197393347825832,0.000820065496468389,0.025949839229264193,-0.015083236193400329,0.06334038512359123
2024-02-17 00:00:00+00:00,ZENUSDT,0.44680851063829796,0.6988022768059736,-0.11945436548215141,-0.00967727866221653,-0.004842683078946181,-0.018888202985727666,-0.22353446372772046,-0.01656442995442874,-0.037574993309216875,-0.038130599611574514,-0.24988006944461433,-0.0031328329269260935,-0.07313126517138807,0.05315659107162825,0.027241863034244706
2024-07-05 00:00:00+00:00,ZENUSDT,0.20698317005777445,0.7410912012863351,-0.05344595522227822,-0.02277648029298846,0.04139550752310865,0.001720761449175913,-0.05513140688378631,-0.020060003416333443,0.055087578136210125,0.006595727171774514,-0.0954263134397281,-0.026932762289628792,0.07628455938173209,0.030438573394840678,-0.00933377089113776
2024-07-13 00:00:00+00:00,ZENUSDT,0.23553581343697938,0.6151429516977243,-0.007254951884641592,-0.0013901999637829995,0.012749157849408405,-0.00590221148131849,-0.036247781790167674,-0.05243019369639991,0.05826682845273393,0.010517910287974601,0.007188460947521895,-0.08735767765483735,0.052242245566351195,0.005663724227554843,0.019638120916483304
2024-11-23 00:00:00+00:00,ZENUSDT,0.208022922636103,0.8371410496643483,-0.015365460323121133,-0.008682604436492982,-0.02190066156759847,-0.013117923856671192,0.08699524623847892,-0.038972623761543514,-0.024734985014152788,0.008630290369166904,0.22615889942653603,-0.0018761902803108425,-0.10741804722759538,0.03883222704066509,0.09569217019982698
2024-12-20 00:00:00+00:00,ZENUSDT,0.6504424778761062,0.7068069780093136,0.1390601620945206,0.00433845232191063,0.0006418298493082314,0.0715628470741593,0.3358508374238909,0.012147341345255028,-0.026707563485124042,0.09117378208311144,0.2025983051192172,0.012099492604330466,-0.033108668998326526,0.11572359184471917,0.053198528070919106
2025-01-15 00:00:00+00:00,ZENUSDT,0.3119815097610301,0.6040657867301694,0.014851399269760531,0.002467928451037614,-0.012215188968918222,0.007777099463786097,-0.21120432300018968,-0.011276030065938936,-0.024637303502448842,-0.011114166985955583,-0.19165040459242794,0.0004169603863783469,-0.011214516155254673,-0.017505628993879467,0.06044436421566696
2025-10-01 00:00:00+00:00,ZENUSDT,0.2071151358344112,0.854828875515184,0.023278661642535482,-0.03268061469391978,-0.035118006961477925,0.0015527513289690723,0.03350735377727833,-0.02780558272325547,0.012738563633068845,-0.0054138907381271004,0.22995098180638668,-0.01757233149876996,0.010139587453550675,-0.013460031557194793,0.06702276854806775
2025-10-31 00:00:00+00:00,ZENUSDT,0.24871266735324427,0.6465317158155746,0.21630801852183265,0.04181005426361062,-0.05517760343013822,-0.008571819991915457,0.3550230156848341,0.17712386200950017,-0.04356692798257602,-0.032458276847189785,0.2193286532785583,0.12131500004930426,-0.07273641210406984,-0.04557922036206553,0.07617937693886781
2025-11-17 00:00:00+00:00,ZENUSDT,0.22606465651227836,0.586949788499859,0.049300807264289453,-0.039853707133184535,-0.04394269919426909,0.0014144912874403364,-0.0566780012577672,-0.05102744135257971,-0.10641169947460005,0.1405226343633771,-0.1662681671544648,-0.1251869167634973,-0.13888729983290835,0.10134031919313882,0.01860553745985487
2025-02-22 00:00:00+00:00,ZEREBROUSDT,0.2954545454545454,0.7364550328971989,-0.14672160802941459,-0.048665628018861276,0.019172756335987955,0.02348533301826175,0.061517404577964035,0.028956007759485602,-0.14650093140050371,0.03751093008525366,0.14379108755006131,0.15790425519865953,-0.17710277561325585,0.028778805128533202,0.1346174214553848
2025-04-22 00:00:00+00:00,ZEREBROUSDT,1.0953346855983774,0.7244150363715619,0.2355640326059353,-0.004064475742930104,-0.03928592381476566,7.159047575970579e-05,-0.25394240180054795,0.0431722688162134,-0.11439452219599491,-0.0041628110783324315,-0.35366029897024753,0.15905591158948645,-0.11025648406971038,0.016454211902851144,0.2504284190152867
2025-05-08 00:00:00+00:00,ZEREBROUSDT,0.29716331589093925,0.6050080349989428,-0.11145802455453668,0.03883890314017517,-0.0555936096129417,-0.012968336084564663,0.0177933709044783,0.055396627577967525,-0.09563338873534517,-0.0018877526406783627,-0.02300028285168816,0.06960849827070414,-0.14394083200591715,-0.026293062026166464,0.1772309212932226
2025-06-01 00:00:00+00:00,ZEREBROUSDT,0.20952380952380945,0.6424458266510508,-0.11969107997944099,-0.018133791645019135,-0.014175548533487884,-0.005910096419824177,-0.15560826077218015,-0.06149626310679786,-0.04644690667168529,-0.02045388214479474,-0.11840399059334253,-0.017307486035883515,-0.11125665110524804,-0.016865700389663108,0.03562228279980904
2025-07-09 00:00:00+00:00,ZEREBROUSDT,0.2972871137905049,0.7168869896138869,-0.23519486360724917,0.060006712122821756,-0.04025402678966579,0.3021031097999574,-0.2798022836708056,-0.021322941107249575,-0.0035728035815083105,0.23630387117034188,-0.2831473511055659,-0.005052728707932658,0.02190314638684241,0.22416167236652962,0.0722552943347953
2025-10-11 00:00:00+00:00,ZEREBROUSDT,2.64424778761062,0.8596156102022816,-0.25810469637799216,-0.01032416710955833,-0.0978580280375749,-0.01701642620341221,-0.11639837465424308,-0.05849765652115193,-0.1429823878356105,-0.013468503972973698,-0.15246649709620386,0.012222493683842706,-0.16908441399745855,-0.039060050606397154,0.05908298049025289
2025-10-31 00:00:00+00:00,ZEREBROUSDT,0.2523211359912616,0.6560226039142513,-0.12285602668897497,-0.0030978002530957878,-0.027307390326607662,-0.01040100033275119,0.11784852802118749,-0.005974323196965744,-0.03892660645355006,-0.024683434553082636,0.01164577971127631,-0.06132515311527812,-0.12457128922017932,-0.09075901869435157,0.007156395580691366
2025-12-01 00:00:00+00:00,ZEREBROUSDT,0.21132985134592208,0.5773560618383227,-0.004281114271963753,-0.009314930688178125,-0.03590049308168601,0.006527180311361455,0.10912369395068738,-0.05735197497908765,0.10533334322641619,0.02318640628611689,-0.013352697127517847,-0.03674971016061211,0.0655360264859931,0.02467102790118542,-0.08075961269160385
2026-04-29 00:00:00+00:00,ZEREBROUSDT,0.3858944370995627,0.5727454358467854,-0.04173075120016816,0.01926182901036131,0.09272032602369719,0.00277326572488101,-0.12758886787420534,0.017355785629174593,0.03524990060123728,0.0006005922827591242,0.3804696069781878,0.02071076598469445,-0.01827192952100311,0.002420078704158962,-0.04418932545972143
2026-06-17 00:00:00+00:00,ZEREBROUSDT,0.3000352827026551,0.33265007189500156,0.39040656777096017,0.0038010295654769765,-0.06735465445255986,0.02014323907879962,0.42183257990872464,-0.03598190078643588,-0.1017415714892799,0.027110779759765703,0.29272601392113706,-0.07833813860198516,-0.08774189685138109,0.050241363697960284,0.023689395359748268
2026-07-19 00:00:00+00:00,ZEREBROUSDT,0.2997460279959836,0.3367634512776581,-0.25962525524634655,-0.03784482770553567,-0.010853904467424293,-0.03119501804198327,-0.23642600652123344,-0.07020709808840876,0.030990870695300366,-0.04921479225054122,-0.2546351061934598,-0.11242632533786878,0.11911701720897423,-0.03112885044332178,-0.007986650668193063
2024-05-03 00:00:00+00:00,ZETAUSDT,0.2058441061730285,0.8208154738592089,0.03315263358163034,-0.006505307581934451,0.018416930666671827,0.011418390165997628,0.03813045943645181,-0.01656333823570716,0.003455456533994731,0.0001111231925601544,0.07302824904622915,-0.056483475870052036,0.017094306108310076,0.01404742298824684,0.03776782061840169
2024-08-08 00:00:00+00:00,ZETAUSDT,0.23028470647518273,0.885305701027549,0.05948900801363847,0.0023182615666075884,-0.006203950453766194,-0.004109926863931657,0.3289615800773644,0.014648073887763857,-0.01058895484919019,-0.0074156853566643335,0.2010860584950729,-0.006467721750038016,0.0019394245965428866,0.001417823955880558,0.12305358174421772
2024-09-18 00:00:00+00:00,ZETAUSDT,0.35700649102710935,0.7659520715140704,-0.08023828748456552,-0.009978521744586074,0.027193282858745938,0.08619010521738349,-0.1842970741203577,-0.020542782174877157,-0.09766944104993391,0.061724712285886406,-0.1850424471823759,-0.015057762141823134,-0.12883076210557678,0.07848203354772862,0.04253918338513387
2025-03-22 00:00:00+00:00,ZETAUSDT,0.6581000458926112,0.9389534085255109,-0.2047513280978744,0.003932819258909569,-0.052664419246728454,0.010819258809694657,-0.22768049723036954,0.01345229869848849,-0.07203025736689435,0.043476507955958296,-0.10452053943956269,-0.022716660491170337,-0.025051045521925268,0.03200431057559361,0.03485764306744166
2024-03-06 00:00:00+00:00,ZILUSDT,0.21802518223989398,0.8809122807062728,-0.06045023080668496,-0.0036674962627507635,-0.014808044879874593,0.025011115682281048,-0.102673917973993,-0.0023403796775951944,-0.012449164832848972,0.011346356211840958,-0.03565375433804689,0.010562105481025808,-0.10138204554318746,-0.028910497139735113,0.0843231989572196
2026-02-02 00:00:00+00:00,ZILUSDT,0.308457711442786,0.8265210741163245,0.04342393252002291,0.006634923037767804,0.047191398273775206,-0.0030671191069057283,-0.004316061099189944,-0.005725136911839714,0.13506559593165762,-0.001663285536638809,-0.04793768125008489,-0.02592562103446348,0.09874736288480294,-0.015923374579483528,0.032676127875637874
2026-01-25 00:00:00+00:00,ZKCUSDT,0.30228471001757473,0.7412334469331038,-0.010074627834408007,-0.041229224463311634,0.011050085990230196,-0.002712762202982038,-0.09307028583295117,-0.06434986791544506,-0.004240937689898009,-0.0029984081042902775,-0.16092276723066848,-0.08626361664750926,0.1283547923232899,-0.03402744215424406,-0.006214368502573686
2025-08-10 00:00:00+00:00,ZKJUSDT,0.6274620146314014,0.37279353157967393,-0.002033704518570288,-0.04857249416190296,0.006704437804551015,-0.023897449883246945,-0.18601442632986376,-0.09543795188627774,-0.01758819895999466,-0.05436729084744678,-0.2792922394530914,-0.09709989859148557,-0.04410204911102278,-0.0980090991769825,0.019260162082591938
2025-09-14 00:00:00+00:00,ZKJUSDT,0.24193548387096775,0.7315848687191568,-0.16834103590437738,-0.02682754890234214,0.025803607140430895,-0.08150151430760554,-0.2320471616006902,0.009090163928168546,0.04251559555337588,-0.13741730862869886,-0.28135796617679315,-0.057579115887395636,0.023785045266162905,-0.15145492674167976,-0.07086985408546445
2026-02-09 00:00:00+00:00,ZKPUSDT,0.48147673375208333,0.5448207605634977,-0.10870264247744996,-0.00842188739332279,0.10584031127579278,-0.031072710278344212,-0.1688618857431637,0.0005098225961192831,-0.047860601273804926,-0.05223860088464634,-0.21431614562815599,-0.07384137695610513,-0.17237447112136492,0.04325329953630962,0.03162324801780599
2026-04-28 00:00:00+00:00,ZKPUSDT,0.2152946906965416,0.59775488786543,-0.0687211707656362,0.0017894525071358621,-0.018232013124360978,0.005854984511857016,-0.12090374070987911,-0.02500927713120694,-0.07754236044767404,0.007854594191776596,-0.166096650424861,-0.03920745687536121,-0.06456849526926409,-0.028360344579708728,-0.010400275776935808
2025-05-08 00:00:00+00:00,ZKUSDT,0.23786313121466174,0.8663786113512039,-0.0060412765247278705,0.01646802126978537,0.0029772113824015982,0.002582647165783186,0.04023614725364047,0.0338132227956668,-0.09653668570911327,0.011820592050029034,0.031908642379612474,0.14873394423875244,-0.17915531856160472,-0.019447709376009998,0.170692534083918
2025-11-01 00:00:00+00:00,ZKUSDT,0.7938322938322937,0.9333727000906903,0.2019223401269013,0.0032880281613169903,0.021641298478281588,-0.003667208208740085,0.5024370292400664,-0.0197727287285501,0.09709562461803053,-0.012362800078553051,0.1749493572166981,-0.035286028832799674,-0.013618604684664642,-0.015059668770049925,0.04378009053585776
2026-02-01 00:00:00+00:00,ZKUSDT,0.2578018995929443,0.863359137224841,-0.09447959043874543,0.009104167825376142,-0.04195742303431416,0.009332050678309807,-0.13674724973613306,-0.006178053988755403,0.0877550461628223,0.0634282733921507,-0.1308864714699215,-0.04062205574481641,0.06273673707166898,0.07144668764627628,-0.04760750829720488
2025-10-09 00:00:00+00:00,ZORAUSDT,0.46654804270462624,0.5567715566520799,0.42080052519570293,0.13053164988900692,0.19761170912628095,-0.021442012267920287,0.22484866174299328,0.09729070849329208,0.08633942827568798,0.046115275331801486,0.30480927415064474,0.04237252606848867,0.4642037657821346,0.052694296354121525,-0.04324282900406024
2024-08-08 00:00:00+00:00,ZROUSDT,0.2103852596314908,0.595295666774194,-0.020158775405517936,0.0014264403206296142,0.0035400389411872914,-0.006285065671343659,-0.05998638661538253,0.0394710046251371,0.0006206241780569915,-0.019808434449006936,-0.010760786265874407,0.046693987512647826,-0.00831417916101039,-0.021411417873790792,0.13377691355287574
2024-12-01 00:00:00+00:00,ZROUSDT,0.2778858625162126,0.8847473327744678,-0.0367370095259121,0.0045524998390220435,-0.013581003814321318,-0.017764702774939814,-0.1093729204617643,-0.018216843328788725,0.0615726074938711,-0.05299920949781729,-0.09707912419992282,-0.029826025286080037,0.10607550647058686,-0.0633967186312745,-0.008318305165478424
2025-03-15 00:00:00+00:00,ZROUSDT,0.27851533811649065,0.9247979778571261,0.11454790776281278,-0.002692875956675447,-0.02761820513586839,-0.008704096280886189,0.0752295694891526,-0.009102547857562737,-0.13767970590085304,-0.0005737449178526289,0.3525646655245117,0.009830721128040242,-0.1388686175129234,-0.030106739408744677,0.04106825192943875
2023-03-31 00:00:00+00:00,ZRXUSDT,0.27835497835497836,0.8848875383944659,-0.06669990053406608,0.050191006447739384,-0.01310655609700973,0.0063694237369156595,-0.1532884829549802,0.06920554757171662,-0.0037461819039425375,0.0045274724369626235,-0.15718259631425202,0.09708037193109417,0.08947535756104427,-0.010568458878262615,0.025038984463494823
2023-11-11 00:00:00+00:00,ZRXUSDT,0.603956959389101,0.5865706686730123,-0.03628356367938723,0.004225562276468878,-0.02965530284343095,-0.025884636217635777,0.016146546463547018,-0.004147627987331379,0.03590417012866408,-0.02046861425549828,-0.17043547223351752,0.01376912302797929,0.056693713832963996,-0.003500801930187744,0.02416821575295831
2024-03-06 00:00:00+00:00,ZRXUSDT,0.30714285714285694,0.7159114375676625,-0.033735918412454,0.010803533479707732,-0.032015352222767746,-0.01867329863027572,0.03441228329743893,-0.02347713377709145,0.004950376204522508,0.09975026119479802,0.5853183449700949,-0.01656319738818649,-0.10062208546052379,-0.025374080750175877,0.08193497986358793
2024-11-18 00:00:00+00:00,ZRXUSDT,0.28905188807389304,0.9191160275089449,-0.028652512993310654,-0.048149387343290564,0.025840834829855025,0.013118850584293332,-0.039876369353245074,-0.035666166819747325,0.006323563730799793,-0.011445593543510291,-0.05617778624646789,-0.007443630163715603,-0.1076595850919767,-0.04529229987974336,0.13522738999281753
2024-11-26 00:00:00+00:00,ZRXUSDT,0.2508375209380236,0.8983611312869204,-0.07207140397293926,-0.02768959071228263,-0.052701939327417666,0.06454287859924844,-0.09216972574777521,0.0461605161446299,-0.057330489004941386,0.042578489483993405,-0.1063561331354167,0.15737417421030178,-0.16233477652443182,0.056565960214406796,0.020985449196501534
2026-01-10 00:00:00+00:00,币安人生USDT,0.24030729465824252,0.518430607463014,-0.09696854680805266,-0.025805492403836387,0.040248683958901424,0.012797121419258567,0.17958686442688032,0.002512803850366416,-0.008258656814750454,0.01445530490120277,0.2912664740436856,-0.028867643711685764,-0.07854379927843713,0.025194539212581257,0.0386886463475272
2026-04-10 00:00:00+00:00,币安人生USDT,0.48647962422241964,0.42212324964660963,0.2195448220619606,-0.014534391444384637,-0.08491922116854685,0.016208422253648835,0.5836868270192236,-0.006651759165089148,0.002559584113608307,0.015058081915267247,1.1983160784484286,0.03682755092715438,-0.02688138945868196,-0.0727450105452854,0.04653814304792396
2026-05-30 00:00:00+00:00,币安人生USDT,0.24777549623545525,0.5130729354471499,0.17374379758914482,-0.02240748094550595,-0.01988935104752648,-0.027952347029172337,0.2842607275915474,0.06538193710541854,-0.014869478682404836,-0.000186372454778877,0.6084499645685045,0.2531499077439718,-0.062464879782291094,0.17167088542477144,0.07109586161104593
2026-05-30 00:00:00+00:00,我踏马来了USDT,0.21694611544861142,0.5674395347941872,-0.028743643505822536,0.01663881499356602,-0.00197427546924307,-0.003489044068753584,-0.10789406375542018,0.06825801480742213,0.009682648303957894,-0.021670196681712616,0.13537224584617902,0.24769731107486354,0.06465627685127465,0.021594499923368586,0.06165456384684005
2026-06-03 00:00:00+00:00,龙虾USDT,0.2308446561143016,0.5682566246945763,0.30076687095337806,0.06072299229777102,-0.012642788703920674,0.027774701390523626,0.32030183158479564,0.15010489746944886,0.03859601339558323,0.12791147893695423,0.37082079028435655,0.09822446541466094,0.11604317535195907,0.07882420371916644,-0.005312821450533767
2026-06-16 00:00:00+00:00,龙虾USDT,0.48572123965601155,0.42339450154101826,-0.5901328746047696,-0.037123331138074644,-0.004852136167029633,-0.0067643389975607674,-0.5935523846101086,-0.11218642093663526,0.007373915831414296,-0.02219115422365661,-0.37969005724327115,-0.08138118336311737,0.03945277871881675,-0.005652721014553318,0.07792067148571213
2026-06-29 00:00:00+00:00,龙虾USDT,0.3582921442843623,0.40061893336407034,-0.03037965996901206,-0.006554773833196021,-0.11066717606618173,0.04410002071854103,0.026799256155652297,0.013205971636917238,-0.28559690319024933,0.008385553152486971,0.05577252424846825,-0.013962702312844449,-0.2830726594251554,-0.11248070239610712,0.02071924992695906
2026-08-05 00:00:00+00:00,龙虾USDT,0.35260723296888163,0.384502256725365,-0.21576011299731473,0.033259629161229154,0.08227981527920472,0.08841551494713104,-0.06878609824807572,-0.008467874516027702,0.1848636446562987,-0.041988237112974794,-0.14025463637659616,-0.023201148563055985,0.06470346646600923,-0.08791296012522316,0.008923752722329325
2026-08-25 00:00:00+00:00,龙虾USDT,0.7437745006533507,0.4348227991449483,-0.3477807150974394,-0.011227074127544867,-0.009366984207669796,0.03545142743489758,0.39762600213601856,0.053371190181418615,0.03911299911387292,0.01679193441072215,,,,,0.00575953997966403
