id,ts,url,cluster_first,id_minus_created_ms,kw_tariff,kw_china,kw_crypto,kw_fed,kw_market,txt
111682184702292072,2024-01-01 18:48:18.483000+00:00,https://truthsocial.com/@realDonaldTrump/111682184702292072,True,-72.0,False,True,False,False,False,"Page 3: REMEMBER, if I don’t have Presidential Immunity, then Crooked Joe Biden doesn’t have it either, and he would certainly be Prosecuted for his many ACTUAL CRIMES, including illegally receiving massive amounts of money from foreign countries, including China, Ukraine, and Ru"
111690308928034620,2024-01-03 05:14:24.296000+00:00,https://truthsocial.com/@realDonaldTrump/111690308928034620,True,-38.0,False,True,False,False,False,@RealBenCarson: “This is the kind of thing you’d see in China or Russia…or a banana republic. I think the American people see that—and that’s why you see Trump’s numbers going up.”
111694019787411726,2024-01-03 20:58:07.517000+00:00,https://truthsocial.com/@realDonaldTrump/111694019787411726,True,-39.0,False,True,False,False,False,"Fred Fleitz: “Given a growing perception that Biden may be a one-term president who will be succeeded in January 2025 by a new president who will take aggressive action to close the border, the United States will likely see the largest surge of illegal immigration in history in 2"
111710717427961924,2024-01-06 19:44:33.250000+00:00,https://truthsocial.com/@realDonaldTrump/111710717427961924,True,3.0,False,True,False,False,False,"The stakes of this election could not be higher. Under Crooked Joe Biden, our borders have been erased. Millions of illegal aliens are invading from all over the world. Our Middle Class is being crushed by Biden’s crippling inflation. Violent criminals are running wild in Democra"
111782628513371682,2024-01-19 12:32:29.396000+00:00,https://truthsocial.com/@realDonaldTrump/111782628513371682,True,-59.0,False,True,False,False,False,"Governor Chris Sununu, the now failing Governor of New Hampshire, where I am beating his endorsed candidate, Nimbra, by big numbers, and DeSanctimonious by even bigger numbers,  should spend more time keeping Democrats from voting in the Republican Primary - How ridiculous is tha"
111802380496606303,2024-01-23 00:15:40.682000+00:00,https://truthsocial.com/@realDonaldTrump/111802380496606303,True,1.0,False,True,False,False,False,"Otto Warmbier was taken on January 2, 2016 under then-President Obama. He should have been brought back, but Obama and Crooked Joe Biden, who was too focused on stealing money from China and Ukraine, did nothing. By the time I got Otto back, as well as three other Hostages, he wa"
111836879573790815,2024-01-29 02:29:14.822000+00:00,https://truthsocial.com/@realDonaldTrump/111836879573790815,True,2.0,True,True,False,False,False,"I had the great privilege of watching Shawn Fain, the President of the United Auto Workers, this morning on DeFace the Nation. He is a real “STIFF” who is selling the Automobile Industry right into the big, powerful, hands of China. 55% of the industry has already left the U.S., "
111840568643216314,2024-01-29 18:07:25.554000+00:00,https://truthsocial.com/@realDonaldTrump/111840568643216314,True,2.0,False,False,False,False,True,"THIS IS THE TRUMP STOCK MARKET BECAUSE MY POLLS AGAINST BIDEN ARE SO GOOD THAT INVESTORS ARE PROJECTING THAT I WILL WIN, AND THAT WILL DRIVE THE MARKET UP — EVERYTHING ELSE IS TERRIBLE (WATCH THE MIDDLE EAST!), AND RECORD SETTING INFLATION HAS ALREADY TAKEN ITS TOLL. MAKE AMERICA"
111840887547974039,2024-01-29 19:28:31.651000+00:00,https://truthsocial.com/@realDonaldTrump/111840887547974039,True,6.0,False,True,False,False,False,"Shawn Fain is a Weapon of Mass Destruction on Auto Workers and the Automobile Manufacturing Industry in the United States! Is he under contract to China, because they will be getting almost all of our “Car making” Business within a very short period of time. All Autoworkers shoul"
111867729211471781,2024-02-03 13:14:42.973000+00:00,https://truthsocial.com/@realDonaldTrump/111867729211471781,True,-35.0,False,False,False,False,True,"“Joe Biden Sees Shadow, Attempts To Shake Its Hand” https://babylonbee.com/news/joe-biden-sees-shadow-attempts-to-shake-its-hand"
111958236183359168,2024-02-19 12:51:49.800000+00:00,https://truthsocial.com/@realDonaldTrump/111958236183359168,True,-69.0,False,True,False,False,False,"MY FINANCIAL STATEMENTS WERE UNDERSTATED, NOT OVERSTATED! THAT IS WHY THE CROOKED, HAND PICKED JUDGE, SAID THAT MAR-a-LAGO, IN PALM BEACH, FLORIDA, WAS ONLY WORTH $18,000,000, WHEN IT IS WORTH 50 TO 100 TIMES THAT AMOUNT. OTHER PROPERTIES ALSO! THEY DIDN’T EVEN INCLUDE “BRAND VAL"
112057800515022901,2024-03-08 02:52:20.860000+00:00,https://truthsocial.com/@realDonaldTrump/112057800515022901,True,6.0,False,True,False,False,False,"Shawn Fain sold out the Auto Workers, ALL Electric Cars will be built in China within three years. THEY SHOULD THROW HIM OUT, MICHIGAN IS ASHAMED OF WHAT HE HAS DONE!"
112057801578283356,2024-03-08 02:52:37.084000+00:00,https://truthsocial.com/@realDonaldTrump/112057801578283356,False,6.0,False,True,False,False,False,"Biden’s All Electric Car Mandate is a disaster for our Country, but great for China!"
112057979381490778,2024-03-08 03:37:50.147000+00:00,https://truthsocial.com/@realDonaldTrump/112057979381490778,False,5.0,False,True,False,False,False,"He said I bowed down to the Russian Leader. He gave them everything, including Ukraine. I took away Nord Stream 2, he gave it to them! He was a Puppet for Putin and Xi, and virtually every other Leader!"
112086325351192822,2024-03-13 03:46:35.395000+00:00,https://truthsocial.com/@realDonaldTrump/112086325351192822,True,-71.0,False,False,False,True,True,"It is my great honor to be representing the Republican Party as its Presidential Nominee. Our Party is UNITED and STRONG, and fully understands that we are running against the Worst, Most Incompetent, Corrupt, and Destructive President in the History of the United States. Million"
112119194707391958,2024-03-18 23:05:41.889000+00:00,https://truthsocial.com/@realDonaldTrump/112119194707391958,True,8.0,False,True,False,False,False,"Page 2: The statute used to attack me has never been used for such a purpose before - No Jury allowed, ridiculous $18 Million Value for Mar-a-Lago, the Judge ignored the Statute of Limitations Decision by the Appellate Court, Ironclad Disclaimer Clauses, No Damages, No Victims – "
112202633654542487,2024-04-02 16:45:19.182000+00:00,https://truthsocial.com/@realDonaldTrump/112202633654542487,True,9.0,False,True,False,False,False,"A TRUTH from Great Businessman Ike Perlmutter: ""It’s very sad and scary what they are doing to The President. Reminds me of Venezuela, Russia, China, 'banana republic,' and I hope they don’t get away with this. We can’t let this happen. Stay strong!"""
112247298597452366,2024-04-10 14:04:12.125000+00:00,https://truthsocial.com/@realDonaldTrump/112247298597452366,True,8.0,False,False,False,True,False,"INFLATION is BACK—and RAGING! The Fed will never be able to credibly lower interest rates, because they want to protect the worst President in the history of the Untied States!"
112289079310717638,2024-04-17 23:09:35.283000+00:00,https://truthsocial.com/@realDonaldTrump/112289079310717638,True,-59.0,False,True,False,False,False,"Crooked Joe Biden’s policy is China First—My policy is very simple, AMERICA FIRST!!! https://www.DonaldJTrump.com"
112289092311330308,2024-04-17 23:12:53.653000+00:00,https://truthsocial.com/@realDonaldTrump/112289092311330308,False,-55.0,False,True,False,False,False,The Crooked Joe Biden agenda taxes America to build up China. My agenda will tax China to BUILD UP AMERICA!
112305114245672523,2024-04-20 19:07:28.906000+00:00,https://truthsocial.com/@realDonaldTrump/112305114245672523,True,8.0,False,True,False,False,False,"REMEMBER, if I don’t have Presidential Immunity, then Crooked Joe Biden doesn’t have it either, and he would certainly be Prosecuted for his many ACTUAL CRIMES, including illegally receiving massive amounts of money from Foreign Countries, including China, Ukraine, and Russia, pa"
112320061756751047,2024-04-23 10:28:49.905000+00:00,https://truthsocial.com/@realDonaldTrump/112320061756751047,True,-72.0,False,True,False,False,False,"The Dollar has just hit a 34 year high against the Yen, a total disaster for the United States. When I was President, I spent a good deal of time telling Japan and China, in particular, you can’t do that. It sounds good to stupid people, but it is a disaster for our manufacturers"
112340120096250197,2024-04-26 23:29:55.797000+00:00,https://truthsocial.com/@realDonaldTrump/112340120096250197,True,7.0,False,True,False,False,False,"LETTER TO JOE: Dear Joe, now that you’ve committed to Debate on the now dying Howard Stern Show, no less, let’s set it up right now. I’m ready to go anywhere that you are. We could do it in D.C., even pinpoint the White House, or in New York when your Radical Left Fascists are fi"
112440957980627472,2024-05-14 18:54:19.847000+00:00,https://truthsocial.com/@realDonaldTrump/112440957980627472,True,-36.0,False,True,False,False,False,Victor Davis Hanson: “None of the five civil and criminal cases currently lodged against former President Donald Trump have ever had merit…These criminal and civil trials are merely the continuation of extra-legal efforts of the last eight years to destroy a presidential candidat
112446272682554676,2024-05-15 17:25:55.762000+00:00,https://truthsocial.com/@realDonaldTrump/112446272682554676,True,-35.0,False,False,False,False,True,"Thank you to Scott Bessent, one of the Great Prognosticators on Wall Street! There are many people that are saying that the only reason the Stock Market is high is because I am leading in all of the Polls, and if I don’t win, we will have a CRASH of similar proportions to 1929. I"
112459989461673753,2024-05-18 03:34:17.232000+00:00,https://truthsocial.com/@realDonaldTrump/112459989461673753,True,-66.0,False,False,False,True,False,"One of the most vicious effects of the Biden Inflation Tax is how Crooked Joe has made it impossible for millions of Americans, especially YOUNG Americans, to buy a home, a car, or even make rent. High inflation means high prices, high interest rates, high mortgage rates, and dea"
112503319133425856,2024-05-25 19:13:35.562000+00:00,https://truthsocial.com/@realDonaldTrump/112503319133425856,True,-74.0,False,False,True,False,False,"I AM VERY POSITIVE AND OPEN MINDED TO CRYPTOCURRENCY COMPANIES, AND ALL THINGS RELATED TO THIS NEW AND BURGEONING INDUSTRY. OUR COUNTRY MUST BE THE LEADER IN THE FIELD. THERE IS NO SECOND PLACE. CROOKED JOE BIDEN, ON THE OTHER HAND, THE WORST PRESIDENT IN THE HISTORY OF OUR COUNT"
112538173605692936,2024-05-31 22:57:32.566000+00:00,https://truthsocial.com/@realDonaldTrump/112538173605692936,True,-38.0,False,True,False,False,False,Texas Lieutenant Governor Dan Patrick: “The Judge is absolutely corrupt…The Judge kept an Expert Witness on Campaign Finance from testifying that the President did not break any Campaign Finance Law…This is a Show Trial like you would see in some Tin-Pot Dictatorship in a Third W
112565450985578166,2024-06-05 18:34:32.312000+00:00,https://truthsocial.com/@realDonaldTrump/112565450985578166,True,2.0,False,True,False,False,False,"I built a Magnificent Business, which helped rebuild New York City and State, with Amazing, Unparalleled, Historic Properties and tons of CASH, which Crooked Joe Biden and his Prosecutors are trying to wrongfully and illegally take away from me. The statute used to attack me has "
112601639679885930,2024-06-12 03:57:48.002000+00:00,https://truthsocial.com/@realDonaldTrump/112601639679885930,True,-35.0,False,True,True,False,False,"VOTE FOR TRUMP! Bitcoin mining may be our last line of defense against a CBDC. Biden’s hatred of Bitcoin only helps China, Russia, and the Radical Communist Left. We want all the remaining Bitcoin to be MADE IN THE USA!!! It will help us be ENERGY DOMINANT!!! https://bitcoinmagaz"
112638970418158425,2024-06-18 18:11:29.859000+00:00,https://truthsocial.com/@realDonaldTrump/112638970418158425,True,-32.0,False,False,False,True,False,"Business Executives and Shareholder Representatives should be 100% behind Donald Trump! Anybody that’s not should be FIRED for incompetence! THE WALL STREET JOURNAL: “Corporate Tax Rate Spurs Political Battle: Biden wants to raise current rate to 28%, while some in GOP weigh a cu"
112646786043233417,2024-06-20 03:19:06.877000+00:00,https://truthsocial.com/@realDonaldTrump/112646786043233417,True,-75.0,True,False,False,False,False,"The Smoot-Hawley Tariff Act was passed AFTER the Great Depression had already started. If you want to study Tariffs, and how powerful they are, study the administration of President William McKinley. America had so much money they didn’t know what to do with it!"
112725417669887803,2024-07-04 00:36:10.205000+00:00,https://truthsocial.com/@realDonaldTrump/112725417669887803,True,2.0,False,True,False,False,False,Of course they are!!! Biden’s allowing them all to move to China and Mexico. MAGA! https://www.breitbart.com/economy/2024/07/03/michigan-stellantis-temporarily-laying-off-1600-auto-workers-amid-production-cuts/
112739741637499662,2024-07-06 13:18:56.606000+00:00,https://truthsocial.com/@realDonaldTrump/112739741637499662,True,1.0,False,True,False,True,False,"Crooked Joe Biden should ignore his many critics and move forward, with alacrity and strength, with his powerful and far reaching campaign. He should be sharp, precise, and energetic, just like he was in The Debate, in selling his policies of Open Borders (where millions of peopl"
112798529325363638,2024-07-16 22:29:25.536000+00:00,https://truthsocial.com/@realDonaldTrump/112798529325363638,True,-1.0,False,False,False,False,True,Dow Jones UP 742 based on the fact that the Market expects a TRUMP WIN in November! Nice compliment — Thank you!
112821628276196297,2024-07-21 00:23:47.557000+00:00,https://truthsocial.com/@realDonaldTrump/112821628276196297,True,-3.0,False,True,False,False,False,"Under Radical Democrat policies, the U.S. Auto Industry is being decimated, while China builds massive Automobile Manufacturing facilities in Mexico to pillage our jobs and send their product back into the United States tax free. I stopped it four years ago, and I will stop it ag"
112829651337962395,2024-07-22 10:24:09.766000+00:00,https://truthsocial.com/@realDonaldTrump/112829651337962395,True,-5.0,False,True,False,False,False,"It’s a new day and Joe Biden doesn’t remember quitting the race yesterday! He is demanding his campaign schedule and arranging talks with Presidents Xi of China, and Putin of Russia, concerning the possible start of World War 3. Biden is “sharp, decisive, energetic, angry, and re"
112859397412472625,2024-07-27 16:28:58.840000+00:00,https://truthsocial.com/@realDonaldTrump/112859397412472625,True,-3.0,False,False,True,False,False,"On my way to The Bitcoin Conference in Nashville, Tennessee. Join me live at 2pmCDT/3pmEST via @Rumble: https://rumble.com/v586l5o-bitcoin-2024-conference-nashville-general-day-2-0727.html"
112860544483726794,2024-07-27 21:20:41.757000+00:00,https://truthsocial.com/@realDonaldTrump/112860544483726794,True,-1.0,False,False,True,False,False,"THANK YOU, BITCOIN 2024!"
112879361764620814,2024-07-31 05:06:10.676000+00:00,https://truthsocial.com/@realDonaldTrump/112879361764620814,True,-1.0,False,True,False,False,False,RUSSIA NEVER INVADED UKRAINE UNDER TRUMP! IRAN NEVER INVADED ISRAEL UNDER TRUMP! NOBODY INVADED ANYBODY UNDER TRUMP! CHINA NEVER EVEN THOUGHT OF INVADING TAIWAN UNDER TRUMP! BIGGEST EVER EMBARRASSMENT IN AFGHANISTAN WOULD HAVE NEVER HAPPENED UNDER TRUMP! THERE WAS NO INFLATION UN
112881568598723413,2024-07-31 14:27:24.294000+00:00,https://truthsocial.com/@realDonaldTrump/112881568598723413,True,-2.0,False,False,True,False,False,"Just spoke at the Bitcoin Conference in Nashville, Tennessee on Saturday. It was GREAT! Get your Bitcoin Sneakers now. These are Limited Edition, they are each numbered, and you can now pay with Bitcoin or your favorite Crypto. Have fun — Go to https://gettrumpsneakers.com/ befor"
112899344194558383,2024-08-03 17:47:58.359000+00:00,https://truthsocial.com/@realDonaldTrump/112899344194558383,True,0.0,False,False,False,True,False,"Kamala Harris doesn’t have the mental capacity to do a REAL Debate against me, scheduled for September 4th in Pennsylvania. She’s afraid to do it because there is no way she can justify her Corrupt and Open Borders, the Environmental Destruction of our Country, the Afghanistan Em"
112907208577621142,2024-08-05 03:07:59.322000+00:00,https://truthsocial.com/@realDonaldTrump/112907208577621142,True,-1.0,False,False,False,False,True,STOCK MARKETS CRASHING. I TOLD YOU SO!!! KAMALA DOESN’T HAVE A CLUE. BIDEN IS SOUND ASLEEP. ALL CAUSED BY INEPT U.S. LEADERSHIP!
112909351574797350,2024-08-05 12:12:58.864000+00:00,https://truthsocial.com/@realDonaldTrump/112909351574797350,True,-1.0,False,False,False,False,True,"STOCK MARKETS ARE CRASHING, JOBS NUMBERS ARE TERRIBLE, WE ARE HEADING TO WORLD WAR lll, AND WE HAVE TWO OF THE MOST INCOMPETENT “LEADERS” IN HISTORY. THIS IS NOT GOOD!!!"
112923713260831968,2024-08-08 01:05:20.801000+00:00,https://truthsocial.com/@realDonaldTrump/112923713260831968,True,0.0,False,True,False,False,False,“WALZ HAS STRANGE CONNECTIONS WITH CHINA”
112996919340889106,2024-08-20 23:22:36.930000+00:00,https://truthsocial.com/@realDonaldTrump/112996919340889106,True,4.0,False,True,False,False,False,"The Green Energy Agenda, commonly referred to as the Green New Scam, is destroying our Country! We will not be competitive in any way, shape, or form, with China and other of our Competitor Nations. THIS MADNESS MUST STOP, AND IT MUST STOP NOW! We want Crystal Clear Water and Air"
113009149549640034,2024-08-23 03:12:55.106000+00:00,https://truthsocial.com/@realDonaldTrump/113009149549640034,True,4.0,False,True,False,False,False,"She didn’t mention China, she didn’t mention fracking, she didn’t mention Energy, she didn’t mention, meaningfully, Russia and Ukraine, she didn’t mention the big subjects of the day, that are destroying our Country. There are 60 million people in poverty in the U.S., under their"
113081252913256280,2024-09-04 20:49:45.131000+00:00,https://truthsocial.com/@realDonaldTrump/113081252913256280,True,-5.0,False,True,False,False,False,RUSSIA NEVER INVADED UKRAINE UNDER TRUMP! IRAN NEVER INVADED ISRAEL UNDER TRUMP! NOBODY INVADED ANYBODY UNDER TRUMP! CHINA NEVER EVEN THOUGHT OF INVADING TAIWAN UNDER TRUMP! BIGGEST EVER EMBARRASSMENT IN AFGHANISTAN WOULD HAVE NEVER HAPPENED UNDER TRUMP! THERE WAS NO INFLATION UN
113081691803243686,2024-09-04 22:41:22.057000+00:00,https://truthsocial.com/@realDonaldTrump/113081691803243686,True,-1.0,False,False,False,True,False,"During my presidency, the 30-year mortgage rate reached an all-time low of 2.7%. Under Kamala Harris, it has become nearly impossible for young people to buy a home, with interest rates at almost 10% or even higher..."
113085824185219165,2024-09-05 16:12:17.201000+00:00,https://truthsocial.com/@realDonaldTrump/113085824185219165,True,0.0,False,True,False,False,False,"Comrade Kamala Harris and her Department of Justice are trying to interfere in and suppress the Election in favor of the Democrats by resurrecting the Russia, Russia, Russia Hoax, and trying to say that Russia is trying to help me, which is absolutely FALSE. In fact, President Pu"
113087526207519866,2024-09-05 23:25:08+00:00,https://truthsocial.com/@realDonaldTrump/113087526207519866,True,0.0,False,True,False,False,False,"Andrew Cherkasky: “Democrats want to see Trump prosecuted for their own lawfare benefit.” Leo Terrell: “It’s all politics. If anyone tells you otherwise, they are not a lawyer.” Alan Dershowitz: “I have observed and participated in trials throughout the world. I have seen justice"
113132456877184604,2024-09-13 21:51:35.612000+00:00,https://truthsocial.com/@realDonaldTrump/113132456877184604,True,-1.0,False,False,False,False,True,"Why is NASDAQ halting the sale of DJT? What right do they have to do this? They have done it twice today. What’s going on? Are they taking orders from the SEC, which, for political reasons, delayed us for an inordinate amount of time, therefore hurting the stock very badly? I am "
113160641426571582,2024-09-18 21:19:17.707000+00:00,https://truthsocial.com/@realDonaldTrump/113160641426571582,True,-2.0,False,False,True,False,False,“President Trump just became the first President to send a transaction using Bitcoin.”
113177676464453229,2024-09-21 21:31:31.754000+00:00,https://truthsocial.com/@realDonaldTrump/113177676464453229,True,0.0,False,False,True,False,False,“Trump Credits Success of His NFTs for Change of Heart on Bitcoin and Crypto” https://decrypt.co/249755/trump-credits-nfts-change-of-heart-bitcoin-crypto
113193907095203231,2024-09-24 18:19:11.526000+00:00,https://truthsocial.com/@realDonaldTrump/113193907095203231,True,-1.0,True,False,False,False,False,"Under Comrade Kamala Harris, companies that ship American jobs overseas will be given a massive tax break—Under a Trump Administration, companies that ship American jobs overseas will have to pay a massive tariff…"
113193929001379065,2024-09-24 18:24:45.789000+00:00,https://truthsocial.com/@realDonaldTrump/113193929001379065,False,-2.0,True,False,False,False,False,"Here is the deal that I will be offering to every major company and manufacturer on earth...I will give you the lowest taxes, the lowest energy costs, the lowest regulatory burden, and free access to the best and biggest market on the planet—but ONLY if you make your product here"
113193943796145113,2024-09-24 18:28:31.544000+00:00,https://truthsocial.com/@realDonaldTrump/113193943796145113,False,-7.0,False,True,False,False,False,"VOTE TRUMP, and you will see a mass exodus of manufacturing from China to Pennsylvania, from Korea to North Carolina—and from Germany to right here in Georgia! https://www.DonaldJTrump.com"
113227141838155766,2024-09-30 15:11:13.460000+00:00,https://truthsocial.com/@realDonaldTrump/113227141838155766,True,-2.0,False,False,True,False,False,"I promised to Make America Great Again, this time with crypto. #WorldLibertyFi is planning to help make America the crypto capital of the world! The whitelist for eligible persons is officially open – this is your chance to be part of this historic moment. Join: https://www.world"
113235297144574340,2024-10-02 01:45:13.558000+00:00,https://truthsocial.com/@realDonaldTrump/113235297144574340,True,0.0,False,True,False,False,False,"I SAVED our Country from the China Virus, Tampon Tim let Minneapolis burn in 2020, and then begged me to save him. He is talking so fast because he’s nervous as hell, and LYING!"
113280528220604106,2024-10-10 01:28:05.007000+00:00,https://truthsocial.com/@realDonaldTrump/113280528220604106,True,-1.0,True,False,False,False,False,"To bring jobs, factories, and wealth racing back to Pennsylvania, we will have a 15% Made in America Corporate Tax Rate, cutting the tax from 21% to 15% — But ONLY for those who make their product in America — For those who DON’T make their product in America, they will be forced"
113318559611914853,2024-10-16 18:39:57.984000+00:00,https://truthsocial.com/@realDonaldTrump/113318559611914853,True,0.0,True,True,False,False,False,"I hope everyone listened yesterday as Bloomberg interviewed me. For over a year, I’ve said China is building giant plants in Mexico. Since they heard about the Tariffs, all work has STOPPED on those plants. I saved Michigan autoworkers. Detroit will thrive if I’m elected!"
113358155534960871,2024-10-23 18:29:43.822000+00:00,https://truthsocial.com/@realDonaldTrump/113358155534960871,True,0.0,True,False,False,False,False,"Kamala Harris’ sinking Campaign has become so TOXIC, that Democrat Senators in four different States are using me in their advertisements, and stating that they are with President Trump on Tariffs, and numerous other things. While it is a great compliment, it is not fair to those"
113364109602414765,2024-10-24 19:43:55.681000+00:00,https://truthsocial.com/@realDonaldTrump/113364109602414765,True,0.0,True,False,False,False,False,"I am NOT proposing a National Sales Tax, as the Democrats say in their Advertisements against me. Dems know what they are saying is a blatant lie. I am proposing tariffs on other countries that take advantage of us, hardly a NST. These tariffs are paid for by the abusing country,"
113376881038135013,2024-10-27 01:51:52.325000+00:00,https://truthsocial.com/@realDonaldTrump/113376881038135013,True,0.0,False,True,False,False,False,"Congresswoman Michelle Steel is a Tremendous Champion for the Great People of California’s 45th Congressional District! An America First Patriot whose family bravely fled Communism, Michelle brings that same fighting spirit to Congress, and will never back down against the Commun"
113402928440845044,2024-10-31 16:16:04.149000+00:00,https://truthsocial.com/@realDonaldTrump/113402928440845044,True,-1.0,False,False,True,False,False,"I would like to wish our great Bitcoiners a Happy 16th Anniversary of Satoshi’s White Paper. We will end Kamala’s war on crypto, & Bitcoin will be MADE IN THE USA! VOTE TRUMP! #Bitcoin #FreeRossDayOne"
113546215051155542,2024-11-25 23:35:44.310000+00:00,https://truthsocial.com/@realDonaldTrump/113546215051155542,True,0.0,True,False,False,False,False,"As everyone is aware, thousands of people are pouring through Mexico and Canada, bringing Crime and Drugs at levels never seen before. Right now a Caravan coming from Mexico, composed of thousands of people, seems to be unstoppable in its quest to come through our currently Open "
113546215408213585,2024-11-25 23:35:49.759000+00:00,https://truthsocial.com/@realDonaldTrump/113546215408213585,False,0.0,True,True,False,False,False,"I have had many talks with China about the massive amounts of drugs, in particular Fentanyl, being sent into the United States – But to no avail. Representatives of China told me that they would institute their maximum penalty, that of death, for any drug dealers caught doing thi"
113546699872414451,2024-11-26 01:39:02.096000+00:00,https://truthsocial.com/@realDonaldTrump/113546699872414451,True,0.0,False,False,False,False,True,“Wall St closes higher; small-caps hit record high after Trump nominates Bessent” https://www.reuters.com/markets/us/dow-futures-hit-all-time-high-markets-laud-trumps-treasury-pick-2024-11-25/
113573130299319701,2024-11-30 17:40:38.411000+00:00,https://truthsocial.com/@realDonaldTrump/113573130299319701,True,-6.0,True,False,False,False,False,"The idea that the BRICS Countries are trying to move away from the Dollar while we stand by and watch is OVER. We require a commitment from these Countries that they will neither create a new BRICS Currency, nor back any other Currency to replace the mighty U.S. Dollar or, they w"
113573136856113648,2024-11-30 17:42:18.453000+00:00,https://truthsocial.com/@realDonaldTrump/113573136856113648,False,0.0,False,True,False,False,False,"I just had a very productive meeting with Prime Minister Justin Trudeau of Canada, where we discussed many important topics that will require both Countries to work together to address, like the Fentanyl and Drug Crisis that has decimated so many lives as a result of Illegal Immi"
113586503722263487,2024-12-03 02:21:40.649000+00:00,https://truthsocial.com/@realDonaldTrump/113586503722263487,True,-5.0,True,False,False,False,False,"I am totally against the once great and powerful U.S. Steel being bought by a foreign company, in this case Nippon Steel of Japan. Through a series of Tax Incentives and Tariffs, we will make U.S. Steel Strong and Great Again, and it will happen FAST! As President, I will block t"
113595332278320772,2024-12-04 15:46:53.719000+00:00,https://truthsocial.com/@realDonaldTrump/113595332278320772,True,0.0,True,False,False,False,False,"….The Senior Counselor position leverages Peter’s broad range of White House experience, while harnessing his extensive Policy analytic and Media skills. His mission will be to help successfully advance and communicate the Trump Manufacturing, Tariff, and Trade Agendas. Peter is "
113595333429088742,2024-12-04 15:47:11.278000+00:00,https://truthsocial.com/@realDonaldTrump/113595333429088742,False,0.0,True,False,False,False,False,"I am pleased to announce that Peter Navarro, a man who was treated horribly by the Deep State, or whatever else you would like to call it, will serve as my Senior Counselor for Trade and Manufacturing. During my First Term, few were more effective or tenacious than Peter in enfor"
113595507414156033,2024-12-04 16:31:26.086000+00:00,https://truthsocial.com/@realDonaldTrump/113595507414156033,False,-6.0,False,True,False,False,False,"The Wall Street Journal is becoming more and more obnoxious and unreadable. Today’s main headline is: “Trump’s DEA Pick Pulls Out In Latest Setback.” With all that’s happening in the World, this is their Number One story of the day. Besides, he didn’t pull out, I pulled him out, "
113595807734621827,2024-12-04 17:47:48.606000+00:00,https://truthsocial.com/@realDonaldTrump/113595807734621827,True,0.0,False,False,True,False,False,"I am delighted to announce the nomination of Paul Atkins to be the next Chairman of the Securities & Exchange Commission. Paul is a proven leader for common sense regulations. He believes in the promise of robust, innovative capital markets that are responsive to the needs of Inv"
113600319916325790,2024-12-05 12:55:19.034000+00:00,https://truthsocial.com/@realDonaldTrump/113600319916325790,True,1.0,False,False,True,False,False,"CONGRATULATIONS BITCOINERS!!! $100,000!!! YOU’RE WELCOME!!! Together, we will Make America Great Again!"
113603133222686186,2024-12-06 00:50:46.685000+00:00,https://truthsocial.com/@realDonaldTrump/113603133222686186,True,-1.0,False,False,True,False,False,"I am pleased to announce that David O. Sacks will be the “White House A.I. & Crypto Czar.” In this important role, David will guide policy for the Administration in Artificial Intelligence and Cryptocurrency, two areas critical to the future of American competitiveness. David wil"
113603440590011295,2024-12-06 02:08:56.737000+00:00,https://truthsocial.com/@realDonaldTrump/113603440590011295,True,0.0,False,True,False,False,False,"Tonight, I am announcing that former U.S. Senator, David Perdue, has accepted my appointment as the next United States Ambassador to the People’s Republic of China. As a Fortune 500 CEO, who had a 40-year International business career, and served in the U.S. Senate, David brings "
113615912452824634,2024-12-08 07:00:42.267000+00:00,https://truthsocial.com/@realDonaldTrump/113615912452824634,True,-6.0,False,True,False,False,False,"Assad is gone. He has fled his country. His protector, Russia, Russia, Russia, led by Vladimir Putin, was not interested in protecting him any longer. There was no reason for Russia to be there in the first place. They lost all interest in Syria because of Ukraine, where close to"
113626786987358864,2024-12-10 05:06:14.493000+00:00,https://truthsocial.com/@realDonaldTrump/113626786987358864,True,-4.0,True,False,False,False,False,"It was a pleasure to have dinner the other night with Governor Justin Trudeau of the Great State of Canada. I look forward to seeing the Governor again soon so that we may continue our in depth talks on Tariffs and Trade, the results of which will be truly spectacular for all! DJ"
113683654440040843,2024-12-20 06:08:22.958000+00:00,https://truthsocial.com/@realDonaldTrump/113683654440040843,True,-4.0,True,False,False,False,False,"I told the European Union that they must make up their tremendous deficit with the United States by the large scale purchase of our oil and gas. Otherwise, it is TARIFFS all the way!!!"
113693359542059043,2024-12-21 23:16:31.060000+00:00,https://truthsocial.com/@realDonaldTrump/113693359542059043,True,-1.0,False,True,False,False,False,"The Panama Canal is considered a VITAL National Asset for the United States, due to its critical role to America’s Economy and National Security. A secure Panama Canal is crucial for U.S. Commerce, and rapid deployment of the Navy, from the Atlantic to the Pacific, and drasticall"
113698639577293090,2024-12-22 21:39:18.003000+00:00,https://truthsocial.com/@realDonaldTrump/113698639577293090,True,0.0,False,False,True,False,False,"….Additionally, Bo Hines will be the Executive Director of the Presidential Council of Advisers for Digital Assets (the ""Crypto Council""), a new advisory group composed of luminaries from the Crypto industry, and chaired by our Crypto Czar, David Sacks. Bo is a graduate of Yale U"
113698640480139954,2024-12-22 21:39:31.779000+00:00,https://truthsocial.com/@realDonaldTrump/113698640480139954,False,0.0,False,False,True,False,False,"I am pleased to announce the brilliant Team that will be working in conjunction with our White House A.I. & Crypto Czar, David O. Sacks. Together, we will unleash scientific breakthroughs, ensure America’s technological dominance, and usher in a Golden Age of American Innovation!"
113715171941661598,2024-12-25 19:43:41.863000+00:00,https://truthsocial.com/@realDonaldTrump/113715171941661598,True,0.0,False,True,False,False,False,"Merry Christmas to all, including to the wonderful soldiers of China, who are lovingly, but illegally, operating the Panama Canal (where we lost 38,000 people in its building 110 years ago), always making certain that the United States puts in Billions of Dollars in “repair” mone"
113755116467958801,2025-01-01 21:02:06.966000+00:00,https://truthsocial.com/@realDonaldTrump/113755116467958801,True,-2.0,True,False,False,False,False,"The Tariffs, and Tariffs alone, created this vast wealth for our Country. Then we switched over to Income Tax. We were never so wealthy as during this period. Tariffs will pay off our debt and, MAKE AMERICA WEALTHY AGAIN!"
113778957475969583,2025-01-06 02:05:11.876000+00:00,https://truthsocial.com/@realDonaldTrump/113778957475969583,True,0.0,True,False,False,False,False,"Members of Congress are getting to work on one powerful Bill that will bring our Country back, and make it greater than ever before. We must Secure our Border, Unleash American Energy, and Renew the Trump Tax Cuts, which were the largest in History, but we will make it even bette"
113781647532063909,2025-01-06 13:29:18.879000+00:00,https://truthsocial.com/@realDonaldTrump/113781647532063909,True,-4.0,True,False,False,False,False,"Why would they want to sell U.S. Steel now when Tariffs will make it a much more profitable and valuable company? Wouldn’t it be nice to have U.S. Steel, once the greatest company in the World, lead the charge toward greatness again? It can all happen very quickly!"
113781828670659948,2025-01-06 14:15:22.832000+00:00,https://truthsocial.com/@realDonaldTrump/113781828670659948,False,-1.0,True,False,False,False,False,"The story in the Washington Post, quoting so-called anonymous sources, which don't exist, incorrectly states that my tariff policy will be pared back. That is wrong. The Washington Post knows it's wrong. It's just another example of Fake News."
113782682597333035,2025-01-06 17:52:32.723000+00:00,https://truthsocial.com/@realDonaldTrump/113782682597333035,True,-5.0,True,False,False,False,False,"Many people in Canada LOVE being the 51st State. The United States can no longer suffer the massive Trade Deficits and Subsidies that Canada needs to stay afloat. Justin Trudeau knew this, and resigned. If Canada merged with the U.S., there would be no Tariffs, taxes would go way"
113788624491419802,2025-01-07 19:03:38.826000+00:00,https://truthsocial.com/@realDonaldTrump/113788624491419802,True,0.0,True,False,False,False,False,“The Case for Trump’s Tariffs” https://www.wsj.com/opinion/the-case-for-trumps-tariffs-trade-economy-policy-election-8c196364
113827650534234057,2025-01-14 16:28:28.986000+00:00,https://truthsocial.com/@realDonaldTrump/113827650534234057,True,-5.0,True,False,False,False,False,"For far too long, we have relied on taxing our Great People using the Internal Revenue Service (IRS). Through soft and pathetically weak Trade agreements, the American Economy has delivered growth and prosperity to the World, while taxing ourselves. It is time for that to change."
113844165549788304,2025-01-17 14:28:28.120000+00:00,https://truthsocial.com/@realDonaldTrump/113844165549788304,True,0.0,False,True,False,False,False,"I just spoke to Chairman Xi Jinping of China. The call was a very good one for both China and the U.S.A. It is my expectation that we will solve many problems together, and starting immediately. We discussed balancing Trade, Fentanyl, TikTok, and many other subjects. President Xi"
113872782548137314,2025-01-22 15:46:08.868000+00:00,https://truthsocial.com/@realDonaldTrump/113872782548137314,True,-7.0,True,False,False,False,False,"I’m not looking to hurt Russia. I love the Russian people, and always had a very good relationship with President Putin - and this despite the Radical Left’s Russia, Russia, Russia HOAX. We must never forget that Russia helped us win the Second World War, losing almost 60,000,000"
113887487731381945,2025-01-25 06:05:52.155000+00:00,https://truthsocial.com/@realDonaldTrump/113887487731381945,True,-4.0,False,False,False,False,True,Wow! Rachel Maddow has horrible ratings. She’ll be off the air very soon. MSNBC IS CLOSE TO DEATH. CNN HAS REACHED THE BOTTOM. This is a good thing. They are the Enemy of the people!
113896070273857964,2025-01-26 18:28:31.355000+00:00,https://truthsocial.com/@realDonaldTrump/113896070273857964,True,1.0,True,False,False,False,False,"I was just informed that two repatriation flights from the United States, with a large number of Illegal Criminals, were not allowed to land in Colombia. This order was given by Colombia’s Socialist President Gustavo Petro, who is already very unpopular amongst his people. Petro’"
113908670949354923,2025-01-28 23:53:02.406000+00:00,https://truthsocial.com/@realDonaldTrump/113908670949354923,True,-1.0,False,True,False,False,False,"Panama is, with great speed, attempting to take down the 64% of signs which are written in Chinese. They are all over the Zone, because China controls the Panama Canal. PANAMA IS NOT GOING TO GET AWAY WITH THIS!"
113913720574106648,2025-01-29 21:17:13.564000+00:00,https://truthsocial.com/@realDonaldTrump/113913720574106648,True,0.0,False,False,False,True,False,"Because Jay Powell and the Fed failed to stop the problem they created with Inflation, I will do it by unleashing American Energy production, slashing Regulation, rebalancing International Trade, and reigniting American Manufacturing, but I will do much more than stopping Inflati"
113920366067218393,2025-01-31 01:27:15.742000+00:00,https://truthsocial.com/@realDonaldTrump/113920366067218393,True,0.0,True,False,False,False,False,"The idea that the BRICS Countries are trying to move away from the Dollar, while we stand by and watch, is OVER. We are going to require a commitment from these seemingly hostile Countries that they will neither create a new BRICS Currency, nor back any other Currency to replace "
113928759847321475,2025-02-01 13:01:54.662000+00:00,https://truthsocial.com/@realDonaldTrump/113928759847321475,True,0.0,True,False,False,False,False,"Ellie Cohanim on Israel, and Phill Flynn on Tariffs, were GREAT on Fox & Friends this morning. Real “Pros!” DJT"
113931044424714413,2025-02-01 22:42:54.547000+00:00,https://truthsocial.com/@realDonaldTrump/113931044424714413,True,0.0,True,True,False,False,False,"Today, I have implemented a 25% Tariff on Imports from Mexico and Canada (10% on Canadian Energy), and a 10% additional Tariff on China. This was done through the International Emergency Economic Powers Act (IEEPA) because of the major threat of illegal aliens and deadly drugs ki"
113931196721633756,2025-02-01 23:21:38.414000+00:00,https://truthsocial.com/@realDonaldTrump/113931196721633756,False,-1.0,True,False,False,False,False,TARIFFS!
113934450227067577,2025-02-02 13:09:02.972000+00:00,https://truthsocial.com/@realDonaldTrump/113934450227067577,True,-6.0,True,True,False,False,False,"The “Tariff Lobby,” headed by the Globalist, and always wrong, Wall Street Journal, is working hard to justify Countries like Canada, Mexico, China, and too many others to name, continue the decades long RIPOFF OF AMERICA, both with regard to TRADE, CRIME, AND POISONOUS DRUGS tha"
113934520197790682,2025-02-02 13:26:50.640000+00:00,https://truthsocial.com/@realDonaldTrump/113934520197790682,False,-5.0,True,False,False,False,False,"We pay hundreds of Billions of Dollars to SUBSIDIZE Canada. Why? There is no reason. We don’t need anything they have. We have unlimited Energy, should make our own Cars, and have more Lumber than we can ever use. Without this massive subsidy, Canada ceases to exist as a viable C"
113936920653240968,2025-02-02 23:37:18.678000+00:00,https://truthsocial.com/@realDonaldTrump/113936920653240968,True,0.0,True,True,False,False,False,"Anybody that’s against Tariffs, including the Fake News Wall Street Journal, and Hedge Funds, is only against them because these people or entities are controlled by China, or other foreign or domestic companies. Anybody that loves and believes in the United States of America is "
113940711907400754,2025-02-03 15:41:28.685000+00:00,https://truthsocial.com/@realDonaldTrump/113940711907400754,True,-59.0,True,False,False,False,False,"I just spoke with President Claudia Sheinbaum of Mexico. It was a very friendly conversation wherein she agreed to immediately supply 10,000 Mexican Soldiers on the Border separating Mexico and the United States. These soldiers will be specifically designated to stop the flow of "
113942189236610107,2025-02-03 21:57:10.881000+00:00,https://truthsocial.com/@realDonaldTrump/113942189236610107,True,-1.0,True,False,False,False,False,"Canada has agreed to ensure we have a secure Northern Border, and to finally end the deadly scourge of drugs like Fentanyl that have been pouring into our Country, killing hundreds of thousands of Americans, while destroying their families and communities all across our Country.C"
113943087759847311,2025-02-04 01:45:41.261000+00:00,https://truthsocial.com/@realDonaldTrump/113943087759847311,True,-4.0,False,True,False,False,False,"GREAT INTEREST IN TIKTOK! Would be wonderful for China, and all concerned."
113991030846598649,2025-02-12 12:58:14.709000+00:00,https://truthsocial.com/@realDonaldTrump/113991030846598649,True,-4.0,True,False,False,True,False,"Interest Rates should be lowered, something which would go hand in hand with upcoming Tariffs!!! Lets Rock and Roll, America!!!"
113996410955252842,2025-02-13 11:46:28.648000+00:00,https://truthsocial.com/@realDonaldTrump/113996410955252842,True,0.0,True,False,False,False,False,"THREE GREAT WEEKS, PERHAPS THE BEST EVER, BUT TODAY IS THE BIG ONE: RECIPROCAL TARIFFS!!! MAKE AMERICA GREAT AGAIN!!!"
113996895642654410,2025-02-13 13:49:44.395000+00:00,https://truthsocial.com/@realDonaldTrump/113996895642654410,True,-4.0,True,False,False,False,False,"NEWS CONFERENCE ON RECIPROCAL TARIFFS TODAY, 1:00 P.M., THE OVAL OFFICE. MAKE AMERICA GREAT AGAIN!!!"
113998250121701192,2025-02-13 19:34:12.101000+00:00,https://truthsocial.com/@realDonaldTrump/113998250121701192,True,0.0,True,False,False,False,False,"On Trade, I have decided, for purposes of Fairness, that I will charge a RECIPROCAL Tariff meaning, whatever Countries charge the United States of America, we will charge them - No more, no less!For purposes of this United States Policy, we will consider Countries that use the VA"
114000082796162721,2025-02-14 03:20:16.494000+00:00,https://truthsocial.com/@realDonaldTrump/114000082796162721,True,0.0,True,False,False,False,False,“RECIPROCAL TRADE AND TARIFFS” https://www.whitehouse.gov/articles/2025/02/reciprocal-trade-and-tariffs/
114004145997692054,2025-02-14 20:33:36.033000+00:00,https://truthsocial.com/@realDonaldTrump/114004145997692054,True,-4.0,True,False,False,False,False,"“Trump signs sweeping reciprocal tariff plan, says more coming” https://www.cnbc.com/2025/02/13/trump-reciprocal-tariffs-news-conference.html"
114004152174148558,2025-02-14 20:35:10.275000+00:00,https://truthsocial.com/@realDonaldTrump/114004152174148558,False,-1.0,True,False,False,False,False,“Trump announces boldest tariff plan in more than a century: 'This is the big one'” https://www.dailymail.co.uk/news/article-14394937/Trump-reciprocal-tariffs-trade-unfair.html
114004158227642314,2025-02-14 20:36:42.643000+00:00,https://truthsocial.com/@realDonaldTrump/114004158227642314,False,0.0,True,False,False,False,False,"“Trump orders reciprocal tariffs on countries treating US imports unfairly — with EU, India, Japan in crosshairs” https://nypost.com/2025/02/13/us-news/trump-orders-reciprocal-tariffs-with-eu-india-japan-in-crosshairs/"
114004160299941382,2025-02-14 20:37:14.264000+00:00,https://truthsocial.com/@realDonaldTrump/114004160299941382,False,0.0,True,False,False,False,False,"“US will be 'flooded with jobs' as foreign nations avoid tariffs, Trump says” https://www.foxnews.com/politics/us-flooded-jobs-foreign-nations-avoid-tariffs-trump-says"
114009160733381255,2025-02-15 17:48:54.823000+00:00,https://truthsocial.com/@realDonaldTrump/114009160733381255,True,0.0,True,False,False,False,False,"US will be 'flooded with jobs' as foreign nations avoid tariffs, Trump says https://www.foxnews.com/politics/us-flooded-jobs-foreign-nations-avoid-tariffs-trump-says"
114009175266247925,2025-02-15 17:52:36.577000+00:00,https://truthsocial.com/@realDonaldTrump/114009175266247925,False,0.0,True,False,False,False,False,"On Trade, I have decided, for purposes of Fairness, that I will charge a RECIPROCAL Tariff meaning, whatever Countries charge the United States of America, we will charge them - No more, no less!For purposes of this United States Policy, we will consider Countries that use the VA"
114015154260594234,2025-02-16 19:13:08.790000+00:00,https://truthsocial.com/@realDonaldTrump/114015154260594234,True,0.0,True,False,False,False,False,"I am proud to nominate John Jovanovic to serve as the Chairman and Chief Executive Officer of the Export-Import Bank of the United States (EXIM). John will utilize his extensive experience in finance, investments, and business building across the Energy, Commodities, and Critical"
114036638899167319,2025-02-20 14:16:58.362000+00:00,https://truthsocial.com/@realDonaldTrump/114036638899167319,True,-4.0,True,False,False,False,False,BALANCE BUDGET NOW??? LETS GIVE IT A SHOT. LOTS OF MONEY COMING IN FROM TARIFFS. DO IT! DJT
114056119584695591,2025-02-24 00:51:10.033000+00:00,https://truthsocial.com/@realDonaldTrump/114056119584695591,True,-3.0,False,False,True,False,False,"Sharyl Attkisson is a terrific journalist. No games, she tells it like it is. Her show this week, on the Gulf of America, and Bitcoin, is fantastic. Keep pushing Sharyl!"
114056934528746786,2025-02-24 04:18:25.094000+00:00,https://truthsocial.com/@realDonaldTrump/114056934528746786,True,-5.0,False,False,False,False,True,"Lowlife Chairman of “Concast,” Brian Roberts, the owner of Ratings Challenged NBC and MSDNC, has finally gotten the nerve up to fire one of the least talented people in television, the mentally obnoxious racist, Joy Reid. Based on her ratings, which were virtually non-existent, s"
114067029529937308,2025-02-25 23:05:42.700000+00:00,https://truthsocial.com/@realDonaldTrump/114067029529937308,True,-117.0,True,False,False,False,False,"Like our Steel and Aluminum Industries, our Great American Copper Industry has been decimated by global actors attacking our domestic production. To build back our Copper Industry, I have requested my Secretary of Commerce and USTR to study Copper Imports, and end Unfair Trade pu"
114070038526458197,2025-02-26 11:50:56.231000+00:00,https://truthsocial.com/@realDonaldTrump/114070038526458197,True,-5.0,True,False,False,False,False,"I don’t understand The Wall Street Journal Editorial Board, never have. They come to my aid when I least expect it, sometimes strongly, and I greatly appreciate that — Very meaningful! But then they come out with some real CLINKERS, like today’s Editorial that my Auto Tariffs wil"
114072703621092444,2025-02-26 23:08:42.349000+00:00,https://truthsocial.com/@realDonaldTrump/114072703621092444,True,-6.0,True,False,False,False,False,"Wayne Gretzky is a fantastic guy! They call him, “The Great One,” and he is. He could run for any political office in Canada, and win. Wayne is my friend, and he wants to make me happy, and is therefore somewhat “low key” about Canada remaining a separate Country, rather than bec"
114076153524132682,2025-02-27 13:46:03.692000+00:00,https://truthsocial.com/@realDonaldTrump/114076153524132682,True,-6.0,True,True,False,False,False,"Drugs are still pouring into our Country from Mexico and Canada at  very high and unacceptable levels. A large percentage of these Drugs, much of them in the form of Fentanyl, are made in, and supplied by, China. More than 100,000 people died last year due to the distribution of "
114093526901586124,2025-03-02 15:24:20.388000+00:00,https://truthsocial.com/@realDonaldTrump/114093526901586124,True,-1.0,False,False,True,False,False,"A U.S. Crypto Reserve will elevate this critical industry after years of corrupt attacks by the Biden Administration, which is why my Executive Order on Digital Assets directed the Presidential Working Group to move forward on a Crypto Strategic Reserve that includes XRP, SOL, an"
114099930171583950,2025-03-03 18:32:46.580000+00:00,https://truthsocial.com/@realDonaldTrump/114099930171583950,True,-46.0,True,False,False,False,False,To the Great Farmers of the United States: Get ready to start making a lot of agricultural product to be sold INSIDE of the United States. Tariffs will go on external product on April 2nd. Have fun!
114104810698249053,2025-03-04 15:13:57.511000+00:00,https://truthsocial.com/@realDonaldTrump/114104810698249053,True,-50.0,True,False,False,False,False,"IF COMPANIES MOVE TO THE UNITED STATES, THERE ARE NO TARIFFS!!!"
114105388432604284,2025-03-04 17:40:52.987000+00:00,https://truthsocial.com/@realDonaldTrump/114105388432604284,True,0.0,True,False,False,False,False,"Please explain to Governor Trudeau, of Canada, that when he puts on a Retaliatory Tariff on the U.S., our Reciprocal Tariff will immediately increase by a like amount!"
114111155189097825,2025-03-05 18:07:26.753000+00:00,https://truthsocial.com/@realDonaldTrump/114111155189097825,True,-45.0,True,False,False,False,False,"Justin Trudeau, of Canada, called me to ask what could be done about Tariffs. I told him that many people have died from Fentanyl that came through the Borders of Canada and Mexico, and nothing has convinced me that it has stopped. He said that it’s gotten better, but I said, “Th"
114116271026986660,2025-03-06 15:48:28.248000+00:00,https://truthsocial.com/@realDonaldTrump/114116271026986660,True,-49.0,True,False,False,False,False,"Believe it or not, despite the terrible job he’s done for Canada, I think that Justin Trudeau is using the Tariff problem, which he has largely caused, in order to run again for Prime Minister. So much fun to watch!"
114116432894994278,2025-03-06 16:29:38.108000+00:00,https://truthsocial.com/@realDonaldTrump/114116432894994278,False,1.0,True,False,False,False,False,"After speaking with President Claudia Sheinbaum of Mexico, I have agreed that Mexico will not be required to pay Tariffs on anything that falls under the USMCA Agreement. This Agreement is until April 2nd. I did this as an accommodation, and out of respect for, President Sheinbau"
114121576367163341,2025-03-07 14:17:41.314000+00:00,https://truthsocial.com/@realDonaldTrump/114121576367163341,True,-48.0,True,False,False,False,False,"Based on the fact that Russia is absolutely “pounding” Ukraine on the battlefield right now, I am strongly considering large scale Banking Sanctions, Sanctions, and Tariffs on Russia until a Cease Fire and FINAL SETTLEMENT AGREEMENT ON PEACE IS REACHED. To Russia and Ukraine, get"
114121736384220932,2025-03-07 14:58:22.977000+00:00,https://truthsocial.com/@realDonaldTrump/114121736384220932,False,-44.0,True,False,False,False,False,"The head of the United Autoworkers of America just stated that TARIFFS ARE NECESSARY to correct years of abuse of the USA by other countries and companies. We have lost 90,000 factories and plants since the beginning of NAFTA. HE IS 100% CORRECT!!!"
114124071552960368,2025-03-08 00:52:14.781000+00:00,https://truthsocial.com/@realDonaldTrump/114124071552960368,True,-1.0,True,False,False,False,False,"Canada is cheating the United States Farmers on USMCA. In 2024, Canada retained Tariffs on various U.S. Goods, particularly in protected sectors like Dairy that are operated under a supply management system. Some examples of Canadian Tariffs on U.S. Dairy outside of the limited q"
114135887529701366,2025-03-10 02:57:12.323000+00:00,https://truthsocial.com/@realDonaldTrump/114135887529701366,True,-47.0,False,True,False,False,False,"Malcolm Turnbull, the former Prime Minister of Australia who was always leading that wonderful country from “behind,” never understood what was going on in China, nor did he have the capacity to do so. I always thought he was a weak and ineffective leader and, obviously, Australi"
114141631976318293,2025-03-11 03:18:05.624000+00:00,https://truthsocial.com/@realDonaldTrump/114141631976318293,True,-48.0,True,False,False,False,False,"Despite the fact that Canada is charging the USA from 250% to 390% Tariffs on many of our farm products, Ontario just announced a 25% surcharge on “electricity,” of all things, and your not even allowed to do that. Because our Tariffs are reciprocal, we’ll just get it all back on"
114144217763824399,2025-03-11 14:15:41.562000+00:00,https://truthsocial.com/@realDonaldTrump/114144217763824399,True,0.0,True,False,False,False,False,"Based on Ontario, Canada, placing a 25% Tariff on “Electricity” coming into the United States, I have instructed my Secretary of Commerce to add an ADDITIONAL 25% Tariff, to 50%, on all STEEL and ALUMINUM COMING INTO THE UNITED STATES FROM CANADA, ONE OF THE HIGHEST TARIFFING NAT"
114145604547078768,2025-03-11 20:08:22.197000+00:00,https://truthsocial.com/@realDonaldTrump/114145604547078768,True,-2.0,False,False,False,True,False,"The price of eggs have come down, interest rates have come down, gasoline prices have come down—It's all coming down! We're doing it the right way, and I have tremendous confidence in this Country and in the people of this Country…"
114151280603984689,2025-03-12 20:11:51.949000+00:00,https://truthsocial.com/@realDonaldTrump/114151280603984689,True,1.0,True,False,False,False,False,“President Trump is delivering on his promise to put America first and his actions today put the domestic steel industry in a position to again be the envy of the world. We look forward to continuing to work with President Trump and his team to ensure our industry meets the explo
114151300866147161,2025-03-12 20:17:01.128000+00:00,https://truthsocial.com/@realDonaldTrump/114151300866147161,False,-2.0,True,False,False,False,False,Howard Lutnick: “What does the President want? He wants to worry about major things for national security...these are the kind of tariffs that are going to make sure these things COME BACK TO AMERICA and are BUILT IN AMERICA…”
114155003492555395,2025-03-13 11:58:38.721000+00:00,https://truthsocial.com/@realDonaldTrump/114155003492555395,True,0.0,True,False,False,False,False,"The European Union, one of the most hostile and abusive taxing and tariffing authorities in the World, which was formed for the sole purpose of taking advantage of the United States, has just put a nasty 50% Tariff on Whisky. If this Tariff is not removed immediately, the U.S. wi"
114155230513269064,2025-03-13 12:56:22.784000+00:00,https://truthsocial.com/@realDonaldTrump/114155230513269064,False,-1.0,True,False,False,True,False,"The Globalist Wall Street Journal has no idea what they are doing or saying. They are owned by the polluted thinking of the European Union, which was formed for the primary purpose of “screwing” the United States of America. Their (WSJ!) thinking is antiquated and weak, and very "
114179738803054417,2025-03-17 20:49:09.606000+00:00,https://truthsocial.com/@realDonaldTrump/114179738803054417,True,1.0,False,False,False,True,False,"I am pleased to announce that Michelle âMikiâ Bowman will be the Federal Reserveâs new Vice Chair of Supervision. Miki has been serving honorably on the Fedâs Board of Governors since 2018, and has great expertise dealing with Inflation, Regulation, and Banking. Our Econo"
114179860762359782,2025-03-17 21:20:10.557000+00:00,https://truthsocial.com/@realDonaldTrump/114179860762359782,False,1.0,False,False,False,True,False,"Our Great United States Air Force Academy will soon have an incredible Board of Visitors, composed of Doug Nikolai, Dan Clark, Senator Tommy Tuberville, Charlie Kirk, and Dina Powell. Congratulations to all!"
114180199351008084,2025-03-17 22:46:17.011000+00:00,https://truthsocial.com/@realDonaldTrump/114180199351008084,True,0.0,False,True,False,False,False,"After years of being held captive by Environmental Extremists, Lunatics, Radicals, and Thugs, allowing other Countries, in particular China, to gain tremendous Economic advantage over us by opening up hundreds of all Coal Fire Power Plants, I am authorizing my Administration to i"
114186496532193203,2025-03-19 01:27:44.369000+00:00,https://truthsocial.com/@realDonaldTrump/114186496532193203,True,1.0,True,False,False,False,False,Philip K. Bell: âTrump's tariffs are saving the American steel industryâ https://www.post-gazette.com/opinion/guest-columns/2025/03/18/trump-steel-tariff/stories/202503170010
114192326899482441,2025-03-20 02:10:28.764000+00:00,https://truthsocial.com/@realDonaldTrump/114192326899482441,True,-49.0,True,False,False,True,False,The Fed would be MUCH better off CUTTING RATES as U.S.Tariffs start to transition (ease!) their way into the economy. Do the right thing. April 2nd is Liberation Day in America!!!
114198186465713235,2025-03-21 03:00:38.647000+00:00,https://truthsocial.com/@realDonaldTrump/114198186465713235,True,-47.0,False,True,False,False,False,"The Fake News is at it again, this time the Failing New York Times. They said, incorrectly, that Elon Musk is going to the Pentagon tomorrow to be briefed on any potential âwar with China.â How ridiculous?â China will not even be mentioned or discussed. How disgraceful it i"
114198370343993836,2025-03-21 03:47:24.406000+00:00,https://truthsocial.com/@realDonaldTrump/114198370343993836,False,-46.0,False,False,False,True,False,"Egg prices are WAY DOWN from the Biden inspired prices if just a few weeks ago. âGroceriesâ and Gasoline are down, also. Now, if the Fed would do the right thing and lower interest rates, that would be great!!!"
114200175082806882,2025-03-21 11:26:22.539000+00:00,https://truthsocial.com/@realDonaldTrump/114200175082806882,True,-50.0,False,True,False,False,False,"âElon Musk will be briefed by the Pentagon about the USAâs top secret plans against China should there be a War,âaccording to the Failing New York Times, one of the worst and most purposely inaccurate newspapers anywhere in the World. Their FAKE concept for this story is th"
114217914259825110,2025-03-24 14:37:40.893000+00:00,https://truthsocial.com/@realDonaldTrump/114217914259825110,True,-44.0,True,False,False,False,False,"President Donald J. Trump announced today that the United States of America will be putting what is known as a Secondary Tariff on the Country of Venezuela, for numerous reasons, including the fact that Venezuela has purposefully and deceitfully sent to the United States, underco"
114231406967175939,2025-03-26 23:49:03.225000+00:00,https://truthsocial.com/@realDonaldTrump/114231406967175939,True,-1.0,False,False,True,False,False,"Senator Cynthia Lummis is an America First Warrior for the Wonderful People of Wyoming!Â As the Chair of the Senate Banking Subcommittee on Digital Assets, Cynthia is working closely with me to make America the Crypto Capital of the World. Cynthia is fighting tirelessly to Grow t"
114232829948632918,2025-03-27 05:50:56.198000+00:00,https://truthsocial.com/@realDonaldTrump/114232829948632918,True,0.0,True,False,False,False,False,"If the European Union works with Canada in order to do economic harm to the USA, large scale Tariffs, far larger than currently planned, will be placed on them both in order to protect the best friend that each of those two countries has ever had!"
114235085105377425,2025-03-27 15:24:27.239000+00:00,https://truthsocial.com/@realDonaldTrump/114235085105377425,True,-80.0,True,False,False,False,False,"Auto Workers for Trump founder Brian Pannebacker on President Trump's auto tariffs: ""To hear an announcement like this that's going to force the auto companies to build their assembly plants in the United States instead of right across the border in Mexico is music to our ears."""
114259773249991583,2025-04-01 00:02:58.350000+00:00,https://truthsocial.com/@realDonaldTrump/114259773249991583,True,0.0,True,False,False,False,False,âCompanies eye US expansion to lessen fallout from potential tariffsâ https://www.reuters.com/business/energy/indias-reliance-stop-buying-venezuelan-oil-over-us-tariffs-sources-say-2025-03-26/
114259775317961958,2025-04-01 00:03:29.904000+00:00,https://truthsocial.com/@realDonaldTrump/114259775317961958,False,1.0,True,False,False,False,False,"âTrump tariff on Venezuelan oil buyers shakes global market, major refiners pull backâ https://www.miamiherald.com/news/nation-world/world/americas/venezuela/article302854669.html#storylink=cpy"
114259778682053280,2025-04-01 00:04:21.237000+00:00,https://truthsocial.com/@realDonaldTrump/114259778682053280,False,0.0,True,False,False,False,False,"âIN A VICTORY FOR AUTOWORKERS, AUTO TARIFFS MARK THE BEGINNING OF THE END OF NAFTA AND THE âFREE TRADEâ DISASTERâ https://uaw.org/tariffs-mark-beginning-of-victory-for-autoworkers/"
114263461013940328,2025-04-01 15:40:49.161000+00:00,https://truthsocial.com/@realDonaldTrump/114263461013940328,True,1.0,True,False,False,False,False,"Senator Tim Kaine, who ran against me with Crooked Hillary in 2016, is trying to halt our critical Tariffs on deadly Fentanyl coming in from Canada. We are making progress to end this terrible Fentanyl Crisis, but Republicans in the Senate MUST vote to keep the National Emergency"
114266599439835683,2025-04-02 04:58:57.787000+00:00,https://truthsocial.com/@realDonaldTrump/114266599439835683,True,-46.0,True,False,False,False,False,"Mitch McConnell of Kentucky, Susan Collins of Maine, Lisa Murkowski of Alaska, and Rand Paul, also of Kentucky, will hopefully get on the Republican bandwagon, for a change, and fight the Democrats wild and flagrant push to not penalize Canada for the sale, into our Country, of l"
114269214484216882,2025-04-02 16:04:00.152000+00:00,https://truthsocial.com/@realDonaldTrump/114269214484216882,True,0.0,True,False,False,False,False,âTrump's tariffs are saving the American steel industryâ https://www.post-gazette.com/opinion/guest-columns/2025/03/18/trump-steel-tariff/stories/202503170010
114279915827492021,2025-04-04 13:25:29.692000+00:00,https://truthsocial.com/@realDonaldTrump/114279915827492021,True,-1.0,False,True,False,False,False,"CHINA PLAYED IT WRONG, THEY PANICKED - THE ONE THING THEY CANNOT AFFORD TO DO!"
114280292618523684,2025-04-04 15:01:19.068000+00:00,https://truthsocial.com/@realDonaldTrump/114280292618523684,True,-2.0,True,False,False,False,False,"Just had a very productive call with To Lam, General Secretary of the Communist Party of Vietnam, who told me that Vietnam wants to cut their Tariffs down to ZERO if they are able to make an agreement with the U.S. I thanked him on behalf of our Country, and said I look forward t"
114280322706682564,2025-04-04 15:08:58.175000+00:00,https://truthsocial.com/@realDonaldTrump/114280322706682564,False,0.0,False,False,False,True,False,"This would be a PERFECT time for Fed Chairman Jerome Powell to cut Interest Rates. He is always âlate,â but he could now change his image, and quickly. Energy prices are down, Interest Rates are down, Inflation is down, even Eggs are down 69%, and Jobs are UP, all within two "
114280893859636366,2025-04-04 17:34:13.278000+00:00,https://truthsocial.com/@realDonaldTrump/114280893859636366,True,0.0,True,True,False,False,False,"My Administration has been working very hard on a Deal to SAVE TIKTOK, and we have made tremendous progress. The Deal requires more work to ensure all necessary approvals are signed, which is why I am signing an Executive Order to keep TikTok up and running for an additional 75 d"
114282305980898453,2025-04-04 23:33:20.538000+00:00,https://truthsocial.com/@realDonaldTrump/114282305980898453,True,0.0,True,False,False,False,False,"Big business is not worried about the Tariffs, because they know they are here to stay, but they are focused on the BIG, BEAUTIFUL DEAL, which will SUPERCHARGE our Economy. Very important. Going on right now!!!"
114285375813275308,2025-04-05 12:34:02.463000+00:00,https://truthsocial.com/@realDonaldTrump/114285375813275308,True,0.0,False,True,False,False,False,"China has been hit much harder than the USA, not even close. They, and many other nations, have treated us unsustainably badly. We have been the dumb and helpless âwhipping post,â but not any longer. We are bringing back jobs and businesses like never before. Already, more th"
114287474604619244,2025-04-05 21:27:47.477000+00:00,https://truthsocial.com/@realDonaldTrump/114287474604619244,True,0.0,False,True,False,False,False,"Watch Mark Levin on Trade with China,  tonight on FoxNews, 8:00. Also, Lara Trump at 9:00. Her new show is doing GREAT!!!"
114287485415940651,2025-04-05 21:30:32.444000+00:00,https://truthsocial.com/@realDonaldTrump/114287485415940651,False,1.0,True,True,False,False,False,âWe need Tariffs on China!â  Gordon Chang
114293581018893404,2025-04-06 23:20:44.014000+00:00,https://truthsocial.com/@realDonaldTrump/114293581018893404,True,-49.0,True,True,False,False,False,"We have massive Financial Deficits with China, the European Union, and many others. The only way this problem can be cured is with TARIFFS, which are now bringing Tens of Billions of Dollars into the U.S.A. They are already in effect, and a beautiful thing to behold. The Surplus "
114296287858068040,2025-04-07 10:49:07.100000+00:00,https://truthsocial.com/@realDonaldTrump/114296287858068040,True,-47.0,True,True,False,True,False,"Oil prices are down, interest rates are down (the slow moving Fed should cut rates!), food prices are down, there is NO INFLATION, and the long time abused USA is bringing in Billions of Dollars a week from the abusing countries on Tariffs that are already in place. This is despi"
114296909356614075,2025-04-07 13:27:10.412000+00:00,https://truthsocial.com/@realDonaldTrump/114296909356614075,True,-44.0,False,True,False,False,False,"Countries from all over the World are talking to us. Tough but fair parameters are being set. Spoke to the Japanese Prime Minister this morning. He is sending a top team to negotiate! They have treated the U.S. very poorly on Trade. They donât take our cars, but we take MILLION"
114297149364879462,2025-04-07 14:28:12.604000+00:00,https://truthsocial.com/@realDonaldTrump/114297149364879462,True,-1.0,True,False,False,False,False,"âI appreciate what the President is doing on tariffs...Australia has sold $29 billion worth of beef in the United States, and we haven't been able to sell one hamburger in Australia because of barriersâ¦you look at these numbers, and the ranchers of Wyoming are saying thank yo"
114297331052690348,2025-04-07 15:14:24.983000+00:00,https://truthsocial.com/@realDonaldTrump/114297331052690348,False,-44.0,True,True,False,False,False,"Yesterday, China issued Retaliatory Tariffs of 34%, on top of their already record setting Tariffs, Non-Monetary Tariffs, Illegal Subsidization of companies, and massive long term Currency Manipulation, despite my warning that any country that Retaliates against the U.S. by issui"
114302499965852704,2025-04-08 13:08:56.344000+00:00,https://truthsocial.com/@realDonaldTrump/114302499965852704,True,-49.0,True,True,False,False,False,"I just had a great call with the Acting President of South Korea. We talked about their tremendous and unsustainable Surplus, Tariffs, Shipbuilding, large scale purchase of U.S. LNG, their joint venture in an Alaska Pipeline, and payment for the big time Military Protection we pr"
114307832213562859,2025-04-09 11:44:59.938000+00:00,https://truthsocial.com/@realDonaldTrump/114307832213562859,True,0.0,True,False,False,False,False,"This is a GREAT time to move your COMPANY into the United States of America, like Apple, and so many others, in record numbers, are doing. ZERO TARIFFS, and almost immediate Electrical/Energy hook ups and approvals. No Environmental Delays. DONâT WAIT, DO IT NOW!"
114308228615083777,2025-04-09 13:25:48.545000+00:00,https://truthsocial.com/@realDonaldTrump/114308228615083777,True,0.0,True,False,False,False,False,"âFixing Trade and Tariffs is a good thing!â Jamie Dimon, JPMorgan Chase, Chairman & CEO, on Maria B Show!"
114308272725981913,2025-04-09 13:37:01.627000+00:00,https://truthsocial.com/@realDonaldTrump/114308272725981913,False,-3.0,False,False,False,False,True,THIS IS A GREAT TIME TO BUY!!! DJT
114309144289505174,2025-04-09 17:18:40.629000+00:00,https://truthsocial.com/@realDonaldTrump/114309144289505174,True,-1.0,True,True,False,False,False,"Based on the lack of respect that China has shown to the Worldâs Markets, I am hereby raising the Tariff charged to China by the United States of America to 125%, effective immediately. At some point, hopefully in the near future, China will realize that the days of ripping off"
114316141098255318,2025-04-10 22:58:03.457000+00:00,https://truthsocial.com/@realDonaldTrump/114316141098255318,True,0.0,True,False,False,False,False,"Mexico OWES Texas 1.3 million acre-feet of water under the 1944 Water Treaty, but Mexico is unfortunately violating their Treaty obligation. This is very unfair, and it is hurting South Texas Farmers very badly. Last year, the only Sugar Mill in Texas CLOSED, because Mexico has b"
114319533589155171,2025-04-11 13:20:48.760000+00:00,https://truthsocial.com/@realDonaldTrump/114319533589155171,True,0.0,True,False,False,False,False,"We are doing really well on our TARIFF POLICY.  Very exciting for America, and the World!!! It is moving along quickly.  DJT"
114332337028519855,2025-04-13 19:36:53.741000+00:00,https://truthsocial.com/@realDonaldTrump/114332337028519855,True,-1.0,True,True,False,False,False,"NOBODY is getting âoff the hookâ for the unfair Trade Balances, and Non Monetary Tariff Barriers, that other Countries have used against us, especially not China which, by far, treats us the worst! There was no Tariff âexceptionâ announced on Friday. These products are su"
114342518862792060,2025-04-15 14:46:16.202000+00:00,https://truthsocial.com/@realDonaldTrump/114342518862792060,True,0.0,False,True,False,False,False,"Our farmers are GREAT, but because of their GREATNESS, they are always put on the Front Line with our adversaries, such as China, whenever there is a Trade negotiation or, in this case, a Trade War. The same thing happened in my First Term. China was brutal to our Farmers, I thes"
114345526663892197,2025-04-16 03:31:11.605000+00:00,https://truthsocial.com/@realDonaldTrump/114345526663892197,True,-1.0,True,False,False,False,False,"The United States is taking in RECORD NUMBERS in Tariffs, with the cost of almost all products going down, including gasoline, groceries, and just about everything else. Likewise, INFLATION is down. Promises Made, Promises Kept!"
114347128422370864,2025-04-16 10:18:32.500000+00:00,https://truthsocial.com/@realDonaldTrump/114347128422370864,True,-1.0,True,False,False,False,False,"Japan is coming in today to negotiate Tariffs, the cost of military support, and âTRADE FAIRNESS.â I will attend the meeting, along with Treasury & Commerce Secretaries. Hopefully something can be worked out which is good (GREAT!) for Japan and the USA!"
114352766082542122,2025-04-17 10:12:16.366000+00:00,https://truthsocial.com/@realDonaldTrump/114352766082542122,True,0.0,True,False,False,True,False,"The ECB is expected to cut interest rates for the 7th time, and yet, âToo Lateâ Jerome Powell of the Fed, who is always TOO LATE AND WRONG, yesterday issued a report which was another, and typical, complete âmess!â Oil prices are down, groceries (even eggs!) are down, and"
114353201227355474,2025-04-17 12:02:56.150000+00:00,https://truthsocial.com/@realDonaldTrump/114353201227355474,True,-1.0,False,True,False,False,False,"Had a very productive call with the President of Mexico yesterday. Likewise, I met with the highest level Japanese Trade Representatives. It was a very productive meeting. Every Nation, including China, wants to meet! Today, Italy!"
114372085732582216,2025-04-20 20:05:30.832000+00:00,https://truthsocial.com/@realDonaldTrump/114372085732582216,True,-1.0,True,False,False,False,False,"THE BUSINESSMEN WHO CRITICIZE TARIFFS ARE BAD AT BUSINESS, BUT REALLY BAD AT POLITICS. THEY DONâT UNDERSTAND OR REALIZE THAT I AM THE GREATEST FRIEND THAT AMERICAN CAPITALISM HAS EVER HAD!"
114372346621591852,2025-04-20 21:11:51.685000+00:00,https://truthsocial.com/@realDonaldTrump/114372346621591852,True,-3.0,False,True,False,False,False,"""A Gift from China"" in the Pacific Ocean!"
114372350378942829,2025-04-20 21:12:49.017000+00:00,https://truthsocial.com/@realDonaldTrump/114372350378942829,False,-3.0,True,False,False,False,False,"Since our announcement of LIBERATION DAY, many World Leaders and Business Executives have come to me asking for relief from Tariffs. Itâs good to see that the World knows we are serious, because WE ARE! They must right the wrongs of decades of abuse, but it wonât be easy for "
114372351596556599,2025-04-20 21:13:07.593000+00:00,https://truthsocial.com/@realDonaldTrump/114372351596556599,False,0.0,True,False,False,False,False,"NON-TARIFF CHEATING:1. Currency Manipulation2.Â VATs which act as tariffs and export subsidies3. Dumping Below Cost4.Â Export Subsidies and Other Govt. Subsidies5.Â Protective Agricultural Standards (e.g., no genetically engineered corn in EU)6.Â Protective Technical Standards (J"
114376239725335883,2025-04-21 13:41:55.730000+00:00,https://truthsocial.com/@realDonaldTrump/114376239725335883,True,0.0,False,False,False,True,False,"âPreemptive Cutsâ in Interest Rates are being called for by many. With Energy Costs way down, food prices (including Bidenâs egg disaster!) substantially lower, and most other âthingsâ trending down, there is virtually No Inflation. With these costs trending so nicely d"
114393275364471638,2025-04-24 13:54:18.957000+00:00,https://truthsocial.com/@realDonaldTrump/114393275364471638,True,-3.0,False,True,False,False,False,"Rupert Murdoch has told me for years that he is going to get rid of his FoxNews, Trump Hating, Fake Pollster, but he has never done so. This âpollsterâ has gotten me, and MAGA, wrong for years. Also, and while heâs at it, he should start making changes at the China Loving W"
114393469355437462,2025-04-24 14:43:39.022000+00:00,https://truthsocial.com/@realDonaldTrump/114393469355437462,False,0.0,False,True,False,False,False,"Boeing should default China for not taking the beautifully finished planes that China committed to purchase. This is just a small example of what China has done to the USA, for yearsâ¦ And, by the way, Fentanyl continues to pour into our Country from China, through Mexico and Ca"
114399870830051429,2025-04-25 17:51:37.816000+00:00,https://truthsocial.com/@realDonaldTrump/114399870830051429,True,-43.0,True,False,False,False,False,"Charles Payne, of Fox, is truly fantastic at what he does. He understands Tariffs, and he understands Life but, most importantly, he has been supportive of âTRUMPâ right from the beginning â and Iâll always be supportive of him. With that being said, go out and immediatel"
114410073592204291,2025-04-27 13:06:19.612000+00:00,https://truthsocial.com/@realDonaldTrump/114410073592204291,True,-44.0,True,False,False,False,False,"When Tariffs cut in, many peopleâs Income Taxes will be substantially reduced, maybe even completely eliminated. Focus will be on people making less than $200,000 a year. Also, massive numbers of jobs are already being created, with new plants and factories currently being buil"
114415618596069518,2025-04-28 12:36:29.612000+00:00,https://truthsocial.com/@realDonaldTrump/114415618596069518,True,0.0,True,False,False,False,False,"Good luck to the Great people of Canada. Elect the man who has the strength and wisdom to cut your taxes in half, increase your military power, for free, to the highest level in the World, have your Car, Steel, Aluminum, Lumber, Energy, and all other businesses, QUADRUPLE in size"
114427089568235019,2025-04-30 13:13:42.804000+00:00,https://truthsocial.com/@realDonaldTrump/114427089568235019,True,-47.0,True,False,False,False,True,"This is Bidenâs Stock Market, not Trumpâs. I didnât take over until January 20th. Tariffs will soon start kicking in, and companies are starting to move into the USA in record numbers. Our Country will boom, but we have to get rid of the Biden âOverhang.â This will take"
114438304481024140,2025-05-02 12:45:48.792000+00:00,https://truthsocial.com/@realDonaldTrump/114438304481024140,True,-46.0,True,False,False,True,False,"Gasoline just broke $1.98 a Gallon, lowest in years, groceries (and eggs!) down, energy down, mortgage rates down, employment strong, and much more good news, as Billions of Dollars pour in from Tariffs. Just like I said, and weâre only in a TRANSITION STAGE, just getting start"
114452117143235155,2025-05-04 23:18:33.245000+00:00,https://truthsocial.com/@realDonaldTrump/114452117143235155,True,0.0,True,False,False,False,False,"The Movie Industry in America is DYING a very fast death. Other Countries are offering all sorts of incentives to draw our filmmakers and studios away from the United States. Hollywood, and many other areas within the U.S.A., are being devastated. This is a concerted effort by ot"
114455608513522948,2025-05-05 14:06:27.402000+00:00,https://truthsocial.com/@realDonaldTrump/114455608513522948,True,-75.0,False,True,False,False,False,"Senator Markwayne Mullin: âPresident Trump is the first President we've had that actually has a backbone strong enough to stand up and say we've got to right this wrong, start manufacturing goods here. China has got rich off our country. We have spent trillions of dollars build"
114462406492811838,2025-05-06 18:55:16.305000+00:00,https://truthsocial.com/@realDonaldTrump/114462406492811838,True,-46.0,True,True,False,False,False,âððºð²ð¿ð¶ð°ð®ð» ð ð®ð»ðð³ð®ð°ððð¿ð²ð¿ð ð¢ðð²ð¿ððµð²ð¹ðºð²ð± ðªð¶ððµ ð¢ð¿ð±ð²ð¿ð ðð³ðð²ð¿ ð§ð¿ððºð½âð ð§ð®ð¿ð¶ð³ð³ ðð¿ð®ð°ð¸ð±ð¼ð
114468257803426979,2025-05-07 19:43:20.175000+00:00,https://truthsocial.com/@realDonaldTrump/114468257803426979,True,-1.0,False,True,False,False,False,"Congratulations to our new Ambassador to China, David Perdue!"
114471750357100883,2025-05-08 10:31:32.314000+00:00,https://truthsocial.com/@realDonaldTrump/114471750357100883,True,0.0,True,False,False,True,False,"âToo Lateâ Jerome Powell is a FOOL, who doesnât have a clue. Other than that, I like him very much! Oil and Energy way down, almost all costs (groceries and âeggsâ) down, virtually NO INFLATION, Tariff Money Pouring Into the U.S. â THE EXACT OPPOSITE OF âTOO LATE!â"
114472802068018414,2025-05-08 14:59:00.195000+00:00,https://truthsocial.com/@realDonaldTrump/114472802068018414,True,-46.0,True,False,False,False,False,"Today is an incredible day for America as we deliver our first Fair, Open, and Reciprocal Trade Deal â Something our past Presidents never cared about. Together with our strong Ally, the United Kingdom, we have reached the first, historic Trade Deal since Liberation Day. As par"
114477610338144415,2025-05-09 11:21:48.531000+00:00,https://truthsocial.com/@realDonaldTrump/114477610338144415,True,-3.0,False,True,False,False,False,CHINA SHOULD OPEN UP ITS MARKET TO USA â WOULD BE SO GOOD FOR THEM!!! CLOSED MARKETS DONâT WORK ANYMORE!!!
114477628854583525,2025-05-09 11:26:31.067000+00:00,https://truthsocial.com/@realDonaldTrump/114477628854583525,False,0.0,True,True,False,False,False,80% Tariff on China seems right! Up to Scott B.
114478129470076553,2025-05-09 13:33:49.853000+00:00,https://truthsocial.com/@realDonaldTrump/114478129470076553,True,0.0,False,False,False,True,False,"Costs down, NO INFLATION. Very different from what the Fed, and Fake News Media, were hoping for!"
114478160839858570,2025-05-09 13:41:48.518000+00:00,https://truthsocial.com/@realDonaldTrump/114478160839858570,False,0.0,True,False,False,False,False,"MSNBC, the worst there is on Television misrepresentation, is so far knowingly off in their statements about me and Tariffs that it should be considered a Major Campaign Violation. They are nothing less than an arm of the Democrat National Committee, and their untruths are incred"
114478777761818193,2025-05-09 16:18:41.999000+00:00,https://truthsocial.com/@realDonaldTrump/114478777761818193,True,1.0,False,True,False,False,False,"I highly recommend Keith Poole, who is the very successful Editor-in-Chief of the New York Post, to take over the entire operation of the highly inaccurate, âChina Centric,â Wall Street Journal. Itâs an easy move for Rupert, and heâll love the results. Such a change would"
114478780390671313,2025-05-09 16:19:22.116000+00:00,https://truthsocial.com/@realDonaldTrump/114478780390671313,False,-3.0,True,False,False,False,False,"I just watched an exhausted, highly neurotic Stephanie Ruhle spew LIES about Tariffs, as do many others, in order not to give me the Victory that they all see coming. Few people know Stephanie Ruhle, but I do, and she doesnât have what it takes. Our Deal with the United Kingdom"
114486066663976973,2025-05-10 23:12:21.866000+00:00,https://truthsocial.com/@realDonaldTrump/114486066663976973,True,-46.0,False,True,False,False,False,"A very good meeting today with China, in Switzerland. Many things discussed, much agreed to. A total reset negotiated in a friendly, but constructive, manner. We want to see, for the good of both China and the U.S., an opening up of China to American business. GREAT PROGRESS MADE"
114490604608562822,2025-05-11 18:26:25.407000+00:00,https://truthsocial.com/@realDonaldTrump/114490604608562822,True,-47.0,True,False,False,False,False,"IN JUST THREE MONTHS, TRILLIONS OF DOLLARS (and therefore, record numbers of JOBS!) HAVE BEEN POURING INTO THE USA. THIS IS BECAUSE OF MY TARIFF POLICY, and our great November 5th Election WIN! The very STUPID Democrats are doing everything within their power to disparage what is"
114495946485549840,2025-05-12 17:04:55.982000+00:00,https://truthsocial.com/@realDonaldTrump/114495946485549840,True,-48.0,True,False,False,False,False,"This week the Republicans are meeting in the Tax, Energy, and Agriculture Committees on major pieces of âTHE ONE, BIG, BEAUTIFUL BILL.â Republicans need to UNIFY behind their Highly Respected Chairmen, Jason Smith, Brett Guthrie, and Glenn âGTâ Thompson. Remember, these a"
114501759958997511,2025-05-13 17:43:22.547000+00:00,https://truthsocial.com/@realDonaldTrump/114501759958997511,True,-48.0,False,True,False,True,False,"No Inflation, and Prices of Gasoline, Energy, Groceries, and practically everything else, are DOWN!!! THE FED must lower the RATE, like Europe and China have done. What is wrong with Too Late Powell? Not fair to America, which is ready to blossom? Just let it all happen, it will "
114523638623110397,2025-05-17 14:27:24.420000+00:00,https://truthsocial.com/@realDonaldTrump/114523638623110397,True,0.0,True,True,False,False,False,"Walmart should STOP trying to blame Tariffs as the reason for raising prices throughout the chain. Walmart made BILLIONS OF DOLLARS  last year, far more than expected. Between Walmart and China they should, as is said, âEAT THE TARIFFS,â and not charge valued customers ANYTHI"
114523811882470999,2025-05-17 15:11:28.147000+00:00,https://truthsocial.com/@realDonaldTrump/114523811882470999,False,1.0,False,False,False,True,False,"THE CONSENSUS OF ALMOST EVERYBODY IS THAT, âTHE FED SHOULD CUT RATES SOONER, RATHER THAN LATER.â Too Late Powell, a man legendary for being Too Late, will probably blow it again - But who knows???"
114553573338999017,2025-05-22 21:20:11.936000+00:00,https://truthsocial.com/@realDonaldTrump/114553573338999017,True,-1.0,False,False,True,False,False,"Heading to the Crypto Dinner in Loudon County, Virginia, in a little while. The U.S.A. is DOMINATING in Crypto, Bitcoin, etc., and we are going to keep it that way!"
114556874484491575,2025-05-23 11:19:43.418000+00:00,https://truthsocial.com/@realDonaldTrump/114556874484491575,True,0.0,True,False,False,False,False,"I have long ago informed Tim Cook of Apple that I expect their iPhoneâs that will be sold in the United  States of America will be manufactured and built in the United States, not India, or anyplace else. If that is not the case, a Tariff of at least 25% must be paid by Apple t"
114556968834547173,2025-05-23 11:43:43.085000+00:00,https://truthsocial.com/@realDonaldTrump/114556968834547173,False,0.0,True,False,False,False,False,"The European Union, which was formed for the primary purpose of taking advantage of the United States on TRADE, has been very difficult to deal with. Their powerful Trade Barriers, Vat Taxes, ridiculous Corporate Penalties, Non-Monetary Trade Barriers, Monetary Manipulations, unf"
114558783827880495,2025-05-23 19:25:17.732000+00:00,https://truthsocial.com/@realDonaldTrump/114558783827880495,True,-46.0,True,False,False,False,False,"I am proud to announce that, after much consideration and negotiation, US Steel will REMAIN in America, and keep its Headquarters in the Great City of Pittsburgh. For many years, the name, âUnited States Steelâ was synonymous with Greatness, and now, it will be again. This wi"
114570775887793036,2025-05-25 22:15:01.999000+00:00,https://truthsocial.com/@realDonaldTrump/114570775887793036,True,-1.0,True,False,False,False,False,"I received a call today from Ursula von der Leyen, President of the European Commission, requesting an extension on the June 1st deadline on the 50% Tariff with respect to Trade and the European Union. I agreed to the extension â July 9, 2025 â It was my privilege to do so. T"
114580018376822663,2025-05-27 13:25:31.190000+00:00,https://truthsocial.com/@realDonaldTrump/114580018376822663,True,-1.0,True,True,False,False,False,"I was extremely satisfied with the 50% Tariff allotment on the European Union, especially since they were âslow walking (to put it mildly!), our negotiations with them. Remember, I am empowered to âSET A DEALâ for Trade into the United States if we are unable to make a deal"
114588947311720532,2025-05-29 03:16:15.923000+00:00,https://truthsocial.com/@realDonaldTrump/114588947311720532,True,0.0,False,False,False,True,False,âFHFA Director Pulte calls on Powell to lower interest ratesâ https://www.housingwire.com/articles/fhfa-director-pulte-calls-on-powell-to-lower-interest-rates/
114593880455063168,2025-05-30 00:10:49.717000+00:00,https://truthsocial.com/@realDonaldTrump/114593880455063168,True,0.0,True,False,False,False,False,"The U.S. Court of International Trade incredibly ruled against the United States of America on desperately needed Tariffs but, fortunately, the full 11 Judge Panel on the U.S. Court of Appeals for the Federal Circuit Court has just stayed the order by the Manhattan-based Court of"
114596705340367716,2025-05-30 12:09:14.104000+00:00,https://truthsocial.com/@realDonaldTrump/114596705340367716,True,-58.0,True,True,False,False,False,"Two weeks ago China was in grave economic danger! The very high Tariffs I set made it virtually impossible for China to TRADE into the United States marketplace which is, by far, number one in the World. We went, in effect, COLD TURKEY with China, and it was devastating for them."
114599330494282325,2025-05-30 23:16:50.715000+00:00,https://truthsocial.com/@realDonaldTrump/114599330494282325,True,0.0,True,False,False,False,False,"It is my great honor to raise the Tariffs on steel and aluminum from 25% to 50%, effective Wednesday, June 4th. Our steel and aluminum industries are coming back like never before. This will be yet another BIG jolt of great news for our wonderful steel and aluminum workers. MAKE "
114599860448694296,2025-05-31 01:31:37.179000+00:00,https://truthsocial.com/@realDonaldTrump/114599860448694296,True,-1.0,False,False,False,True,False,âHousing market chief Pulte sends blunt message on Fed interest rate cutsâ https://www.thestreet.com/fed/housing-market-chief-pulte-sends-blunt-message-on-fed-interest-rate-cuts
114609401400916551,2025-06-01 17:58:00.605000+00:00,https://truthsocial.com/@realDonaldTrump/114609401400916551,True,-50.0,True,False,False,False,False,"If the Courts somehow rule against us on Tariffs, which is not expected, that would allow other Countries to hold our Nation hostage with their anti-American Tariffs that they would use against us. This would mean the Economic ruination of the United States of America!"
114616351910119498,2025-06-02 23:25:36.959000+00:00,https://truthsocial.com/@realDonaldTrump/114616351910119498,True,-50.0,True,False,False,False,False,"If other Countries are allowed to use Tariffs against us, and weâre not allowed to counter them, quickly and nimbly, with Tariffs against them, our Country doesnât have, even a small chance, of Economic survival."
114617666432673584,2025-06-03 04:59:54.980000+00:00,https://truthsocial.com/@realDonaldTrump/114617666432673584,True,-48.0,True,False,False,False,False,"Because of Tariffs, our Economy is BOOMING!"
114623632387180206,2025-06-04 06:17:08.220000+00:00,https://truthsocial.com/@realDonaldTrump/114623632387180206,True,-47.0,False,True,False,False,False,"I like President XI of China, always have, and always will, but he is VERY TOUGH, AND EXTREMELY HARD TO MAKE A DEAL WITH!!!"
114625064616541014,2025-06-04 12:21:22.308000+00:00,https://truthsocial.com/@realDonaldTrump/114625064616541014,True,-49.0,False,False,False,True,False,ADP NUMBER OUT!!! âToo Lateâ Powell must now LOWER THE RATE. He is unbelievable!!! Europe has lowered NINE TIMES!
114631295762726849,2025-06-05 14:46:02.049000+00:00,https://truthsocial.com/@realDonaldTrump/114631295762726849,True,-45.0,False,True,False,False,False,"I just concluded a very good phone call with President Xi, of China, discussing some of the intricacies of our recently made, and agreed to, Trade Deal. The call lasted approximately one and a half hours, and resulted in a very positive conclusion for both Countries. There should"
114631479329996984,2025-06-05 15:32:43.019000+00:00,https://truthsocial.com/@realDonaldTrump/114631479329996984,False,-1.0,True,False,False,False,False,"Shockingly, the Democrat controlled CBO just announced that the Tariffs will be reducing the Deficit by at least $2.8 Trillion Dollars. Too bad this information couldnât have been released earlier, it would have kept people from knowingly saying untruths."
114631720913326891,2025-06-05 16:34:09.289000+00:00,https://truthsocial.com/@realDonaldTrump/114631720913326891,True,-2.0,False,True,False,False,False,BelowâRegarding my phone call this morning with President Xiâ¦
114636703372425608,2025-06-06 13:41:15.626000+00:00,https://truthsocial.com/@realDonaldTrump/114636703372425608,True,-46.0,False,False,False,True,False,"âToo Lateâ at the Fed is a disaster! Europe has had 10 rate cuts, we have had none. Despite him, our Country is doing great. Go for a full point, Rocket Fuel!"
114636734825372318,2025-06-06 13:49:15.560000+00:00,https://truthsocial.com/@realDonaldTrump/114636734825372318,False,-46.0,False,False,False,True,False,"If âToo Lateâ at the Fed would CUT, we would greatly reduce interest rates, long and short, on debt that is coming due. Biden went mostly short term. There is virtually no inflation (anymore), but if it should come back, RAISE âRATEâ TO COUNTER. Very Simple!!! He is costi"
114636826069773755,2025-06-06 14:12:27.838000+00:00,https://truthsocial.com/@realDonaldTrump/114636826069773755,False,-45.0,True,False,False,False,True,"GREAT JOB NUMBERS, STOCK MARKET UP BIG! AT THE SAME TIME, BILLIONS POURING IN FROM TARIFFS!!!"
114637837347707659,2025-06-06 18:29:38.670000+00:00,https://truthsocial.com/@realDonaldTrump/114637837347707659,True,-1.0,False,True,False,False,False,"Just inspected the site of the new Ballroom that will be built, compliments of a man known as Donald J. Trump, at the White House. For 150 years, Presidents, and many others, have wanted a beautiful Ballroom, but it never got built because nobody previously had any knowledge or e"
114637838750311907,2025-06-06 18:30:00.071000+00:00,https://truthsocial.com/@realDonaldTrump/114637838750311907,False,0.0,False,True,False,False,False,"I am pleased to announce that Secretary of the Treasury Scott Bessent, Secretary of Commerce Howard Lutnick, and United States Trade Representative, Ambassador Jamieson Greer, will be meeting in London on Monday, June 9, 2025, with Representatives of China, with reference to the "
114664317659540633,2025-06-11 10:43:56.212000+00:00,https://truthsocial.com/@realDonaldTrump/114664317659540633,True,-50.0,True,False,False,False,False,A Federal Appeals Court has just ruled that the United States can use TARIFFS to protect itself against other countries. A great and important win for the U.S.
114664632971715644,2025-06-11 12:04:07.488000+00:00,https://truthsocial.com/@realDonaldTrump/114664632971715644,True,-44.0,True,True,False,False,False,"OUR DEAL WITH CHINA IS DONE, SUBJECT TO FINAL APPROVAL WITH PRESIDENT XI AND ME. FULL MAGNETS, AND ANY NECESSARY RARE EARTHS, WILL BE SUPPLIED, UP FRONT, BY CHINA. LIKEWISE, WE WILL PROVIDE TO CHINA WHAT WAS AGREED TO, INCLUDING CHINESE STUDENTS USING OUR COLLEGES AND UNIVERSITIE"
114664867178522750,2025-06-11 13:03:41.202000+00:00,https://truthsocial.com/@realDonaldTrump/114664867178522750,False,-46.0,False,True,False,False,False,"Adding to the China readout, President XI and I are going to work closely together to open up China to American Trade. This would be a great WIN for both countries!!!"
114665067086649498,2025-06-11 13:54:31.556000+00:00,https://truthsocial.com/@realDonaldTrump/114665067086649498,True,-44.0,False,False,False,True,False,CPI JUST OUT. GREAT NUMBERS! FED SHOULD LOWER ONE FULL POINT. WOULD PAY MUCH LESS INTEREST ON DEBT COMING DUE. SO IMPORTANT!!!
114670526015735789,2025-06-12 13:02:48.206000+00:00,https://truthsocial.com/@realDonaldTrump/114670526015735789,True,-46.0,False,True,False,False,False,THE CHINA DEAL IS GREAT!
114671982391481893,2025-06-12 19:13:10.734000+00:00,https://truthsocial.com/@realDonaldTrump/114671982391481893,True,-44.0,True,False,False,False,False,"The House of Representatives is NOW voting on my Administrationâs first âRescissionsâ Bill. It will OFFICALLY âclaw backâ $9.4 BILLION DOLLARS in funding for wasteful Foreign Aid, used for Radical âDEIâ and the Green New SCAM, and the âCorporation for Public Broad"
114700676310138971,2025-06-17 20:50:25.142000+00:00,https://truthsocial.com/@realDonaldTrump/114700676310138971,True,0.0,False,True,False,False,False,âFBI asked spy agencies to destroy intel on alleged China plot to aid Joe Biden in 2020 electionâ https://justthenews.com/government/security/fbi-asked-spy-agencies-destroy-intel-alleged-china-plot-aid-joe-biden-2020
114707090627277644,2025-06-19 00:01:39.854000+00:00,https://truthsocial.com/@realDonaldTrump/114707090627277644,True,0.0,False,False,True,False,False,"The Senate just passed an incredible Bill that is going to make America the UNDISPUTED Leader in Digital Assets â Nobody will do it better, it is pure GENIUS! Digital Assets are the future, and our Nation is going to own it. We are talking about MASSIVE Investment, and Big Inno"
114708015987777473,2025-06-19 03:56:59.735000+00:00,https://truthsocial.com/@realDonaldTrump/114708015987777473,True,0.0,False,False,False,True,False,"Too LateâPowell is the WORST. A real dummy, whoâs costing America $Billions! âFannie, Freddie regulator: Powell should cut rates or quitâ https://www.nationalmortgagenews.com/news/fannie-mae-freddie-mac-regulator-to-powell-cut-or-quit"
114710405985383754,2025-06-19 14:04:48.247000+00:00,https://truthsocial.com/@realDonaldTrump/114710405985383754,True,-43.0,False,False,False,True,False,"âToo Lateâ Jerome Powell is costing our Country Hundreds of Billions of Dollars. He is truly one of the dumbest, and most destructive, people in Government, and the Fed Board is complicit. Europe has had 10 cuts, we have had none. We should be 2.5 Points lower, and save $BILL"
114717929371967424,2025-06-20 21:58:06.059000+00:00,https://truthsocial.com/@realDonaldTrump/114717929371967424,True,-86.0,True,False,False,True,False,"âToo Lateâ Powell complains about costs, much of which were produced by the Biden Fake âGovernment,â but he could do the biggest and best job for our Country by helping to lower Interest Rates and, if he reduced them to the number they should be, 1% to 2%, that ânumbsku"
114722976310902061,2025-06-21 19:21:36.200000+00:00,https://truthsocial.com/@realDonaldTrump/114722976310902061,True,-50.0,False,True,False,False,False,"I HATE âGREEN TAX CREDITSâ IN THE GREAT, BIG, BEAUTIFUL BILL. They are largely a giant SCAM. I would much prefer that this money be used somewhere else, including reductions. âAnywhereâ would be preferable! Windmills, and the rest of this âJUNK,â are the most expensiv"
114724035571020048,2025-06-21 23:50:59.225000+00:00,https://truthsocial.com/@realDonaldTrump/114724035571020048,True,-49.0,False,False,False,False,True,"We have completed our very successful attack on the three Nuclear sites in Iran, including Fordow, Natanz, and Esfahan. All planes are now outside of Iran air space. A full payload of BOMBS was dropped on the primary site, Fordow. All planes are safely on their way home. Congratu"
114736702510423652,2025-06-24 05:32:21.331000+00:00,https://truthsocial.com/@realDonaldTrump/114736702510423652,True,2.0,False,False,False,True,False,"âToo Lateâ Jerome Powell, of the Fed, will be in Congress today in order to explain, among other things, why he is refusing to lower the Rate. Europe has had 10 cuts, we have had ZERO. No inflation, great economy - We should be at least two to three points lower. Would save t"
114738521695017472,2025-06-24 13:14:59.887000+00:00,https://truthsocial.com/@realDonaldTrump/114738521695017472,True,0.0,False,True,False,False,False,"China can now continue to purchase Oil from Iran. Hopefully, they will be purchasing plenty from the U.S., also. It was my Great Honor to make this happen!"
114741178126658442,2025-06-25 00:30:33.899000+00:00,https://truthsocial.com/@realDonaldTrump/114741178126658442,True,-82.0,False,False,False,False,True,"Steve Witkoff: âWe put 12 bunker buster bombs on Fordow. There's no doubt that it breached the canopy...and there's no doubt that it was OBLITERATED. So, the reporting out there that in some way suggests that we did not achieve the objective is just completely preposterous!â"
114744712068575344,2025-06-25 15:29:17.492000+00:00,https://truthsocial.com/@realDonaldTrump/114744712068575344,True,-1.0,False,False,False,False,True,"A letter from the Atomic Energy Commission of Israel states that ""the devastating U.S. strike on Fordow destroyed the site's critical infrastructure and rendered the enrichment facility totally inoperable."""
114756567645919781,2025-06-27 17:44:19.289000+00:00,https://truthsocial.com/@realDonaldTrump/114756567645919781,True,-44.0,True,False,False,False,False,"We have just been informed that Canada, a very difficult Country to TRADE with, including the fact that they have charged our Farmers as much as 400% Tariffs, for years, on Dairy Products, has just announced that they are putting a Digital Services Tax on our American Technology "
114758739525947038,2025-06-28 02:56:39.553000+00:00,https://truthsocial.com/@realDonaldTrump/114758739525947038,True,-49.0,True,False,False,False,False,"Where does CNN get its âtalent?â Just watched someone named Abby Phillip lecture her audience on Tariffs and the economy (which is doing record business!). She has absolutely no idea what she is talking about, strictly 3rd rate. Fortunately, the audience has long ago left CNN"
114764131885531801,2025-06-29 01:48:00.426000+00:00,https://truthsocial.com/@realDonaldTrump/114764131885531801,True,-44.0,False,True,False,False,True,"Looks like Senator Thom Tillis, as usual, wants to tell the Nation that heâs giving them a 68% Tax Increase, as opposed to the Biggest Tax Cut in American History! At the same time, he is unable to understand the importance of a Debt Extension, which Republicans gave to the Dem"
114767794156725396,2025-06-29 17:19:22.206000+00:00,https://truthsocial.com/@realDonaldTrump/114767794156725396,True,-1.0,False,False,False,False,True,"Regarding Iran's Fordow nuclear facilityâThey didn't move anything...they didn't think it was going to be actually doable, what we didâ¦"
114773418889111055,2025-06-30 17:09:48.810000+00:00,https://truthsocial.com/@realDonaldTrump/114773418889111055,True,0.0,False,False,False,True,False,"Jerome âToo Lateâ Powell, and his entire Board, should be ashamed of themselves for allowing this to happen to the United States. They have one of the easiest, yet most prestigious, jobs in America, and they have FAILED â And continue to do so. If they were doing their job "
114774593071456633,2025-06-30 22:08:25.411000+00:00,https://truthsocial.com/@realDonaldTrump/114774593071456633,True,0.0,True,False,False,False,False,âU.S. TARIFF REVENUEâ
114779394158777330,2025-07-01 18:29:24.190000+00:00,https://truthsocial.com/@realDonaldTrump/114779394158777330,True,0.0,True,False,False,False,False,"Almost all of our Great Republicans in the United States Senate have passed our âONE, BIG, BEAUTIFUL BILL.â It is no longer a âHouse Billâ or a âSenate Billâ. It is everyoneâs Bill. There is so much to be proud of, and EVERYONE got a major Policy WIN â But, the Bi"
114783440783668830,2025-07-02 11:38:30.784000+00:00,https://truthsocial.com/@realDonaldTrump/114783440783668830,True,1.0,True,False,False,False,False,"Nobody wants to talk about GROWTH, which will be the primary reason that the Big, Beautiful Bill will be one of the most successful pieces of legislation ever passed. THIS GROWTH has already begun at levels never seen before. Trillions of Dollars are now being invested into the U"
114783684148640192,2025-07-02 12:40:24.288000+00:00,https://truthsocial.com/@realDonaldTrump/114783684148640192,True,-48.0,False,True,False,False,False,"âFBI blocked probe into alleged 2020 election plot by China because it would âcontradict Director Wrayâs testimonyâ to Congress, docs showâ https://nypost.com/2025/07/01/us-news/fbi-blocked-probe-into-alleged-2020-election-plot-by-china-because-it-would-contradict-direc"
114784170652465525,2025-07-02 14:44:07.699000+00:00,https://truthsocial.com/@realDonaldTrump/114784170652465525,True,0.0,True,False,False,False,False,"It is my Great Honor to announce that I have just made a Trade Deal with the Socialist Republic of Vietnam after speaking with To Lam, the Highly Respected General Secretary of the Communist Party of Vietnam. It will be a Great Deal of Cooperation between our two Countries. The T"
114785927683921380,2025-07-02 22:10:57.872000+00:00,https://truthsocial.com/@realDonaldTrump/114785927683921380,True,0.0,False,False,False,True,False,"âToo Lateâ should resign immediately!!!âFed Chair Should Be Investigated by Congress, FHFA Head Saysâ https://www.bloomberg.com/news/articles/2025-07-02/fed-s-powell-should-be-investigated-by-congress-fhfa-head-says"
114809528606729733,2025-07-07 02:12:59.423000+00:00,https://truthsocial.com/@realDonaldTrump/114809528606729733,True,-48.0,True,False,False,False,False,"I am pleased to announce that the UNITED STATES TARIFF Letters, and/or Deals, with various Countries from around the World, will be delivered starting 12:00 P.M. (Eastern), Monday, July 7th. Thank you for your attention to this matter! DONALD J. TRUMP, President of The United Sta"
114809574296066307,2025-07-07 02:24:36.588000+00:00,https://truthsocial.com/@realDonaldTrump/114809574296066307,False,-49.0,True,False,False,False,False,"Any Country aligning themselves with the Anti-American policies of BRICS, will be charged an ADDITIONAL 10% Tariff. There will be no exceptions to this policy. Thank you for your attention to this matter!"
114818149310161097,2025-07-08 14:45:20.916000+00:00,https://truthsocial.com/@realDonaldTrump/114818149310161097,True,-46.0,True,False,False,False,False,"As per letters sent to various countries yesterday, in addition to letters that will be sent today, tomorrow, and for the next short period of time, TARIFFS WILL START BEING PAID ON AUGUST 1, 2025. There has been no change to this date, and there will be no change. In other words"
114819184205071380,2025-07-08 19:08:32.161000+00:00,https://truthsocial.com/@realDonaldTrump/114819184205071380,True,-48.0,True,False,False,True,False,"A new Study by the Council of Economic Advisers (CEA), led by Highly Respected Chair, Dr. Stephen Miran, has found that Tariffs have had ZERO IMPACT on Inflation. In fact, the Study shows that Import Prices are actually DROPPING, just like I always said they would. The Fake News "
114823635614745836,2025-07-09 14:00:35.279000+00:00,https://truthsocial.com/@realDonaldTrump/114823635614745836,True,-45.0,False,False,False,True,False,"Our Fed Rate is AT LEAST 3 Points too high. âToo Lateâ is costing the U.S. 360 Billion Dollars a Point, PER YEAR, in refinancing costs. No Inflation, COMPANIES POURING INTO AMERICA. âThe hottest Country in the World!â LOWER THE RATE!!!"
114825046600516465,2025-07-09 19:59:25.247000+00:00,https://truthsocial.com/@realDonaldTrump/114825046600516465,True,-78.0,True,False,False,False,False,"""High Hopes for Local Aluminum Plant""""Since its expansion, Rosemount business is adding needed domestic aluminum supply in face of tariffs."""
114826107762484260,2025-07-10 00:29:17.214000+00:00,https://truthsocial.com/@realDonaldTrump/114826107762484260,True,1.0,True,False,False,False,False,"I am announcing a 50% TARIFF on Copper, effective August 1, 2025, after receiving a robust NATIONAL SECURITY ASSESSMENT. Copper is necessary for Semiconductors, Aircraft, Ships, Ammunition, Data Centers, Lithium-ion Batteries, Radar Systems, Missile Defense Systems, and even, Hyp"
114829408208555940,2025-07-10 14:28:38.068000+00:00,https://truthsocial.com/@realDonaldTrump/114829408208555940,True,-42.0,True,False,True,True,True,"Tech Stocks, Industrial Stocks, & NASDAQ, HIT ALL-TIME, RECORD HIGHS! CRYPTO, âThrough the Roof.â NVIDIA IS UP 47% SINCE TRUMP TARIFFS. USA is taking in Hundreds of Billions of Dollars in Tariffs. COUNTRY IS NOW âBACK.â A GREAT CREDIT! FED SHOULD RAPIDLY LOWER RATE TO REF"
114829442018326447,2025-07-10 14:37:13.969000+00:00,https://truthsocial.com/@realDonaldTrump/114829442018326447,False,-47.0,False,False,False,True,False,"âToo Lateâ DEMEANS THE GREAT CREDIT OF THE USA. We are now, again, the Number One Credit in the World! âGigantic Comeback.â The Fed Rate should be reflective of this. We should be at the top of the list!!! LOWER THE RATE!!!"
114841565274628116,2025-07-12 18:00:20.131000+00:00,https://truthsocial.com/@realDonaldTrump/114841565274628116,True,1.0,True,False,False,False,False,âUS customs duties top $100 billion for first time in a fiscal yearâ https://www.reuters.com/business/trumps-tariff-collections-expected-grow-june-us-budget-data-2025-07-11/
114841568204031318,2025-07-12 18:01:04.831000+00:00,https://truthsocial.com/@realDonaldTrump/114841568204031318,False,1.0,True,False,False,False,False,âTreasury posts unexpected surplus in June as tariff receipts surgeâ https://www.cnbc.com/2025/07/11/treasury-posts-unexpected-surplus-in-june-as-tariff-receipts-surge.html
114857617089281818,2025-07-15 14:02:31.387000+00:00,https://truthsocial.com/@realDonaldTrump/114857617089281818,True,-1.0,False,False,False,True,False,"Consumer Prices LOW. Bring down the Fed Rate, NOW!!!"
114857639804190832,2025-07-15 14:08:17.989000+00:00,https://truthsocial.com/@realDonaldTrump/114857639804190832,False,-1.0,False,False,False,True,False,Fed should cut Rates by 3 Points. Very Low Inflation. One Trillion Dollars a year would be saved!!!
114857957325423668,2025-07-15 15:29:02.978000+00:00,https://truthsocial.com/@realDonaldTrump/114857957325423668,True,0.0,False,True,True,False,False,"HAPPY CRYPTO WEEK! The House will soon VOTE on a tremendous Bill to Make America the UNDISPUTED, NUMBER ONE LEADER in Digital Assets - Nobody does it better! The GENIUS Act is going to put our Great Nation lightyears ahead of China, Europe, and all others, who are trying endlessl"
114858589029028619,2025-07-15 18:09:42.009000+00:00,https://truthsocial.com/@realDonaldTrump/114858589029028619,True,1.0,True,False,False,False,False,"This morning I finalized an important Deal with the Republic of Indonesia after speaking with their Highly Respected President Prabowo Subianto. This landmark Deal opens up Indonesiaâs ENTIRE MARKET to the United States for the first time in History. As part of the Agreement, I"
114860136006223294,2025-07-16 00:43:07.010000+00:00,https://truthsocial.com/@realDonaldTrump/114860136006223294,True,-1.0,False,False,True,False,False,"I am in the Oval Office with 11 of the 12 Congressmen/women necessary to pass the GENIUS Act and, after a short discussion, they have all agreed to vote tomorrow morning in favor of the Rule. Speaker of the House Mike Johnson was at the meeting via telephone, and looks forward to"
114863410012919913,2025-07-16 14:35:44.386000+00:00,https://truthsocial.com/@realDonaldTrump/114863410012919913,True,0.0,True,False,False,False,False,Fox Business: âTariff revenues topped a record $113 billion for the first time during the fiscal year â a revelation that comes as President Donald Trump imposes near-weekly duties on some of the worldâs largest economiesâ¦The U.S. received more than $27 billion in customs
114873827864802531,2025-07-18 10:45:08.191000+00:00,https://truthsocial.com/@realDonaldTrump/114873827864802531,True,-1.0,False,False,False,True,False,"âToo Late,â and the Fed, are choking out the housing market with their high rate, making it difficult for people, especially the young, to buy a house. He is truly one of my worst appointments. Sleepy Joe saw how bad he was and reappointed him anyway - And the Fed Board has d"
114876927258467384,2025-07-18 23:53:21.186000+00:00,https://truthsocial.com/@realDonaldTrump/114876927258467384,True,-1.0,False,False,True,False,False,I pledged that we would bring back American liberty and leadership and make the U.S. the crypto capital of the worldâThe Genius Act creates a clear and simple regulatory framework to establish and unleash the immense promise of dollar-backed stablecoinsâ¦
114877342999804008,2025-07-19 01:39:04.895000+00:00,https://truthsocial.com/@realDonaldTrump/114877342999804008,True,-1.0,False,False,True,False,False,We have fulfilled so many of our promisesâ¦âOne Big Beautiful BillâLaken Riley ActâTAKE IT DOWN ActâRescissions Act of 2025âHALT Fentanyl ActâGENIUS Act
114887244433511273,2025-07-20 19:37:08.782000+00:00,https://truthsocial.com/@realDonaldTrump/114887244433511273,True,0.0,False,False,False,True,False,"The Wall Street Journal ran a typically untruthful story today by saying that Secretary of the Treasury, Scott Bessent, explained to me that firing Jerome âToo Lateâ Powell, the Worst Federal Reserve Chairman in History, would be bad for the Market. Nobody had to explain that"
114888005422699333,2025-07-20 22:50:40.556000+00:00,https://truthsocial.com/@realDonaldTrump/114888005422699333,True,0.0,False,False,True,False,False,âGreatest BitcoinÂ explanation of all timeâ
114892503981994226,2025-07-21 17:54:43.204000+00:00,https://truthsocial.com/@realDonaldTrump/114892503981994226,True,-81.0,False,False,True,False,False,âFact Sheet: President Donald J. Trump Signs GENIUS Act into Lawâ https://www.whitehouse.gov/fact-sheets/2025/07/fact-sheet-president-donald-j-trump-signs-genius-act-into-law/
114898069194751986,2025-07-22 17:30:01.581000+00:00,https://truthsocial.com/@realDonaldTrump/114898069194751986,True,-50.0,True,False,False,False,False,"President Ferdinand Marcos, of the Philippines, is just leaving the White House, with all of his many Representatives. It was a beautiful visit, and we concluded our Trade Deal, whereby The Philippines is going OPEN MARKET with the United States, and ZERO Tariffs. The Philippines"
114898507608732258,2025-07-22 19:21:31.247000+00:00,https://truthsocial.com/@realDonaldTrump/114898507608732258,True,-50.0,True,False,False,False,False,"It is my Great Honor to announce our Trade Agreement with the Republic of Indonesia, as represented by their Highly Respected President, Prabowo Subianto. It is agreed that Indonesia will be Open Market to American Industrial and Tech Products, and Agricultural Goods, by eliminat"
114899417740854572,2025-07-22 23:12:58.709000+00:00,https://truthsocial.com/@realDonaldTrump/114899417740854572,True,2.0,True,False,False,False,False,"We just completed a massive Deal with Japan, perhaps the largest Deal ever made. Japan will invest, at my direction, $550 Billion Dollars into the United States, which will receive 90% of the Profits. This Deal will create Hundreds of Thousands of Jobs â There has never been an"
114902704048179740,2025-07-23 13:08:43.827000+00:00,https://truthsocial.com/@realDonaldTrump/114902704048179740,True,-45.0,False,False,False,True,False,"Housing in our Country is lagging because Jerome âToo Lateâ Powell refuses to lower Interest Rates. Families are being hurt because Interest Rates are too high, and even our Country is having to pay a higher Rate than it should be because of âToo Late.â Our Rate should be"
114902743574618008,2025-07-23 13:18:46.953000+00:00,https://truthsocial.com/@realDonaldTrump/114902743574618008,False,-46.0,True,False,False,False,False,"Remember, Japan is, for the first time ever, OPENING ITS MAKET TO THE USA, even to cars, SUVâs, Trucks, -and everything else, even agriculture and RICE, which was always a complete NO, NO. The Open Market Japan may be as big a profit factor as the Tariffs themselves, but was on"
114902777792812157,2025-07-23 13:27:29.085000+00:00,https://truthsocial.com/@realDonaldTrump/114902777792812157,False,-50.0,True,False,False,False,False,"I will always give up Tariff points if I can get major countries to OPEN THEIR MARKETS TO THE USA. Another great power of Tariffs. Without them, it would be impossible to get countries to OPEN UP!!! ALWAYS, ZERO TARIFFS TO AMERICA!!!"
114902814296069974,2025-07-23 13:36:46.080000+00:00,https://truthsocial.com/@realDonaldTrump/114902814296069974,False,-49.0,True,False,False,False,False,"I WILL ONLY LOWER TARIFFS IF A COUNTRY AGREES TO OPEN ITS MARKET. IF NOT, MUCH HIGHER TARIFFS! Japanâs Markets are now OPEN (for first time ever!). USA BUSINESSES WILL BOOM!"
114909909285967834,2025-07-24 19:41:07.029000+00:00,https://truthsocial.com/@realDonaldTrump/114909909285967834,True,-44.0,False,False,False,True,False,"Getting ready to head over to the Fed to look at their, now, $3.1 Billion Dollar (PLUS!) construction project. Also present will be Fed Chair Jerome Powell, Senator Tim Scott, Senator Thom Tillis, OMB Director Russ Vought, Chairman of Fannie Mae and Freddie Mac, Bill Pulte, my Ap"
114910307760776254,2025-07-24 21:22:27.228000+00:00,https://truthsocial.com/@realDonaldTrump/114910307760776254,True,0.0,False,False,False,True,False,"It was a Great Honor to tour the Renovation (and some new Construction!) of the Federal Reserve Building with Chairman Jerome Powell, Senator Tim Scott, and others. Itâs got a long way to go, would have been much better if it were never started, but it is what it is and, hopefu"
114934232969144109,2025-07-29 02:46:56.936000+00:00,https://truthsocial.com/@realDonaldTrump/114934232969144109,True,0.0,False,True,False,False,False,"The Fake News is reporting that I am SEEKING a âSummitâ with President Xi of China. This is not correct, I am not SEEKING anything! I may go to China, but it would only be at the invitation of President Xi, which has been extended. Otherwise, no interest! Thank you for your a"
114942106248731470,2025-07-30 12:09:13.692000+00:00,https://truthsocial.com/@realDonaldTrump/114942106248731470,True,-44.0,True,True,False,False,False,"Remember, while India is our friend, we have, over the years, done relatively little business with them because their Tariffs are far too high, among the highest in the World, and they have the most strenuous and obnoxious non-monetary Trade Barriers of any Country. Also, they ha"
114943927434273211,2025-07-30 19:52:22.728000+00:00,https://truthsocial.com/@realDonaldTrump/114943927434273211,True,6.0,True,False,False,False,False,"We are very busy in the White House today working on Trade Deals. I have spoken to the Leaders of many Countries, all of whom want to make the United States âextremely happy.â I will be meeting with the South Korean Trade Delegation this afternoon. South Korea is right now at"
114944494894008041,2025-07-30 22:16:41.475000+00:00,https://truthsocial.com/@realDonaldTrump/114944494894008041,True,8.0,True,False,False,False,False,"I am pleased to announce that the United States of America has agreed to a Full and Complete Trade Deal with the Republic of Korea. The Deal is that South Korea will give to the United States $350 Billion Dollars for Investments owned and controlled by the United States, and sele"
114945847973193713,2025-07-31 04:00:47.874000+00:00,https://truthsocial.com/@realDonaldTrump/114945847973193713,True,-41.0,True,False,False,False,False,"I donât care what India does with Russia. They can take their dead economies down together, for all I care. We have done very little business with India, their Tariffs are too high, among the highest in the World. Likewise, Russia and the USA do almost no business together. Let"
114947373855664074,2025-07-31 10:28:50.995000+00:00,https://truthsocial.com/@realDonaldTrump/114947373855664074,True,-44.0,True,False,False,False,False,"Tariffs are making America GREAT & RICH Again. They were successfully used against the USA for decades and, coupled with really dumb, pathetic, and crooked politicians, weâre having a devastating impact on the future, and even the survival, of our country. Now the tide has comp"
114947427321891876,2025-07-31 10:42:26.819000+00:00,https://truthsocial.com/@realDonaldTrump/114947427321891876,False,-38.0,True,False,False,False,False,"To all of my great lawyers who have fought so hard to save our Country, good luck in Americaâs big case today. If our Country was not able to protect itself by using TARIFFS AGAINST TARIFFS, WE WOULD BE âDEAD,â WITH NO CHANCE OF SURVIVAL OR SUCCESS. Thank you for your atten"
114947541528857255,2025-07-31 11:11:29.478000+00:00,https://truthsocial.com/@realDonaldTrump/114947541528857255,False,-37.0,False,False,False,True,False,"Jerome âToo Lateâ Powell has done it again!!! He is TOO LATE, and actually, TOO ANGRY, TOO STUPID, & TOO POLITICAL, to have the job of Fed Chair. He is costing our Country TRILLIONS OF DOLLARS, in addition to one of the most incompetent, or corrupt, renovations of a building("
114948452793702817,2025-07-31 15:03:14.284000+00:00,https://truthsocial.com/@realDonaldTrump/114948452793702817,True,-45.0,True,False,False,False,False,"I have just concluded a telephone conversation with the President of Mexico, Claudia Sheinbaum, which was very successful in that, more and more, we are getting to know and understand each other. The complexities of a Deal with Mexico are somewhat different than other Nations bec"
114953049546233760,2025-08-01 10:32:15.158000+00:00,https://truthsocial.com/@realDonaldTrump/114953049546233760,True,-41.0,False,False,False,True,False,"Jerome âToo Lateâ Powell, a stubborn MORON, must substantially lower interest rates, NOW. IF HE CONTINUES TO REFUSE, THE BOARD SHOULD ASSUME CONTROL, AND DO WHAT EVERYONE KNOWS HAS TO BE DONE!"
114953428953267494,2025-08-01 12:08:44.404000+00:00,https://truthsocial.com/@realDonaldTrump/114953428953267494,True,4.0,False,False,False,True,False,STRONG DISSENTS ON FED BOARD. IT WILL ONLY GET STRONGER! âTOO LATE!â
114953595203270237,2025-08-01 12:51:01.177000+00:00,https://truthsocial.com/@realDonaldTrump/114953595203270237,False,5.0,True,False,False,True,False,"Too Little, Too Late. Jerome âToo Lateâ Powell is a disaster. DROP THE RATE! The good news is that Tariffs are bringing Billions of Dollars into the USA!"
114954846612623858,2025-08-01 18:09:16.169000+00:00,https://truthsocial.com/@realDonaldTrump/114954846612623858,True,5.0,False,False,False,True,False,"I was just informed that our Countryâs âJobs Numbersâ are being produced by a Biden Appointee, Dr. Erika McEntarfer, the Commissioner of Labor Statistics, who faked the Jobs Numbers before the Election to try and boost Kamalaâs chances of Victory. This is the same Bureau "
114955222046259464,2025-08-01 19:44:44.831000+00:00,https://truthsocial.com/@realDonaldTrump/114955222046259464,True,5.0,False,False,False,True,False,"In my opinion, todayâs Jobs Numbers were RIGGED in order to make the Republicans, and ME, look bad â Just like when they had three great days around the 2024 Presidential Election, and then, those numbers were âtaken awayâ on November 15, 2024, right after the Election, w"
114955773655328634,2025-08-01 22:05:01.724000+00:00,https://truthsocial.com/@realDonaldTrump/114955773655328634,True,-1.0,False,False,False,True,False,"âToo Lateâ Powell should resign, just like Adriana Kugler, a Biden Appointee, resigned. She knew he was doing the wrong thing on Interest Rates. He should resign, also!"
114971053091282290,2025-08-04 14:50:47.408000+00:00,https://truthsocial.com/@realDonaldTrump/114971053091282290,True,5.0,True,False,False,False,False,"India is not only buying massive amounts of Russian Oil, they are then, for much of the Oil purchased, selling it on the Open Market for big profits. They donât care how many people in Ukraine are being killed by the Russian War Machine. Because of this, I will be substantially"
114973044056093260,2025-08-04 23:17:07.126000+00:00,https://truthsocial.com/@realDonaldTrump/114973044056093260,True,-1.0,False,False,False,False,True,"Good day in the Stock Market (Dow + 585.06, 1.34%,Â S&P 500 + 91.93, 1.47%, NASDAQ + 403.45, 1.95%), but there will be many more days like this. America is very rich again, and stronger than ever before. Thank you for your attention to this matter!"
114985420201139599,2025-08-07 03:44:32.105000+00:00,https://truthsocial.com/@realDonaldTrump/114985420201139599,True,7.0,True,False,False,False,False,"RECIPROCAL TARIFFS TAKE EFFECT AT MIDNIGHT TONIGHT! BILLIONS OF DOLLARS, LARGELY FROM COUNTRIES THAT HAVE TAKEN ADVANTAGE OF THE UNITED STATES FOR MANY YEARS, LAUGHING ALL THE WAY, WILL START FLOWING INTO THE USA. THE ONLY THING THAT CAN STOP AMERICAâS GREATNESS WOULD BE A RADI"
114985474632707201,2025-08-07 03:58:22.664000+00:00,https://truthsocial.com/@realDonaldTrump/114985474632707201,False,7.0,True,False,False,False,False,ITâS MIDNIGHT!!! BILLIONS OF DOLLARS IN TARIFFS ARE NOW FLOWING INTO THE UNITED STATES OF AMERICA!
114987271488966063,2025-08-07 11:35:20.523000+00:00,https://truthsocial.com/@realDonaldTrump/114987271488966063,True,-1.0,True,False,False,False,False,Tariffs are flowing into the USA at levels not thought even possible!
114989330714602000,2025-08-07 20:19:01.811000+00:00,https://truthsocial.com/@realDonaldTrump/114989330714602000,True,1.0,True,True,False,False,False,"The reason that The Wall Street Journal Editorial Board is always negative on âTRUMP,â and the Hundreds of Billions of Dollars weâre bringing into our Country through Tariffs, numbers that the U.S.A. has never seen before, is because they are China centric or, at a minimum,"
114993652992825116,2025-08-08 14:38:14.581000+00:00,https://truthsocial.com/@realDonaldTrump/114993652992825116,True,-38.0,True,False,False,False,True,"Tariffs are having a huge positive impact on the Stock Market. Almost every day, new records are set. In addition, Hundreds of Billions of Dollars are pouring into our Countryâs coffers. If a Radical Left Court ruled against us at this late date, in an attempt to bring down or "
114995779410398631,2025-08-08 23:39:01.180000+00:00,https://truthsocial.com/@realDonaldTrump/114995779410398631,True,-79.0,True,False,False,False,False,âPresident Trumpâs tariffs are WORKING â $152 BILLION collected since January!â
115007977998503665,2025-08-11 03:21:16.825000+00:00,https://truthsocial.com/@realDonaldTrump/115007977998503665,True,-42.0,False,True,False,False,False,China is worried about its shortage of soybeans. Our great farmers produce the most robust soybeans. I hope China will quickly quadruple its soybean orders. This is also a way of substantially reducing Chinaâs Trade Deficit with the USA. Rapid service will be provided. Thank yo
115010049469121326,2025-08-11 12:08:04.955000+00:00,https://truthsocial.com/@realDonaldTrump/115010049469121326,True,-38.0,True,False,False,False,False,Tariffs are making our Country Strong and Rich!!!
115011325631302905,2025-08-11 17:32:37.647000+00:00,https://truthsocial.com/@realDonaldTrump/115011325631302905,True,-41.0,True,False,False,False,False,"A Statement from Donald J. Trump, President of the United States of America:Gold will not be Tariffed!"
115012849265805680,2025-08-12 00:00:06.468000+00:00,https://truthsocial.com/@realDonaldTrump/115012849265805680,True,-44.0,True,True,False,False,False,"I have just signed an Executive Order that will extend the Tariff Suspension on China for another 90 days. All other elements of the Agreement will remain the same. Thank you for your attention to this matter! DONALD J. TRUMP, PRESIDENT OF THE UNITED STATES OF AMERICA"
115016089386029482,2025-08-12 13:44:06.731000+00:00,https://truthsocial.com/@realDonaldTrump/115016089386029482,True,4.0,False,False,False,True,False,"Jerome âToo Lateâ Powell must NOW lower the rate. Steve âManouychinâ really gave me a âbeautyâwhen he pushed this loser. The damage he has done by always being Too Late is incalculable. Fortunately, the economy is sooo good that weâve blown through Powell and the co"
115016246479417087,2025-08-12 14:24:03.830000+00:00,https://truthsocial.com/@realDonaldTrump/115016246479417087,False,-41.0,True,False,False,False,True,"Trillions of Dollars are being taken in on Tariffs, which has been incredible for our Country, its Stock Market, its General Wealth, and just about everything else. It has been proven, that even at this late stage, Tariffs have not caused Inflation, or any other problems for Amer"
115021559223615445,2025-08-13 12:55:09.870000+00:00,https://truthsocial.com/@realDonaldTrump/115021559223615445,True,-38.0,False,True,False,False,False,She is a disgrace. https://www.thegatewaypundit.com/2025/07/her-biggest-scandal-yet-iran-china-are-circumventing/
115055649201137901,2025-08-19 13:24:41.603000+00:00,https://truthsocial.com/@realDonaldTrump/115055649201137901,True,6.0,True,False,False,False,False,"âUS economy maintains its high S&P credit rating, analysts find Trump tariffs offset his tax cutsâ https://justthenews.com/nation/economy/sp-affirms-credit-rating-approves-trumps-tariffs-balance-tax-cuts"
115057827631877948,2025-08-19 22:38:41.816000+00:00,https://truthsocial.com/@realDonaldTrump/115057827631877948,True,8.0,False,False,False,True,False,"Could somebody please inform Jerome âToo Lateâ Powell that he is hurting the Housing Industry, very badly? People canât get a Mortgage because of him. There is no Inflation, and every sign is pointing to a major Rate Cut. âToo Lateâ is a disaster!"
115061104213677946,2025-08-20 12:31:58.487000+00:00,https://truthsocial.com/@realDonaldTrump/115061104213677946,True,7.0,False,False,False,True,False,"Cook must resign, now!!! https://www.bloomberg.com/news/articles/2025-08-20/trump-ally-calls-on-bondi-to-probe-fed-s-cook-over-mortgages"
115074267817502694,2025-08-22 20:19:39.198000+00:00,https://truthsocial.com/@realDonaldTrump/115074267817502694,True,-50.0,True,False,False,False,False,"I am pleased to announce that we are doing a major Tariff Investigation on Furniture coming into the United States. Within the next 50 days, that Investigation will be completed, and Furniture coming from other Countries into the United States will be Tariffed at a Rate yet to be"
115074268844516691,2025-08-22 20:19:54.864000+00:00,https://truthsocial.com/@realDonaldTrump/115074268844516691,False,-45.0,True,False,False,False,True,"I am pleased to announce that the Radical Left Representatives working at the Congressional Budget Office (CBO) have now admitted how incredible my Tariff strategy has been, saying that, âTrumpâs Tariffs reduce the deficit by $4 Trillion Dollars.â When I began my Tariff pol"
115092243259973570,2025-08-26 00:31:02.671000+00:00,https://truthsocial.com/@realDonaldTrump/115092243259973570,True,-38.0,True,True,False,False,False,"As the President of the United States, I will stand up to Countries that attack our incredible American Tech Companies. Digital Taxes, Digital Services Legislation, and Digital Markets Regulations are all designed to harm, or discriminate against, American Technology. They also, "
115114339832960282,2025-08-29 22:10:29.620000+00:00,https://truthsocial.com/@realDonaldTrump/115114339832960282,True,-40.0,True,False,False,False,False,"ALL TARIFFS ARE STILL IN EFFECT! Today a Highly Partisan Appeals Court incorrectly said that our Tariffs should be removed, but they know the United States of America will win in the end. If these Tariffs ever went away, it would be a total disaster for the Country. It would make"
115120881794624188,2025-08-31 01:54:11.988000+00:00,https://truthsocial.com/@realDonaldTrump/115120881794624188,True,5.0,True,False,False,False,False,"Enjoy your Labor Day weekend. A big year ahead for the USA, maybe the BEST EVER, if the Tariffs are finally approved by the Courts!!! President DJT"
115124685956430001,2025-08-31 18:01:38.887000+00:00,https://truthsocial.com/@realDonaldTrump/115124685956430001,True,8.0,True,False,False,False,False,"Without Tariffs, and all of the TRILLIONS OF DOLLARS we have already taken in, our Country would be completely destroyed, and our military power would be instantly obliterated. In a 7 to 4 Opinion, a Radical Left group of judges didnât care, but one Democrat, Obama appointed, a"
115126384708348116,2025-09-01 01:13:39.833000+00:00,https://truthsocial.com/@realDonaldTrump/115126384708348116,True,-41.0,True,False,False,False,False,"Prices are âWAY DOWNâ in the USA, with virtually no inflation. With the exception of ridiculous, corrupt politician approved âWindmills,â which are killing every State and Country that uses them, Energy prices are falling,âbig time.â Gasoline is at many year lows. All"
115126426327367030,2025-09-01 01:24:14.891000+00:00,https://truthsocial.com/@realDonaldTrump/115126426327367030,False,-43.0,False,False,False,True,False,Same Judge as on Fed Case. I wonder how that happened??? Must recuse!!! President DJT âFederal judge blocks Trump effort to expand fast-track deportationsâ https://www.politico.com/news/2025/08/29/trump-deportation-expedited-judge-00538077
115126499944858986,2025-09-01 01:42:58.202000+00:00,https://truthsocial.com/@realDonaldTrump/115126499944858986,False,-40.0,True,False,False,False,False,"More than 15 Trillion Dollars will be invested in the USA, a RECORD. Much of this investment is because of Tariffs. If a Radical Left Court is allowed to terminate these Tariffs, almost all of this investment, and much more, will be immediately cancelled! In many ways, we would b"
115129261076571259,2025-09-01 13:25:09.726000+00:00,https://truthsocial.com/@realDonaldTrump/115129261076571259,True,-38.0,True,False,False,False,False,"What few people understand is that we do very little business with India, but they do a tremendous amount of business with us. In other words, they sell us massive amounts of goods, their biggest âclient,â but we sell them very little - Until now a totally one sided relations"
115137717177283585,2025-09-03 01:15:39.587000+00:00,https://truthsocial.com/@realDonaldTrump/115137717177283585,True,-42.0,False,True,False,False,False,The big question to be  answered is whether or not President Xi of China will mention the massive amount of  support and âbloodâ that The United States of America gave to China in order to help it to secure its FREEDOM from a very unfriendly foreign invader. Many Americans di
115144139539095661,2025-09-04 04:28:57.005000+00:00,https://truthsocial.com/@realDonaldTrump/115144139539095661,True,5.0,False,True,False,False,False,"United States Attorney for the District of Columbia, Jeanine Pirro: âYou are looking at the largest seizure of precursor chemicals used to manufacture methamphetamine in U.S. history. China was sending over 700,000 lbs on the high seas to the Sinaloa Cartel before my office sei"
115151159839778614,2025-09-05 10:14:18.293000+00:00,https://truthsocial.com/@realDonaldTrump/115151159839778614,True,4.0,False,True,False,False,False,"Looks like weâve lost India and Russia to deepest, darkest, China. May they have a long and prosperous future together! President Donald J. Trump"
115152111914572913,2025-09-05 14:16:25.847000+00:00,https://truthsocial.com/@realDonaldTrump/115152111914572913,True,-42.0,False,False,False,True,False,"Jerome âToo Lateâ Powell should have lowered rates long ago. As usual, heâs âToo Late!â"
115174504752942494,2025-09-09 13:11:13.441000+00:00,https://truthsocial.com/@realDonaldTrump/115174504752942494,True,-38.0,False,False,False,True,False,"âIf the Fed had followed what we published, they would have raised rates in early 2021. The entire Organization is broken. It needs to be fixed. They need to use modern sources of information.We strongly disagree with Ken Griffin. We think Incompetence is more important than to"
115180154793561569,2025-09-10 13:08:06.175000+00:00,https://truthsocial.com/@realDonaldTrump/115180154793561569,True,6.0,False,False,False,True,False,"Just out: No Inflation!!! âToo Lateâ must lower the RATE, BIG, right now. Powell is a total disaster, who doesnât have a clue!!! President DJT"
115196697263809382,2025-09-13 11:15:04.243000+00:00,https://truthsocial.com/@realDonaldTrump/115196697263809382,True,2.0,True,True,False,False,False,"A LETTER SENT BY PRESIDENT DONALD J. TRUMP TO ALL NATO NATIONS AND, THE WORLD: âI am ready to do major Sanctions on Russia when all NATO Nations have agreed, and started, to do the same thing, and when all NATO Nations STOP BUYING OIL FROM RUSSIA. As you know, NATOâS commitme"
115208219886830624,2025-09-15 12:05:25.559000+00:00,https://truthsocial.com/@realDonaldTrump/115208219886830624,True,-40.0,False,True,False,False,False,"Subject to SEC Approval, Companies and Corporations should no longer be forced to âReportâ on a quarterly basis (Quarterly Reporting!), but rather to Report on a âSix (6) Month Basis.â This will save money, and allow managers to focus on properly running their companies. "
115208260926006345,2025-09-15 12:15:51.765000+00:00,https://truthsocial.com/@realDonaldTrump/115208260926006345,False,-38.0,False,True,False,False,False,"The big Trade Meeting in Europe between The United States of America, and China,  has gone VERY WELL! It will be concluding shortly. A deal was also reached on a âcertainâ company that young people in our Country very much wanted to save. They will be very happy! I will be sp"
115208353139528932,2025-09-15 12:39:18.834000+00:00,https://truthsocial.com/@realDonaldTrump/115208353139528932,False,-40.0,False,False,False,True,False,"âToo Lateâ MUST CUT INTEREST RATES, NOW, AND BIGGER THAN HE HAD IN MIND. HOUSING WILL SOAR!!! President DJT"
115231649861246548,2025-09-19 15:23:58.553000+00:00,https://truthsocial.com/@realDonaldTrump/115231649861246548,True,3.0,False,True,False,False,False,"I just completed a very productive call with President Xi of China. We made progress on many very important issues including Trade, Fentanyl, the need to bring the War between Russia and Ukraine to an end, and the approval of the TikTok Deal. I also agreed with President Xi that "
115267382531822964,2025-09-25 22:51:15.839000+00:00,https://truthsocial.com/@realDonaldTrump/115267382531822964,True,0.0,True,False,False,False,False,"In order to protect our Great Heavy Truck Manufacturers from unfair outside competition, I will be imposing, as of October 1st, 2025, a 25% Tariff on all âHeavy (Big!) Trucksâ made in other parts of the World. Therefore, our Great Large Truck Company Manufacturers, such as Pe"
115267459188661048,2025-09-25 23:10:45.529000+00:00,https://truthsocial.com/@realDonaldTrump/115267459188661048,False,1.0,True,False,False,False,False,"We will be imposing a 50% Tariff on all Kitchen Cabinets, Bathroom Vanities, and associated products, starting October 1st, 2025. Additionally, we will be charging a 30% Tariff on Upholstered Furniture. The reason for this is the large scale âFLOODINGâ of these products into "
115267512131958759,2025-09-25 23:24:13.379000+00:00,https://truthsocial.com/@realDonaldTrump/115267512131958759,False,1.0,True,False,False,False,False,"Starting October 1st, 2025, we will be imposing a 100% Tariff on any branded or patented Pharmaceutical Product, unless a Company IS BUILDING their Pharmaceutical Manufacturing Plant in America. âIS BUILDINGâ will be defined as, âbreaking groundâ and/or âunder construct"
115267566687091858,2025-09-25 23:38:05.823000+00:00,https://truthsocial.com/@realDonaldTrump/115267566687091858,False,2.0,False,False,False,True,False,"Great Numbers came out today on the Economy (3.8%!), and the SUCCESS we are having, but our Interest Rates are too high! If it werenât for Jerome âToo Lateâ Powell, we would be at 2% right now, and in the process of balancing our budget. The good news is that weâre poweri"
115287691323395767,2025-09-29 12:56:03.406000+00:00,https://truthsocial.com/@realDonaldTrump/115287691323395767,True,0.0,True,False,False,False,False,"Our movie making business has been stolen from the United States of America, by other Countries, just like stealing âcandy from a baby.â California, with its weak and incompetent Governor, has been particularly hard hit! Therefore, in order to solve this long time, never endi"
115287723938349086,2025-09-29 13:04:21.071000+00:00,https://truthsocial.com/@realDonaldTrump/115287723938349086,False,0.0,True,True,False,False,False,"In order to make North Carolina, which has completely lost its furniture business to China, and other Countries, GREAT again, I will be imposing substantial Tariffs on any Country that does not make its furniture in the United States. Details to follow!!! President DJT"
115300187189696754,2025-10-01 17:53:55.197000+00:00,https://truthsocial.com/@realDonaldTrump/115300187189696754,True,-3.0,True,True,False,False,False,"The Soybean Farmers of our Country are being hurt because China is, for ânegotiatingâ reasons only, not buying. Weâve made so much money on Tariffs, that we are going to take a small portion of that money, and help our Farmers. I WILL NEVER LET OUR FARMERS DOWN! Sleepy Joe "
115300247218302066,2025-10-01 18:09:11.200000+00:00,https://truthsocial.com/@realDonaldTrump/115300247218302066,False,-42.0,False,False,False,True,False,I really believe that Jerome âToo Lateâ Powell is an OBSTRUCTIONIST!
115317676598981431,2025-10-04 20:01:42.402000+00:00,https://truthsocial.com/@realDonaldTrump/115317676598981431,True,-1.0,False,False,False,False,True,"Corrupt Letitia James is costing New York State Hundreds of Billions of Dollars in lost business. No company or individual wants to be there, knowing that sheâs the âAttorney General.â She is a Complete and Total Disaster, who tried running against Kathy Hochul for Governor"
115327091437197645,2025-10-06 11:56:01.431000+00:00,https://truthsocial.com/@realDonaldTrump/115327091437197645,True,0.0,True,False,False,False,True,"JUST OUT: Good news for the Holiday Season. EARLY PRICES ARE DOWN, WHILE TARIFFS ARE MAKING OUR COUNTRY AN ECONOMIC POWER AGAIN. Also, virtually NO INFLATION, AS STOCK MARKETS CONTINUALLY HIT RECORD HIGHS. THE BEST OF ALL WORLDS FOR THE U.S.A."
115328463321928109,2025-10-06 17:44:54.773000+00:00,https://truthsocial.com/@realDonaldTrump/115328463321928109,True,-42.0,True,False,False,False,False,"Beginning November 1st, 2025, all Medium and Heavy Duty Trucks coming into the United States from other Countries will be Tariffed at the Rate of 25%. Thank you for your attention to this matter!"
115329671584864920,2025-10-06 22:52:11.360000+00:00,https://truthsocial.com/@realDonaldTrump/115329671584864920,True,0.0,False,False,False,False,True,"Democrats have SHUT DOWN the United States Government right in the midst of one of the most successful Economies, including a Record Stock Market, that our Country has ever had. This has sadly affected so many programs, services, and other elements of Society that Americans rely "
115345041705180674,2025-10-09 16:01:00.781000+00:00,https://truthsocial.com/@realDonaldTrump/115345041705180674,True,3.0,True,False,False,False,False,"Tariffs are only good if you want your Country to be Rich, Influential, and Powerful. If you want your Country to be a Third World Country, you should Vote against Tariffs!"
115350455734003647,2025-10-10 14:57:52.308000+00:00,https://truthsocial.com/@realDonaldTrump/115350455734003647,True,0.0,True,True,False,False,False,"Some very strange things are happening in China! They are becoming very hostile, and sending letters to Countries throughout the World, that they want to impose Export Controls on each and every element of production having to do with Rare Earths, and virtually anything else they"
115351840469973590,2025-10-10 20:50:01.702000+00:00,https://truthsocial.com/@realDonaldTrump/115351840469973590,True,0.0,True,True,False,False,False,"It has just been learned that China has taken an extraordinarily aggressive position on Trade in sending an extremely hostile letter to the World, stating that they were going to, effective November 1st, 2025, impose large scale Export Controls on virtually every product they mak"
115362196088273474,2025-10-12 16:43:35.898000+00:00,https://truthsocial.com/@realDonaldTrump/115362196088273474,True,-1.0,False,True,False,False,False,"Donât worry about China, it will all be fine! Highly respected President Xi just had a bad moment. He doesnât want Depression for his country, and neither do I. The U.S.A. wants to help China, not hurt it!!!  President DJT"
115374202790006886,2025-10-14 19:37:03.629000+00:00,https://truthsocial.com/@realDonaldTrump/115374202790006886,True,-3.0,False,True,False,False,False,"I believe that China purposefully not buying our Soybeans, and causing difficulty for our Soybean Farmers, is an Economically Hostile Act. We are considering terminating business with China having to do with Cooking Oil, and other elements of Trade, as retribution. As an example,"
115418813519600271,2025-10-22 16:42:09.380000+00:00,https://truthsocial.com/@realDonaldTrump/115418813519600271,True,-41.0,True,False,False,False,False,"The Cattle Ranchers, who I love, donât understand that the only reason they are doing so well, for the first time in decades, is because I put Tariffs on cattle coming into the United States, including a 50% Tariff on Brazil. If it werenât for me, they would be doing just as "
115418834028774105,2025-10-22 16:47:22.325000+00:00,https://truthsocial.com/@realDonaldTrump/115418834028774105,False,-41.0,True,False,False,False,False,"In addition to everything else, Tariffs on other Countries SAVED our Cattle Ranchers!"
115418866635313882,2025-10-22 16:55:39.866000+00:00,https://truthsocial.com/@realDonaldTrump/115418866635313882,False,-45.0,True,False,False,False,False,"Mary Barra of General Motors, and Bill Ford of Ford Motor Company, just called to thank me for putting Tariffs on Mid Size and Large Size Trucks. Their Stock has gone through the roof! They told me that, without Tariffs, it would be a very hard, long âslogâ for Truck and Car "
115426967566430347,2025-10-24 03:15:50.222000+00:00,https://truthsocial.com/@realDonaldTrump/115426967566430347,True,-2.0,True,False,False,False,False,"The Ronald Reagan Foundation has just announced that Canada has fraudulently used an advertisement, which is FAKE, featuring Ronald Reagan speaking negatively about Tariffs. The ad was for $75,000,000. They only did this to interfere with the decision of the U.S. Supreme Court, a"
115428798659352209,2025-10-24 11:01:30.545000+00:00,https://truthsocial.com/@realDonaldTrump/115428798659352209,True,-65.0,True,False,False,False,False,Ford and General Motors UP BIG on Tariffs placed on Big and Midsized Trucks coming from other countries. Thank you President Trump!
115428874684902595,2025-10-24 11:20:50.601000+00:00,https://truthsocial.com/@realDonaldTrump/115428874684902595,False,-63.0,True,False,False,False,False,"CANADA CHEATED AND GOT CAUGHT!!!They fraudulently took a big buy ad saying that Ronald Reagan did not like Tariffs, when actually he LOVED TARIFFS FOR OUR COUNTRY, AND ITS NATIONAL SECURITY. Canada is trying to illegally influence the United States Supreme Court in one of the mos"
115428907096790566,2025-10-24 11:29:05.167000+00:00,https://truthsocial.com/@realDonaldTrump/115428907096790566,False,-63.0,True,False,False,False,False,"THE UNITED STATES IS WEALTHY, POWERFUL, AND NATIONALLY SECURE AGAIN, ALL BECAUSE OF TARIFFS! THE MOST IMPORTANT CASE EVER IS IN THE UNITED STATES SUPREME COURT. GOD BLESS AMERICA!!!"
115428915165145135,2025-10-24 11:31:08.298000+00:00,https://truthsocial.com/@realDonaldTrump/115428915165145135,False,-80.0,True,False,False,False,True,THE STOCK MARKET IS STRONGER THAN EVER BEFORE BECAUSE OF TARIFFS!
115436697060819133,2025-10-25 20:30:10.525000+00:00,https://truthsocial.com/@realDonaldTrump/115436697060819133,True,-3.0,True,False,False,False,False,"Canada was caught, red handed, putting up a fraudulent advertisement on Ronald Reaganâs Speech on Tariffs. The Reagan Foundation said that they, âcreated an ad campaign using selective audio and video of President Ronald Reagan. The ad misrepresents the Presidential Radio Add"
